#{"t_start": 1770306813.278123, "env_id": "None"}
r,l,t
-11.196965,18,0.925565
-12.385789,18,0.925635
-10.544523,19,0.926838
-10.237511,19,0.926882
-11.492208,19,0.926897
-11.3257265,19,0.926908
-9.38532,20,0.928302
-11.105792,20,0.928338
-4.43105,19,0.9481
-4.1054373,18,0.948149
-4.062941,19,0.94816
-4.0412893,18,0.948169
-4.0912714,19,0.949304
-4.0786996,18,0.949326
-4.4487805,20,0.9505
-4.0245748,19,0.950545
-3.7968955,17,0.969061
-4.2049537,18,0.969107
-3.843534,18,0.969119
-3.9862108,18,0.970389
-3.794811,19,0.97043
-3.2159567,20,0.971578
-4.014083,18,0.9716
-4.2329893,18,0.971609
-4.3148894,17,0.98874
-3.7700877,19,0.991223
-4.1266017,19,0.991274
-3.794435,19,0.992512
-4.399766,19,0.992533
-3.8854053,18,0.992543
-4.243466,18,0.992551
-3.6704996,20,0.994889
-4.169136,18,1.009969
-4.3138695,18,1.012331
-4.0624833,18,1.012355
-4.0501256,18,1.013517
-4.223732,18,1.01354
-3.6555846,19,1.014677
-3.8608096,21,1.01717
-3.605059,19,1.017195
-4.2077346,18,1.030819
-4.0889497,17,1.0321
-3.9490952,17,1.033322
-4.1183133,20,1.035647
-3.4488804,19,1.035667
-3.7576418,19,1.036953
-4.422788,17,1.036973
-3.7539635,18,1.038121
-4.0596595,19,1.052521
-4.489771,18,1.053767
-4.4363723,19,1.053801
-4.5844693,18,1.056073
-3.5453603,19,1.057196
-3.8752122,18,1.057223
-4.0715537,18,1.058385
-3.9753962,20,1.059589
-3.5657344,19,1.076071
-4.2760987,18,1.076126
-3.3300114,20,1.078794
-3.7460222,19,1.080089
-4.339642,19,1.081536
-3.9731617,19,1.081565
-4.1500254,19,1.083392
-3.5327067,19,1.085671
-3.9881225,18,1.103158
-3.9559016,18,1.103215
-3.8251865,18,1.105885
-3.7650378,19,1.109602
-4.0780206,19,1.109664
-3.6805868,21,1.110925
-4.038864,19,1.110964
-4.264684,19,1.112205
-3.8768334,19,1.123767
-3.980628,19,1.123811
-3.4570732,19,1.1259
-4.069441,18,1.128317
-4.394751,18,1.128346
-3.9205656,18,1.129517
-4.4982877,18,1.129539
-3.6487978,19,1.131348
-4.070443,19,1.142307
-4.0398135,19,1.142359
-3.810653,18,1.143265
-4.1582503,18,1.145263
-4.019259,18,1.146242
-4.285871,18,1.146264
-3.773154,20,1.147141
-4.637645,18,1.148086
-4.579951,18,1.160967
-3.884214,19,1.16101
-4.2298746,20,1.162579
-4.2377825,17,1.163982
-4.484261,18,1.165942
-4.1915174,18,1.167068
-4.4798255,20,1.167109
-3.667362,19,1.169136
-4.1658936,18,1.179716
-3.81218,18,1.179755
-4.4228463,18,1.180773
-4.397141,19,1.182683
-3.8345108,18,1.182703
-4.3342047,18,1.183612
-4.0523543,19,1.184649
-4.1237407,18,1.18568
-4.5459623,18,1.196176
-3.8644338,18,1.196215
-3.7654479,19,1.198024
-4.357205,18,1.198988
-3.9039285,18,1.200862
-3.6847668,20,1.200894
-3.9105055,19,1.200904
-3.9041855,18,1.201836
-4.466263,18,1.212647
-3.4889646,19,1.213535
-4.3662333,18,1.214428
-4.236754,18,1.215423
-4.005671,18,1.217366
-3.6979444,19,1.218353
-3.7470155,18,1.218383
-3.9503067,20,1.219653
-3.8484588,18,1.233738
-4.0127873,18,1.23525
-4.3542585,19,1.237982
-4.4126577,18,1.238026
-3.864933,18,1.241401
-3.9984093,19,1.247729
-3.6309495,19,1.247786
-4.209038,19,1.25052
-3.8610451,18,1.266025
-4.389547,17,1.268933
-4.0654774,19,1.268985
-4.183647,19,1.272211
-3.7503405,18,1.274009
-3.8312078,19,1.278192
-3.659229,19,1.280138
-4.1876535,20,1.280179
-4.111359,18,1.292762
-3.6408012,18,1.295657
-3.5963888,19,1.297152
-4.1574016,18,1.300539
-3.5100527,19,1.303916
-3.8491917,18,1.30733
-3.9189885,18,1.308902
-4.0635715,20,1.311789
-3.8298147,17,1.322944
-4.280507,18,1.32798
-3.7134118,18,1.329722
-4.267482,18,1.331212
-3.748526,19,1.335552
-3.6100926,19,1.33876
-4.108189,19,1.34031
-3.822754,19,1.342956
-3.4945753,19,1.353497
-4.307553,18,1.357033
-3.7723274,18,1.360345
-4.5133657,19,1.360395
-4.316578,18,1.365547
-3.9421558,19,1.370584
-3.8134847,19,1.372315
-4.492239,18,1.373908
-4.290761,17,1.381113
-3.5052996,19,1.387584
-3.6146593,18,1.388979
-4.208924,18,1.389013
-4.3093047,18,1.393076
-4.082234,18,1.399219
-3.3923879,19,1.399283
-4.2512975,18,1.400926
-3.540886,20,1.412541
-3.8372638,17,1.415763
-4.2344804,19,1.417547
-4.0235434,18,1.417602
-3.992337,19,1.423801
-4.0861187,18,1.428502
-4.0848036,18,1.428555
-4.0708237,19,1.431399
-3.8002038,18,1.440392
-4.2785764,17,1.442055
-3.991701,17,1.443625
-3.9415927,18,1.44527
-3.990152,18,1.451335
-4.678537,19,1.460002
-3.8453467,19,1.460055
-3.8511245,21,1.466772
-4.2619767,17,1.471385
-3.9281259,19,1.472929
-4.0025716,17,1.472962
-4.2675824,18,1.47583
-3.837258,18,1.480363
-4.1918592,18,1.48437
-4.4186997,20,1.486921
-4.6877837,17,1.487978
-4.3363004,19,1.493852
-3.502795,18,1.493912
-4.424383,19,1.495094
-3.9099762,19,1.496865
-3.7871366,18,1.500216
-4.329012,19,1.505406
-3.8835497,18,1.507383
-3.9548557,19,1.507425
-4.50364,19,1.513129
-4.100683,19,1.513168
-4.3562984,18,1.513178
-4.03161,18,1.515279
-4.1053634,20,1.520076
-3.5101244,18,1.523029
-4.083455,18,1.525097
-3.6003637,19,1.525991
-3.7752805,17,1.52959
-3.6004784,18,1.530559
-3.8317087,19,1.53155
-3.7088954,19,1.533509
-3.745478,18,1.537104
-3.9901123,18,1.541939
-3.67132,21,1.54295
-3.9924295,18,1.542968
-4.0004945,17,1.54558
-4.684708,18,1.548511
-4.2855124,19,1.548543
-4.2988653,18,1.550445
-4.700373,18,1.554235
-3.847699,18,1.558517
-3.8095832,18,1.559522
-4.1603413,19,1.560445
-4.0379086,19,1.563432
-4.080205,18,1.565517
-3.7706492,19,1.566599
-4.535872,18,1.567516
-3.734786,18,1.570964
-3.5982208,18,1.57553
-4.0066104,19,1.577283
-4.2165585,18,1.577301
-4.2587585,17,1.5796
-3.907721,18,1.582565
-4.141408,19,1.584551
-3.824104,18,1.584589
-3.7836916,18,1.588072
-4.1339684,18,1.592714
-4.1525564,18,1.594448
-3.885351,19,1.5953
-4.1248426,18,1.596218
-4.4912457,18,1.598989
-4.0384817,18,1.600711
-3.8372433,20,1.602608
-3.6083329,19,1.605265
-4.0007606,18,1.608681
-4.174407,17,1.610452
-3.991127,19,1.611325
-4.0378265,19,1.613067
-4.392518,18,1.614917
-4.261622,19,1.617565
-4.1952877,19,1.619297
-4.014387,19,1.621952
-3.5905688,18,1.624551
-4.073707,18,1.626407
-4.1371465,21,1.629825
-3.7786381,20,1.630784
-4.228103,19,1.631705
-3.8136003,19,1.634283
-4.0714283,19,1.635997
-4.1063557,19,1.638602
-4.3244104,18,1.640369
-4.21304,19,1.642933
-4.3273187,18,1.64549
-4.619744,18,1.647415
-3.993384,19,1.647443
-4.1198125,19,1.65076
-3.9995766,20,1.653287
-4.0885715,18,1.654263
-3.5155854,17,1.65513
-3.8353405,18,1.658588
-3.8569922,19,1.662024
-3.9582872,19,1.663765
-4.2815704,19,1.66378
-3.8344994,18,1.666478
-4.3454404,17,1.670013
-3.331935,19,1.670038
-3.832547,19,1.670925
-4.336626,18,1.674252
-4.329489,18,1.680434
-3.005856,21,1.681448
-4.4732637,19,1.681479
-3.7433488,19,1.68428
-4.4068565,18,1.686829
-3.921114,19,1.687787
-4.4870877,18,1.687804
-4.2472296,20,1.692914
-3.8869,18,1.696289
-4.0745535,18,1.697177
-4.2055154,18,1.697195
-3.4921331,18,1.699789
-4.244917,18,1.702872
-3.8190503,20,1.705661
-4.075135,20,1.705689
-3.7344475,19,1.709927
-4.2975135,19,1.713387
-3.7317102,19,1.714326
-4.0952783,20,1.715222
-4.427119,19,1.717027
-3.8613205,19,1.719546
-3.7536929,18,1.721502
-3.87787,20,1.723339
-3.8533208,18,1.725952
-4.691487,18,1.729392
-3.7792373,19,1.731354
-3.890699,19,1.732437
-3.7166119,18,1.733314
-3.7036185,18,1.735794
-3.9148064,18,1.737495
-3.9057114,18,1.73921
-3.9318933,18,1.742003
-4.0934997,18,1.745356
-4.07214,18,1.747068
-3.6232495,19,1.748877
-4.334052,18,1.748905
-3.694756,18,1.751568
-3.7465487,19,1.75426
-4.34983,18,1.755132
-4.060479,18,1.757612
-4.061758,19,1.762085
-3.8772392,19,1.763767
-4.0794797,19,1.765642
-3.7427342,19,1.765672
-3.5665123,18,1.767402
-4.1344085,18,1.770039
-4.028128,19,1.771801
-3.731605,18,1.773608
-3.8372703,20,1.779515
-3.8239803,19,1.780451
-3.6789842,19,1.78214
-4.235719,19,1.782156
-4.056449,20,1.784794
-4.299526,18,1.785745
-3.9025795,19,1.78845
-3.745557,18,1.789344
-3.7672634,18,1.795173
-4.059467,18,1.79609
-3.9168086,18,1.79785
-4.0954876,19,1.798739
-4.7010574,19,1.801279
-4.211282,19,1.802271
-4.3386016,18,1.804818
-3.647051,20,1.805787
-3.9357073,19,1.811668
-4.849766,18,1.811692
-4.2767286,18,1.813369
-4.415158,18,1.814257
-3.9972787,19,1.817691
-3.9429715,18,1.817711
-4.2021585,18,1.820392
-3.8668442,20,1.822885
-3.7028084,18,1.827281
-3.6124432,18,1.827309
-4.292111,19,1.829988
-4.222092,19,1.83091
-3.875108,17,1.832635
-3.2651925,19,1.834451
-3.6900418,18,1.836186
-3.355477,18,1.838798
-4.2514033,18,1.843089
-3.498254,20,1.844869
-4.167503,18,1.845727
-3.9746983,19,1.847371
-4.2592955,18,1.848211
-4.6014776,19,1.850825
-4.5928364,18,1.851748
-3.8590279,19,1.856639
-4.026293,18,1.861588
-4.0741525,17,1.862481
-4.562069,19,1.865147
-3.9346237,18,1.866927
-3.526681,19,1.866952
-4.4949,19,1.870729
-4.2446885,19,1.871609
-3.8585,19,1.875306
-3.723771,18,1.878087
-3.640621,20,1.880572
-3.6970158,18,1.881525
-4.2032094,18,1.883443
-3.7273903,18,1.883465
-3.8006673,19,1.887758
-3.9113653,18,1.887782
-4.109994,18,1.891202
-3.3883033,19,1.894569
-4.1581373,18,1.89647
-4.557904,18,1.897379
-4.0499372,18,1.899188
-4.5055327,19,1.900075
-4.0898824,18,1.903692
-4.7456245,18,1.903725
-4.12698,18,1.90717
-4.37755,18,1.910544
-3.8552191,18,1.912333
-3.529188,18,1.913236
-4.3131514,17,1.914174
-4.2132044,17,1.915136
-4.0469327,18,1.919598
-3.9798129,19,1.920473
-3.9550388,20,1.924909
-4.4452944,18,1.926753
-3.9111512,19,1.929422
-4.072148,19,1.930344
-3.982776,18,1.930359
-3.5635755,19,1.932113
-4.2148867,19,1.93734
-3.6120381,20,1.937369
-4.0324717,17,1.940503
-4.268755,18,1.943154
-4.2390833,18,1.945631
-4.2654805,17,1.945651
-3.5574799,19,1.947306
-3.9828258,18,1.948159
-3.94711,19,1.954262
-4.2703943,19,1.954289
-3.6373491,19,1.956903
-3.8584294,19,1.959514
-4.325938,19,1.962229
-4.166592,19,1.962262
-3.9941337,17,1.963128
-4.0866327,19,1.964072
-3.6320887,18,1.970228
-3.857918,18,1.970257
-4.575946,19,1.973588
-3.9420216,19,1.976276
-3.9751039,18,1.977952
-4.2163496,19,1.97964
-4.106102,18,1.979657
-4.3229017,20,1.979665
-3.7141716,17,1.984952
-4.306976,19,1.986754
-3.8864582,19,1.990431
-4.278342,19,1.993033
-4.284536,18,1.993881
-4.104217,18,1.995555
-3.2375586,19,1.996419
-3.104693,19,1.996432
-3.900828,17,1.999835
-3.607064,21,2.004968
-3.6709392,20,2.007588
-3.4714592,19,2.009282
-3.9979026,19,2.010229
-4.0158205,18,2.011109
-3.9913301,18,2.011982
-4.2360435,20,2.013656
-3.8528419,20,2.017071
-4.507041,18,2.020483
-3.7759812,19,2.023725
-3.980267,19,2.025468
-3.9494097,18,2.025486
-3.7743168,19,2.027176
-3.887523,19,2.028054
-3.674936,17,2.028067
-3.5935218,20,2.033916
-3.9772887,19,2.036491
-4.1964717,18,2.03902
-4.180378,18,2.04075
-4.11302,18,2.040767
-3.2229514,19,2.043307
-4.226239,18,2.043328
-3.9059584,19,2.044181
-4.4042635,19,2.049988
-3.8656821,18,2.051934
-3.7973049,17,2.055231
-3.9394248,18,2.056099
-3.5805974,21,2.057073
-4.053839,18,2.058859
-4.1689105,19,2.059731
-3.8398244,18,2.059751
-4.470676,19,2.066643
-4.121493,19,2.068386
-4.20929,17,2.0701
-3.6503947,17,2.071806
-4.2919745,19,2.072691
-3.9028788,18,2.075303
-3.5499988,19,2.075324
-4.148961,19,2.076243
-4.2704635,19,2.084875
-4.08576,18,2.086259
-4.02024,19,2.090997
-4.446034,18,2.092145
-3.998908,19,2.094766
-4.4552274,18,2.097193
-3.604362,19,2.0986
-3.9411483,19,2.100012
-4.042501,17,2.106797
-3.9480748,18,2.10877
-4.0700474,18,2.111517
-4.208347,19,2.113447
-4.0069666,19,2.115413
-4.195842,18,2.116535
-4.1126227,18,2.117799
-4.304859,19,2.120654
-3.5947738,19,2.126471
-4.080179,18,2.127355
-4.0766954,19,2.13084
-3.8915331,18,2.131769
-4.092146,18,2.133856
-4.1857567,18,2.134794
-3.9584453,19,2.136872
-4.0990686,18,2.13789
-4.123045,19,2.144858
-3.7988143,18,2.144907
-3.459784,19,2.149905
-4.0433674,19,2.151215
-3.578589,18,2.152562
-3.6863039,19,2.154767
-4.165325,17,2.154792
-3.72543,18,2.156519
-3.905483,17,2.162525
-3.7960832,20,2.165702
-3.8201618,18,2.1695
-4.0077095,18,2.170495
-4.2486835,18,2.172383
-2.9671912,22,2.172407
-4.752523,18,2.172416
-4.1220837,19,2.175334
-3.4538505,19,2.181365
-4.420183,18,2.183295
-4.3077397,17,2.185951
-3.8554,19,2.188917
-4.3177323,17,2.188959
-3.6907048,18,2.190024
-4.3276553,19,2.190918
-3.476397,20,2.194544
-3.813959,19,2.199665
-4.55793,18,2.200674
-4.3060946,18,2.203451
-4.0381184,18,2.206734
-3.9358044,19,2.207631
-3.9086723,18,2.208488
-3.9488215,19,2.208502
-4.0624247,19,2.212962
-4.3551826,18,2.216896
-3.336618,19,2.218623
-3.8523507,18,2.220528
-4.176911,18,2.224141
-3.9650564,20,2.225102
-3.7290287,18,2.225116
-3.825408,18,2.225124
-3.6075776,18,2.229295
-4.1626873,19,2.233899
-3.6490893,18,2.234782
-4.230626,18,2.236545
-4.0908694,17,2.239362
-3.5107186,18,2.241175
-4.147846,18,2.241197
-4.0516877,19,2.24204
-3.396026,18,2.245518
-3.7480612,18,2.250563
-4.531728,18,2.25146
-3.447373,19,2.254116
-3.9339464,18,2.256189
-4.0991282,18,2.258003
-4.4489317,18,2.258022
-4.041225,19,2.259951
-4.0307503,19,2.264102
-4.004694,18,2.268831
-3.7379956,19,2.268863
-4.117976,19,2.27246
-3.8631124,19,2.274165
-4.0117817,19,2.275892
-4.1618614,19,2.275907
-3.644796,19,2.27755
-4.0992093,18,2.280277
-4.306523,18,2.284529
-3.268568,19,2.285495
-4.1381273,18,2.288118
-3.7923157,18,2.290515
-4.4241643,18,2.292581
-4.0716667,19,2.293529
-4.641935,20,2.296157
-3.739894,19,2.297905
-3.4718034,19,2.302373
-4.266816,18,2.302403
-4.2785034,20,2.306556
-4.186016,19,2.307457
-4.241225,19,2.309183
-4.0781803,19,2.310138
-4.002488,18,2.311879
-4.219204,19,2.314485
-4.560944,17,2.317218
-4.0486073,18,2.318076
-4.3441377,19,2.3231
-3.304099,19,2.32398
-4.2147837,18,2.324867
-4.2122912,18,2.325801
-4.580015,18,2.32748
-4.268,20,2.331714
-3.744718,18,2.332627
-3.7368026,19,2.334295
-3.7776866,18,2.340561
-4.1991153,19,2.340591
-3.735578,20,2.3406
-4.292313,19,2.342263
-4.286932,19,2.343954
-4.1312685,18,2.34765
-4.432437,18,2.348585
-3.9287426,19,2.351158
-4.0034895,18,2.356292
-3.8038166,19,2.357158
-3.943299,19,2.357172
-3.9170094,18,2.358043
-4.161913,18,2.35984
-3.6136394,18,2.364124
-3.7081482,20,2.36502
-4.2639546,18,2.366772
-3.8634088,18,2.371845
-4.425336,19,2.373626
-4.050506,19,2.373652
-4.225441,17,2.374592
-4.0304193,19,2.374606
-4.2806616,17,2.379553
-3.8058367,19,2.380426
-4.666011,18,2.382083
-4.3528447,18,2.387275
-4.4685907,17,2.388157
-4.0864472,18,2.389896
-3.9980779,19,2.389913
-3.8419387,19,2.391123
-3.9789476,18,2.396648
-3.7740393,18,2.397726
-3.7705824,19,2.400562
-3.7430227,19,2.408924
-3.7200742,19,2.410254
-3.748399,18,2.411455
-3.878921,19,2.412757
-4.29074,18,2.412777
-3.953638,18,2.418285
-4.3674617,17,2.418308
-3.7269871,19,2.424445
-3.5456576,19,2.431687
-4.0116987,18,2.432923
-4.649081,19,2.432945
-4.14889,18,2.434024
-4.6027665,19,2.435188
-4.204972,17,2.438101
-4.292792,19,2.439821
-4.4555144,18,2.443126
-4.2704434,18,2.44809
-4.822224,17,2.448108
-3.6894968,18,2.448985
-4.044456,18,2.449966
-4.3014817,18,2.450895
-3.957198,20,2.455477
-3.895418,18,2.455515
-3.975541,19,2.459984
-4.070651,17,2.463459
-4.220916,18,2.464352
-3.9392967,18,2.466212
-3.7471476,20,2.467072
-3.7342925,19,2.467953
-3.9699166,17,2.470596
-4.3797107,18,2.471865
-4.569533,21,2.478858
-4.1798105,17,2.478896
-4.0492873,18,2.480612
-4.2270794,18,2.482403
-4.1729355,18,2.483337
-3.6646376,19,2.485066
-3.8136048,19,2.487579
-4.251095,18,2.487597
-3.5883775,19,2.496681
-3.8327403,19,2.496718
-3.837737,18,2.497697
-3.8861704,19,2.500398
-3.9520826,18,2.500424
-3.8400986,18,2.502168
-4.204849,18,2.505877
-4.270997,19,2.50692
-4.097973,17,2.512831
-3.8362215,18,2.514153
-3.7755535,18,2.515264
-4.325061,18,2.518046
-3.898357,19,2.519294
-4.392379,18,2.520342
-3.9020362,18,2.524073
-3.8966007,20,2.524993
-3.9815826,18,2.53017
-3.9418292,19,2.532499
-4.3155155,19,2.533924
-4.1736436,19,2.537965
-3.8444386,19,2.539455
-3.144445,21,2.543253
-4.295067,18,2.54467
-4.477666,18,2.546325
-4.0768766,19,2.555618
-4.480711,18,2.557001
-3.8880417,19,2.55961
-4.3648214,19,2.563886
-3.4366148,20,2.56393
-4.451054,19,2.566854
-3.7700436,19,2.567925
-3.66228,19,2.56886
-4.290392,18,2.575093
-3.578302,20,2.578759
-3.6058671,20,2.580759
-4.141716,19,2.583496
-3.841693,19,2.583521
-4.081105,19,2.58619
-4.01242,18,2.587062
-3.929653,19,2.587077
-4.1554756,18,2.593519
-3.9135184,18,2.597765
-4.2356,17,2.599577
-3.9691749,18,2.605267
-3.614739,18,2.605315
-3.8369396,19,2.610315
-4.3886914,18,2.610355
-3.677225,19,2.611555
-3.6121154,17,2.617114
-3.940237,18,2.622024
-4.1180744,17,2.622065
-3.8944018,19,2.627394
-4.1446724,20,2.628283
-4.0704036,18,2.630038
-3.729871,19,2.631027
-3.6221952,19,2.631952
-4.013783,18,2.63466
-3.9724112,18,2.638042
-3.7561827,20,2.63986
-4.399208,18,2.644285
-3.8721015,21,2.646193
-3.8679276,19,2.647182
-4.3939195,19,2.648061
-3.809826,19,2.64892
-3.940533,18,2.650684
-4.557591,18,2.654321
-4.0065975,18,2.656095
-4.11908,18,2.660699
-4.2614236,19,2.663489
-3.6687684,18,2.663518
-4.043434,19,2.665238
-3.9177308,18,2.667165
-4.3520265,20,2.667189
-3.9136505,21,2.673888
-3.9899194,20,2.674784
-4.3384414,18,2.677371
-3.345453,19,2.680869
-4.2016344,20,2.681806
-4.0600963,17,2.682723
-4.209872,17,2.682755
-3.192412,19,2.682765
-4.2295833,19,2.690218
-4.440722,20,2.692186
-4.5507574,19,2.693901
-3.8532324,19,2.697282
-3.820998,18,2.697305
-4.229327,18,2.698222
-4.2319946,18,2.698239
-3.7760468,20,2.699998
-3.8747807,19,2.706768
-4.120534,18,2.707691
-4.1036158,18,2.709379
-4.412049,17,2.711991
-4.295381,17,2.712022
-4.08603,18,2.713679
-3.9548168,18,2.7154
-3.711331,20,2.715421
-3.9022732,19,2.722904
-4.048601,18,2.722923
-4.062712,19,2.72542
-4.0484257,19,2.727948
-3.9716914,20,2.728831
-4.289044,18,2.730773
-3.7450438,19,2.731643
-3.9296567,21,2.731656
-4.205063,19,2.739405
-3.9320514,20,2.740274
-3.560265,18,2.741128
-4.16601,18,2.744375
-3.875224,20,2.745216
-3.9964683,17,2.74523
-4.001698,17,2.746069
-3.792879,17,2.746087
-4.0424957,18,2.754413
-4.5102706,18,2.755343
-3.942442,20,2.757824
-4.306963,18,2.759458
-4.4045444,17,2.759477
-3.6959503,18,2.76035
-4.1892204,19,2.762084
-3.9475112,19,2.762102
-3.7620366,19,2.771209
-4.0194664,19,2.772162
-4.24782,19,2.774658
-3.9805434,18,2.775555
-3.870607,19,2.776519
-4.000827,19,2.777385
-4.226918,18,2.778227
-3.622152,21,2.780975
-4.258153,17,2.786189
-4.0574512,18,2.788052
-4.148004,18,2.790575
-3.7982187,20,2.793107
-4.080341,19,2.793123
-4.6139693,18,2.793132
-3.9786844,18,2.793976
-4.0741153,20,2.798443
-3.802089,19,2.802675
-3.8574615,19,2.80441
-4.005436,18,2.806114
-3.890909,17,2.807811
-3.8478446,18,2.808667
-4.4789877,19,2.80956
-3.4189694,19,2.810413
-3.7187705,21,2.816596
-3.6726294,19,2.819203
-4.336083,17,2.819227
-4.121693,20,2.823527
-4.1498613,18,2.823548
-3.9045508,18,2.826029
-3.9370306,21,2.826918
-3.700758,20,2.826932
-3.9437509,19,2.832642
-3.8706095,18,2.834439
-3.9412792,19,2.835407
-4.0764036,18,2.840438
-4.431351,18,2.840479
-3.8696413,18,2.843833
-3.793912,19,2.845756
-4.357869,19,2.845782
-4.06456,17,2.84996
-4.124681,18,2.853349
-3.7362816,19,2.853373
-3.573411,18,2.856595
-3.9298108,19,2.857647
-4.0822043,19,2.860322
-3.4659896,18,2.861302
-4.1615524,18,2.86132
-3.9571111,18,2.867985
-3.8279648,18,2.872777
-4.2410445,18,2.872827
-4.3756657,18,2.877909
-3.7131157,19,2.880367
-4.0581427,18,2.883019
-4.5690246,18,2.884205
-3.4504883,19,2.885377
-4.219501,18,2.890176
-4.812381,18,2.893761
-3.4417462,20,2.895501
-4.6156607,18,2.897182
-4.0897164,18,2.899082
-4.2359886,19,2.901734
-3.3174143,19,2.902671
-3.769038,18,2.902687
-4.2312245,19,2.907001
-4.1200285,19,2.910617
-4.4976115,18,2.911521
-3.8077188,19,2.914044
-3.8045366,19,2.915727
-3.9230533,18,2.917431
-3.8430696,19,2.919203
-3.665053,19,2.919224
-3.6894655,18,2.922644
-4.449553,17,2.925213
-4.618714,17,2.926109
-3.7950728,20,2.931267
-4.2171497,18,2.931291
-3.7334948,20,2.934583
-4.27239,19,2.935457
-4.1500945,21,2.937223
-3.4536982,19,2.939023
-4.3112493,18,2.941826
-3.689704,19,2.941854
-3.9648802,18,2.946835
-3.657578,19,2.947714
-4.0126066,18,2.950346
-3.7520769,17,2.950374
-3.6909263,18,2.952862
-4.000778,18,2.954526
-3.440248,19,2.957977
-3.4704132,20,2.958919
-4.279088,18,2.963378
-3.7263973,20,2.964335
-4.2027707,18,2.966003
-4.0311847,20,2.967731
-3.9966984,18,2.968692
-3.963575,18,2.970386
-4.258102,18,2.974905
-3.821355,20,2.975833
-3.914185,17,3.621872
-3.8436277,19,3.622831
-3.866445,19,3.625456
-3.9771383,19,3.627191
-3.8811707,20,3.628893
-3.3238444,19,3.629808
-3.9290648,19,3.634324
-3.362248,19,3.635325
-3.6431706,19,3.638783
-3.9258437,19,3.639746
-3.8402653,18,3.641493
-3.6812305,19,3.64403
-3.3976007,19,3.645974
-3.3433027,20,3.647712
-4.063681,18,3.651172
-3.5211396,19,3.651196
-4.0913677,19,3.655303
-4.1356106,20,3.657045
-3.964467,20,3.658842
-4.0057974,18,3.659767
-3.819407,18,3.663151
-3.8353865,21,3.664108
-4.359646,19,3.667474
-3.8166633,20,3.668355
-3.8681428,20,3.672626
-4.2533493,19,3.673498
-4.0146217,18,3.675234
-3.9390001,19,3.675259
-4.1113777,18,3.678772
-3.7425754,19,3.680575
-4.0372725,20,3.684963
-4.139369,20,3.685906
-3.947356,18,3.688919
-4.131992,18,3.691615
-3.70877,20,3.691636
-4.2722473,20,3.693293
-3.977297,19,3.695776
-3.8986173,18,3.696612
-3.9659066,19,3.701619
-4.262493,19,3.702586
-3.669103,19,3.705139
-4.1218395,17,3.706126
-3.754114,20,3.708746
-3.3667555,20,3.710439
-3.7516103,19,3.712098
-3.5639863,22,3.71564
-4.1473613,18,3.717369
-4.159549,19,3.719199
-4.1170893,19,3.721865
-4.414565,18,3.721884
-3.906658,18,3.726306
-3.5078244,21,3.727188
-3.996384,18,3.728152
-4.178579,19,3.732613
-3.4961627,18,3.733522
-3.9327729,20,3.736943
-3.8606079,19,3.738649
-3.3106546,20,3.739521
-3.924073,20,3.743794
-4.2736907,18,3.743815
-4.1129136,19,3.743825
-4.0480204,19,3.749723
-3.5705287,20,3.749743
-4.413829,18,3.752227
-3.7818651,18,3.754144
-3.726574,18,3.755087
-3.918633,18,3.759357
-3.8476627,18,3.759386
-4.7340484,20,3.761098
-3.6083632,18,3.765382
-3.738495,19,3.766263
-3.7621896,20,3.76969
-3.836884,19,3.770607
-3.8499172,19,3.771498
-4.3996215,17,3.773963
-3.7944071,19,3.775642
-4.1270638,19,3.77738
-4.2751346,18,3.781604
-3.9118042,19,3.781624
-4.3201303,17,3.784217
-3.729914,20,3.787534
-3.9248312,21,3.789236
-3.9398813,19,3.790099
-3.2566566,19,3.791793
-4.113346,19,3.793581
-3.8557458,18,3.796918
-4.214471,19,3.79782
-3.7434614,19,3.800251
-3.708125,19,3.80353
-4.028033,19,3.805345
-3.9239447,19,3.80626
-3.6480045,20,3.809169
-4.1732197,20,3.810877
-3.9362388,18,3.812541
-3.9621959,19,3.814242
-4.135542,20,3.817541
-4.351439,19,3.820152
-3.909974,17,3.821049
-3.8637755,19,3.821982
-3.244409,20,3.826169
-4.1006765,19,3.82707
-4.112953,19,3.82876
-3.8596287,18,3.829682
-4.2743497,17,3.832166
-3.9388375,19,3.837045
-3.694827,21,3.837916
-3.9294116,19,3.83793
-4.238367,18,3.842036
-3.450742,19,3.842052
-3.9595993,18,3.843719
-3.5485642,20,3.846239
-3.805337,20,3.848669
-4.1874275,18,3.852058
-4.0497103,19,3.853827
-3.701384,19,3.853855
-3.7846632,18,3.857219
-3.5581577,19,3.8581
-4.049855,17,3.858115
-4.1822534,20,3.863084
-3.745993,19,3.864762
-3.7264814,18,3.867271
-3.5163116,20,3.870626
-3.7953022,20,3.870647
-3.532796,18,3.873137
-3.731185,19,3.873993
-3.2882628,21,3.874941
-3.8453846,19,3.87925
-3.4901576,17,3.879271
-4.360844,18,3.883122
-3.920691,19,3.887718
-4.121487,20,3.888792
-3.9680233,18,3.890813
-3.7883968,19,3.890847
-3.5384774,20,3.893341
-3.790006,19,3.896898
-3.657734,19,3.896926
-3.781558,20,3.901097
-4.2236433,18,3.903714
-3.5574224,19,3.905488
-3.7778172,18,3.906364
-4.4754944,18,3.908932
-3.875468,21,3.908949
-4.176581,18,3.912295
-3.6973093,19,3.913181
-4.035153,19,3.91741
-3.940823,18,3.919164
-4.0005074,18,3.92083
-3.9018693,18,3.921675
-4.130475,19,3.92497
-3.8138254,20,3.925818
-4.144752,18,3.927495
-4.0644875,20,3.930002
-4.038922,19,3.93341
-3.816574,18,3.935917
-3.6278667,20,3.935934
-4.265954,18,3.93679
-3.9628391,20,3.941799
-4.020828,18,3.9427
-3.74926,20,3.942713
-4.2368364,20,3.947444
-4.081374,19,3.950866
-3.9213185,18,3.95326
-3.7481341,20,3.955639
-3.8207426,20,3.956928
-3.5794334,19,3.962341
-3.7232904,20,3.964095
-4.223777,20,3.964112
-4.0130396,18,3.966695
-4.2894783,17,3.968408
-3.9471934,18,3.971077
-3.98463,17,3.971985
-4.055432,18,3.973691
-3.6135306,19,3.978772
-4.1378202,18,3.979687
-4.15236,18,3.979702
-3.5698588,21,3.98514
-3.818986,20,3.986146
-3.279913,19,3.987968
-3.7085912,19,3.988934
-4.0021124,19,3.99096
-3.9541526,20,3.996818
-3.5959084,19,3.996837
-4.000641,19,3.996846
-4.247119,18,4.000981
-4.2620435,18,4.001836
-3.8943386,19,4.004453
-3.6113293,19,4.005312
-3.6434617,18,4.006155
-4.0056076,18,4.012022
-3.791453,19,4.012892
-3.826044,20,4.013853
-3.6254861,19,4.017244
-4.236827,19,4.018128
-4.3356576,19,4.021437
-4.298597,20,4.021457
-3.7491393,19,4.022309
-3.5861645,19,4.028931
-3.6080892,20,4.02895
-3.7525084,19,4.029794
-4.039893,18,4.033112
-3.9308443,19,4.033132
-3.9374037,18,4.036422
-3.84328,19,4.038121
-3.7788062,20,4.038141
-4.0807114,17,4.043037
-4.2237244,19,4.04475
-4.165989,21,4.047424
-3.5181098,19,4.049442
-4.1537004,19,4.049459
-4.080128,19,4.055822
-3.7667894,21,4.055858
-4.175413,19,4.055867
-4.312729,18,4.061973
-3.7654388,19,4.065388
-3.9233923,18,4.067396
-3.8906078,18,4.069226
-3.9867823,19,4.070193
-3.9569502,18,4.07445
-3.9434319,19,4.075383
-4.046496,20,4.076285
-3.8477392,19,4.079826
-4.379961,18,4.081614
-3.7329926,20,4.085011
-4.275172,20,4.086808
-4.060865,19,4.086836
-3.8041697,19,4.091046
-3.6084971,18,4.09107
-3.653147,19,4.092805
-3.6810474,19,4.096042
-3.7132215,20,4.098561
-3.740151,18,4.100282
-3.6513715,18,4.102091
-3.5775213,19,4.103015
-3.636257,18,4.106325
-3.6716375,19,4.107186
-3.597787,19,4.108855
-3.49042,18,4.111348
-4.3172903,18,4.114505
-4.122483,19,4.117717
-4.5380106,18,4.118794
-3.6943936,18,4.119797
-3.9861522,19,4.12573
-3.5044234,18,4.125777
-4.113449,18,4.128079
-3.6011484,19,4.132555
-3.9146698,19,4.135057
-3.8993893,19,4.137625
-4.2833924,19,4.138543
-3.7116692,18,4.138562
-3.8725471,19,4.143595
-4.019554,19,4.143612
-3.8863788,18,4.144486
-3.9810781,19,4.148641
-4.241684,17,4.149529
-4.263009,17,4.152822
-3.4619544,20,4.154544
-3.4628274,21,4.156233
-4.042603,18,4.158821
-4.251882,18,4.158839
-3.7872114,18,4.159706
-4.0899577,19,4.164689
-3.5924273,21,4.167265
-3.8672688,19,4.168938
-4.3128624,19,4.170764
-3.9322178,19,4.172531
-3.9219675,19,4.175053
-3.8621945,20,4.175977
-3.5315628,19,4.175995
-4.05407,18,4.180131
-4.047344,17,4.181826
-4.3499045,19,4.185239
-3.353951,20,4.187856
-4.057425,20,4.189719
-3.36065,18,4.190586
-3.9160128,19,4.192261
-3.271335,19,4.192276
-3.709804,19,4.19669
-3.870155,19,4.198399
-3.8245115,18,4.200864
-4.194263,20,4.204971
-4.2032733,18,4.205819
-4.1011853,19,4.205834
-3.703454,18,4.207463
-3.9220104,20,4.209092
-4.111896,17,4.210986
-3.4024715,19,4.214343
-4.3510466,19,4.216841
-4.1296067,18,4.220126
-3.992332,18,4.221095
-3.8950667,20,4.22286
-3.9028902,18,4.224692
-3.811864,20,4.224716
-4.0413976,18,4.22639
-4.1174693,19,4.230539
-3.8264928,20,4.233879
-3.8267043,18,4.235681
-3.8951516,18,4.236575
-4.1896796,19,4.239136
-4.2009716,17,4.239154
-4.2145047,18,4.240048
-3.9559317,20,4.243442
-4.148954,17,4.245242
-3.9142468,19,4.250277
-4.0377274,19,4.251974
-3.8392527,19,4.252927
-3.5822246,18,4.254662
-3.677614,19,4.255524
-4.173716,19,4.256434
-4.05318,18,4.258922
-3.7177043,18,4.26061
-4.283356,21,4.26793
-3.3247902,20,4.268834
-4.01918,17,4.268851
-3.8566241,19,4.268859
-3.8567164,19,4.271286
-3.8823714,20,4.27309
-4.2560196,19,4.274785
-4.294472,18,4.275761
-3.5974529,18,4.284106
-3.7635014,20,4.285298
-3.5616808,19,4.285324
-4.052752,21,4.287466
-3.9793754,20,4.289366
-4.0275393,18,4.289387
-4.1770663,19,4.292029
-4.093092,18,4.292054
-3.9313545,19,4.302061
-3.8065975,20,4.303794
-3.838146,20,4.303814
-3.6933982,20,4.305522
-4.097039,18,4.305537
-3.8629103,19,4.306383
-4.025966,18,4.308042
-4.36491,18,4.308057
-4.1010284,18,4.318975
-3.7071261,20,4.319008
-3.6946917,19,4.319872
-4.2059093,18,4.320763
-3.8284585,20,4.322532
-3.0797486,20,4.32347
-4.300813,18,4.323491
-3.9853907,20,4.325207
-3.8952537,19,4.335238
-3.1815705,20,4.336148
-4.0839043,19,4.337053
-3.8169432,21,4.338017
-4.2488546,19,4.338962
-3.57298,19,4.339857
-3.7174096,20,4.340744
-3.850145,19,4.341677
-3.394895,19,4.351627
-4.045123,19,4.352539
-3.7028816,19,4.353463
-3.483731,18,4.35433
-3.838856,20,4.355266
-4.2848935,18,4.357066
-4.19277,19,4.357083
-4.1075835,21,4.358032
-3.9553885,18,4.367334
-4.0223155,18,4.368251
-4.395755,19,4.369951
-3.849258,18,4.369965
-4.319425,18,4.372659
-3.5885854,20,4.372685
-3.5679402,20,4.374397
-3.544934,19,4.374414
-3.7588007,20,4.384365
-4.135193,19,4.384391
-4.265327,19,4.386108
-3.5603325,19,4.386124
-4.23208,19,4.388551
-4.336428,19,4.388569
-4.0555143,19,4.390226
-3.7551365,20,4.391055
-4.4683185,17,4.400248
-4.387844,19,4.400277
-3.9814847,19,4.400287
-4.0789866,19,4.401989
-4.0014505,20,4.405686
-3.8085,20,4.405725
-3.5203505,19,4.406788
-3.4478428,19,4.407744
-3.822045,17,4.415026
-3.9816775,18,4.415864
-3.7604954,19,4.416751
-4.051911,17,4.416765
-3.619283,18,4.420843
-3.9606078,18,4.420868
-3.5146158,18,4.421813
-3.732595,19,4.423577
-4.250424,18,4.431021
-4.0676913,19,4.431045
-4.2062383,18,4.431928
-4.1155543,19,4.432778
-4.4390435,18,4.436173
-3.694328,19,4.43706
-3.6861746,20,4.438771
-3.8782804,18,4.43879
-4.221929,18,4.446297
-3.8215175,18,4.446318
-3.9678533,19,4.448015
-3.5793893,20,4.449803
-3.8710303,19,4.452324
-4.165821,18,4.452341
-4.026007,19,4.454852
-3.6643133,19,4.454871
-4.2786217,18,4.461487
-3.6385713,19,4.462357
-3.9367335,19,4.464039
-3.545662,19,4.465912
-4.0809464,19,4.468399
-4.2836857,20,4.469326
-4.0029626,18,4.470243
-3.4796007,19,4.471111
-4.370348,18,4.476821
-4.028786,18,4.477658
-3.741829,20,4.481082
-3.9236374,18,4.481098
-4.0905004,19,4.484402
-4.3717813,18,4.484429
-4.1191,18,4.485252
-3.9135473,20,4.487706
-3.9081604,18,4.492617
-3.5265448,19,4.492638
-4.0283475,19,4.496893
-3.0190196,20,4.497811
-4.273073,19,4.500259
-3.6464906,19,4.501236
-3.633637,20,4.501256
-4.061713,19,4.503801
-3.902065,19,4.508803
-3.9344778,21,4.510454
-4.2449174,19,4.512984
-3.8104236,19,4.513821
-3.676745,17,4.514647
-4.154165,19,4.517457
-4.3737936,19,4.51749
-3.7169287,19,4.52068
-4.022828,19,4.527819
-3.584977,18,4.528987
-3.9120426,19,4.533671
-4.59349,18,4.533715
-3.8461733,19,4.535504
-3.8681574,18,4.5373
-3.916204,21,4.539812
-3.4922104,20,4.541512
-4.038818,18,4.544934
-4.02762,19,4.546733
-4.132335,18,4.55091
-3.5794952,20,4.550927
-3.9085987,20,4.550936
-3.7407162,19,4.553872
-3.8949099,19,4.556611
-4.0652394,19,4.558802
-3.7565718,19,4.562131
-3.8186648,19,4.563903
-4.1423717,17,4.56651
-3.9587216,18,4.56743
-3.7813194,20,4.569146
-3.937429,18,4.570107
-4.153118,19,4.573426
-4.1971784,19,4.575129
-4.381714,19,4.5785
-4.1419015,18,4.579355
-3.8650923,19,4.582903
-4.232437,19,4.583888
-3.9218276,18,4.585666
-3.429646,20,4.586597
-4.1825175,19,4.589973
-3.886745,18,4.590843
-4.3399267,19,4.594951
-3.6453214,19,4.595823
-4.2265835,19,4.599137
-4.3233776,21,4.601804
-3.566833,19,4.601822
-4.032124,18,4.601834
-3.9562347,17,4.605137
-4.4767437,19,4.605982
-4.57995,18,4.610023
-4.1162996,18,4.610857
-3.824163,18,4.614099
-3.4216304,18,4.616608
-3.9435558,18,4.616624
-3.846348,18,4.616633
-3.6135123,20,4.621621
-3.6474876,19,4.621645
-4.237415,19,4.625782
-4.041464,18,4.625799
-3.4515665,19,4.63001
-3.9815924,19,4.632656
-4.061306,19,4.632673
-3.45752,20,4.633514
-4.229495,18,4.637077
-3.818993,19,4.637943
-4.2256546,18,4.641221
-3.7625778,19,4.642076
-4.1967015,18,4.645326
-3.654201,18,4.647959
-4.1617393,20,4.649723
-3.6938963,19,4.64975
-4.139696,17,4.652295
-4.601643,19,4.653169
-3.933672,18,4.657324
-3.989736,20,4.658192
-3.7525954,20,4.66243
-4.3882694,17,4.664106
-3.6775548,20,4.665006
-4.049768,18,4.665023
-4.3974843,19,4.66833
-4.046627,18,4.668351
-4.527089,18,4.673347
-3.9452295,20,4.674261
-4.586661,20,4.679249
-3.9549532,19,4.680149
-3.6404164,18,4.680184
-3.7725315,20,4.681873
-3.6435947,19,4.684617
-3.5745802,20,4.685478
-2.9039054,19,4.689577
-4.2003026,19,4.690415
-4.3364773,18,4.694553
-4.1681724,18,4.695384
-4.192974,19,4.69623
-4.0438743,18,4.697118
-4.090598,18,4.700454
-3.4896562,20,4.701418
-4.044416,19,4.705799
-3.8148837,20,4.707663
-4.056892,20,4.712234
-4.3910294,18,4.712266
-3.733961,19,4.712275
-4.040978,20,4.714818
-4.0480227,17,4.7157
-3.9388156,19,4.718316
-3.686406,19,4.722483
-4.351154,18,4.723417
-4.296065,18,4.727647
-4.0738554,19,4.728613
-3.8577948,19,4.728628
-4.244201,18,4.731123
-3.638413,22,4.733797
-4.0725217,19,4.73468
-4.0739093,20,4.73972
-4.5170164,20,4.740953
-4.0185795,18,4.743516
-3.8675895,18,4.744452
-3.7356489,19,4.745297
-4.187032,19,4.747773
-4.1570563,19,4.750397
-4.4298606,18,4.75042
-3.9998136,19,4.756398
-4.1105304,19,4.757289
-4.471061,19,4.760095
-3.7273524,19,4.761048
-3.638363,19,4.761886
-4.355247,19,4.764358
-4.2061353,19,4.766853
-3.1494076,20,4.767772
-3.9450543,18,4.771873
-4.20764,19,4.773621
-4.290159,18,4.775277
-3.9925628,21,4.77861
-4.199644,21,4.779567
-3.4290109,20,4.781269
-4.033262,18,4.782193
-3.751668,19,4.783959
-4.0385733,18,4.788838
-3.4909093,21,4.789711
-4.015622,19,4.79142
-3.8524365,18,4.793909
-3.720222,19,4.795584
-3.9758263,20,4.798095
-4.2886705,19,4.798111
-4.149082,18,4.798985
-3.5133448,18,4.804074
-4.1264997,19,4.806081
-3.9816778,21,4.809712
-3.7856238,18,4.809734
-4.010995,19,4.812311
-3.7313256,19,4.814793
-3.9953794,20,4.815862
-4.446066,19,4.815893
-4.094576,19,4.82252
-4.358114,18,4.82383
-4.216601,18,4.828594
-3.5232582,20,4.831018
-4.093512,19,4.832813
-4.215886,18,4.834506
-3.8235483,18,4.835394
-3.5007467,18,4.835434
-4.0256577,17,4.840593
-3.964722,18,4.840613
-4.172611,19,4.845509
-3.6009078,19,4.847259
-3.74933,18,4.848098
-4.1064415,18,4.849743
-4.228943,19,4.851435
-3.8311677,20,4.852312
-3.9941537,19,4.856471
-4.5564375,20,4.857424
-4.1576667,18,4.861329
-4.550766,19,4.863924
-4.021743,19,4.864766
-3.8730216,18,4.865681
-4.446804,18,4.868219
-3.727219,19,4.868236
-4.4813037,19,4.873055
-4.021016,20,4.874685
-3.776246,20,4.877961
-3.8026133,19,4.879808
-3.8211184,18,4.879825
-3.4934309,20,4.88248
-4.072693,19,4.88429
-3.4566605,19,4.884307
-4.297891,19,4.8894
-3.9181156,19,4.891051
-4.3322268,18,4.893501
-3.0074418,19,4.896084
-3.5638826,20,4.896966
-4.028429,18,4.897845
-3.9572556,19,4.900364
-4.049753,19,4.900382
-4.1784644,21,4.907152
-3.750807,20,4.908083
-3.6601453,20,4.910707
-4.2505674,19,4.912567
-3.8295505,17,4.91259
-4.2946734,18,4.9126
-4.401758,19,4.917013
-3.8708105,19,4.917036
-3.8140213,19,4.924327
-3.8426127,20,4.926068
-4.2089806,18,4.926971
-3.981733,19,4.929685
-4.0668597,19,4.929711
-3.70899,20,4.930569
-4.065941,18,4.933066
-4.1929293,19,4.934063
-4.000451,18,4.939834
-3.9290195,18,4.941532
-3.7591753,18,4.942397
-4.012102,19,4.945941
-4.636072,18,4.945961
-3.7479086,20,4.94685
-3.6346452,20,4.951083
-3.9376404,22,4.951985
-3.5483055,20,4.957146
-4.384481,19,4.958131
-4.2182465,19,4.959048
-4.100258,19,4.962419
-4.1535025,19,4.962443
-3.7877383,20,4.96414
-3.8343506,19,4.96745
-3.673478,19,4.968403
-3.868594,18,4.97462
-3.4059753,20,4.974648
-3.9449813,19,4.974656
-3.9865155,19,4.978869
-4.089657,19,4.978891
-3.819052,20,4.981371
-3.6391628,19,4.984715
-3.8936288,20,4.984741
-3.8400378,19,4.99068
-3.7570033,19,4.990701
-3.8673797,20,4.991568
-3.8851306,19,4.995092
-4.3050637,20,4.996026
-3.5530183,17,4.996041
-3.5843487,19,5.001578
-4.0687904,19,5.001601
-4.2938604,19,5.007972
-4.0592318,19,5.008009
-4.038692,20,5.009847
-3.399863,18,5.011555
-3.954758,19,5.013321
-3.9991755,19,5.013337
-3.8987389,19,5.018757
-4.131804,20,5.0197
-4.0440493,18,5.024814
-4.33421,19,5.025708
-4.258536,18,5.026668
-4.2546473,19,5.029406
-3.8343263,19,5.031126
-4.3064466,20,5.032003
-4.21069,20,5.036935
-3.9194162,19,5.036954
-4.103572,19,5.04111
-3.8924541,19,5.041983
-4.26388,18,5.042004
-4.0278053,18,5.044575
-3.6604886,18,5.047094
-3.7740848,19,5.047113
-3.7816484,19,5.052827
-4.0943856,20,5.053742
-4.256133,18,5.057183
-4.0862336,19,5.057206
-3.669974,19,5.058409
-4.1467776,19,5.061191
-4.095067,18,5.063054
-3.99853,19,5.063981
-4.238182,18,5.069253
-3.6045403,20,5.072187
-4.214413,18,5.07404
-4.2736244,18,5.074073
-4.0236177,18,5.074941
-3.4904318,18,5.077472
-3.7820113,18,5.080179
-3.8590913,20,5.081076
-4.458633,20,5.087103
-3.7422557,19,5.088983
-4.362765,18,5.089847
-3.8426983,18,5.08986
-3.551901,19,5.091509
-3.4313066,18,5.093227
-3.7989564,18,5.095697
-4.1909285,19,5.097475
-4.0814457,19,5.103514
-4.1632953,18,5.105216
-3.6702728,19,5.106068
-3.380539,21,5.10695
-3.7132409,20,5.10858
-4.10844,19,5.109418
-3.8807352,19,5.112031
-3.8451238,19,5.113806
-3.9841383,18,5.11889
-3.9808466,18,5.122368
-3.6165752,20,5.122393
-3.7853847,19,5.122401
-4.046823,18,5.12409
-3.7650123,19,5.125837
-4.2408166,18,5.127559
-3.4910378,21,5.132048
-4.7051086,19,5.135473
-4.1230063,18,5.138068
-3.722803,19,5.139003
-4.027837,19,5.139017
-3.7262836,19,5.140689
-4.2464404,18,5.141646
-4.014157,20,5.145004
-3.9057424,19,5.14833
-4.3416963,19,5.15165
-3.9544294,19,5.154332
-3.7316182,19,5.155171
-3.3520963,19,5.155185
-4.104467,17,5.156077
-3.5353222,19,5.15696
-4.121393,19,5.161232
-4.1257405,18,5.163776
-3.7563682,19,5.167977
-3.8305345,19,5.170591
-4.390863,19,5.171442
-3.7407866,19,5.171459
-3.9475079,19,5.172341
-3.7127793,20,5.174055
-4.0973406,19,5.177365
-4.392211,19,5.180109
-3.5286767,19,5.184299
-4.1826763,18,5.186913
-4.3277755,20,5.187815
-4.056452,19,5.187834
-4.412287,19,5.188794
-3.893033,18,5.189724
-3.4987216,18,5.193131
-3.8179293,18,5.195731
-4.024426,18,5.19984
-4.0246735,19,5.20323
-4.07897,19,5.204186
-3.7474663,18,5.204209
-3.5891418,20,5.205127
-4.2046404,20,5.206787
-3.863789,18,5.20853
-4.0512247,20,5.212995
-3.763639,18,5.215608
-3.8842723,18,5.22001
-4.447266,19,5.220036
-4.2352743,18,5.221005
-4.114646,19,5.221036
-4.1408405,19,5.223525
-4.359348,18,5.22441
-3.6381848,19,5.22939
-4.0725594,18,5.231094
-4.1789446,17,5.235429
-3.7338681,18,5.235458
-4.1932335,20,5.237154
-3.9823194,20,5.238089
-3.5981064,18,5.238925
-4.0118113,18,5.239783
-4.0719576,18,5.246734
-4.1053047,20,5.246758
-4.2458053,18,5.250943
-4.0422153,20,5.252627
-3.334654,19,5.25352
-4.210417,19,5.255254
-4.0849113,18,5.255274
-3.6048198,20,5.255284
-4.098182,18,5.261736
-3.7791772,20,5.263414
-4.2603946,18,5.265856
-3.9588542,19,5.268329
-3.7869062,19,5.269243
-4.218573,19,5.270893
-4.027442,19,5.27091
-3.9689481,21,5.272556
-3.6873636,17,5.275805
-3.878745,18,5.278255
-4.24034,20,5.282869
-4.422374,18,5.283745
-3.593976,18,5.284598
-3.7946959,18,5.286285
-4.1038566,19,5.287273
-3.9741774,19,5.289035
-3.7997448,18,5.291562
-4.159428,18,5.294059
-3.5474722,19,5.299375
-3.598395,19,5.301199
-3.9077435,20,5.301222
-3.9750519,18,5.303481
-4.029443,17,5.304466
-3.9837537,21,5.305367
-3.9876733,18,5.30805
-3.5510716,18,5.310615
-4.0826397,19,5.31706
-3.898028,19,5.31893
-3.9147007,19,5.318963
-4.0583014,18,5.319973
-3.6717095,19,5.321891
-3.7250829,20,5.32393
-3.9824677,18,5.324823
-3.6314907,20,5.329208
-4.006484,19,5.334867
-3.7100878,18,5.335775
-4.280763,19,5.336852
-3.8622267,18,5.33687
-4.0869236,17,5.337834
-4.1756983,17,5.339629
-3.7518084,19,5.342223
-4.06728,18,5.345971
-4.313838,18,5.352138
-4.1846833,19,5.352164
-4.185788,17,5.353173
-4.4457264,19,5.354103
-3.7926412,21,5.355783
-4.0647306,19,5.356748
-3.9202824,18,5.358709
-3.6027675,19,5.36323
-3.8710263,19,5.36902
-4.185182,19,5.369058
-3.928484,18,5.370084
-3.8988204,20,5.370964
-3.6314325,18,5.372926
-3.771215,19,5.37295
-3.9775553,19,5.375504
-3.6664047,20,5.380994
-4.1707454,19,5.386496
-4.4237165,19,5.386538
-3.9459472,19,5.387482
-3.8774211,18,5.387515
-4.3436775,18,5.389524
-4.4358797,18,5.389549
-3.5564058,18,5.392368
-4.513593,19,5.398708
-3.9150677,19,5.404109
-4.148199,17,5.405026
-4.030904,20,5.405051
-3.7947466,20,5.405933
-4.3432674,18,5.405956
-3.8419147,21,5.406961
-3.6880722,18,5.408641
-3.5058043,20,5.96148
-3.907128,18,5.966235
-4.0714746,19,5.966264
-4.077572,19,5.967136
-3.9204824,18,5.968153
-3.5417461,19,5.968189
-3.7507286,20,5.969249
-3.5059545,20,5.971879
-4.4429336,18,5.978063
-3.9718657,18,5.982508
-4.15515,19,5.983483
-4.044242,18,5.983499
-3.8581767,19,5.985243
-4.069905,20,5.986132
-3.7822692,19,5.986159
-3.7285895,20,5.989579
-3.7303157,20,5.995444
-4.130255,18,5.998249
-3.8213725,19,6.000031
-3.7803843,18,6.000932
-4.0535283,21,6.001765
-3.783107,20,6.00347
-3.5196505,20,6.003486
-3.3618212,21,6.007725
-3.2170465,20,6.012781
-3.6819477,20,6.015458
-3.9839902,19,6.018058
-4.148936,21,6.019078
-3.3728073,22,6.019098
-4.1065383,18,6.019109
-4.0298243,18,6.019116
-3.8198657,20,6.025044
-3.8919184,18,6.028369
-3.5999527,20,6.032725
-4.211008,17,6.033623
-4.0868735,19,6.03446
-4.1311464,19,6.035321
-3.749871,20,6.036243
-4.125902,20,6.03627
-3.776398,21,6.044031
-4.219322,20,6.04718
-3.8802261,18,6.052085
-3.9802182,19,6.052136
-3.5912774,19,6.054625
-3.7346487,18,6.055903
-3.654716,19,6.055927
-3.9988537,19,6.057209
-4.436331,19,6.064857
-3.5276449,19,6.067507
-3.2876918,19,6.070972
-3.7565396,20,6.071825
-3.4076087,19,6.072673
-3.9388049,18,6.072692
-3.4665835,20,6.074378
-3.5086875,19,6.074401
-3.562657,19,6.080998
-3.5370731,20,6.084489
-3.4820566,19,6.087069
-3.6955976,20,6.088739
-3.986023,20,6.089585
-4.1683426,18,6.089601
-3.257099,21,6.090444
-4.352482,20,6.091306
-3.9455764,19,6.09724
-4.2604446,19,6.100555
-3.9276054,19,6.103335
-3.8616252,19,6.105129
-3.3280945,19,6.106061
-3.753374,19,6.10608
-4.233896,19,6.106943
-3.769855,19,6.107778
-4.091329,19,6.113511
-3.6025703,19,6.116782
-3.8890247,19,6.119351
-4.0732055,19,6.121807
-3.622193,20,6.121822
-3.70331,19,6.12183
-3.2488685,19,6.12267
-3.527953,19,6.123495
-4.03522,19,6.129336
-3.2419004,20,6.133546
-3.9784272,19,6.135269
-4.156342,18,6.137015
-3.737558,19,6.137976
-3.7708807,20,6.138864
-3.590132,20,6.139826
-3.6716712,19,6.139846
-3.440563,19,6.146278
-4.147075,18,6.149622
-3.772215,18,6.151531
-4.5422544,18,6.154266
-3.8203204,18,6.155935
-3.7274086,22,6.156786
-3.902708,20,6.156803
-3.8767986,19,6.156812
-3.8096828,20,6.163541
-3.1774366,19,6.166055
-3.806438,19,6.167846
-3.9956443,20,6.171097
-4.033659,20,6.172754
-3.6883855,20,6.173706
-3.2107947,20,6.173726
-3.3422601,21,6.17459
-3.0677,20,6.180581
-3.9599967,19,6.182293
-3.512277,20,6.184937
-4.199231,18,6.186796
-4.053018,19,6.189352
-3.854753,19,6.190229
-4.027949,19,6.190247
-3.8222566,20,6.191944
-3.6373901,20,6.197788
-3.8911228,19,6.19864
-4.0106726,19,6.20116
-3.9926462,18,6.202014
-3.7017684,18,6.204543
-4.1154685,18,6.205541
-3.6426282,18,6.205558
-3.492193,19,6.208062
-3.9457679,19,6.214332
-3.8919938,20,6.216074
-3.7887163,19,6.218046
-4.220727,18,6.218068
-3.7845035,18,6.220833
-3.6654053,19,6.22263
-3.3167305,20,6.223502
-4.071802,18,6.22435
-3.695459,21,6.232714
-3.6075354,20,6.233614
-4.4057975,18,6.233629
-4.1032534,19,6.234503
-3.9235926,19,6.237062
-3.474907,19,6.238827
-3.966444,20,6.240654
-3.542913,20,6.24152
-3.2160683,19,6.248907
-3.9162838,19,6.249861
-4.018176,19,6.249888
-3.4690905,20,6.251793
-3.7561564,18,6.252709
-3.9939432,17,6.253604
-3.7822773,19,6.258095
-3.4502227,20,6.258117
-3.6315494,19,6.266484
-3.9380767,20,6.26868
-3.812717,18,6.268718
-3.4343293,20,6.268733
-3.7044892,18,6.269862
-3.0577908,20,6.273461
-3.5887527,18,6.277136
-3.233848,21,6.280061
-3.9064426,19,6.285904
-4.1049523,18,6.286802
-4.133421,18,6.286816
-3.520067,19,6.287705
-3.7226694,20,6.289565
-3.8342574,19,6.291236
-3.8806877,19,6.294196
-3.5051436,20,6.297618
-4.498162,19,6.303417
-4.0987315,19,6.304409
-3.3290079,20,6.304424
-3.2955608,21,6.304433
-4.0769434,18,6.305295
-3.4710863,18,6.307054
-4.325955,18,6.30968
-3.7472463,18,6.313036
-3.777792,18,6.319002
-4.0747013,19,6.320744
-3.8420475,19,6.321618
-3.7015085,20,6.32163
-3.5191295,21,6.322495
-3.8604007,20,6.324173
-3.2046592,21,6.327556
-4.034057,18,6.328401
-3.7090826,21,6.33696
-3.9233012,19,6.336987
-3.4227839,19,6.33783
-3.8844635,20,6.33893
-3.4971986,20,6.339921
-3.897619,19,6.340844
-3.8154187,18,6.344233
-3.8829875,19,6.344254
-4.018572,19,6.354222
-4.1523457,18,6.354269
-4.1876774,18,6.355298
-3.7789166,20,6.355329
-3.5623608,19,6.357982
-3.9686236,20,6.357999
-3.8252428,18,6.360834
-3.6454592,18,6.360881
-3.6420698,20,6.37177
-3.3141346,19,6.371795
-3.864338,19,6.371803
-4.0335245,17,6.37269
-3.5612912,21,6.372707
-4.1149917,20,6.375214
-2.9804785,19,6.377085
-3.609033,19,6.377105
-3.9595978,18,6.387068
-3.789467,19,6.387954
-3.8603249,20,6.388862
-2.9982293,19,6.38888
-3.9007454,17,6.389752
-4.380597,20,6.389767
-4.1076117,18,6.392292
-4.3339314,19,6.393162
-3.6403472,20,6.404205
-3.933272,19,6.405101
-3.7223337,20,6.405119
-4.3904285,20,6.406805
-3.832334,20,6.406822
-3.7192342,21,6.40683
-3.4458656,18,6.407697
-3.6187387,19,6.409487
-4.2163186,18,6.419424
-4.2078857,18,6.420285
-4.030045,20,6.421999
-3.765835,19,6.422902
-3.8897097,19,6.422918
-3.9703856,20,6.423809
-3.7229795,19,6.423826
-3.855765,19,6.425502
-3.4059675,18,6.434777
-3.8505588,21,6.43808
-4.31419,19,6.438096
-3.4992766,19,6.43894
-3.8380625,20,6.439785
-3.682412,20,6.440796
-3.3556466,20,6.44081
-3.70981,20,6.442474
-4.1248264,19,6.451287
-4.010094,18,6.453803
-4.019581,19,6.454649
-4.062986,19,6.456992
-4.3740416,20,6.457032
-4.024601,20,6.458796
-3.7873373,20,6.458816
-3.60465,20,6.460534
-3.421813,20,6.469377
-4.280864,19,6.471082
-3.3314228,19,6.473569
-3.281701,21,6.473586
-4.119548,20,6.474475
-3.7811017,19,6.475344
-4.263711,20,6.476307
-4.0299377,20,6.478043
-4.2595277,18,6.486404
-3.1483736,21,6.487303
-3.8981276,20,6.490642
-3.967789,19,6.49066
-3.1177511,21,6.49155
-3.8336627,19,6.491573
-3.6442204,19,6.492535
-4.021465,18,6.493472
-3.4901268,17,6.501716
-3.414767,20,6.503536
-4.279083,18,6.506243
-3.8172305,19,6.507966
-4.3019624,19,6.507987
-3.3287458,18,6.507998
-3.958298,18,6.508949
-3.5103865,21,6.508969
-3.5354705,20,6.518932
-3.5301015,19,6.519833
-3.773842,19,6.522325
-3.764779,19,6.524174
-3.5659409,19,6.524194
-4.009836,20,6.52584
-3.599998,21,6.525854
-3.6739097,21,6.526682
-4.177077,18,6.534357
-3.864021,19,6.536101
-4.172008,20,6.539383
-3.5401092,20,6.541098
-3.6056716,21,6.542079
-3.6519675,19,6.542095
-4.100861,20,6.543858
-3.459632,22,6.544797
-3.6955328,18,6.550006
-3.8583112,18,6.551811
-3.7016456,19,6.556224
-3.908809,18,6.558097
-3.3489995,19,6.558132
-4.1976657,20,6.560388
-3.4097052,19,6.562229
-3.9915056,20,6.56226
-4.132548,18,6.569537
-4.1824064,20,6.569577
-3.7048876,18,6.574034
-3.7683501,18,6.575799
-3.4008927,19,6.576703
-3.8545485,21,6.580307
-4.4291544,19,6.580337
-3.1220875,22,6.583041
-3.649323,19,6.586435
-3.720373,19,6.586458
-3.482764,19,6.590819
-3.5883002,18,6.59269
-3.8828568,20,6.593573
-4.186195,19,6.597172
-3.6737006,19,6.597193
-4.089312,19,6.599892
-4.2469435,18,6.602422
-4.2440825,18,6.602438
-3.7863817,18,6.606514
-3.5206857,19,6.609161
-3.7944183,19,6.610039
-3.4787016,20,6.614226
-3.7921567,21,6.615214
-3.76965,19,6.61615
-3.5223215,19,6.618681
-3.7230184,20,6.619596
-3.5754538,20,6.623715
-3.846941,20,6.626363
-3.9798002,20,6.627254
-3.7133138,18,6.629857
-3.4357667,19,6.631564
-3.7066703,19,6.632442
-4.065137,18,6.634135
-3.7632089,19,6.635903
-3.9127603,21,6.641753
-4.013691,20,6.643517
-3.6903915,20,6.644362
-3.4188132,19,6.646266
-3.9461088,18,6.64725
-3.582018,19,6.6491
-3.577522,18,6.649977
-3.5220196,19,6.652507
-3.8110385,19,6.658348
-3.6858518,19,6.660983
-4.3170514,21,6.6619
-4.169407,19,6.663704
-3.6849358,21,6.664639
-4.7613688,18,6.66466
-3.6812181,21,6.668053
-3.7944906,20,6.669802
-3.983845,18,6.673912
-3.849971,19,6.677499
-4.042606,19,6.678396
-3.9800286,20,6.680901
-3.8224347,19,6.680923
-3.243779,20,6.68183
-3.6531677,20,6.685395
-4.112714,18,6.685421
-4.088657,17,6.688791
-3.283329,19,6.693743
-4.2156296,20,6.695558
-3.380691,18,6.697203
-4.392699,19,6.697217
-3.7561834,21,6.69889
-4.094519,18,6.70065
-3.6495268,19,6.701545
-3.5813434,21,6.706465
-4.2397184,20,6.710624
-3.8108923,18,6.710642
-4.2300205,20,6.714015
-3.910356,20,6.714033
-3.508915,19,6.714919
-4.0384297,19,6.716661
-4.23641,20,6.718435
-3.399287,19,6.722795
-3.7460897,18,6.726277
-3.6668324,19,6.727136
-4.033153,18,6.730753
-3.7159135,20,6.732007
-3.5828886,21,6.732966
-4.007438,19,6.733863
-2.6130028,22,6.737928
-3.626094,18,6.738963
-4.080941,19,6.744629
-3.3210776,24,6.748353
-3.7703328,19,6.748384
-3.408993,20,6.750056
-4.149522,18,6.750071
-3.785366,21,6.751773
-3.6390824,19,6.756184
-4.0039716,20,6.756206
-3.90342,19,6.761692
-3.4996145,18,6.764498
-4.1337485,19,6.765473
-3.6749845,19,6.767597
-4.17046,20,6.768786
-4.0713124,19,6.770236
-3.4626672,18,6.774106
-3.801337,19,6.775024
-3.4275002,21,6.781947
-3.712095,19,6.782872
-4.0613723,18,6.78289
-3.4880521,19,6.786146
-3.343054,18,6.786201
-3.9036748,20,6.789253
-4.211389,19,6.79208
-4.0996385,20,6.794333
-3.91186,19,6.801234
-3.9211855,18,6.801271
-3.8084512,19,6.802288
-3.809447,18,6.804092
-3.5982664,20,6.80614
-3.3943741,18,6.807112
-3.9904127,20,6.811479
-4.003595,19,6.812356
-3.6556432,18,6.818171
-3.7526462,19,6.819131
-3.8757765,18,6.820848
-4.8538976,21,6.821775
-4.2989154,18,6.822727
-3.792665,20,6.825384
-3.19363,19,6.829051
-3.7163343,20,6.831463
-3.6373897,18,6.835662
-3.7318604,20,6.836719
-3.5037017,19,6.8386
-3.74766,20,6.840335
-3.7120633,20,6.841306
-3.9965477,20,6.844105
-4.1508517,18,6.847569
-3.4947457,20,6.847602
-3.815205,20,6.853938
-4.21202,18,6.855171
-3.9470553,21,6.856523
-3.3044171,19,6.859505
-3.6686187,20,6.859535
-4.057869,17,6.860482
-4.0294957,18,6.865204
-3.0757527,19,6.866098
-3.832244,20,6.87279
-3.8783042,19,6.872812
-4.183358,19,6.873716
-3.3548942,20,6.877182
-3.8358164,20,6.877216
-3.7943282,20,6.878114
-3.9969482,18,6.880633
-4.370781,21,6.883922
-3.9267569,19,6.889059
-4.030967,19,6.890009
-3.42138,20,6.890023
-3.7221785,18,6.892492
-4.0380673,19,6.893333
-4.020631,19,6.894166
-4.1647835,18,6.896082
-3.475217,18,6.899485
-3.5684667,18,6.904602
-3.891273,19,6.906413
-3.7677917,20,6.90726
-3.7077606,18,6.908078
-3.8195941,20,6.910737
-3.8644347,20,6.911643
-4.0221386,19,6.912548
-3.7058327,20,6.916637
-4.0848455,20,6.921713
-4.3464656,20,6.923518
-3.7670808,19,6.923541
-4.1886835,18,6.92355
-4.016804,19,6.927828
-4.291834,21,6.928705
-3.952966,20,6.929636
-4.3845053,18,6.9322
-3.4923258,19,6.938013
-4.0728,20,6.940648
-3.7675898,20,6.940671
-3.8424306,21,6.941542
-3.925099,19,6.944079
-3.6450622,19,6.944915
-3.6155536,19,6.945734
-4.092332,20,6.948979
-3.5154624,20,6.95489
-4.1509337,19,6.956632
-3.8440886,20,6.957581
-3.6672897,21,6.959365
-3.9068658,19,6.96106
-3.4872603,20,6.961078
-4.3229365,19,6.961959
-3.6297655,19,6.965215
-3.6329112,19,6.973181
-4.2450695,20,6.976784
-3.4014404,19,6.976824
-3.9654207,19,6.979158
-3.6200557,19,6.98157
-3.717713,19,6.981602
-3.3717566,19,6.982626
-3.3235993,21,6.987584
-3.5127647,22,6.994198
-3.9911213,19,6.994223
-3.599705,19,6.994231
-3.9596891,19,6.995978
-4.139819,19,6.997616
-3.8109899,19,6.998442
-3.806388,20,6.998457
-3.8175907,20,7.004485
-3.8943405,18,7.009465
-4.063874,20,7.011112
-3.8141365,20,7.011128
-3.9917002,19,7.012036
-4.1743107,18,7.013842
-3.615747,19,7.01387
-3.7918668,19,7.014743
-3.1487415,20,7.021357
-3.616087,18,7.024947
-3.8119571,19,7.028352
-3.7007346,20,7.028373
-3.1363986,22,7.03008
-4.1042423,19,7.030098
-3.7582383,19,7.030976
-3.764755,20,7.030991
-4.3731303,20,7.038336
-3.7134478,19,7.040839
-4.0590067,19,7.044271
-3.839536,20,7.045174
-3.7497997,19,7.046014
-3.638961,19,7.046027
-4.1448965,18,7.046035
-3.683875,21,7.048459
-3.985695,18,7.053643
-4.293388,17,7.055308
-4.0501537,20,7.061251
-3.8762677,20,7.062211
-3.7255602,19,7.062247
-3.6314883,19,7.062256
-3.7447238,20,7.06318
-4.0880337,20,7.066121
-3.2152264,21,7.072635
-3.2454443,20,7.073497
-4.1577506,18,7.078402
-4.180996,19,7.079311
-4.3745375,20,7.079328
-4.074451,19,7.079336
-3.9005647,19,7.080168
-4.160447,18,7.082083
-3.690762,20,7.089684
-3.6360247,19,7.089714
-4.0304756,17,7.094802
-4.078326,18,7.094821
-3.8769393,19,7.095694
-3.6335974,19,7.095716
-3.9704456,20,7.095724
-3.8723507,20,7.099378
-3.3607955,19,7.106149
-3.9468904,19,7.106177
-3.4193587,18,7.110334
-4.288088,18,7.11119
-3.8782172,19,7.112098
-3.576091,21,7.113145
-3.763478,20,7.113163
-3.748351,21,7.117329
-3.8745227,18,7.121476
-3.4575906,21,7.124323
-3.9352074,18,7.127754
-3.3078938,20,7.127781
-3.9302413,19,7.12779
-4.1304064,19,7.129533
-3.5935347,20,7.130461
-3.932112,20,7.134674
-4.021339,18,7.137208
-3.828789,19,7.140785
-3.6386807,18,7.143394
-4.112287,19,7.144259
-3.931489,19,7.144272
-4.085368,20,7.146949
-3.6122837,20,7.147909
-3.2385902,18,7.150456
-4.095178,20,7.154528
-3.5972095,20,7.157921
-3.673756,18,7.159698
-3.6160011,20,7.160699
-4.3280973,19,7.160726
-3.740626,20,7.164344
-4.098537,20,7.165237
-4.288081,19,7.167018
-3.66703,19,7.171264
-4.17811,17,7.173038
-3.8700328,19,7.176445
-3.502218,19,7.177309
-4.228152,19,7.177329
-3.9605596,19,7.180684
-4.194403,20,7.182313
-4.2516794,19,7.183145
-3.9129946,18,7.186591
-4.1001844,19,7.18918
-4.1800766,20,7.194327
-3.7383306,21,7.194356
-3.867755,21,7.195218
-3.9613578,18,7.197806
-3.2753205,21,7.198667
-3.548617,21,7.201179
-3.852582,19,7.202887
-4.376385,18,7.204622
-4.116239,19,7.210457
-3.7387776,19,7.21048
-4.302358,19,7.211343
-4.125096,19,7.213872
-3.6611648,21,7.216442
-3.5923553,18,7.216462
-3.7106838,19,7.22063
-3.832631,21,7.220655
-3.66836,19,7.226495
-4.059249,19,7.227328
-4.076329,21,7.228191
-3.681982,19,7.229967
-3.5459552,19,7.232444
-3.6603615,20,7.233312
-4.6706877,20,7.237585
-3.7202077,21,7.238507
-3.547663,18,7.242311
-3.971542,18,7.244087
-3.6569495,20,7.245036
-3.890259,20,7.247574
-4.1622295,18,7.249304
-3.9034061,19,7.249318
-3.978054,19,7.254194
-4.057724,18,7.254211
-3.8808575,18,7.25752
-3.9272327,17,7.259223
-3.8254008,19,7.260103
-3.8132024,18,7.264225
-3.176958,21,7.265192
-3.6410975,20,7.266114
-4.2369223,19,7.270197
-3.8796318,20,7.271059
-4.2403994,18,7.272852
-3.8174613,19,7.276136
-3.5384321,20,7.276151
-3.551029,19,7.28035
-3.9965081,19,7.281299
-3.9874053,18,7.281321
-4.1476197,19,7.286249
-3.9003015,18,7.286268
-3.881404,18,7.288091
-4.1141233,18,7.291514
-3.2490487,20,7.293293
-3.462028,21,7.298257
-4.1102314,20,7.298278
-4.0284786,21,7.299146
-3.941532,18,7.302095
-3.8882496,19,7.302955
-4.3659315,19,7.304693
-3.9358416,19,7.307915
-3.5374703,20,7.310536
-3.9044976,18,7.313821
-3.73599,18,7.314701
-4.2142262,20,7.315582
-3.8009772,19,7.318061
-3.8876982,18,7.319852
-3.0497224,21,7.3207
-3.5697463,19,7.324104
-3.8925743,18,7.325825
-4.1193833,20,7.330756
-3.6508195,20,7.331729
-3.835998,21,7.333514
-4.1839027,18,7.335196
-3.5525782,20,7.335217
-4.0597277,18,7.336166
-3.5898361,19,7.340673
-4.072596,19,7.342383
-4.4575896,18,7.346478
-4.1238465,21,7.34998
-3.7550545,20,7.350879
-3.676343,18,7.351758
-4.212898,19,7.351778
-3.686141,20,7.352753
-4.005517,19,7.356904
-3.092376,19,7.358611
-3.6935706,20,7.364256
-4.043366,18,7.367026
-4.2988176,20,7.367923
-3.2989132,20,7.369716
-4.119511,20,7.369739
-3.9004366,20,7.370668
-4.2513595,17,7.374326
-3.7365136,19,7.374349
-3.8367438,20,7.383206
-4.159924,20,7.386974
-4.0131726,17,7.388261
-3.9683032,18,7.388291
-3.4388328,20,7.3883
-4.311117,19,7.389435
-3.828312,18,7.39298
-3.0967956,20,7.394785
-3.5982995,20,7.402151
-4.315962,18,7.403137
-3.450979,18,7.404059
-4.0033607,18,7.404075
-3.8164878,19,7.404915
-3.7138972,20,7.406651
-3.603772,20,7.410235
-3.56188,19,7.411113
-3.9378376,19,7.418469
-4.0600395,18,7.418487
-4.159116,18,7.419366
-4.1277056,19,7.420372
-3.8318021,19,7.421313
-3.9314446,19,7.42305
-3.5880783,20,7.42732
-4.2236247,21,7.428999
-3.5887446,20,7.435533
-4.0031343,20,7.436535
-3.648648,21,7.436553
-3.8941782,19,7.43656
-3.4901757,19,7.439118
-3.709733,21,7.439134
-3.3735397,21,7.445197
-4.5405707,21,7.446848
-4.1155577,18,7.450912
-4.1709995,19,7.45278
-3.837658,20,7.453694
-4.066125,19,7.455375
-3.5756235,22,7.455395
-3.76293,20,7.456251
-3.999804,20,7.462132
-4.05577,20,7.46379
-4.1998105,18,7.466263
-4.2241282,19,7.468854
-4.415269,20,7.470511
-3.3879137,19,7.471445
-3.8357487,21,7.473137
-3.92671,21,7.474045
-4.48103,19,7.478546
-4.1573033,18,7.47943
-4.080257,18,7.482022
-4.039351,18,7.484585
-3.9190507,20,7.487885
-3.6995811,19,7.487911
-3.8393157,18,7.489026
-3.9304583,19,7.490802
-3.9583051,20,7.495683
-3.7477565,19,7.495702
-3.801401,18,7.497573
-3.850715,20,7.501706
-4.4980426,18,7.503437
-4.0393023,19,7.505221
-4.414534,20,7.505241
-4.0981503,19,7.50699
-3.728427,18,7.511213
-3.9263296,19,7.512113
-3.8131332,18,7.512968
-4.1532,18,7.517246
-3.5136473,20,7.520615
-3.7397914,19,7.521475
-3.6038766,19,7.521491
-3.7879663,19,7.523307
-3.7731547,19,7.527454
-3.796197,19,7.528348
-3.7410672,19,7.529219
-4.13663,21,7.535094
-3.7137485,19,7.53677
-3.8618808,19,7.537671
-4.182394,20,7.538636
-4.210176,22,7.542245
-4.0180197,19,7.543942
-3.7647839,19,7.544851
-3.4366896,20,7.546605
-3.926635,19,7.551599
-4.2743683,18,7.552491
-3.90226,18,7.554311
-4.437426,19,7.554332
-3.8306603,20,7.55956
-3.9769206,19,7.561325
-3.8274696,21,7.562192
-3.5442295,19,7.563044
-4.1958156,18,7.567275
-4.181789,18,7.569864
-3.621836,20,7.569884
-3.8515546,19,7.570788
-4.6704698,17,7.57464
-3.4181347,18,7.579125
-3.4242427,21,7.580088
-3.9426422,20,7.580117
-4.012086,18,7.583826
-3.868323,18,7.586433
-4.152678,18,7.587424
-4.1986794,19,7.587453
-3.7083275,21,7.59407
-3.9217112,19,7.597517
-3.7746687,19,7.597534
-3.613366,21,7.598378
-4.0644364,20,7.601932
-4.415657,19,7.604665
-3.827548,21,7.605571
-4.2846236,20,7.605584
-4.2610626,19,7.610485
-4.451303,18,7.613163
-3.8727264,18,7.614082
-3.9994566,19,7.614105
-4.3166313,18,7.618082
-3.9969213,19,7.621497
-3.8882806,20,7.623291
-3.9895487,20,7.623308
-4.02404,20,7.628591
-3.8256178,18,7.630331
-3.9017625,19,7.630349
-3.7159238,19,7.631215
-4.0170918,18,7.633808
-3.9310565,19,7.638019
-3.8936899,19,7.639712
-3.8029413,20,7.640565
-4.1170187,21,7.647521
-3.44,19,7.647547
-3.6152303,19,7.648756
-3.327496,21,7.650043
-3.791167,18,7.651129
-4.0138555,18,7.657324
-3.7153907,20,7.657347
-3.6738927,19,7.659096
-3.3367958,19,7.664804
-3.81647,20,7.665712
-3.4119291,19,7.665725
-3.8581965,20,7.667501
-3.897708,19,7.667527
-4.411595,19,7.673552
-3.896132,19,7.673578
-3.8843668,21,7.67722
-4.025203,17,7.679894
-3.8182707,19,7.682468
-3.6144552,20,7.683403
-4.142258,21,7.686074
-3.9316142,23,7.688012
-4.1908565,19,7.691125
-3.7525811,19,7.691149
-4.027945,18,7.693712
-3.9843311,17,7.695428
-3.619881,20,7.700412
-4.054058,19,7.70043
-3.9188051,20,7.703708
-3.845331,20,7.705605
-4.323514,19,7.70739
-4.0041986,19,7.707415
-3.888967,20,7.71072
-3.806882,20,7.712419
-3.7763288,19,7.716535
-3.9193718,19,7.716553
-3.695899,21,7.72175
-3.749978,19,7.723507
-3.87721,22,7.724467
-3.993514,20,7.724501
-3.7634726,20,7.727868
-4.3801537,18,7.727885
-4.5005236,20,7.733649
-3.7352266,22,7.735307
-3.4702952,20,7.738601
-3.9285836,18,7.739584
-4.1293654,19,7.739598
-4.1186066,19,7.740434
-3.9713604,18,7.743048
-3.6545525,19,7.743922
-4.0667553,19,7.751548
-4.1776648,21,7.751584
-3.245151,20,7.75566
-3.5345306,18,7.755678
-4.0321503,20,7.756552
-3.9998078,21,7.757458
-4.2202287,19,7.759183
-3.6835253,20,7.760874
-3.9946287,18,8.324594
-4.0342493,19,8.325601
-3.9325905,20,8.331228
-3.9724932,19,8.331272
-3.7675848,20,8.331283
-3.7502809,21,8.334144
-3.6797142,20,8.33505
-3.5832222,19,8.336094
-3.8733811,19,8.342132
-3.5680766,20,8.343945
-4.3967094,18,8.347263
-3.3254747,20,8.34895
-4.015299,21,8.349844
-3.2645247,19,8.35082
-4.0786643,18,8.351824
-3.520415,19,8.351845
-3.5655959,19,8.358702
-3.7495232,19,8.360504
-3.9739497,19,8.363859
-3.584734,19,8.366511
-3.6597576,20,8.366537
-3.8074567,20,8.36848
-3.6339793,19,8.368499
-3.92553,21,8.370249
-3.5849588,19,8.377073
-3.5551875,22,8.378025
-4.093869,19,8.380852
-3.390862,19,8.383649
-3.9235728,20,8.384628
-3.4741797,18,8.384653
-3.5832,19,8.385676
-3.2776215,21,8.3897
-4.263494,20,8.395972
-3.526978,20,8.396891
-3.8299766,19,8.398687
-3.6330435,19,8.402045
-3.836281,20,8.402065
-3.9226952,19,8.403096
-4.0775614,20,8.403111
-3.2838368,20,8.40742
-3.6393142,19,8.41393
-4.5279655,21,8.414961
-3.6797974,19,8.416025
-3.5266492,19,8.419497
-3.5755553,18,8.419519
-3.624472,19,8.419527
-3.4551406,20,8.421279
-3.8106136,19,8.425631
-3.6986513,21,8.433192
-4.104083,20,8.434151
-3.5507317,21,8.434167
-3.756655,19,8.436832
-3.9314885,19,8.436857
-3.6069336,19,8.436866
-3.9005063,19,8.438586
-3.8542578,20,8.442886
-3.7515795,22,8.452019
-3.8731308,18,8.452045
-3.2703347,21,8.452054
-3.6968617,19,8.452944
-3.0537734,23,8.453971
-3.32653,22,8.455789
-3.1032457,20,8.455811
-3.8804898,19,8.459575
-3.8079987,17,8.467307
-3.4975095,20,8.469794
-3.5465782,20,8.47064
-3.8502455,21,8.470656
-3.5312066,20,8.471518
-3.6934881,18,8.471531
-4.01887,20,8.473411
-4.0506625,18,8.47517
-2.5814323,21,8.485422
-3.645666,19,8.487334
-4.0331297,21,8.488283
-3.8803258,19,8.488298
-3.6780255,20,8.489155
-3.2438493,21,8.48917
-3.8069062,19,8.490057
-3.55086,21,8.494062
-4.318565,19,8.50292
-3.643885,18,8.505787
-3.5482662,19,8.505834
-3.935214,19,8.506907
-3.5541766,20,8.506926
-3.3111725,22,8.50786
-4.1212864,19,8.507878
-3.7619858,19,8.511175
-3.99514,18,8.51852
-4.044688,19,8.52205
-3.6584005,20,8.522947
-4.126673,19,8.522961
-3.3353863,20,8.523846
-3.9914918,20,8.524879
-4.005055,21,8.525878
-3.6135817,19,8.527568
-3.7668066,21,8.536919
-3.5865016,19,8.539566
-3.5742455,20,8.539584
-3.4339745,20,8.54044
-3.8846006,19,8.540455
-3.9134958,19,8.541345
-3.6005433,21,8.543975
-3.5053968,19,8.544012
-3.6788456,19,8.553018
-3.8515,19,8.555655
-3.557096,20,8.556574
-3.938509,19,8.556592
-3.587945,20,8.55746
-3.7625468,20,8.55843
-4.1680403,19,8.560333
-3.3830857,19,8.560364
-3.6419458,22,8.572293
-3.6883166,20,8.573236
-3.7391438,19,8.574134
-4.0444365,20,8.574149
-3.8925614,20,8.574157
-3.689818,19,8.577282
-3.021318,21,8.577321
-3.5041432,20,8.578232
-3.705163,20,8.590313
-4.0323606,19,8.590353
-3.339002,19,8.591409
-3.4871118,19,8.591427
-3.5103688,21,8.5932
-3.676365,21,8.595933
-3.7493162,21,8.595957
-3.4433572,21,8.596824
-3.877981,19,8.607532
-3.9280841,20,8.608604
-3.379529,19,8.60864
-3.1426127,21,8.610385
-3.7237718,20,8.611301
-3.6868572,18,8.612188
-3.9093857,19,8.613244
-3.771114,20,8.615082
-3.6138735,19,8.625824
-3.7393994,21,8.626825
-3.5395985,21,8.627728
-3.2102716,20,8.628632
-4.2235293,20,8.630485
-3.414158,19,8.630505
-3.9710922,21,8.630514
-3.5106091,20,8.633358
-4.035318,18,8.644756
-3.895148,19,8.648363
-3.9791977,20,8.648401
-3.739055,18,8.64841
-3.264483,19,8.651985
-3.3012688,20,8.652887
-4.1150084,21,8.653768
-3.8808627,20,8.655422
-4.04632,21,8.664787
-3.9782443,19,8.665725
-3.8218691,19,8.665743
-3.7276928,20,8.666605
-3.848467,19,8.669346
-3.2339568,20,8.669364
-3.907178,19,8.670231
-3.443486,19,8.672054
-3.3097794,19,8.682193
-3.6139753,20,8.683101
-3.7865398,21,8.683132
-3.7025497,20,8.68408
-3.7489028,19,8.685752
-3.6764832,20,8.68665
-3.5938983,18,8.687549
-3.533805,21,8.688507
-3.7647572,19,8.69949
-4.1857357,20,8.699515
-4.0733466,20,8.701249
-3.7098036,22,8.702116
-4.1393046,19,8.702141
-3.7246923,20,8.70404
-3.5541759,19,8.704064
-3.9344742,21,8.706662
-3.7365913,20,8.717405
-3.494195,21,8.718366
-3.4025114,19,8.71932
-3.5643225,20,8.719338
-3.6910396,19,8.72103
-3.7601883,19,8.721046
-4.020441,22,8.721908
-4.34823,21,8.725339
-4.577347,18,8.733705
-3.195753,20,8.734567
-3.8402164,19,8.735454
-3.896606,19,8.735476
-3.623273,18,8.736438
-3.470089,19,8.738177
-2.931539,22,8.739947
-4.1148195,20,8.742572
-3.9604418,17,8.750218
-3.4521852,20,8.751086
-3.4100225,20,8.751944
-3.3769345,21,8.753704
-3.8377395,20,8.753735
-3.8377752,19,8.754686
-3.9101737,21,8.758225
-3.6565313,18,8.758254
-3.5727298,19,8.766481
-3.891533,19,8.768184
-3.9209356,21,8.769147
-4.2592883,19,8.770043
-3.9980006,20,8.771811
-3.632449,21,8.771828
-3.9279535,18,8.773531
-3.6855416,19,8.774483
-4.034668,21,8.784674
-3.4070413,20,8.785539
-3.6606565,19,8.786453
-3.798429,20,8.786471
-3.5720458,21,8.789824
-3.2281582,21,8.789843
-3.8857737,19,8.790727
-4.317113,22,8.79241
-3.655268,18,8.800125
-4.104832,18,8.801922
-3.1139603,20,8.802867
-3.4430237,19,8.802886
-4.0081677,19,8.806251
-3.7502048,20,8.807117
-4.157928,20,8.809739
-3.4218273,22,8.809757
-3.4686651,20,8.817259
-3.801046,18,8.817284
-3.6300929,19,8.818983
-3.6434307,19,8.819003
-4.013314,19,8.822383
-3.33087,20,8.824094
-3.9783535,19,8.825938
-3.493441,21,8.82759
-3.8633347,18,8.832606
-3.723215,19,8.833464
-3.8129747,19,8.835143
-3.6534204,20,8.836003
-4.4188933,19,8.838625
-3.9000418,22,8.842918
-3.4294043,20,8.842938
-3.8792849,20,8.844727
-3.5095294,19,8.849836
-3.489041,20,8.849858
-3.3267572,20,8.852445
-3.4014204,21,8.85462
-3.8826382,18,8.854647
-3.966385,18,8.858865
-3.20569,22,8.862495
-3.6632009,22,8.864522
-4.0565505,19,8.867188
-3.449871,20,8.868065
-3.657106,18,8.868947
-3.668876,20,8.872261
-3.8587832,20,8.872279
-4.166596,20,8.876371
-3.9568286,20,8.879729
-3.7008235,20,8.881874
-3.7205203,19,8.884248
-3.6161933,20,8.886065
-4.2031226,19,8.886086
-4.0519814,20,8.890488
-3.707159,22,8.892183
-3.5240922,20,8.894715
-3.467286,20,8.898209
-3.7033253,20,8.899933
-3.7245793,19,8.90086
-3.9599695,20,8.903533
-3.3455477,21,8.904457
-4.091249,18,8.907915
-3.7922707,20,8.90794
-3.890544,18,8.910571
-3.765458,19,8.914972
-3.2309432,20,8.918319
-3.485201,21,8.918339
-3.5839686,20,8.921738
-3.8622897,21,8.921756
-3.6810246,18,8.923423
-3.874874,21,8.92606
-3.6620848,21,8.928691
-3.5553758,17,8.92966
-3.6039526,19,8.934734
-3.4348197,21,8.936414
-3.6940014,18,8.937341
-3.8643992,19,8.938208
-3.1483939,21,8.941847
-3.3086464,19,8.942805
-3.3208694,20,8.946183
-3.333884,22,8.948862
-3.7636404,20,8.952211
-3.3417609,20,8.953892
-3.5539796,20,8.954839
-3.556163,22,8.957345
-3.6995592,19,8.958203
-3.8748908,18,8.958215
-4.067197,19,8.962318
-3.3899496,19,8.964766
-3.865203,18,8.969673
-4.2388763,20,8.970515
-3.4208581,22,8.970528
-3.8816648,18,8.972999
-3.537939,19,8.973014
-4.1275926,21,8.975628
-4.0354633,18,8.977314
-3.3488393,21,8.982387
-3.187798,20,8.986628
-3.6308885,20,8.987597
-3.5766358,20,8.987615
-4.1378007,22,8.991772
-3.4429152,22,8.991792
-3.822494,21,8.993481
-3.592754,21,8.995162
-3.4691236,20,8.999216
-3.4281847,19,9.002829
-3.7870617,20,9.0046
-3.973491,21,9.005461
-3.7660856,20,9.008772
-3.2728813,21,9.009616
-3.9328437,20,9.010451
-3.792266,19,9.01133
-3.8680353,19,9.015374
-4.265964,18,9.020614
-4.05871,19,9.020636
-3.372124,21,9.020644
-3.6977925,19,9.025091
-3.2055001,18,9.025114
-3.9698763,19,9.026823
-3.1333165,20,9.028973
-4.168683,20,9.035176
-3.7007294,20,9.042636
-3.5872636,20,9.042683
-4.2463493,20,9.042693
-3.5729117,19,9.047169
-4.362104,20,9.048065
-3.4192939,20,9.049743
-3.2081544,19,9.050695
-3.1199875,21,9.056577
-3.678387,20,9.060819
-3.5012414,20,9.060837
-3.5986078,20,9.060846
-3.7916827,19,9.063345
-4.049838,19,9.064308
-3.699306,19,9.066078
-3.6571238,21,9.06865
-3.9344845,20,9.073728
-3.7868948,19,9.077104
-3.7728312,21,9.078816
-4.1081567,21,9.078831
-3.9598854,21,9.081943
-3.3932366,20,9.081988
-3.5614312,21,9.084655
-3.605716,19,9.085557
-3.9653535,20,9.091552
-4.3455005,19,9.094429
-3.7840343,19,9.096221
-3.7294333,20,9.097139
-3.1824074,19,9.098825
-4.1233544,20,9.099815
-3.8562083,19,9.102102
-3.7798798,20,9.104531
-3.6069455,19,9.111799
-3.7125864,18,9.114703
-3.73466,19,9.118788
-4.061625,19,9.122897
-3.544744,23,9.125558
-3.3997037,21,9.126589
-3.9530303,19,9.12661
-4.229992,19,9.12849
-3.4511733,20,9.135392
-3.7943406,20,9.137479
-3.6029744,20,9.1402
-3.6596746,19,9.142538
-4.486359,18,9.145012
-3.1509352,19,9.145043
-3.7855306,19,9.147744
-4.114831,21,9.147786
-3.9568846,20,9.157397
-3.839191,19,9.158694
-3.5127187,20,9.163978
-3.4863439,21,9.167623
-4.00014,20,9.168801
-3.6337905,20,9.168839
-3.350398,19,9.171289
-3.6716895,19,9.171322
-4.3277493,19,9.180018
-3.6489284,20,9.181797
-4.1639404,18,9.183534
-4.4119725,17,9.18671
-3.5840292,19,9.187711
-4.2341933,17,9.18871
-4.094786,20,9.189721
-3.5674012,19,9.19074
-4.056109,19,9.197844
-3.9109716,18,9.198764
-4.032015,20,9.202725
-3.9202666,20,9.205513
-4.026354,19,9.205541
-3.7321086,20,9.207388
-3.5352082,19,9.207413
-3.958409,19,9.208388
-3.729631,18,9.215214
-3.5379252,21,9.219619
-3.691936,19,9.221598
-3.9397247,18,9.223356
-3.6064343,20,9.225067
-3.4911973,19,9.226
-3.7710588,20,9.226923
-3.8532124,20,9.227854
-2.7588663,21,9.234561
-3.355524,20,9.237171
-3.7230499,19,9.238067
-3.751138,21,9.2414
-3.9000196,18,9.241422
-3.5700262,22,9.244247
-3.6415403,20,9.245255
-3.485128,21,9.245282
-3.4383717,19,9.251311
-3.6053147,20,9.254923
-3.1635761,19,9.254946
-3.973374,18,9.257439
-3.8744488,19,9.258343
-3.55779,19,9.260866
-4.1133184,19,9.261767
-4.0625935,21,9.263459
-3.4357154,20,9.26839
-3.998983,19,9.271068
-4.1257153,20,9.271966
-3.6564405,19,9.273698
-3.290235,20,9.275516
-4.0062437,19,9.278024
-3.778636,21,9.278901
-3.1959515,19,9.279814
-3.6915843,20,9.285942
-4.535402,19,9.287739
-3.4563046,19,9.288664
-3.5281475,19,9.291992
-3.624384,24,9.294496
-3.3154082,21,9.296216
-3.3466463,20,9.297169
-3.6912081,22,9.298091
-4.0910387,19,9.302477
-3.6823466,19,9.304237
-3.9933128,20,9.305958
-3.8845768,20,9.309268
-3.4904404,19,9.310963
-4.3289227,19,9.312668
-3.6900377,19,9.313574
-3.8469362,19,9.314873
-3.1839616,21,9.322581
-4.186579,21,9.324961
-4.1870623,19,9.324995
-3.7210984,20,9.331147
-3.0715494,20,9.333471
-3.782786,18,9.333506
-3.9461546,19,9.337087
-3.4317951,22,9.339353
-3.7325418,21,9.346616
-3.7550135,20,9.347832
-4.00419,20,9.347856
-3.3169475,21,9.354372
-3.908018,20,9.355502
-3.714956,20,9.355534
-4.057711,20,9.358994
-3.1983893,20,9.36151
-3.8180168,19,9.368647
-3.9848473,20,9.370991
-3.6055927,21,9.372304
-3.8021185,19,9.376647
-3.7556114,20,9.376673
-3.9018416,20,9.37764
-4.251268,20,9.380297
-3.4998136,19,9.381263
-3.1511369,19,9.386408
-3.8308728,20,9.389055
-3.4423964,20,9.39
-3.5725474,18,9.392523
-3.598615,19,9.39342
-3.5610235,21,9.396033
-4.399705,19,9.397726
-3.8612304,20,9.397742
-3.8906522,20,9.403467
-3.5876822,19,9.405331
-3.7195852,18,9.405353
-4.039031,19,9.40863
-3.507815,19,9.409524
-3.641966,20,9.412844
-3.8850198,20,9.414527
-3.6180456,21,9.415396
-3.6769154,19,9.419817
-3.3098829,19,9.421607
-4.3490925,20,9.422568
-3.552757,19,9.425146
-3.5601711,23,9.430521
-3.6337461,19,9.432774
-3.0676687,21,9.432802
-3.4469643,23,9.437166
-4.495852,19,9.438444
-3.742303,21,9.442502
-2.9164748,21,9.443492
-4.0892572,19,9.444417
-3.244748,20,9.451624
-3.4858768,19,9.452611
-3.3553133,21,9.455029
-3.6844497,19,9.459433
-3.8769784,20,9.459472
-3.6251974,19,9.464143
-4.3048186,18,9.464182
-3.3263597,19,9.466221
-3.4813075,19,9.472392
-3.554508,20,9.472437
-3.7496169,19,9.474133
-3.360248,19,9.477612
-4.2521405,20,9.478645
-4.2206635,18,9.480412
-4.1550703,19,9.481276
-3.8598442,19,9.483003
-3.5872192,20,9.490056
-3.8682814,21,9.491029
-3.6206298,20,9.491929
-3.789874,20,9.495481
-3.960176,19,9.495502
-3.7166944,20,9.498282
-3.509797,20,9.499166
-3.4174597,20,9.500928
-4.272385,19,9.506932
-3.769843,20,9.50865
-3.6827798,20,9.509542
-3.7607148,20,9.513094
-3.8749425,22,9.514795
-3.9228287,19,9.514817
-3.8518355,19,9.515786
-4.0056777,19,9.517975
-3.4596617,21,9.525908
-3.3847206,19,9.525938
-3.684471,19,9.526829
-4.24938,18,9.531006
-3.7385585,20,9.53104
-4.3541665,18,9.53105
-4.4378304,18,9.531964
-3.6499074,19,9.534619
-3.1361334,19,9.542311
-3.638921,20,9.543305
-3.4406254,20,9.544242
-3.424238,19,9.547606
-3.9752376,20,9.548577
-3.6513445,20,9.548597
-4.0160403,17,9.549471
-3.3641074,21,9.550333
-4.103377,19,9.558791
-4.2082214,19,9.559694
-3.5172853,19,9.560574
-4.0623865,19,9.564737
-3.0075908,20,9.564756
-3.5103133,20,9.565641
-3.8213673,19,9.566497
-3.6911201,21,9.567457
-4.106185,20,9.575746
-3.4462714,20,9.576718
-3.7506669,21,9.578504
-3.8955002,19,9.581043
-3.5974317,20,9.582124
-3.1182153,21,9.584523
-3.7651713,21,9.585484
-3.6562898,20,9.585503
-4.0368,18,9.593299
-3.682064,21,9.59525
-3.751589,19,9.59616
-3.8756917,18,9.598009
-3.7537642,20,9.60072
-4.1791115,18,9.60074
-3.9575198,19,9.602408
-4.1423593,20,9.603319
-3.9237094,20,9.610932
-3.2200923,20,9.612669
-3.80526,19,9.612687
-3.436312,19,9.614507
-4.043982,19,9.617063
-3.4339905,20,9.617945
-3.2312534,20,9.61962
-3.4415834,20,9.620473
-4.3175154,19,9.629564
-3.637157,19,9.629597
-4.142518,21,9.629609
-3.277153,19,9.631506
-3.7946951,19,9.634037
-4.286597,20,9.635776
-3.9564404,20,9.638422
-4.1649823,22,9.639333
-4.01389,18,9.645127
-3.832582,20,9.647088
-3.9572518,19,9.648013
-3.4935987,21,9.648031
-3.733778,20,9.651382
-3.909419,19,9.65234
-3.5593548,19,9.654925
-3.2813115,21,9.657589
-3.3622668,21,9.663588
-3.5485215,19,9.66452
-3.7904084,20,9.665393
-3.6468196,22,9.666239
-3.8410141,20,9.668776
-2.6997786,19,9.668794
-4.3761773,19,9.671328
-4.1976476,19,9.673903
-3.8957026,19,9.679627
-3.7338676,19,9.680479
-3.824713,19,9.681357
-3.81634,20,9.683015
-3.8262641,19,9.684804
-3.8125494,19,9.684828
-3.9365654,20,9.688077
-3.9329216,19,9.68974
-3.6290612,19,9.696343
-3.677661,20,9.696373
-3.7994108,19,9.697305
-4.1893573,20,9.699865
-4.039043,19,9.700715
-4.0512547,20,9.70169
-3.702192,19,9.704287
-3.58231,19,9.706037
-3.8624444,19,9.712865
-4.02213,20,9.713812
-3.49017,21,9.715494
-3.1596112,18,9.717199
-3.617777,20,9.717215
-3.7586951,20,9.718101
-3.9093003,21,9.722239
-4.174791,19,9.722258
-3.4962907,20,9.730073
-3.8335893,20,9.731116
-3.759188,19,9.732091
-3.5298293,20,9.735054
-3.6918027,20,9.73509
-3.7610338,20,9.736
-3.7824764,19,9.739705
-4.0374193,21,9.741516
-3.4614975,20,9.748268
-3.9344373,18,9.74829
-3.207088,20,9.749195
-4.2022157,18,9.75097
-4.0986843,19,9.751902
-3.5175543,20,9.753674
-3.3242133,19,9.756148
-3.9541302,20,9.75874
-4.002661,19,9.764638
-3.8973289,20,9.765547
-3.980187,20,9.7665
-4.045551,19,9.767358
-4.0234556,19,9.768232
-3.2405357,20,9.77073
-3.6997573,19,9.772462
-3.31884,20,9.77601
-3.9068787,19,9.781746
-3.7800226,19,9.782678
-3.7148492,23,9.784523
-3.8476706,20,9.784552
-3.6393929,20,9.785465
-3.7609463,22,9.78975
-3.593669,21,9.790684
-3.7120614,19,9.792588
-3.9909062,21,9.80046
-3.4735308,21,9.801434
-3.494843,19,9.801452
-3.9099746,19,9.801461
-3.596226,19,9.802347
-3.666914,19,9.807698
-3.9140172,21,9.808604
-3.68176,22,9.811918
-3.733079,18,9.816048
-3.8263097,19,9.817832
-4.131921,19,9.818737
-4.1371064,20,9.818751
-3.7335978,21,9.819604
-3.6922963,19,9.823948
-3.8599186,19,9.824809
-3.4072533,20,9.829009
-3.777179,19,9.832745
-3.625976,19,9.834538
-3.6951067,19,9.835505
-3.7628086,20,9.836443
-3.2006216,19,9.836459
-3.4948354,19,9.840741
-3.0293012,20,9.842494
-3.3350835,21,9.847456
-4.5078006,18,9.849943
-3.633543,21,9.850807
-3.9816453,18,9.850829
-4.4021115,18,9.851795
-3.8068693,19,9.852642
-3.3498535,20,9.857604
-4.0898724,19,9.858534
-3.9755778,20,9.86438
-3.294399,19,9.866079
-3.8382154,20,9.86779
-3.4572823,20,9.867812
-3.4634104,21,9.869557
-3.908134,20,9.869581
-4.2774363,19,9.873906
-3.6882176,18,9.87393
-4.195491,19,9.880513
-4.2398424,17,9.882226
-3.5105033,19,9.882246
-3.8230164,19,9.883926
-3.7870007,18,9.884895
-4.0102935,20,9.886558
-3.675053,19,9.890291
-4.075117,20,9.891165
-3.4280777,21,9.898575
-3.8231964,20,9.899459
-4.058009,19,9.900325
-3.8154452,22,9.901261
-3.8777008,20,9.90216
-3.7459571,20,9.903992
-3.4835553,20,9.907532
-3.843361,21,9.909234
-3.5346396,19,9.916
-4.053982,20,9.916026
-3.9339867,18,9.91689
-3.5466046,20,9.917756
-3.6075747,20,9.919573
-3.4075878,19,9.920442
-3.5957546,19,9.923811
-4.3695173,20,9.926975
-3.7266943,19,9.933154
-3.8235197,19,9.934089
-4.106284,20,9.935923
-3.928119,18,9.935942
-3.2574346,22,9.935952
-3.1491823,20,9.938456
-3.4371958,19,9.940939
-4.2878866,20,9.944226
-3.6846387,20,9.949997
-3.7570662,19,9.950034
-3.6718135,20,9.952789
-3.8576288,20,9.952821
-3.4043489,21,9.953746
-3.6827343,19,9.954691
-3.39071,20,9.958274
-3.9339113,19,9.961228
-4.244275,20,9.967927
-3.8661249,21,9.968797
-3.7187226,19,9.969666
-4.072016,20,9.970663
-3.4737468,19,9.970683
-4.248931,19,9.971526
-3.73649,20,9.975583
-3.8983645,20,9.97801
-4.047311,19,9.984028
-4.664945,18,9.984943
-4.0613317,19,9.984958
-4.1953845,19,9.986653
-3.635352,20,9.987624
-3.8038614,20,9.98857
-4.6938734,20,9.992758
-3.8700929,20,9.995231
-3.8722856,18,9.999661
-4.0663967,19,10.001352
-3.6504045,20,10.002616
-3.9136658,19,10.003882
-3.4582145,20,10.007493
-3.064501,21,10.007527
-3.6775212,21,10.014348
-4.198198,19,10.015258
-3.3464594,20,10.020212
-4.307841,20,10.021901
-3.535395,21,10.023663
-4.022604,21,10.024664
-3.9886627,19,10.025777
-3.5843124,21,10.027694
-3.3479295,20,10.032677
-3.3510447,20,10.033574
-3.841997,18,10.037097
-4.1173763,19,10.039664
-3.5247388,20,10.042215
-4.065609,19,10.043212
-3.6522806,21,10.044146
-3.979635,21,10.046922
-3.988544,19,10.049628
-3.1336584,20,10.051308
-3.749698,21,10.055716
-3.6733208,21,10.058214
-3.7932408,19,10.059066
-4.105424,18,10.059082
-4.2003837,19,10.060823
-3.9015427,19,10.063496
-4.025646,18,10.066966
-3.883764,20,10.066993
-3.717947,18,10.071183
-3.2778802,19,10.074724
-3.6662717,19,10.075621
-4.4936295,19,10.077317
-3.6613538,21,10.077339
-4.090733,20,10.080632
-3.8381495,19,10.083172
-3.88839,19,10.083193
-4.0841045,20,10.088522
-3.9023793,19,10.091396
-3.6623352,20,10.093092
-3.9507267,18,10.093118
-3.6403468,21,10.095702
-3.463856,20,10.098704
-3.913074,18,10.099608
-3.9673083,20,10.101433
-3.57279,19,10.105726
-3.4590187,19,10.10855
-3.7339182,18,10.109443
-3.9519036,19,10.110319
-4.122631,19,10.112998
-3.6171896,20,10.116332
-3.461212,20,10.117221
-3.8350663,19,10.118109
-3.8960257,19,10.122375
-4.151,19,10.124888
-3.6066148,21,10.127396
-3.094627,21,10.128328
-3.5094001,21,10.131257
-3.803404,19,10.133058
-3.8305619,18,10.133086
-3.6304502,20,10.135543
-3.6352897,21,10.140509
-3.6263497,18,10.140531
-4.0688467,22,10.146599
-3.644802,23,10.148308
-3.6007261,20,10.148348
-2.962326,21,10.150936
-3.7608712,21,10.150955
-4.1857095,19,10.151791
-4.001202,19,10.156853
-3.4078205,20,10.157731
-3.452197,19,10.162736
-3.7082527,19,10.16442
-3.8446918,20,10.165446
-4.159505,18,10.166375
-4.204694,18,10.16729
-4.0106435,20,10.168151
-3.9035976,18,10.718218
-3.8020394,18,10.719347
-3.6005473,19,10.72542
-3.2789664,19,10.72722
-3.4746306,19,10.728262
-3.868548,18,10.729219
-3.1695175,19,10.729237
-3.757524,19,10.731048
-3.6711388,19,10.73605
-4.1463013,21,10.73697
-3.5030596,18,10.741403
-3.3872647,21,10.746482
-3.366739,22,10.746506
-3.4022107,21,10.747381
-3.3496714,21,10.747402
-2.92723,22,10.750018
-3.2730742,20,10.753352
-3.5220897,23,10.756704
-3.6354349,20,10.758524
-3.834831,19,10.762735
-3.8245184,20,10.763696
-3.7572517,20,10.764613
-3.8373063,20,10.76463
-2.8565183,22,10.768755
-3.9890268,21,10.771455
-3.4755912,21,10.774874
-3.5001793,21,10.776567
-3.318936,20,10.780876
-3.4762847,21,10.780905
-3.682632,20,10.781809
-3.4339137,21,10.782663
-3.5740473,20,10.78598
-3.3968244,19,10.787735
-3.5476646,20,10.791848
-3.5522318,21,10.794415
-3.64187,19,10.79721
-3.588758,18,10.797237
-4.212098,21,10.799006
-3.346218,21,10.800738
-3.8210566,19,10.804269
-3.6956208,21,10.804293
-3.526309,19,10.808471
-2.9881446,20,10.811734
-3.8802743,20,10.814191
-3.1786704,19,10.815071
-2.9027689,21,10.815086
-2.9456258,23,10.820483
-3.3825347,20,10.82136
-3.5320654,22,10.823048
-3.550303,20,10.82552
-4.0009923,20,10.828964
-3.54502,19,10.831513
-3.47665,20,10.831535
-3.591883,21,10.833218
-3.3244123,19,10.836837
-3.6360252,19,10.837754
-3.2689626,22,10.842128
-3.6344812,20,10.843055
-3.341293,22,10.848025
-3.1647277,21,10.849876
-3.40363,22,10.850826
-3.398468,21,10.851687
-2.8940172,19,10.853441
-3.5473194,19,10.854396
-3.6758633,20,10.859371
-3.5475333,20,10.860708
-3.7135618,21,10.867209
-3.8030066,20,10.869784
-3.8340557,21,10.869816
-3.362289,22,10.869826
-4.391767,19,10.870825
-4.109704,19,10.871767
-3.6899767,19,10.876681
-3.0206814,22,10.880035
-3.1407254,19,10.883378
-3.1388946,20,10.886714
-3.9285107,20,10.88674
-3.3840952,21,10.887693
-4.0607567,19,10.887708
-3.6381261,21,10.888657
-3.175926,20,10.893748
-3.304432,19,10.896294
-3.4125767,21,10.901307
-3.269412,19,10.90463
-3.9034345,21,10.904651
-3.274366,20,10.904662
-2.9493077,22,10.905535
-3.5897305,21,10.905549
-3.2087135,20,10.910542
-3.088223,20,10.913085
-3.920261,19,10.917456
-3.776554,18,10.920151
-3.6002746,20,10.921876
-3.2201445,21,10.922798
-3.4461384,20,10.922818
-2.5656757,22,10.924847
-3.221031,19,10.928452
-3.561169,21,10.934746
-2.9712238,21,10.941117
-3.6405168,20,10.943448
-3.4537888,18,10.943476
-3.410412,19,10.94587
-3.6236482,19,10.947866
-3.2317748,22,10.948874
-3.4456897,20,10.951668
-3.7536182,20,10.95596
-3.1213899,20,10.960126
-3.5670753,20,10.961825
-3.9999921,22,10.963648
-3.3586688,21,10.964527
-3.4441156,20,10.965393
-3.5675607,21,10.967189
-3.0774918,21,10.96972
-3.7106092,20,10.973056
-4.1340156,19,10.976403
-3.2986267,21,10.979713
-3.802826,18,10.979732
-3.3575761,22,10.982216
-3.4547274,19,10.983312
-3.398613,22,10.984273
-3.726792,19,10.986114
-3.7921505,21,10.991059
-3.8229637,21,10.99443
-3.3941352,20,10.996946
-3.1885362,20,10.996964
-3.0350657,22,11.001129
-3.8824902,20,11.00115
-3.5922089,21,11.001162
-3.6212032,18,11.00117
-3.7339869,21,11.008583
-3.148871,21,11.011959
-3.8692734,20,11.013685
-3.196257,22,11.015396
-3.0134745,19,11.017202
-2.9014986,20,11.01811
-3.3443546,21,11.019022
-3.4589796,22,11.019889
-3.2542768,21,11.026625
-3.9094255,19,11.028426
-3.5245051,19,11.0318
-3.3421025,21,11.031822
-3.7063668,18,11.034475
-3.2838566,19,11.034504
-3.2702875,20,11.034513
-3.5056305,21,11.037835
-3.9556046,19,11.042795
-4.0763464,19,11.044473
-3.4168735,20,11.048663
-3.4606411,21,11.04955
-3.336045,19,11.050519
-4.2295785,20,11.051481
-3.585016,22,11.053697
-3.4836879,21,11.056342
-3.287702,19,11.06161
-3.8801363,22,11.062533
-3.5569363,19,11.06696
-3.324567,21,11.067959
-3.3881185,21,11.069726
-3.838078,21,11.070657
-3.9501286,20,11.071597
-3.185257,21,11.074989
-3.2634408,20,11.07938
-4.075912,20,11.080279
-3.149296,20,11.084402
-2.8248727,21,11.086179
-3.185425,20,11.087927
-3.4680922,21,11.087949
-3.474608,20,11.08879
-3.388242,20,11.092205
-3.2054327,21,11.098699
-3.5466132,22,11.09874
-2.801224,20,11.10253
-3.4158916,20,11.106249
-3.2355728,22,11.106289
-3.4740553,21,11.107295
-3.4757838,20,11.107313
-3.818849,21,11.11161
-3.5170624,21,11.117418
-3.575332,22,11.118295
-3.9992657,20,11.119987
-3.5532084,19,11.12266
-3.6608214,20,11.123568
-3.3659515,20,11.124455
-3.65319,20,11.12447
-3.7304792,19,11.127905
-3.584893,19,11.133767
-2.9980884,21,11.136325
-3.451672,20,11.139649
-3.431768,23,11.139681
-3.312921,19,11.140643
-3.7911053,20,11.140664
-3.866795,20,11.141583
-2.9565778,22,11.146591
-3.491429,19,11.150285
-3.5883412,18,11.151976
-3.141994,21,11.157942
-3.2159386,21,11.157967
-3.6751914,21,11.159128
-3.6142008,21,11.15915
-3.143777,21,11.160031
-3.1287725,20,11.164326
-3.5725403,19,11.166837
-3.6858647,19,11.169113
-3.3014271,19,11.175359
-4.3302145,20,11.176262
-3.5914922,19,11.176277
-3.8001518,20,11.177999
-3.1449254,23,11.179864
-3.4371133,20,11.182385
-3.5481153,19,11.184202
-3.1249645,20,11.186761
-3.001618,20,11.193527
-3.4746468,22,11.194403
-3.494461,22,11.195267
-3.5994291,21,11.196179
-3.4913006,20,11.197014
-3.0105402,22,11.201225
-4.200761,21,11.202147
-2.9731007,19,11.203008
-3.7262034,20,11.210269
-3.8730679,20,11.211136
-3.6607795,19,11.211151
-3.9309766,20,11.212909
-3.4807549,23,11.216155
-3.9569798,19,11.216996
-3.710677,20,11.218758
-3.2992623,21,11.220484
-2.990327,19,11.226374
-3.173092,21,11.228872
-3.745106,22,11.229766
-3.5287485,20,11.229795
-2.8802214,19,11.232564
-3.1612802,20,11.234259
-3.0110395,22,11.237662
-3.672422,22,11.239316
-3.3408082,20,11.243582
-3.411294,20,11.246171
-3.4028563,21,11.248034
-3.2511597,21,11.248058
-3.6576574,20,11.24986
-3.745803,20,11.251544
-3.454763,19,11.255694
-3.3579702,21,11.255715
-3.497689,18,11.259325
-3.1284034,20,11.263614
-3.2114236,20,11.265364
-3.585539,22,11.267173
-3.8826673,20,11.267203
-3.4368987,19,11.268065
-3.7738585,19,11.272553
-3.381272,20,11.273434
-3.2930546,20,11.276807
-3.9295864,20,11.280943
-3.685533,19,11.281937
-3.4332108,19,11.284528
-3.4290118,20,11.284546
-3.8473818,21,11.285417
-3.6853526,20,11.289615
-3.6031158,20,11.2905
-3.8023834,22,11.295633
-3.0118995,20,11.298214
-4.258065,20,11.299162
-3.478186,20,11.301662
-3.1641135,20,11.302605
-3.3728538,23,11.304282
-3.443668,21,11.307584
-3.7936406,20,11.307606
-3.0936134,20,11.312546
-3.8280783,20,11.31505
-3.150235,20,11.316016
-3.4891212,21,11.319533
-3.2068362,21,11.320389
-3.484939,22,11.322967
-3.9659717,19,11.323851
-3.3638697,21,11.325602
-3.3630748,22,11.331382
-4.3088703,19,11.332254
-3.8425844,20,11.332276
-3.3764946,20,11.336505
-4.1988425,22,11.339025
-3.2282653,20,11.339947
-3.6382344,20,11.340797
-2.809042,20,11.34244
-3.4882667,20,11.349425
-2.8371289,21,11.349448
-3.424172,21,11.350402
-3.4176588,18,11.355717
-3.3871794,22,11.35575
-3.66392,20,11.356634
-3.6531816,20,11.358411
-3.6200418,20,11.360151
-3.38187,18,11.366717
-3.2758403,19,11.366765
-4.050805,20,11.367661
-3.6445217,19,11.373123
-3.8020175,20,11.374097
-3.181241,21,11.375842
-3.4457946,20,11.376872
-3.5486283,20,11.3786
-3.1608279,19,11.38501
-3.4690375,21,11.385918
-3.4845486,22,11.386816
-3.663345,20,11.391061
-3.5255966,19,11.392848
-3.6258638,21,11.392869
-3.2939658,21,11.395462
-3.9127417,20,11.39635
-4.22338,19,11.402133
-3.3400707,21,11.403025
-3.3112829,19,11.403062
-3.6678069,19,11.40727
-3.4915943,22,11.41168
-3.1690378,22,11.411707
-3.9048522,19,11.411716
-3.3425956,19,11.412613
-3.7745385,19,11.419267
-3.5680819,19,11.419292
-3.7048507,20,11.419304
-3.9588783,21,11.425094
-3.585759,19,11.428572
-3.5580218,21,11.429491
-3.0357494,22,11.430338
-3.3553681,22,11.430355
-3.4637754,18,11.434457
-3.4739563,19,11.435409
-3.5061984,19,11.435437
-3.3309493,20,11.442271
-3.7133963,19,11.446409
-3.7420108,21,11.446428
-3.485821,21,11.447367
-3.0842314,20,11.447393
-3.468026,19,11.451097
-3.7702765,20,11.452798
-3.4327202,22,11.454518
-3.638505,19,11.458675
-2.9332383,20,11.463639
-3.2551155,20,11.464528
-3.4728591,21,11.464549
-3.7038136,20,11.464558
-3.435121,20,11.467959
-3.5740402,20,11.469687
-3.5465586,19,11.470622
-3.5681512,19,11.474834
-4.048443,19,11.480622
-3.8526254,19,11.480644
-3.4205897,20,11.480654
-3.1371179,22,11.483231
-3.7685764,19,11.48413
-3.549408,21,11.487392
-3.9675684,20,11.487417
-3.7704706,20,11.491612
-3.8981345,19,11.497
-3.12281,21,11.498733
-3.247138,21,11.498752
-3.7605488,20,11.500444
-3.617012,20,11.501323
-2.898532,20,11.504618
-3.11941,21,11.505566
-3.2040083,20,11.509185
-3.83764,20,11.514587
-4.073729,19,11.515468
-3.8013537,20,11.516358
-3.0559528,20,11.519182
-3.7498786,21,11.519225
-4.143042,18,11.520959
-3.4312158,20,11.523925
-3.1882162,22,11.529254
-3.2404926,20,11.532868
-3.3206086,21,11.534819
-3.9389591,21,11.535709
-3.8860657,20,11.537502
-3.064204,20,11.537527
-4.2994266,21,11.540526
-3.4190571,20,11.542424
-3.8275378,19,11.547019
-3.393095,19,11.552504
-4.04541,22,11.553393
-4.128693,21,11.555414
-3.8390388,20,11.556327
-3.380857,22,11.558036
-3.5179632,20,11.558917
-3.67668,19,11.559935
-3.6420314,20,11.565509
-3.6937928,20,11.571637
-3.489452,20,11.572592
-4.190291,19,11.573567
-3.7470512,18,11.573584
-4.0464997,20,11.576911
-3.9673576,19,11.57777
-3.6531217,21,11.578661
-4.477134,18,11.582245
-3.677699,21,11.591183
-3.8245583,19,11.59123
-3.8331673,19,11.59124
-3.062023,21,11.592442
-3.8832958,18,11.597586
-3.1697388,20,11.597627
-3.9172964,20,11.599015
-3.2267866,22,11.60611
-3.2672226,20,11.612497
-3.6941214,20,11.612532
-3.949906,22,11.614508
-3.2818546,22,11.615433
-3.2818162,19,11.616288
-3.5447388,20,11.617137
-3.5504732,20,11.618139
-4.138869,20,11.624643
-4.0875173,19,11.630399
-3.1104996,21,11.632152
-3.0992162,21,11.633894
-3.427556,19,11.633932
-3.0660284,20,11.636232
-3.122404,23,11.637167
-3.1672764,21,11.638056
-3.2582498,20,11.643336
-4.2279406,19,11.647667
-3.1835647,21,11.651086
-3.8196998,20,11.651957
-3.790775,22,11.653667
-3.6428044,21,11.65464
-3.8991463,20,11.654659
-3.18369,21,11.656354
-3.5344925,21,11.661441
-3.8696404,21,11.665794
-3.725639,18,11.667521
-3.2014937,20,11.668398
-3.1219985,20,11.670923
-3.7783492,19,11.670942
-3.6460476,20,11.671848
-3.6463025,20,11.673758
-3.3867226,22,11.680404
-3.6554768,21,11.683814
-3.6118848,20,11.684715
-3.5521274,19,11.687334
-3.5416758,19,11.687352
-2.9248958,23,11.688238
-3.5473533,18,11.689098
-3.6454482,21,11.690049
-3.310325,19,11.696669
-3.8409543,20,11.700829
-3.1810565,20,11.701735
-3.7629335,19,11.703439
-3.70679,19,11.704342
-3.007013,21,11.705219
-3.4608283,19,11.706197
-4.0413055,20,11.706216
-3.817172,20,11.71371
-4.112258,19,11.717108
-3.4051142,20,11.718831
-3.8506665,20,11.720532
-3.7191615,20,11.721435
-3.3705473,19,11.722436
-3.3124354,22,11.724156
-3.6587293,24,11.726838
-3.7070754,19,11.730211
-3.8925188,22,11.736086
-3.7558148,20,11.736112
-3.4468212,20,11.737818
-3.6368985,20,11.738708
-3.6835194,21,11.740393
-3.6795444,21,11.742218
-3.7311583,20,11.743965
-3.147018,20,11.747497
-3.485146,20,11.75332
-3.6609182,22,11.755143
-3.3460457,20,11.756032
-3.9672954,23,11.757712
-3.041784,21,11.758593
-3.4468646,18,11.75952
-3.2592583,22,11.761236
-3.3197398,20,11.764601
-3.72231,18,11.769396
-3.4939976,20,11.772957
-3.4072223,20,11.773842
-3.2568655,20,11.776344
-3.180307,22,11.777305
-3.470379,19,11.778188
-3.579292,22,11.779048
-3.6770866,21,11.783101
-3.4628682,19,11.785596
-3.5237613,19,11.78978
-2.8244526,22,11.791454
-3.2784686,21,11.794018
-3.482838,20,11.794041
-3.3438082,20,11.795715
-3.1457355,22,11.796603
-3.5714593,19,11.799077
-3.9793482,19,11.801681
-3.4837317,19,11.805802
-3.8517017,20,11.808487
-3.81458,21,11.812241
-3.2987218,21,11.812267
-3.4948752,20,11.813203
-3.8081574,20,11.814103
-3.731545,21,11.817385
-3.525558,21,11.820072
-3.8694072,21,11.824247
-3.646833,20,11.825948
-3.4897158,19,11.828461
-3.7410643,19,11.829441
-3.7601638,19,11.830404
-3.5771713,21,11.830424
-3.4376812,20,11.834527
-3.6825325,20,11.837085
-3.5084884,22,11.842989
-3.0425406,20,11.843015
-3.6845126,21,11.846359
-3.9122057,20,11.846386
-3.7893324,20,11.847427
-3.4844973,22,11.849255
-3.8234625,19,11.850941
-3.5064635,20,11.85434
-3.2601945,19,11.859209
-3.595134,20,11.860097
-3.8057737,19,11.862819
-3.2214184,21,11.864601
-3.336284,21,11.865493
-3.6326485,21,11.867129
-3.489918,21,11.868808
-3.1566749,20,11.871378
-3.9430823,18,11.876061
-3.1822505,21,11.87797
-3.5701923,20,11.880552
-3.0815701,21,11.883127
-3.8119636,21,11.884094
-3.1356893,20,11.88508
-3.4419084,21,11.887589
-3.1260412,22,11.890972
-3.2980175,21,11.894531
-3.6713078,21,11.896241
-4.107314,18,11.898712
-3.4324327,23,11.900432
-3.0584908,19,11.900455
-3.458304,21,11.903192
-3.437621,21,11.905712
-3.7850418,19,11.907501
-2.990934,19,11.91092
-3.9319913,20,11.913457
-3.8135877,20,11.915943
-3.6283085,20,11.917757
-2.9955988,20,11.917779
-3.1145859,20,11.920328
-3.8691292,19,11.923781
-3.2116227,22,11.924658
-4.6531153,21,11.929011
-3.6717706,21,11.931604
-3.2895505,21,11.934267
-3.234,20,11.935137
-3.1602738,21,11.936007
-3.6889582,20,11.937764
-3.0424767,19,11.940324
-3.779223,19,11.941164
-3.3805277,21,11.947162
-3.9902616,19,11.948042
-3.897099,19,11.952159
-3.7198987,20,11.952185
-4.0275135,21,11.952194
-3.8221807,21,11.955677
-4.01304,20,11.957408
-3.399017,22,11.95989
-3.926122,19,11.963374
-4.1344113,22,11.966748
-3.6856973,19,11.968469
-3.8467803,21,11.970268
-3.3342004,22,11.971121
-3.345698,19,11.971997
-3.6631196,21,11.975427
-3.706366,20,11.977113
-3.0460465,20,11.980709
-3.9928036,19,11.98337
-3.8991537,19,11.985144
-4.249249,19,11.986886
-3.5966623,20,11.988568
-3.5812955,19,11.988588
-3.875033,20,11.992708
-3.6011457,20,11.99437
-3.940895,19,11.997015
-3.6385953,20,12.000372
-3.7430344,19,12.001263
-4.0549088,20,12.003855
-3.5129795,19,12.004731
-3.6526582,21,12.006473
-3.6854236,19,12.00907
-3.676293,20,12.011538
-3.1576457,20,12.014116
-3.4871278,20,12.017521
-3.7398477,20,12.018425
-3.781505,19,12.020219
-3.2896273,20,12.022162
-3.675169,21,12.024688
-3.663689,20,12.026548
-3.5590212,22,12.030743
-3.3390644,19,12.030762
-3.5227244,19,12.034058
-3.3845496,22,12.037383
-4.133427,21,12.038317
-3.660954,19,12.038333
-3.541523,19,12.040922
-3.5215664,19,12.04284
-3.0621061,21,12.048587
-4.0324683,21,12.048616
-3.6143694,19,12.050347
-4.0865,20,12.054461
-4.287981,19,12.054483
-3.3937721,19,12.057248
-3.6382957,22,12.057279
-3.9339113,20,12.059994
-3.5986824,20,12.06582
-3.855031,20,12.065853
-4.4819875,19,12.066775
-4.1256275,19,12.071051
-3.7822928,20,12.072001
-4.0698423,21,12.075644
-3.8797688,22,12.076798
-3.7112365,21,12.078729
-3.8539171,20,12.083895
-3.6685965,21,12.085065
-2.607072,20,12.085102
-3.6248565,20,12.089533
-2.9295688,23,12.092904
-3.6336775,19,12.09293
-3.6040099,21,12.095489
-4.0874186,19,12.095509
-3.3543558,19,12.100449
-2.9959383,20,12.102428
-3.0233426,21,12.103506
-3.3524036,19,12.106229
-3.5844007,20,12.110911
-3.0134854,22,12.112841
-3.182089,20,12.113741
-3.690535,21,12.114604
-3.6268206,18,12.119087
-3.4890497,20,12.119114
-3.5710933,21,12.122481
-3.7444098,19,12.123429
-3.7322588,20,12.128477
-3.756309,21,12.131038
-3.0788207,21,12.132035
-3.7214506,20,12.132056
-3.8423193,20,12.136209
-2.9163816,22,12.137904
-2.940584,21,12.140396
-3.939281,20,12.140429
-3.7875698,21,12.146328
-3.1554513,21,12.148883
-3.3504283,21,12.149781
-2.9760814,21,12.149802
-4.112165,19,12.152339
-3.643102,20,12.154836
-3.3358715,21,12.158134
-3.5051131,21,12.158157
-3.6642885,19,12.166022
-3.4014544,23,12.166048
-3.4625626,19,12.166057
-3.1403818,21,12.166942
-3.053604,19,12.168652
-4.110133,21,12.172846
-3.731525,19,12.174513
-3.7354522,20,12.175453
-3.5615835,20,12.183293
-3.3205976,19,12.183331
-3.8240428,21,12.184184
-2.964951,22,12.185487
-3.5407052,22,12.188268
-3.7750344,19,12.19156
-3.9475212,23,12.193272
-3.1825786,22,12.194958
-3.9612482,19,12.199809
-4.047407,21,12.20177
-3.3415608,20,12.202731
-3.639281,22,12.203793
-3.7693322,18,12.20382
-3.598035,18,12.207409
-3.5115647,21,12.211562
-3.8154233,20,12.212409
-3.789512,20,12.217592
-3.746276,20,12.219387
-3.323495,21,12.221182
-3.59966,21,12.22208
-2.557523,21,12.222095
-3.78618,20,12.224553
-3.7645645,19,12.228027
-3.545332,21,12.230768
-3.3503497,20,12.235037
-3.3448758,19,12.235894
-4.0929337,19,12.238415
-3.5199418,21,12.239249
-3.6720648,21,12.240079
-3.6552634,21,12.242664
-3.5030649,18,12.243614
-3.4775596,20,12.247815
-4.257274,19,12.251864
-3.8183484,20,12.253785
-4.1717525,19,12.256385
-3.3695402,21,12.257286
-3.6345177,20,12.258241
-3.4534345,20,12.260827
-4.0685062,21,12.262611
-3.3753145,21,12.267345
-4.0639772,20,12.270062
-4.0795765,22,12.273432
-3.6947474,21,12.275119
-3.5656207,19,12.275134
-4.0490894,21,12.276077
-4.0089097,20,12.278803
-3.65548,20,12.28072
-2.9533415,21,12.286079
-3.5478444,20,12.288245
-3.0010817,21,12.293288
-3.3909278,21,12.295902
-3.9971213,21,12.296931
-3.2791758,22,12.29697
-3.8176043,22,12.300625
-3.93462,21,12.30148
-3.4795237,19,12.306076
-3.7613492,22,12.312015
-3.7457914,20,12.31579
-3.3938255,19,12.31711
-4.0169134,20,12.319653
-3.8322206,20,12.319697
-3.7365227,21,12.325322
-2.8464386,22,12.32705
-3.5359955,23,12.331493
-3.714945,18,12.331532
-3.5820687,19,12.335379
-3.47421,19,12.336591
-3.2253933,21,12.341443
-3.3334694,22,12.342551
-3.7772684,19,12.347126
-3.6733012,22,12.348406
-3.6154664,19,12.353864
-3.5485284,19,12.353908
-3.9244683,20,12.360433
-4.029777,19,12.360478
-3.665494,20,12.366496
-3.3314624,21,12.366541
-3.466481,20,12.371022
-4.2410293,21,12.372987
-3.3015919,19,12.374894
-3.3591528,20,12.376004
-3.1726298,20,12.381528
-4.3652797,22,12.383326
-3.8774855,20,12.388122
-3.1713843,22,12.390158
-3.9497933,22,12.396553
-3.0813642,21,12.398046
-4.087626,20,12.399526
-2.9344215,22,12.403533
-3.0399191,20,12.406265
-3.4412596,20,12.407952
-3.4138308,20,12.412323
-3.366038,20,12.414571
-3.0691996,21,12.419955
-3.5116816,21,12.420976
-3.6556873,21,12.422295
-3.3502347,20,12.424222
-3.1755178,22,12.42962
-3.238105,21,12.430647
-3.4553392,20,12.433199
-3.011565,22,12.437333
-3.603475,19,12.441042
-3.0739918,20,12.441083
-3.1075373,21,12.441094
-3.2377236,19,12.442858
-3.3820364,20,12.449721
-3.3213778,21,12.449766
-3.8169913,20,12.453272
-3.9331455,19,12.456119
-3.5035381,19,12.459852
-3.2292402,19,12.459884
-3.51558,18,12.460877
-3.4601207,21,12.461769
-3.7479196,18,12.467891
-3.2577758,20,12.470432
-3.7103834,21,12.474306
-3.4029114,21,12.476869
-4.1057215,19,12.478547
-3.441165,19,12.479426
-3.5514271,20,12.479447
-3.4521487,21,12.481924
-3.5759363,21,12.488384
-3.5220735,20,12.48946
-3.1359482,20,12.493362
-3.8310235,20,12.496571
-3.8245192,19,12.497446
-3.6420567,20,12.499106
-3.586593,21,12.499981
-4.0676923,19,12.500878
-3.8469663,22,12.508877
-3.186816,22,12.510183
-3.8678796,19,12.511423
-3.568977,21,12.515892
-3.6675951,20,12.515917
-3.6552176,19,12.517789
-3.8218334,21,12.519177
-3.584246,19,12.519209
-3.3741057,19,12.528046
-3.8647766,19,12.528994
-4.2091527,21,12.529011
-3.653781,20,12.534939
-3.9103067,20,12.536885
-4.0527444,19,12.536906
-3.471719,22,12.536915
-3.119732,19,12.536923
-3.7908514,19,12.546098
-3.4967864,21,12.546982
-3.3751106,22,12.548693
-3.4817522,20,12.552951
-3.7595243,20,12.554911
-3.656304,20,12.554935
-3.8660805,20,12.554947
-4.052501,20,12.554955
-3.81055,21,13.136011
-3.5325346,20,13.136076
-3.683868,21,13.139167
-3.0359523,20,13.143668
-3.23331,22,13.143696
-3.2944913,22,13.145428
-2.7557194,23,13.146366
-3.3715224,24,13.147364
-3.5258343,20,13.154307
-2.7701254,22,13.156144
-3.3740864,20,13.157028
-3.5397782,19,13.160384
-3.714383,20,13.1613
-3.8227515,20,13.163799
-3.1682096,22,13.164723
-3.4683433,20,13.164742
-3.3119895,19,13.170456
-3.2947412,20,13.173092
-2.9859505,23,13.176556
-2.9843562,21,13.178293
-3.5235033,20,13.180805
-3.6602612,24,13.181765
-3.1457787,21,13.18267
-3.5566485,22,13.183526
-3.1091995,20,13.187999
-3.2593305,20,13.190631
-4.1167746,21,13.194846
-3.1324089,21,13.196561
-3.3258038,20,13.199115
-2.9013958,22,13.200118
-2.8329453,21,13.201122
-3.04228,21,13.202035
-3.2891192,22,13.20769
-3.0899394,21,13.209373
-2.9384353,20,13.212712
-3.4217482,20,13.214529
-3.5632727,19,13.217872
-2.7790616,21,13.218721
-3.4898973,23,13.219559
-3.2100384,21,13.220412
-3.2826676,21,13.225505
-3.197949,20,13.226381
-2.9213057,20,13.231388
-3.5764065,19,13.233919
-2.5774066,25,13.233939
-3.3498611,21,13.236508
-3.4633298,20,13.236532
-3.3832903,21,13.23825
-3.1168478,18,13.240863
-3.3512223,20,13.243343
-3.6357365,19,13.247478
-3.8685694,20,13.250767
-3.2904637,21,13.254152
-3.7809713,25,13.255106
-3.2643926,22,13.255125
-3.6162353,18,13.25599
-3.4562964,22,13.256843
-3.3853939,23,13.262711
-3.5305686,20,13.264434
-3.886589,20,13.26777
-3.3081613,20,13.271983
-3.624979,22,13.272934
-3.9413836,20,13.273798
-2.9872167,23,13.274718
-2.796358,22,13.274735
-3.2594159,21,13.28054
-3.168926,20,13.281453
-3.0061374,21,13.28561
-3.7842572,18,13.287293
-3.635361,21,13.290695
-2.9916859,20,13.290727
-3.709672,20,13.291947
-3.0564425,20,13.291972
-2.7109046,20,13.299657
-3.3845224,21,13.302109
-3.359934,19,13.305459
-3.3866563,20,13.308355
-3.2230496,20,13.313304
-3.1153374,20,13.31471
-3.0985215,23,13.317472
-3.163589,23,13.318825
-3.4595876,19,13.321812
-3.5916402,21,13.325593
-3.8463101,20,13.329428
-3.316452,20,13.333898
-2.9645894,20,13.339197
-3.9408524,20,13.340634
-3.7899508,23,13.348652
-3.3043644,23,13.349687
-3.4563367,21,13.350627
-2.754259,22,13.354918
-3.6278281,20,13.354941
-3.8228214,21,13.3593
-2.8667138,21,13.365953
-3.2742558,21,13.367406
-3.9280357,20,13.372516
-3.1823485,21,13.374607
-3.4393253,21,13.375622
-3.4587011,20,13.379323
-2.644951,22,13.38129
-3.4587672,21,13.384163
-3.626025,19,13.386033
-3.9125566,19,13.387046
-3.787603,19,13.391554
-3.436856,18,13.392993
-3.3925202,20,13.397097
-2.9970078,21,13.403588
-3.1932352,20,13.404896
-3.0708716,20,13.408701
-3.08113,21,13.412407
-2.8608758,21,13.413912
-3.617382,23,13.419103
-3.8285103,22,13.419135
-3.4979744,21,13.420835
-3.4804718,21,13.425225
-3.6759615,22,13.426934
-3.414673,19,13.429654
-3.5700362,22,13.429686
-2.9866512,22,13.433051
-3.3172421,20,13.436469
-2.8953817,22,13.438307
-3.5170436,21,13.439216
-3.0973394,21,13.445156
-3.9439,23,13.445182
-3.3565073,19,13.446064
-3.3364573,22,13.448703
-3.6490216,21,13.451262
-2.8557036,21,13.454586
-3.130636,20,13.456252
-3.3600895,22,13.457132
-3.5219212,19,13.461255
-3.6472468,20,13.462148
-3.7088525,20,13.462992
-3.395784,20,13.465524
-3.4007535,20,13.468207
-3.5476432,19,13.470679
-3.8330688,21,13.475004
-2.63492,22,13.475029
-3.5308096,21,13.479874
-3.2317882,21,13.48164
-3.2307794,19,13.482526
-3.5653064,23,13.482552
-3.4485347,21,13.486809
-2.7464492,21,13.489606
-3.529721,20,13.493091
-2.949051,21,13.493989
-3.4771004,21,13.498187
-3.747085,19,13.499089
-2.8083134,20,13.499114
-2.5068939,24,13.503438
-3.5370193,20,13.504362
-3.9849958,20,13.506863
-2.6949725,22,13.512005
-3.069459,21,13.512033
-3.8632812,19,13.514681
-3.0496528,19,13.515604
-3.7841113,20,13.516554
-3.229261,19,13.519947
-3.7415333,20,13.521633
-2.9326758,22,13.525777
-3.357561,20,13.529197
-3.3729823,21,13.530065
-3.494774,19,13.531007
-3.7088697,20,13.532705
-3.3942127,20,13.53373
-3.720483,20,13.53804
-3.0444412,18,13.538073
-3.4171708,22,13.548787
-3.4643548,21,13.55171
-3.4308581,21,13.553808
-3.3602448,23,13.555015
-3.841771,22,13.557533
-2.8847084,22,13.558725
-3.7362523,21,13.562265
-3.5106618,22,13.563589
-2.533549,20,13.571746
-3.292803,20,13.575509
-3.8356404,19,13.579928
-3.5106106,20,13.579956
-3.5770159,22,13.579966
-3.150093,25,13.581687
-2.8247793,21,13.584385
-3.4254866,20,13.584408
-3.2571,20,13.590142
-3.2664382,20,13.592884
-2.9422433,21,13.597949
-3.4001486,22,13.598851
-2.8811316,22,13.598869
-3.0094972,21,13.599743
-3.5475051,20,13.601458
-3.083885,20,13.601474
-3.1068025,19,13.606709
-3.5776737,19,13.609434
-3.3312714,20,13.619154
-2.9434772,22,13.620311
-3.3584123,21,13.620346
-3.4915655,21,13.621277
-3.5097206,21,13.62301
-3.0018115,22,13.623899
-4.19181,20,13.627569
-3.7817361,19,13.629754
-3.282566,19,13.637388
-3.5520012,20,13.637423
-3.2494607,20,13.638298
-3.6580806,21,13.640031
-3.1373959,20,13.641825
-3.642375,22,13.642775
-3.2473068,22,13.647145
-3.1958094,23,13.6497
-3.4687762,21,13.655764
-3.7195315,20,13.655794
-3.5710742,22,13.656689
-3.437655,20,13.657665
-3.30272,20,13.659391
-3.2029634,20,13.660263
-3.4250991,22,13.666021
-3.3773184,20,13.666941
-3.3132906,20,13.67284
-3.6704295,20,13.67286
-3.406973,19,13.673817
-3.8858242,21,13.674758
-3.3365848,21,13.677349
-2.8995023,20,13.677372
-3.6993015,21,13.684212
-3.3087082,22,13.686014
-3.5624895,20,13.690076
-3.442911,21,13.690958
-2.9372263,21,13.692689
-3.2338595,23,13.693599
-3.585689,21,13.695305
-3.7744527,21,13.695332
-3.4883032,22,13.702736
-3.3573453,21,13.703712
-3.4009013,21,13.708667
-3.2577055,22,13.708689
-3.1805305,21,13.710337
-3.3008094,21,13.711195
-3.508089,20,13.71204
-3.3411932,21,13.712878
-2.9072337,21,13.720292
-3.3144052,20,13.720312
-3.1294093,21,13.726093
-3.091415,22,13.727055
-3.2174263,22,13.728787
-3.420467,20,13.728809
-3.6371784,21,13.728818
-3.5584178,22,13.731389
-3.234681,20,13.73713
-3.7924943,21,13.738134
-2.8170981,20,13.74314
-3.4015076,18,13.744063
-3.5396483,20,13.745786
-3.4531093,20,13.745814
-3.2308745,22,13.745824
-3.6066217,21,13.749174
-3.3350568,20,13.754171
-2.746448,21,13.755958
-3.8847368,19,13.759269
-3.9303796,21,13.761779
-3.7807508,20,13.762646
-3.3610678,21,13.763525
-3.6906111,21,13.763543
-2.6396554,22,13.767779
-3.0718973,20,13.771087
-3.5940723,22,13.774559
-3.3805053,21,13.77706
-3.3052611,19,13.777986
-3.480731,18,13.77891
-3.7915993,20,13.780637
-2.6076925,21,13.780656
-3.5095205,19,13.783981
-3.719603,22,13.789716
-3.5668175,20,13.791569
-3.021105,20,13.79412
-3.4035006,21,13.795882
-3.6274762,21,13.796743
-3.703644,20,13.797595
-3.3682237,22,13.799278
-3.322925,20,13.800981
-3.273963,20,13.807153
-3.7127976,21,13.81045
-3.9590015,18,13.813421
-2.6484005,21,13.813456
-3.399089,20,13.815512
-3.1639907,19,13.819751
-3.1361516,22,13.820829
-2.6848283,21,13.823983
-3.3781202,19,13.829692
-3.2231321,20,13.834315
-3.7277696,19,13.836984
-3.2180266,21,13.839079
-3.7978182,21,13.840067
-3.3229852,20,13.843105
-3.071936,22,13.844459
-2.9064853,21,13.847228
-3.0575156,21,13.851869
-3.428895,23,13.85744
-3.3385692,22,13.858673
-2.9725246,21,13.859929
-2.7492075,23,13.86291
-2.9395533,22,13.865525
-3.4081626,20,13.866438
-2.9812527,24,13.866454
-3.5263007,20,13.87053
-3.1696177,20,13.87634
-4.2868776,21,13.876363
-2.9647903,20,13.877214
-2.8901803,21,13.880535
-3.6914399,19,13.881496
-2.9740157,20,13.883701
-2.7960339,21,13.884951
-2.706544,21,13.889472
-3.212234,20,13.895809
-3.5385265,21,13.897082
-3.1080747,20,13.89712
-3.5843916,22,13.903842
-2.9267082,22,13.90478
-3.5858655,20,13.904803
-3.0532913,22,13.907445
-3.9146876,20,13.911096
-2.9795566,22,13.922343
-3.1222482,21,13.922397
-3.1353352,21,13.922409
-3.625837,21,13.929488
-3.3473566,20,13.929539
-3.1558692,20,13.929548
-3.7039535,20,13.932411
-3.327678,21,13.936088
-3.353247,21,13.943659
-3.5941935,21,13.94371
-3.131627,22,13.944626
-3.8784716,20,13.94819
-3.6612704,21,13.949113
-2.7587795,21,13.949133
-2.9632452,20,13.950861
-3.584756,20,13.954656
-3.6157417,20,13.962119
-3.1897547,22,13.96391
-3.0078282,22,13.964772
-3.7650273,18,13.965642
-3.0692878,22,13.968115
-3.0065975,21,13.968138
-3.1506658,20,13.968981
-2.899055,21,13.973651
-3.415703,20,13.979656
-3.691818,21,13.982197
-3.3829627,21,13.98305
-3.5928133,20,13.983071
-3.749876,21,13.98635
-2.79794,20,13.98637
-3.2293866,22,13.987615
-3.76897,21,13.992155
-3.307177,21,13.998433
-3.5187707,19,14.000284
-3.956747,20,14.001322
-3.3559363,22,14.002564
-3.0499892,20,14.005315
-3.4789507,19,14.005348
-2.6647677,22,14.007239
-3.7915194,21,14.012148
-3.336597,19,14.018552
-3.6627479,20,14.021435
-3.0946121,19,14.022707
-3.0075092,20,14.022748
-3.2904105,19,14.025879
-2.975805,21,14.027593
-3.876391,19,14.027613
-3.2561438,23,14.03531
-3.5419896,20,14.037148
-3.2989337,21,14.041476
-3.3685038,23,14.042399
-3.6742039,22,14.042419
-3.875777,19,14.042429
-3.4802167,20,14.044976
-3.3850775,22,14.046689
-3.2617373,20,14.052991
-3.4453673,20,14.054824
-3.3384182,19,14.058352
-3.259213,20,14.060061
-3.2226982,21,14.06097
-3.9053805,22,14.061845
-2.4943001,22,14.064414
-2.7787576,23,14.066954
-2.9039083,21,14.07108
-3.5491557,20,14.072041
-3.273786,18,14.075545
-3.1261663,23,14.078112
-3.5098429,20,14.078991
-3.4676328,22,14.079873
-2.9952674,20,14.081564
-3.0816915,19,14.083276
-3.3132992,19,14.087359
-3.0567532,20,14.089127
-3.4935966,19,14.091631
-3.398,21,14.097773
-3.7469685,22,14.097799
-3.1410086,20,14.097809
-3.0453775,22,14.101902
-3.2960265,23,14.104666
-3.7837074,20,14.106494
-3.8880703,19,14.107384
-3.0054464,22,14.112618
-3.224345,19,14.116146
-3.487699,20,14.117371
-3.1375978,21,14.118755
-3.2716036,20,14.121709
-3.0905452,21,14.125594
-3.275422,21,14.127868
-3.530344,20,14.127907
-3.124722,19,14.132678
-3.5130434,19,14.135742
-3.5331345,20,14.138542
-3.6667812,22,14.139619
-3.195157,21,14.142499
-3.0932634,20,14.147575
-3.3355217,20,14.147606
-3.041893,22,14.147616
-3.0423493,20,14.152642
-3.4848163,19,14.154529
-3.1505427,20,14.158132
-3.3901994,21,14.159994
-3.0260873,20,14.161812
-3.157053,22,14.168274
-3.5546408,22,14.168307
-3.5233903,22,14.168316
-3.032082,22,14.172742
-3.2259908,21,14.173736
-3.268956,19,14.1774
-3.1902843,22,14.178353
-3.8110108,20,14.180229
-3.802271,20,14.186512
-3.1822207,21,14.187451
-3.566631,21,14.187467
-3.7491345,20,14.190911
-3.9694273,19,14.190938
-3.5768518,20,14.195751
-3.2849202,21,14.197515
-3.328588,21,14.199344
-3.7194886,20,14.20502
-3.324769,20,14.205917
-3.3188298,23,14.208567
-3.2319312,20,14.20946
-3.658743,21,14.210417
-3.4647295,19,14.213147
-2.9391952,20,14.21577
-2.6192827,23,14.220241
-3.4216216,20,14.2238
-3.9135928,21,14.22383
-3.1806126,20,14.227129
-3.5324078,22,14.230055
-3.217623,21,14.230074
-3.0889053,20,14.231981
-3.4191613,20,14.23496
-3.3766193,21,14.240584
-3.6936479,21,14.244285
-3.0784445,21,14.244314
-3.2019236,21,14.247123
-3.0781744,20,14.248958
-3.4088204,21,14.249854
-3.3070984,21,14.251706
-3.6137571,20,14.253458
-3.299816,20,14.258957
-3.2480922,19,14.261692
-3.3342915,21,14.263597
-3.3410096,22,14.267234
-3.235411,20,14.268151
-3.0752916,21,14.268171
-3.2752836,22,14.271744
-3.5897727,20,14.271772
-3.1065502,21,14.278097
-3.018506,20,14.279914
-3.5275643,20,14.281835
-3.1974535,20,14.285404
-3.5757432,21,14.287282
-3.4124944,22,14.288273
-3.3975828,21,14.291109
-2.8580914,21,14.291138
-3.486775,20,14.296716
-3.1456423,21,14.299907
-3.4527106,21,14.302321
-3.677898,21,14.306921
-3.17316,20,14.308124
-3.1169622,22,14.311577
-3.0755868,20,14.312719
-3.2522938,20,14.31275
-3.2164202,20,14.320035
-3.9116988,21,14.324712
-3.7242606,20,14.325934
-3.105951,20,14.331884
-2.8833108,21,14.331914
-3.4822052,20,14.335687
-3.1569262,20,14.336987
-3.2380433,21,14.338177
-3.3028994,20,14.343933
-3.7990053,19,14.349053
-3.292521,21,14.350355
-2.9221551,21,14.357594
-4.1084223,22,14.358885
-3.42284,19,14.35891
-4.148164,21,14.362452
-3.3826618,21,14.363671
-3.506876,20,14.368229
-3.5386007,19,14.371686
-3.1155415,22,14.376134
-2.7392685,21,14.381853
-3.5679164,20,14.381884
-3.6596017,20,14.381894
-3.3491547,20,14.385193
-3.181355,20,14.386354
-4.014227,20,14.394309
-4.142163,23,14.394345
-2.555735,20,14.398842
-3.8309321,20,14.403726
-3.5163927,20,14.403759
-3.5897775,20,14.40377
-3.5626276,20,14.406388
-3.1074908,22,14.409089
-3.3043077,20,14.413328
-3.4426675,20,14.413354
-3.159252,24,14.420019
-3.2090967,20,14.42099
-3.3216107,21,14.421868
-3.3454213,21,14.421889
-3.4734726,20,14.423637
-3.085846,21,14.426895
-3.1449273,21,14.43116
-3.2278903,21,14.431188
-3.1843934,20,14.436939
-3.318132,20,14.437887
-3.3584125,20,14.438751
-3.4656997,21,14.4396
-3.6787372,20,14.440498
-3.4256065,18,14.4422
-3.4776504,20,14.448134
-3.0357494,22,14.449877
-3.5407257,21,14.455066
-3.3785903,20,14.455091
-3.7084239,18,14.456001
-3.317307,20,14.45698
-3.7650642,22,14.457879
-3.0359297,22,14.461365
-3.677251,20,14.465508
-3.0297935,21,14.467993
-3.2380202,20,14.472146
-3.561915,18,14.473111
-3.3269787,21,14.473141
-3.1923215,21,14.474073
-3.7057621,21,14.474995
-3.9136815,21,14.479188
-3.4131417,23,14.485098
-3.8886797,21,14.485963
-3.8115318,20,14.489485
-3.5625157,20,14.490416
-3.8598816,22,14.492119
-3.0209932,20,14.492137
-3.1975222,23,14.493884
-3.6068332,20,14.496348
-3.2174332,20,14.502856
-3.2671623,22,14.503839
-3.6099849,19,14.506599
-3.313963,19,14.508313
-3.7680125,18,14.509278
-3.2291074,20,14.509294
-3.496993,24,14.51014
-3.5526705,21,14.514293
-3.510465,19,14.519228
-3.0925155,19,14.520142
-4.2889376,19,14.524491
-3.439075,21,14.524513
-3.098461,20,14.526215
-2.6914864,21,14.527078
-3.1819792,21,14.527953
-3.8444643,21,14.532663
-3.0589795,20,14.537099
-3.3505645,20,14.538087
-4.0875497,20,14.542887
-3.1941276,21,14.543818
-3.6632702,20,14.545738
-3.4234824,21,14.545758
-3.8693578,21,14.547514
-3.0053701,19,14.550059
-3.5745673,22,14.556766
-2.829892,21,14.556787
-3.5442915,21,14.560896
-3.6384218,21,14.5618
-3.722147,20,14.562694
-2.9793124,20,14.562713
-2.6935642,21,14.565201
-3.6633427,20,14.567038
-3.6844192,21,14.574621
-3.257208,21,14.574645
-3.228026,19,14.578867
-3.8963623,20,14.579765
-2.8302703,23,14.580605
-3.4744534,22,14.580623
-3.4416277,23,14.584787
-2.763057,21,14.58481
-3.969622,19,14.590606
-3.3410058,21,14.592291
-3.430203,19,14.594898
-4.2030163,20,14.596588
-3.2550664,20,14.597553
-3.7314012,20,14.59757
-3.6052306,20,14.601651
-2.9062068,23,14.604142
-4.129617,20,14.607477
-3.0910497,22,14.610849
-3.6854763,19,14.612683
-3.57732,23,14.614361
-3.4022794,21,14.615237
-3.105385,21,14.615259
-3.2691276,20,14.618589
-3.7826257,19,14.620272
-3.0877364,22,14.626628
-3.3773947,20,14.628327
-3.564206,21,14.630867
-3.2546852,20,14.632512
-4.2891817,23,14.634291
-3.2533305,23,14.635283
-3.141632,21,14.637139
-3.1872668,22,14.639748
-3.2309175,21,14.645328
-3.2162843,20,14.646358
-2.6075807,21,14.649749
-2.976641,22,14.652846
-2.9983842,21,14.653832
-3.204397,23,14.656387
-3.2955854,22,14.657279
-3.563171,22,14.659862
-3.320776,20,14.663616
-3.7174945,21,14.665305
-3.266337,22,14.669466
-3.0912619,21,14.671119
-3.2508402,22,14.672976
-3.4893942,20,14.673946
-3.2662675,20,14.674882
-3.1708934,21,14.678288
-3.6381755,21,14.681635
-3.0367622,22,14.684128
-3.8570395,21,14.687539
-4.037149,21,14.68919
-3.5864267,20,14.690083
-3.6976283,20,14.691882
-3.2280538,21,14.691901
-3.312652,21,14.695997
-3.883604,20,14.698503
-3.9200428,20,14.700981
-2.9751346,20,14.704254
-3.061333,21,14.706939
-3.6777773,20,14.706962
-3.6753173,19,14.70782
-3.0874057,20,14.708764
-3.2115228,20,14.712917
-3.3773046,20,14.71542
-3.6147704,21,14.718731
-3.26588,20,14.721365
-3.5163572,20,14.723947
-3.0443132,19,14.723967
-2.9488492,22,14.725689
-3.641058,20,14.72571
-3.3255358,21,14.730655
-3.9484868,20,14.73241
-3.524672,20,14.736074
-3.330165,20,14.738613
-3.4992075,21,14.742557
-3.9729571,21,14.742595
-3.601136,20,14.743621
-2.4078264,22,14.745319
-3.4213305,21,14.749836
-2.8314881,20,14.751007
-3.59694,19,14.756977
-3.11368,25,14.759852
-3.1195285,20,14.761607
-3.959778,20,14.76163
-3.6094937,22,14.764092
-3.2491388,22,14.76578
-3.279313,21,14.769242
-3.564116,23,14.771808
-3.512188,22,14.776055
-3.5317874,20,14.776893
-3.6418033,21,14.779352
-3.3031723,23,14.781003
-2.5247025,22,14.782734
-3.275137,21,14.783617
-3.1607752,20,14.7862
-3.7705574,20,14.788748
-3.3845816,20,14.792877
-2.7186356,21,14.794608
-3.2826223,21,14.797226
-3.6519172,21,14.799082
-3.0832086,19,14.799112
-3.7278125,21,14.801641
-3.5220041,20,14.803323
-2.8569384,23,14.80848
-3.2625327,19,14.809413
-3.4782581,20,14.811905
-2.809071,21,14.815577
-3.270405,20,14.816496
-3.2121675,21,14.817379
-3.5202632,20,14.819099
-3.2634845,20,14.820803
-3.523023,19,14.824925
-3.6774623,22,14.828252
-4.1459975,19,14.831738
-3.1506824,24,14.83266
-3.9928188,21,14.834383
-3.6935139,19,14.835337
-3.454723,22,14.83625
-3.249225,21,14.838795
-3.2472167,20,14.84241
-3.223726,19,14.844934
-3.6113262,21,14.849929
-3.067087,21,14.850794
-3.106525,20,14.851656
-3.6549027,19,14.852497
-4.2167053,21,14.853342
-3.676442,22,14.857636
-3.613878,20,14.859369
-3.0795665,20,14.862033
-3.8313,19,14.867841
-3.7706807,21,14.867861
-3.4483807,20,14.869579
-3.2045062,23,14.87044
-3.1864517,21,14.87127
-3.130487,20,14.874492
-3.6072905,19,14.875322
-4.0944004,23,14.881099
-3.2490718,19,14.8837
-3.6896172,19,14.883723
-3.8439517,20,14.887085
-3.759974,21,14.887109
-3.3137631,22,14.889609
-3.1921046,20,14.892207
-3.4928856,21,14.892229
-3.458466,21,14.89929
-3.197164,20,14.901066
-3.2832923,21,14.902022
-3.108779,22,14.906263
-2.668273,22,14.906285
-3.0799086,21,14.908266
-3.9008682,20,14.910018
-3.774085,20,14.910036
-3.144066,18,14.916601
-3.758942,21,14.917585
-3.6161509,20,14.919417
-3.405532,19,14.922807
-3.1477602,22,14.925353
-3.3731616,20,14.92537
-3.2736623,19,14.926226
-3.4743607,24,14.93039
-3.2115836,21,14.935375
-3.5193086,23,14.936321
-3.3822148,20,14.936339
-3.2508852,20,14.939616
-3.4014125,19,14.941406
-3.1916723,19,14.94143
-3.1714637,23,14.945541
-3.4451277,20,14.947257
-3.7341661,19,14.952256
-3.368296,21,14.953174
-3.4073749,21,14.954024
-3.2633264,21,14.957484
-3.1490219,20,14.958467
-3.6375053,20,14.958486
-3.7296555,19,14.961789
-4.0276465,22,14.965941
-3.2906122,20,14.969431
-3.2134128,19,14.969462
-3.3577337,21,14.972031
-3.6148524,19,14.974569
-3.816681,20,14.974591
-3.8900514,22,14.97701
-3.5390189,23,14.981384
-3.201021,20,14.983391
-3.7538686,21,14.98759
-2.6525922,21,14.987614
-3.270135,20,14.989415
-3.6645827,21,14.992896
-3.2217772,22,14.993774
-3.0986938,20,14.994646
-3.3048937,18,14.99877
-3.8478158,22,15.000449
-3.2696924,21,15.005377
-3.0877535,21,15.005404
-3.4955933,20,15.00636
-3.6505265,20,15.009886
-3.595926,20,15.010736
-3.177965,21,15.012418
-4.0848837,23,15.018694
-3.419268,22,15.01956
-3.1416612,20,15.571227
-3.5093634,22,15.573828
-2.9258063,22,15.574833
-3.594547,20,15.576635
-3.178535,20,15.577663
-3.0355778,19,15.578606
-3.6554844,19,15.584665
-3.3460631,20,15.586415
-2.8970315,21,15.593108
-3.4269824,22,15.593137
-3.1942742,24,15.593147
-2.9695609,21,15.595904
-3.357263,22,15.595931
-3.4577968,20,15.595942
-3.0889611,22,15.603888
-2.4499712,21,15.604803
-2.9321084,20,15.610654
-2.9645522,21,15.611675
-3.3188815,22,15.612628
-3.619687,21,15.614556
-3.3936296,23,15.616353
-3.1653347,23,15.616375
-3.5596142,20,15.621379
-3.016005,21,15.62317
-3.2157161,18,15.626704
-3.4498572,21,15.630562
-3.2535598,23,15.633236
-3.0691714,19,15.633261
-2.8427138,22,15.634115
-3.030302,23,15.636863
-3.3973722,21,15.640389
-2.4591928,25,15.645466
-2.4615464,22,15.646354
-3.3274126,20,15.650625
-2.4273057,23,15.650646
-3.6850338,23,15.653487
-2.7723248,23,15.65458
-3.8645887,21,15.655735
-2.936903,19,15.657931
-3.2101293,20,15.665055
-3.3483183,21,15.665084
-3.7428963,19,15.668773
-3.3331008,20,15.669698
-3.9195306,19,15.671518
-4.1520686,22,15.675007
-2.886672,24,15.677505
-3.075809,23,15.678407
-3.4279819,19,15.682101
-3.0478413,22,15.684995
-3.0877423,20,15.686903
-3.0134578,21,15.688882
-3.8836992,20,15.689882
-3.1246328,19,15.693258
-2.470985,20,15.698582
-2.6519253,23,15.700591
-2.8869083,21,15.703424
-3.364349,21,15.708856
-3.179399,23,15.70889
-2.8978715,21,15.711051
-3.107739,21,15.712108
-3.2319965,21,15.715032
-3.0453613,21,15.720572
-3.3953063,19,15.720603
-2.8694718,22,15.725692
-3.0922933,20,15.728243
-3.0255554,22,15.729985
-3.3282557,20,15.730006
-3.81112,21,15.731735
-2.9934983,22,15.735249
-3.2345834,20,15.73782
-3.8038268,20,15.737841
-2.9625864,20,15.742893
-2.8116393,21,15.747864
-2.9883754,21,15.747893
-2.6971927,25,15.749556
-3.2196293,21,15.749579
-2.784762,23,15.754734
-3.700395,21,15.755622
-3.2039087,24,15.758136
-3.1128137,22,15.761656
-2.593688,20,15.765268
-3.4462779,19,15.766157
-2.7113771,22,15.767062
-3.1555355,21,15.767917
-3.4358816,21,15.774125
-3.345666,24,15.775978
-3.7598295,23,15.778926
-3.5510292,21,15.78106
-3.2686272,20,15.784553
-3.7445397,20,15.785652
-2.5239048,23,15.786556
-3.8379655,22,15.788361
-3.2546892,21,15.793342
-3.1808767,21,15.797719
-2.6457577,25,15.798656
-3.2690907,22,15.800378
-3.1362865,19,15.80297
-3.3310733,22,15.803867
-2.9760056,25,15.807475
-2.6798203,22,15.807502
-3.8545089,18,15.809177
-3.2423835,23,15.81789
-3.1606033,22,15.817917
-3.6982348,20,15.817927
-3.1536226,21,15.821245
-3.4898057,23,15.823954
-3.722912,21,15.826144
-3.4657402,22,15.827151
-3.4182863,23,15.829823
-2.986199,19,15.834908
-3.498195,21,15.836603
-3.1711977,22,15.837557
-3.1558347,20,15.839287
-2.8623135,21,15.842743
-3.1232,21,15.844502
-3.4258156,21,15.845409
-2.7424302,21,15.847934
-3.0748892,22,15.853841
-2.3147817,23,15.856653
-2.7997515,21,15.857662
-2.510943,23,15.857685
-3.351714,20,15.860319
-2.71685,21,15.862911
-3.0046573,23,15.865365
-2.7677584,21,15.866299
-2.9402397,22,15.873651
-3.1669683,21,15.876269
-3.1018472,22,15.876294
-2.8829007,22,15.877153
-2.5127106,24,15.882712
-3.2481618,22,15.883763
-3.1645148,21,15.886018
-3.0915153,20,15.886054
-2.956398,20,15.897621
-3.3990488,23,15.897684
-3.034042,20,15.897694
-3.7044315,20,15.898763
-3.3725219,21,15.905635
-3.1068237,21,15.906738
-2.934738,24,15.912397
-2.3646846,24,15.912453
-3.0257528,21,15.921108
-3.4085655,21,15.922408
-3.4565468,23,15.923515
-2.7115965,24,15.924413
-2.9839475,20,15.927187
-3.1940289,19,15.92722
-2.8851333,22,15.934133
-2.6683903,22,15.934159
-3.8996222,19,15.938433
-2.689502,21,15.940998
-3.4160666,20,15.941888
-3.2732267,23,15.943756
-2.7424064,20,15.944649
-3.0476754,22,15.946469
-4.120756,19,15.950678
-3.1435566,21,15.952519
-2.6106493,21,15.956702
-3.189239,22,15.96004
-3.4961188,19,15.960059
-3.2422378,22,15.960926
-2.8856292,21,15.962625
-2.1850734,24,15.967006
-3.880741,20,15.967863
-3.2042148,22,15.97133
-3.111299,21,15.974844
-3.3748708,19,15.976521
-3.400161,22,15.979005
-2.6811423,20,15.980114
-3.8407,23,15.981089
-3.3576536,20,15.984898
-3.6132898,20,15.985846
-3.503212,21,15.990183
-3.4119787,22,15.994346
-2.5981956,22,15.996052
-3.0476146,20,15.996929
-4.168345,21,15.998732
-3.0608335,21,15.999676
-3.1312232,21,16.003199
-3.342021,22,16.004915
-2.825659,21,16.008569
-3.0808077,21,16.014428
-2.9640121,23,16.014449
-3.073527,19,16.015306
-2.661572,21,16.015328
-3.538127,22,16.018916
-2.933711,22,16.022402
-3.321645,21,16.023272
-2.92215,20,16.025833
-3.2626908,22,16.033182
-2.6707299,22,16.034066
-3.1820188,22,16.034085
-2.848757,23,16.034095
-3.3337054,20,16.035803
-3.696509,20,16.03912
-2.525466,23,16.04249
-3.0695019,21,16.043432
-3.3566656,20,16.050357
-3.526882,21,16.05204
-3.6723638,21,16.052056
-3.652779,19,16.052065
-3.1762362,22,16.052949
-3.0717058,20,16.056325
-3.4883633,20,16.06005
-2.872025,21,16.061742
-3.4863992,22,16.06963
-3.1710672,21,16.070581
-3.425542,21,16.070605
-3.3942578,21,16.070618
-3.1051693,22,16.072344
-3.1759436,23,16.076564
-3.523504,20,16.077412
-3.3994155,23,16.081525
-3.3218338,19,16.08678
-2.88197,21,16.087681
-3.6010947,19,16.08855
-3.2402854,21,16.088566
-2.531247,24,16.091105
-3.854601,20,16.093633
-3.1342385,22,16.096195
-3.3007479,21,16.099609
-3.6750941,20,16.103752
-3.3879464,20,16.104705
-2.6877513,22,16.107229
-2.8060896,24,16.109019
-3.7028675,21,16.109047
-3.3922758,21,16.111572
-3.5231047,21,16.114114
-3.1328573,20,16.116757
-2.9422014,19,16.120917
-3.175058,22,16.122608
-3.6226165,20,16.124376
-3.5902932,20,16.126083
-2.5913787,23,16.128583
-3.0931447,21,16.129506
-3.3805585,20,16.131186
-2.6474228,23,16.136174
-3.487094,19,16.137061
-2.7647302,21,16.141985
-3.3668656,21,16.144299
-3.180682,22,16.147916
-2.825057,20,16.150448
-3.3862257,21,16.150491
-2.7383714,21,16.154264
-3.26742,20,16.161335
-3.179171,21,16.161369
-3.3693328,19,16.167627
-3.4155967,21,16.167651
-3.7016392,19,16.171305
-3.36897,21,16.174929
-2.4826136,23,16.176654
-3.2576365,23,16.179405
-3.1519282,19,16.181242
-3.1793542,21,16.182971
-3.7450147,18,16.184725
-3.606524,19,16.185692
-3.4359221,20,16.189041
-3.03971,20,16.192399
-2.771009,24,16.197345
-2.7968063,21,16.197369
-3.4357054,21,16.199065
-2.8044338,22,16.201569
-2.3979585,21,16.202454
-3.2277002,20,16.202481
-2.6349456,24,16.209165
-3.2623572,21,16.210043
-3.1124864,21,16.215003
-2.942343,21,16.215034
-2.8793306,20,16.218416
-3.2396712,20,16.219378
-3.0849435,24,16.219394
-2.9323452,21,16.22026
-3.8273993,21,16.228196
-2.6377108,23,16.229093
-3.2225428,21,16.233204
-3.1745117,23,16.235026
-2.9281375,21,16.236712
-2.7248337,23,16.239307
-3.2884426,23,16.23933
-3.292749,23,16.240171
-3.433687,20,16.245234
-3.1873336,19,16.245256
-3.475096,20,16.250297
-2.9845142,22,16.253665
-2.9301465,21,16.254551
-3.6879444,20,16.256297
-3.0366142,21,16.257256
-3.3032417,21,16.258146
-3.346857,18,16.260818
-3.5699644,22,16.264186
-2.7733426,22,16.269093
-2.9377499,22,16.272539
-3.18024,20,16.273406
-3.2975547,22,16.273423
-3.0766168,20,16.274279
-2.8268156,22,16.276724
-3.3625543,22,16.280291
-3.1157982,21,16.284692
-2.8398964,19,16.288827
-3.3762207,18,16.291418
-3.154849,21,16.29487
-2.4449883,20,16.294905
-3.490281,20,16.297403
-3.5794618,24,16.297421
-3.3301353,20,16.29994
-2.7997763,22,16.304258
-2.9039097,21,16.309548
-2.630186,25,16.310421
-2.938298,21,16.313058
-3.4153001,21,16.313082
-3.25298,20,16.314799
-3.3681881,20,16.314819
-3.164735,21,16.318183
-2.745346,20,16.321469
-2.8309534,21,16.327323
-3.6072419,21,16.32818
-3.6960359,20,16.32989
-3.0978236,21,16.330932
-3.5155137,19,16.330957
-3.4956484,22,16.333562
-3.241662,20,16.33525
-3.2169988,22,16.34024
-2.7645588,23,16.347284
-2.6944575,22,16.347306
-3.6722813,19,16.347316
-3.7491753,22,16.349244
-2.7301643,22,16.350168
-3.2247634,20,16.35103
-3.0872931,23,16.355269
-3.1824503,22,16.359443
-3.28237,22,16.366287
-2.8130953,22,16.366316
-3.3113568,21,16.367257
-3.5619607,23,16.367276
-2.7548761,21,16.368156
-3.3326833,21,16.369012
-3.0771394,22,16.37414
-3.8183582,19,16.37584
-2.5886884,21,16.386092
-2.9925225,20,16.386133
-3.1722279,22,16.386143
-3.675934,23,16.387067
-3.2931616,22,16.387086
-3.2548451,22,16.388824
-3.1600342,22,16.393939
-3.390627,21,16.394832
-3.0870674,20,16.40301
-2.8506608,20,16.403035
-2.960343,20,16.403894
-3.158175,22,16.404906
-3.2397344,21,16.404926
-3.6598618,20,16.405864
-3.17974,20,16.41109
-3.0575,22,16.413919
-3.7470033,21,16.424188
-2.8694146,21,16.424223
-3.6344705,20,16.426442
-3.1781812,21,16.426475
-3.4072814,21,16.426484
-2.9378533,23,16.427679
-3.4507358,20,16.433057
-3.5884168,19,16.435381
-3.3939488,20,16.446385
-3.01118,20,16.448526
-2.9379544,22,16.448565
-2.696861,21,16.449817
-3.6053534,21,16.449852
-3.1613023,23,16.453271
-3.6541212,20,16.457626
-2.9480252,22,16.457658
-3.4686844,22,16.470045
-3.114795,22,16.472009
-2.8870873,22,16.472991
-3.0243592,23,16.473012
-2.6800268,24,16.474899
-4.189141,21,16.474921
-2.7734497,21,16.47878
-3.2230177,23,16.480741
-3.4143739,19,16.489904
-3.1224318,19,16.490898
-3.1946514,22,16.490931
-3.189806,20,16.491886
-3.2527065,19,16.492865
-2.9491622,21,16.494773
-3.4071312,21,16.498404
-2.6305919,22,16.501167
-3.1238685,22,16.510649
-2.8718004,22,16.511644
-2.6675775,22,16.512586
-3.4885213,23,16.512606
-2.7287016,22,16.513554
-3.499311,20,16.513576
-3.2691426,22,16.518909
-2.8237243,22,16.52167
-3.294458,20,16.530084
-3.2472122,20,16.532013
-3.3699987,23,16.532051
-3.4164505,22,16.532966
-3.2885993,23,16.533961
-3.4562597,23,16.534938
-3.1083539,20,16.537598
-3.5101743,22,16.542186
-3.4198406,21,16.54944
-3.6091084,20,16.550385
-3.212729,21,16.55169
-3.019731,20,16.552783
-3.450914,22,16.553741
-2.7701445,21,16.554759
-2.9243574,21,16.55755
-3.93114,20,16.561172
-3.0293782,20,16.57051
-2.8403034,22,16.570541
-3.1279154,20,16.571487
-3.0053592,22,16.571505
-3.0678506,21,16.573354
-2.3663065,22,16.575296
-2.9557605,23,16.578969
-3.509077,21,16.580915
-3.1952446,19,16.588222
-3.4113913,20,16.589289
-3.072663,20,16.590189
-3.0171013,21,16.591116
-2.8477066,21,16.593087
-4.2919807,21,16.595095
-3.056179,22,16.599626
-2.9260242,23,16.602385
-3.4965334,18,16.606128
-2.9794173,21,16.608039
-3.755826,19,16.610962
-2.919804,21,16.61099
-2.7629988,24,16.612889
-2.51768,21,16.614846
-3.2849917,24,16.622723
-3.3849678,22,16.623915
-2.4919958,21,16.627832
-3.3555841,22,16.630948
-3.928458,19,16.630976
-3.1415215,21,16.632856
-3.1406004,20,16.63395
-3.3908892,20,16.635931
-3.0831718,21,16.6456
-3.1628428,22,16.645636
-3.7474196,20,16.650467
-3.2625103,20,16.650493
-2.9264722,24,16.651421
-3.0660243,20,16.652337
-3.2522244,22,16.655061
-2.3159165,22,16.657162
-3.0571816,19,16.664063
-4.0443516,20,16.665117
-3.4004452,21,16.671468
-3.551538,22,16.67256
-3.226049,21,16.672581
-3.4785297,22,16.674513
-3.089663,21,16.676526
-3.0779796,21,16.678451
-3.1156425,19,16.684055
-3.4290292,21,16.685007
-2.7962036,22,16.692246
-3.185919,19,16.692278
-3.5104074,21,16.692288
-2.8770072,22,16.693223
-3.244047,22,16.696847
-2.6891222,22,16.698694
-3.4698775,22,16.705242
-3.0659463,23,16.705274
-3.2051196,21,16.711946
-3.4144187,20,16.711978
-3.560209,22,16.712904
-3.6091027,23,16.713828
-3.2908077,22,16.717687
-2.569333,21,16.718634
-3.960237,22,16.726041
-3.718557,23,16.726958
-3.3129995,21,16.731503
-3.2768066,22,16.733472
-2.5607529,24,16.734467
-2.9658504,23,16.735368
-3.6026783,20,16.737255
-2.8521764,23,16.739085
-2.9010377,22,16.750266
-3.0306344,23,16.750305
-3.572167,20,16.754152
-2.9988797,20,16.757931
-3.217083,20,16.759148
-2.9396973,25,16.762971
-2.9382875,21,16.763001
-2.7061276,20,16.764259
-3.5546365,20,16.77555
-3.1142068,21,16.776708
-3.2995,22,16.78163
-2.364414,22,16.786367
-4.1259694,20,16.788857
-3.6347759,25,16.788886
-3.292435,22,16.790146
-2.9525266,24,16.793317
-2.928369,22,16.803496
-3.0777998,21,16.803544
-3.8087585,21,16.808332
-3.847795,20,16.811637
-3.4822283,20,16.814171
-3.0664096,21,16.815306
-3.5897648,20,16.817773
-3.467297,22,16.817804
-3.26816,20,16.826679
-3.1570058,24,16.831278
-2.9730675,23,16.834685
-3.5741057,22,16.836623
-2.8007298,23,16.840177
-3.301928,22,16.840211
-2.905081,22,16.842459
-3.29292,22,16.842488
-3.5924177,19,16.848259
-3.532642,21,16.855332
-3.4342742,19,16.858668
-2.934463,23,16.860955
-3.70673,19,16.862256
-3.2795148,20,16.865502
-3.4602354,21,16.866541
-2.4739304,23,16.866562
-3.2558746,22,16.873041
-2.974851,21,16.877815
-2.8694386,21,16.880913
-3.676515,21,16.883153
-3.4182973,21,16.884232
-3.404871,20,16.886632
-3.7902079,21,16.889185
-3.1309361,22,16.890352
-3.0282693,19,16.893712
-3.1074536,22,16.90131
-3.432005,22,16.904149
-2.735272,22,16.906575
-3.0067508,22,16.907757
-2.613712,22,16.909954
-3.5951793,20,16.909977
-3.382907,22,16.913263
-2.94639,22,16.916528
-3.2174537,21,16.924386
-3.3197117,20,16.927025
-3.2287774,22,16.931185
-3.0825067,21,16.933156
-3.23874,21,16.933185
-3.476399,19,16.934159
-2.9315002,25,16.935151
-2.857221,20,16.937941
-3.4327557,20,16.94471
-3.1388085,21,16.94755
-3.2916818,20,16.950992
-3.2147608,21,16.954075
-3.0502622,20,16.955196
-3.1251307,22,16.955229
-3.9359498,21,16.955239
-2.951951,21,16.959221
-3.5391798,22,16.967933
-3.1493096,20,16.969188
-3.205294,21,16.973825
-3.002742,19,16.974941
-3.081319,21,16.978329
-3.2007678,22,16.979441
-2.734872,22,16.979467
-2.8454762,20,16.981692
-2.7996547,23,16.994676
-3.5526967,20,16.995865
-2.8232012,25,16.9959
-3.1996942,22,16.999413
-3.1849465,19,17.000555
-3.2620678,20,17.00059
-3.4788225,20,17.003501
-2.9933362,27,17.008749
-4.023811,20,17.017003
-3.3659678,20,17.018051
-3.1650722,21,17.018981
-3.323474,20,17.020926
-3.161734,21,17.02331
-2.4821038,23,17.025627
-3.579804,21,17.026854
-3.8387654,20,17.031568
-3.7989867,20,17.040179
-3.3697066,20,17.042675
-3.1609619,23,17.045097
-2.8692026,20,17.047308
-3.2662392,24,17.049745
-3.2642977,21,17.051021
-3.0123162,22,17.053635
-3.0141544,22,17.058737
-3.2394123,23,17.067797
-3.2590144,22,17.069116
-3.1256104,21,17.070335
-3.736845,22,17.074228
-3.1389282,21,17.076609
-3.141042,23,17.077885
-2.957253,22,17.08037
-2.7787375,20,17.082637
-3.0368445,21,17.09258
-3.4509368,20,17.093587
-2.84504,22,17.094553
-3.8383477,22,17.098488
-3.4011514,21,17.100721
-3.6870904,23,17.101959
-3.3955271,21,17.103341
-2.7267823,21,17.105688
-2.9110792,21,17.11578
-2.6751702,21,17.118012
-3.2438817,23,17.119061
-3.2414904,20,17.121241
-2.8951933,21,17.124725
-3.0163388,20,17.124759
-3.652376,20,17.125879
-3.2982678,22,17.130602
-3.2989323,20,17.139663
-3.145145,22,17.139714
-3.3101318,21,17.14164
-3.0475173,21,17.143438
-3.3429308,20,17.145273
-3.347979,21,17.146301
-3.0280352,22,17.148228
-3.4219353,20,17.150407
-2.513883,22,17.16136
-3.6063142,22,17.161403
-4.2067842,22,17.163444
-2.677483,22,17.165332
-3.7543502,19,17.16535
-3.1745305,21,17.166221
-3.0470495,20,17.170282
-2.8146262,24,17.172333
-2.7764673,20,17.181691
-2.6958237,22,17.183739
-3.1585379,20,17.185934
-2.2787657,22,17.185969
-3.4415333,21,17.188088
-3.7302332,23,17.189275
-3.2593577,21,17.192168
-3.1537528,20,17.193135
-3.5587597,21,17.204851
-3.42534,20,17.206195
-2.782652,22,17.210782
-3.312623,23,17.211933
-3.5695636,21,17.213092
-3.1134293,23,17.214213
-3.2618277,20,17.217084
-2.935813,21,17.217114
-3.4970326,21,17.231122
-3.3117414,22,17.233476
-3.994705,20,17.237271
-3.198,23,17.23987
-3.380979,20,17.239902
-3.1620095,21,17.239912
-3.6764393,20,17.242334
-3.0362372,21,17.24362
-3.1973987,23,17.259708
-3.1195254,22,17.260886
-3.0418122,22,17.264042
-3.4383588,21,17.265192
-2.5375016,23,17.267517
-3.1924944,21,17.26754
-2.8929002,25,17.26979
-2.7036831,22,17.269817
-3.3296895,21,17.283966
-3.4978354,23,17.285058
-2.9169426,20,17.287274
-3.012917,20,17.289479
-3.142818,23,17.289498
-3.5343559,22,17.291706
-3.3551087,23,17.2951
-3.0922718,23,17.295124
-3.6465228,21,17.308994
-3.2036867,21,17.311458
-2.865538,24,17.311486
-3.3032897,21,17.313709
-3.1444874,22,17.315003
-3.0300355,21,17.316393
-3.8457747,21,17.319768
-2.3846965,23,17.322051
-3.5039613,22,17.334147
-3.0741398,21,17.335328
-3.165788,21,17.335359
-3.417623,18,17.336504
-3.4766855,21,17.337621
-3.2009726,22,17.339566
-3.350017,21,17.344387
-3.2464342,23,17.344413
-3.0813346,20,17.354197
-2.7250926,21,17.356097
-3.4727974,21,17.356146
-3.2145529,21,17.357288
-3.3233235,21,17.35833
-3.4171891,21,17.36023
-3.5484734,19,17.363434
-3.1053224,23,17.368166
-3.3779607,20,17.375767
-3.26654,21,17.378739
-3.215637,19,17.378766
-3.6613512,21,17.379728
-3.485971,24,17.382083
-2.5836422,21,17.383465
-3.2348697,20,17.386102
-3.3247285,22,17.393767
-3.2736678,21,17.401197
-3.787805,18,17.402421
-3.5855134,20,17.403803
-3.6136131,20,17.403827
-3.4063592,19,17.406426
-3.2368865,21,17.410349
-2.8941476,22,17.413745
-3.3631885,22,17.420211
-2.913158,20,17.424992
-2.9486477,20,17.427019
-2.7758155,22,17.42816
-3.790646,21,17.428183
-3.166157,21,17.430542
-3.1404705,21,17.434076
-2.762746,20,17.436398
-3.1790285,21,17.444371
-3.156003,22,17.4504
-3.399715,19,17.450437
-3.3355885,20,17.450447
-2.995802,21,17.452613
-3.1050234,20,17.453793
-2.9900572,20,17.457289
-3.3573792,21,17.460874
-3.6383777,23,17.471873
-2.9543476,21,17.475484
-2.9100962,21,17.475521
-2.9294658,22,17.476721
-3.2777665,21,17.47791
-3.8545895,20,17.477935
-3.143028,22,17.483757
-2.8393028,22,17.48732
-2.5723011,20,17.496019
-3.8476276,21,17.501111
-3.242128,21,17.501141
-3.2420678,21,17.502363
-3.4787855,20,17.502386
-2.369336,21,17.503479
-2.989752,22,17.510789
-3.5469286,22,17.514513
-3.142857,22,17.522547
-2.4301674,20,17.525079
-4.155504,20,17.527738
-3.5533023,22,17.528941
-3.53522,23,17.528964
-2.9986115,23,17.529921
-3.338269,20,17.534665
-3.2397687,20,17.53804
-3.3208637,20,17.546528
-3.7265618,21,17.549984
-3.0810666,20,17.552086
-3.4037495,19,17.552109
-3.8316135,23,17.554292
-3.125964,25,17.557504
-3.1356845,21,17.558617
-3.2063842,20,17.560988
-3.0151622,21,17.570448
-3.1766589,21,17.573763
-3.3861077,19,17.573785
-3.5679126,20,17.575062
-3.1052752,21,17.578761
-3.5320735,20,17.581043
-3.104504,20,17.58238
-3.8002641,20,17.584779
-3.1883736,20,17.594228
-3.2565966,22,17.600487
-3.6068416,21,17.600523
-3.1670957,20,17.602777
-3.8248222,26,17.604665
-3.52571,21,17.605566
-3.3336186,22,17.61031
-3.162513,26,17.612589
-3.7553303,22,17.620015
-3.3938937,20,17.623529
-3.0991378,20,17.624047
-3.4758825,21,18.217712
-3.83742,24,18.219234
-3.4898021,22,18.220681
-3.1733932,21,18.224426
-3.0114417,22,18.228257
-2.9188929,21,18.234591
-3.4037335,21,18.238341
-2.5993068,23,18.240771
-3.0979733,20,18.243359
-2.9881237,22,18.247142
-3.2491472,20,18.249445
-2.4540558,24,18.250564
-3.3856149,21,18.253968
-3.279715,21,18.259957
-3.3900073,21,18.263358
-3.0618443,21,18.265572
-2.9757035,22,18.268902
-3.0499835,21,18.271371
-3.0808837,21,18.273591
-3.5810976,24,18.278332
-2.7184684,24,18.28204
-3.0420303,20,18.283366
-3.6257966,19,18.285794
-3.1758218,19,18.288446
-3.176616,20,18.29589
-3.2301073,24,18.298332
-2.401106,23,18.301919
-3.3321562,20,18.303228
-2.6360617,22,18.310597
-2.9888475,25,18.313168
-2.4619997,23,18.31459
-2.5046024,21,18.314626
-2.8655128,23,18.324207
-3.269278,22,18.325555
-2.746268,23,18.330253
-2.7540202,23,18.331596
-3.4055612,19,18.336059
-2.6643252,20,18.33829
-2.8811033,23,18.338311
-2.5658245,23,18.341534
-3.2008278,20,18.346913
-3.7747264,22,18.350112
-3.2772696,22,18.354212
-2.607427,24,18.357807
-2.9268055,22,18.359785
-2.8523362,21,18.360798
-2.8778934,24,18.36357
-2.7500634,22,18.364508
-3.4593585,22,18.368923
-3.582351,23,18.372493
-3.2530775,22,18.375048
-2.8076792,20,18.377619
-3.2020338,21,18.379439
-3.141564,24,18.379464
-2.80238,21,18.382041
-2.7645957,22,18.383778
-3.4792938,18,18.384655
-3.1289024,23,18.392356
-3.212246,23,18.394969
-3.0788798,22,18.396685
-2.8552856,21,18.39754
-2.921376,24,18.400116
-3.355107,21,18.402633
-2.3680835,25,18.403579
-2.9500902,24,18.404478
-2.531899,21,18.410344
-2.9284492,20,18.412133
-3.5191545,22,18.41559
-2.476393,22,18.416495
-3.127637,22,18.419044
-3.337761,20,18.419994
-3.2624352,23,18.423431
-3.2512388,23,18.42436
-3.4592412,21,18.430471
-2.4462233,24,18.431402
-3.024143,22,18.4348
-3.4681609,22,18.435719
-3.4105825,20,18.436601
-2.6965191,22,18.439272
-3.0392656,19,18.440222
-3.0256376,23,18.444418
-2.8622413,22,18.451807
-2.0583353,23,18.45423
-3.0399473,20,18.455435
-2.9497437,21,18.457984
-2.797985,21,18.463156
-2.8118515,21,18.464563
-3.0864832,27,18.467148
-3.3365355,22,18.472002
-2.7822626,21,18.478396
-3.231315,19,18.479544
-3.2050452,21,18.48092
-2.8656955,21,18.484598
-3.2498329,20,18.492462
-2.6036437,22,18.4925
-3.2642205,24,18.493833
-3.312225,21,18.497869
-2.295063,23,18.504237
-2.6784859,22,18.50427
-2.6635492,24,18.506893
-2.850493,21,18.506916
-2.9159641,21,18.512043
-2.6648571,22,18.513013
-2.809454,22,18.514016
-2.648609,23,18.518236
-3.1283941,22,18.523428
-2.1841402,23,18.524324
-3.1159556,20,18.524346
-2.5524342,23,18.526961
-3.1738415,21,18.531796
-3.0032454,22,18.531838
-3.2174811,23,18.534376
-2.5892396,22,18.537918
-2.7835717,21,18.543244
-2.614941,21,18.54327
-2.6626933,22,18.54328
-3.5522475,24,18.548504
-3.208377,21,18.550284
-3.2893996,21,18.550301
-2.7851722,22,18.553669
-3.0370955,22,18.557139
-3.1041508,21,18.561293
-3.2032533,22,18.562251
-3.3666458,25,18.564803
-3.1191168,21,18.568534
-2.580419,23,18.568557
-2.883241,22,18.569471
-3.0273619,21,18.572049
-2.979794,22,18.576291
-3.3356075,21,18.579587
-2.3210163,21,18.580463
-2.8023677,22,18.583893
-3.4478083,20,18.585715
-3.2506118,20,18.585731
-2.9806154,21,18.587386
-2.6209326,23,18.591555
-2.8255253,21,18.594015
-2.3593678,25,18.600757
-3.0267942,24,18.600788
-2.933453,23,18.603331
-3.3729904,22,18.604218
-3.6720455,23,18.605192
-2.9568675,21,18.605213
-2.7739627,22,18.610308
-3.2193234,21,18.61205
-2.61797,21,18.618608
-3.0366244,21,18.618628
-2.5381813,22,18.622303
-3.376078,21,18.622326
-2.7469225,20,18.622334
-3.310185,24,18.625705
-2.6014519,22,18.630803
-3.001622,25,18.631718
-3.3530383,19,18.635209
-3.2325482,20,18.636081
-2.67213,20,18.64026
-3.7168012,21,18.641602
-3.058597,21,18.641629
-3.1433268,23,18.648477
-3.5075889,21,18.654088
-2.469717,25,18.657459
-2.9975781,22,18.659962
-3.2859745,21,18.665777
-2.674913,23,18.666931
-2.4572797,27,18.666958
-3.2223191,22,18.666967
-2.6230664,20,18.671466
-2.7708366,23,18.681067
-2.7946067,20,18.681109
-3.2528281,19,18.682298
-3.2410216,21,18.691347
-2.1573987,23,18.692428
-3.025553,22,18.692446
-2.837769,24,18.694694
-2.6934123,26,18.70157
-3.1691349,21,18.705955
-2.7358065,22,18.705988
-2.8191595,24,18.70845
-2.6932359,21,18.716755
-3.0448294,22,18.716796
-3.2108922,22,18.720369
-3.0346959,25,18.721505
-3.029663,21,18.72591
-3.1624527,20,18.729341
-2.281212,24,18.733224
-2.8307447,24,18.73528
-3.1450703,21,18.739904
-3.46709,22,18.740911
-2.9838603,22,18.743642
-2.8673713,24,18.746944
-3.2119863,21,18.74815
-3.3771932,20,18.750092
-2.8050344,21,18.7547
-2.2737374,23,18.758566
-2.7856767,21,18.760479
-3.2352605,22,18.76238
-2.7216651,21,18.764208
-2.892079,21,18.766915
-2.7240877,21,18.769498
-3.0192266,23,18.769523
-3.3410294,21,18.773817
-3.0152535,22,18.778651
-3.1524706,20,18.77868
-3.470776,19,18.779588
-2.948597,20,18.782243
-2.5554733,22,18.786471
-3.1694853,21,18.788277
-3.0209563,23,18.789958
-2.9714131,24,18.794922
-2.8501816,20,18.796764
-3.582534,23,18.798536
-2.8753178,24,18.799527
-3.0636096,22,18.801239
-3.0477993,23,18.806296
-2.4016638,25,18.809955
-3.4595912,23,18.809984
-3.048563,22,18.814261
-3.7430508,21,18.815142
-3.38849,21,18.817896
-2.6371496,23,18.818827
-2.933311,22,18.82079
-3.1060586,21,18.825131
-3.092067,20,18.827704
-3.4945555,22,18.829412
-3.2040422,21,18.83276
-3.4307964,22,18.834485
-3.97086,18,18.836266
-3.2227144,22,18.837251
-2.7035556,23,18.838968
-2.7484012,22,18.844113
-3.042956,21,18.845846
-3.4021013,23,18.849265
-3.7679071,21,18.850998
-3.0503578,22,18.853484
-2.848602,22,18.855203
-3.611199,24,18.857792
-3.3282042,24,18.85961
-2.9529014,21,18.862176
-2.6784074,25,18.867134
-3.11894,22,18.868022
-2.5165825,22,18.869751
-2.8680487,22,18.872254
-2.7480295,20,18.872274
-2.821867,21,18.877249
-2.5226033,23,18.877279
-2.4441838,24,18.882419
-2.3430262,21,18.885051
-3.4036143,21,18.885948
-3.6975722,20,18.886847
-3.3697047,22,18.891168
-3.1969883,23,18.8921
-2.8832488,23,18.897211
-3.5111556,23,18.89724
-3.7011938,19,18.898901
-3.0094783,20,18.903051
-3.4360075,21,18.903077
-2.4308143,21,18.904822
-3.1658149,23,18.91073
-2.3410254,23,18.911639
-2.538633,20,18.915946
-2.983245,22,18.915966
-2.3391364,23,18.916822
-3.2343795,21,18.921057
-3.1308396,21,18.92108
-2.285855,25,18.926098
-3.5959845,20,18.927844
-3.3835022,23,18.931229
-3.640751,22,18.934638
-2.2365649,22,18.93551
-2.6782877,24,18.936377
-2.894134,21,18.938838
-3.0620654,22,18.939712
-3.5569494,20,18.943086
-3.2267206,22,18.946362
-3.123255,20,18.948052
-2.7166831,20,18.951549
-3.3448267,20,18.952392
-3.380183,20,18.953262
-2.510445,21,18.957632
-3.0918596,22,18.957657
-2.4979753,24,18.963855
-2.5928533,25,18.96864
-3.1167946,25,18.97041
-2.7778533,21,18.972464
-2.7333095,23,18.972502
-2.6079552,24,18.974364
-2.8898845,21,18.976975
-3.4638057,22,18.978188
-3.583157,24,18.988358
-2.82097,22,18.993862
-2.872723,22,18.995904
-2.9578447,22,18.995935
-2.853673,26,18.995944
-2.9110305,22,18.997738
-2.7862308,22,19.000757
-3.2500522,22,19.001705
-2.5974493,22,19.010107
-2.8667595,21,19.014683
-2.7708702,21,19.017077
-2.7424855,22,19.01837
-2.3055668,22,19.018391
-3.0737562,24,19.023635
-3.178646,21,19.023676
-3.774799,25,19.027962
-3.1861742,20,19.035837
-2.6381972,24,19.035885
-3.0305536,20,19.0378
-3.2374835,22,19.040994
-2.7360666,22,19.041031
-3.3285398,21,19.044033
-3.1257455,22,19.044993
-3.4296196,25,19.053032
-2.661214,21,19.05683
-1.8451829,24,19.059558
-2.9013453,20,19.060466
-2.4175336,21,19.061668
-2.9710329,25,19.062814
-3.065914,21,19.064941
-2.7991955,23,19.067504
-3.0357287,21,19.072619
-2.7386343,21,19.076489
-3.0069757,20,19.078222
-2.4987156,21,19.082232
-2.7294536,23,19.08227
-2.6661,24,19.084028
-3.000102,22,19.084974
-3.4707088,22,19.08756
-2.9377716,22,19.09257
-2.5123641,22,19.097675
-3.498682,25,19.098594
-2.8297813,19,19.100305
-3.038593,22,19.101287
-2.4625072,24,19.103079
-2.1250327,22,19.104013
-3.2257457,21,19.105785
-2.6519303,21,19.110957
-2.7279983,22,19.117634
-2.923782,20,19.118523
-2.0486746,25,19.11946
-3.4002917,20,19.120352
-3.5008144,24,19.121274
-2.7612157,22,19.123053
-2.951209,22,19.12478
-3.036902,23,19.130548
-2.8360589,21,19.136637
-3.7551122,22,19.136658
-3.0117328,21,19.137545
-3.4450412,20,19.137559
-3.2300234,21,19.13923
-2.8005197,22,19.142013
-2.5943842,25,19.146107
-2.9820795,22,19.14944
-3.6637633,19,19.154098
-2.9280784,21,19.155077
-2.7975328,22,19.155974
-2.7627585,20,19.156907
-3.5885468,20,19.159743
-2.7481766,25,19.159781
-2.6900868,24,19.16753
-2.680407,25,19.171734
-3.0625424,22,19.17355
-3.5981958,20,19.174546
-3.466713,23,19.176376
-2.5019894,25,19.177273
-2.9989932,21,19.178189
-2.9242446,22,19.179141
-2.6393032,23,19.187757
-3.066659,22,19.191556
-3.6422648,20,19.192628
-2.946827,22,19.193682
-2.8642251,21,19.195724
-2.988123,21,19.196644
-3.6102314,19,19.19666
-3.1530483,21,19.197518
-2.8436139,21,19.206826
-3.1362963,19,19.209508
-3.0414078,22,19.211374
-2.8359964,22,19.213141
-3.3558028,20,19.214105
-2.4647827,22,19.215038
-3.3947697,21,19.215887
-2.8457265,24,19.217604
-2.7715487,21,19.225129
-3.066306,23,19.229403
-3.247628,22,19.230339
-3.6388695,22,19.232047
-2.8753622,21,19.23304
-2.8993897,20,19.233058
-3.4678125,23,19.233901
-2.639382,24,19.238014
-3.5215232,20,19.242145
-2.9326854,22,19.247989
-3.5773604,21,19.248012
-2.4796362,22,19.251384
-2.9166863,23,19.251407
-3.1670144,22,19.251415
-3.2964342,23,19.253175
-3.3613734,24,19.25816
-2.7308955,22,19.260693
-3.5444388,20,19.265178
-2.7371247,23,19.26768
-3.2300003,20,19.268604
-3.237811,20,19.268619
-2.4280515,22,19.270305
-2.9296231,22,19.272177
-2.7686296,23,19.277897
-2.207452,23,19.280441
-2.718758,23,19.284807
-2.8347275,20,19.285694
-3.6500611,21,19.286687
-2.697375,23,19.287557
-2.791216,21,19.288478
-4.1513543,23,19.291824
-3.4074316,22,19.298226
-2.6328287,22,19.302156
-3.138755,20,19.305803
-3.3470416,20,19.30821
-2.6792314,22,19.3094
-3.0020409,22,19.312924
-2.5295703,24,19.314101
-3.6036925,22,19.317418
-2.8605242,23,19.324217
-3.0924308,21,19.325113
-3.4446502,23,19.330067
-3.1697788,21,19.331077
-2.6250756,23,19.331993
-3.275209,23,19.336194
-3.39439,20,19.336221
-3.3594584,24,19.33623
-3.1343489,21,19.343872
-2.8308554,23,19.344874
-3.2655714,21,19.348457
-3.6483395,23,19.350994
-2.4244761,23,19.351882
-4.12491,22,19.355473
-2.7031424,22,19.355496
-2.4377666,23,19.356395
-3.2756782,20,19.361545
-2.9847145,20,19.362506
-3.1412556,22,19.367687
-2.6382847,23,19.371967
-2.8510375,24,19.371991
-3.1188843,21,19.373682
-2.6044993,21,19.374596
-2.2560084,22,19.374613
-2.6336064,21,19.379577
-3.084808,23,19.382298
-2.7659564,21,19.385663
-3.1226354,22,19.390647
-2.9068756,22,19.390673
-2.965587,21,19.392424
-3.6719637,21,19.392444
-3.08826,23,19.393381
-2.281716,23,19.399426
-3.5669985,24,19.402917
-3.5467463,23,19.40548
-3.0188317,19,19.408857
-3.4798362,22,19.409697
-3.3204784,21,19.410567
-2.9063084,24,19.411428
-2.0958183,23,19.413091
-2.3474016,22,19.418498
-2.4684885,22,19.422019
-2.8171902,22,19.42459
-3.0919347,21,19.427031
-2.324181,22,19.428756
-3.1566973,22,19.429731
-3.4018118,20,19.430621
-3.0504827,22,19.430642
-2.6597981,23,19.438326
-3.3491426,20,19.439204
-3.0413516,22,19.443438
-3.3467226,21,19.445215
-3.1115396,21,19.447339
-3.30729,21,19.448416
-3.1500282,22,19.450308
-3.8223395,23,19.451305
-2.7333922,23,19.45894
-2.577982,23,19.45992
-2.5934,23,19.465805
-3.105708,22,19.466662
-3.031282,20,19.468556
-2.1876893,29,19.469441
-2.7206018,24,19.469462
-2.5450304,25,19.471988
-2.8737037,22,19.478793
-3.768682,25,19.480508
-3.1709127,22,19.485244
-2.722521,23,19.487304
-3.1943057,22,19.489443
-2.8400023,22,19.489471
-2.2053967,24,19.490606
-2.9214416,23,19.494159
-3.4314892,20,19.49939
-2.6135046,24,19.506027
-3.3432736,18,19.507226
-3.015924,21,19.508369
-3.3525786,19,19.510596
-2.8053954,21,19.512881
-2.9243217,21,19.514141
-2.877932,22,19.518317
-2.453057,23,19.52365
-2.6741505,22,19.527825
-3.0099933,23,19.529748
-3.2947268,22,19.529771
-2.2870886,23,19.53231
-2.8440514,22,19.533212
-3.18453,22,19.534119
-3.0613966,23,19.538475
-3.7073078,22,19.542717
-2.753686,22,19.546935
-2.9464502,23,19.549468
-2.720626,23,19.549487
-3.263754,21,19.550333
-3.26316,21,19.551187
-3.5041542,25,19.555545
-2.9703107,22,19.557382
-3.5519338,20,19.560005
-3.7864232,21,19.564983
-3.0160358,21,19.567961
-3.1937635,20,19.56799
-2.744344,22,19.568836
-2.5474546,23,19.571345
-3.2665606,19,19.572266
-3.0259454,21,19.575602
-2.9869463,21,19.578191
-2.6522245,21,19.583277
-3.477235,22,19.587562
-2.581759,23,19.587583
-2.615408,24,19.588463
-3.1039066,21,19.589332
-2.7356005,22,19.591102
-2.863184,20,19.592901
-2.609234,22,19.597171
-3.5013528,22,19.602151
-3.254238,21,19.605483
-2.973451,20,19.606371
-3.2939177,21,19.606386
-2.9244947,23,19.607254
-3.317741,22,19.609932
-3.200236,21,19.610878
-2.8954842,21,19.615084
-3.4572105,21,19.620018
-3.1278067,21,19.623623
-3.8663647,21,19.624626
-2.6291199,21,19.62557
-2.7098732,23,19.626484
-3.1326973,21,19.628206
-3.3686514,21,19.629063
-2.9024334,20,19.632567
-3.011944,22,19.639177
-3.0835893,21,19.641915
-2.388977,21,19.642809
-3.5374188,23,19.64529
-3.4944365,20,19.64627
-3.3624864,21,19.646289
-2.959844,23,19.646297
-2.5862095,23,19.652483
-2.664772,21,19.657659
-3.7366557,23,19.662865
-2.9611413,24,19.664681
-3.112453,21,19.665661
-2.9187832,21,19.665681
-2.9859514,22,19.66569
-2.480884,23,19.667508
-2.5025902,21,19.671748
-3.2470324,20,19.676358
-3.33459,20,19.683489
-3.029128,23,19.683532
-2.8954906,22,19.685341
-2.6022925,23,19.685358
-2.8245852,24,19.687112
-3.1054285,23,19.688018
-2.7979527,24,19.693158
-3.1085753,24,19.697514
-2.8169374,21,19.70178
-3.0330198,20,19.702696
-2.9332972,23,19.703653
-2.7983227,22,19.704557
-3.2953858,20,19.705514
-3.310365,22,19.706438
-3.232472,22,19.712356
-3.1973958,23,19.717331
-2.9653983,21,19.721733
-2.7748518,24,19.722663
-2.871518,23,19.722681
-2.7841783,23,19.725171
-2.74143,25,19.726044
-2.9120183,25,19.727769
-3.2236295,23,19.732103
-3.0749435,24,19.737922
-2.9513423,21,19.739679
-2.61558,22,19.741362
-2.8856702,22,19.741383
-3.2925844,19,19.742233
-3.0431728,20,19.742246
-3.1363835,22,19.746456
-3.5428073,21,19.749965
-3.2391925,22,19.75654
-3.33282,21,19.759249
-2.949327,22,19.760145
-2.7656777,24,19.76016
-2.4765136,22,19.761021
-3.5489583,21,19.764537
-3.0569322,26,19.764561
-2.6957827,21,19.767969
-3.167288,22,19.775509
-2.9548688,20,19.777426
-3.149694,20,19.778346
-2.958662,21,19.77836
-2.8353434,23,19.77921
-3.1454453,20,19.781953
-3.0190804,23,19.784634
-3.139696,21,19.786345
-2.7594285,23,19.795424
-3.4005466,20,19.795447
-2.9953046,21,19.795457
-2.8150337,21,19.796299
-3.4647799,21,19.797154
-3.192778,20,19.798942
-3.1293964,21,19.80232
-2.9611137,21,19.804119
-3.0061975,19,19.81147
-3.0637326,20,19.812359
-3.3149905,21,19.81323
-3.689595,20,19.813254
-2.8522868,21,19.815039
-3.8646278,24,19.819257
-2.746519,20,19.819275
-3.014048,19,19.820099
-3.613625,20,19.830151
-2.7504952,22,19.830171
-3.034694,22,19.831087
-2.8984702,20,19.831969
-3.8791084,22,19.831988
-3.0785825,20,19.836177
-2.7754858,23,19.838843
-2.9335852,22,19.838865
-3.8004956,19,19.847305
-3.1835232,19,19.848191
-3.2419624,22,19.849075
-3.0517328,22,19.84909
-3.061091,23,19.851708
-2.5837977,23,19.855992
-3.1063733,22,19.857715
-2.8282433,23,19.8586
-2.4751873,22,19.865959
-2.8582873,23,19.867629
-3.2611313,20,19.86862
-2.933457,23,19.868639
-3.1408873,23,19.868647
-3.2429204,22,19.876464
-2.9323857,21,19.877581
-3.2566822,22,19.879941
-2.741324,22,19.890099
-3.1222925,22,19.891024
-3.1102915,22,19.891042
-2.8653479,22,19.891052
-3.2308297,26,19.891915
-2.5953665,21,19.89794
-3.2019868,21,19.899222
-2.7982469,24,19.904454
-2.9683251,20,19.91198
-2.8009815,21,19.91372
-3.4927125,24,19.914619
-2.9660914,23,19.914651
-3.293052,23,19.914661
-2.702972,23,19.919863
-2.5436454,23,19.920769
-2.9581363,25,19.926606
-3.0058265,23,19.931913
-3.013126,21,19.931939
-3.1851249,21,19.932816
-3.293323,22,19.933808
-2.381213,23,19.934675
-3.375525,21,19.938804
-2.7939203,23,19.939653
-2.6167974,22,19.945806
-3.5146325,20,19.949234
-3.0891275,22,19.950974
-2.8996189,23,19.952646
-2.5485816,22,19.952662
-3.1796167,23,19.954338
-3.0380015,20,19.956054
-2.9935145,23,19.959405
-3.0735836,21,19.964226
-2.727062,21,19.967833
-2.7093463,22,19.970838
-3.552639,20,19.973407
-2.7651248,23,19.97437
-2.5550618,25,19.976251
-3.7931738,21,19.976271
-3.0561883,23,19.981228
-2.565102,23,19.985605
-3.0732276,22,19.988224
-3.2559218,20,19.990828
-2.6627507,23,19.991816
-2.8172073,21,19.992722
-3.2973924,20,19.993674
-3.1947615,23,19.99631
-2.7156649,21,19.999809
-3.143166,21,20.004391
-2.2474322,23,20.008677
-3.4588144,20,20.00956
-3.339495,22,20.010453
-2.6727374,23,20.013152
-2.993136,24,20.014893
-3.2446144,21,20.014925
-3.7175546,23,20.020045
-2.9304175,21,20.0227
-3.6974282,19,20.025321
-2.6053753,22,20.028705
-3.045423,23,20.03044
-3.2019348,21,20.031364
-2.540937,23,20.034759
-2.540857,23,20.034783
-3.4335651,19,20.036469
-2.9299822,23,20.0426
-3.254437,21,20.04344
-3.0744214,21,20.04696
-3.0890105,21,20.049902
-2.893399,25,20.052506
-2.9712625,21,20.053416
-2.7690537,21,20.05343
-2.8318412,20,20.054291
-2.9722686,24,20.063543
-2.9572215,23,20.063567
-3.511895,20,20.064469
-3.268364,20,20.066919
-2.2470827,22,20.071484
-2.4392803,22,20.073663
-2.6709008,22,20.075695
-2.754569,24,20.07703
-3.1637537,22,20.105123
-3.0575237,23,20.110242
-3.0570173,20,20.111754
-2.7418385,23,20.111775
-3.0768807,21,20.118932
-2.555897,22,20.118972
-2.7954109,21,20.11992
-2.7513824,20,20.119935
-2.595529,22,20.130094
-2.7148619,21,20.13012
-2.79664,21,20.131017
-2.6484327,22,20.131888
-2.9560876,21,20.137988
-3.2408206,21,20.138008
-2.872426,23,20.138867
-2.3435824,23,20.138884
-2.7520041,21,20.699082
-2.9454036,23,20.700912
-2.9551725,22,20.70095
-2.7433958,25,20.704603
-3.1045945,22,20.7092
-3.007996,23,20.709229
-2.538647,24,20.710971
-2.535484,25,20.710995
-2.3166971,24,20.720215
-2.9454823,22,20.720241
-3.1812654,24,20.722113
-3.1120977,22,20.724157
-3.0206776,23,20.729475
-2.9382615,24,20.730423
-2.3802576,23,20.731362
-2.5164592,24,20.732283
-3.078988,20,20.738473
-2.399187,21,20.739442
-2.4084358,24,20.743659
-2.3334026,23,20.744522
-2.9002414,21,20.748001
-2.6343734,22,20.749836
-1.914931,23,20.751728
-2.519751,25,20.754375
-2.7396612,21,20.756936
-2.2146072,22,20.758616
-2.8213627,23,20.764534
-2.6645722,25,20.765443
-2.5344832,23,20.767984
-2.578015,22,20.768864
-2.8268476,23,20.771635
-3.2848687,23,20.774184
-2.8215792,23,20.776872
-2.0496874,23,20.778557
-2.8969688,23,20.785058
-2.9811006,22,20.785091
-2.5139487,23,20.789474
-2.516748,22,20.793303
-2.2019997,25,20.79333
-2.56852,22,20.79664
-2.5311017,24,20.802134
-3.2268543,22,20.802177
-2.720903,22,20.808021
-2.4996343,23,20.808911
-3.2160978,21,20.810641
-3.4336007,23,20.814953
-2.8565016,24,20.816166
-2.869184,24,20.819101
-2.9767666,21,20.821493
-2.3983889,21,20.821524
-2.962891,21,20.831146
-2.428982,24,20.833071
-2.4719524,23,20.835042
-2.6805437,23,20.83964
-2.6876779,24,20.841434
-2.630517,23,20.843236
-2.7159376,22,20.844213
-2.4638765,26,20.84771
-2.6224213,23,20.853662
-2.6314871,26,20.854601
-2.1976633,24,20.856538
-2.7384882,23,20.859901
-2.752509,21,20.859928
-2.272418,24,20.864262
-2.5491498,24,20.86515
-2.8338625,21,20.866135
-2.353368,22,20.873191
-2.7405972,22,20.874068
-2.2943046,24,20.877515
-2.5361958,21,20.878373
-2.1931386,22,20.879258
-3.0158312,21,20.88269
-2.8007128,22,20.884405
-2.5434015,27,20.889457
-2.9110653,22,20.89279
-2.8400059,25,20.894534
-3.4111996,21,20.895417
-2.4301667,22,20.897082
-2.3968492,22,20.897942
-3.0523117,23,20.902199
-2.7990425,23,20.903959
-2.9331324,23,20.908829
-2.7749038,22,20.911301
-3.657858,20,20.914055
-2.524381,22,20.914077
-2.6358795,24,20.915001
-2.94402,21,20.915868
-2.3946242,22,20.922849
-2.281553,24,20.922878
-2.4334044,22,20.927919
-2.0504603,24,20.932211
-2.4540458,21,20.932234
-2.5534563,22,20.933176
-2.1771607,23,20.934834
-2.1227021,25,20.938124
-3.17033,20,20.941744
-2.4317012,23,20.944799
-3.238132,23,20.951476
-2.5298762,21,20.955355
-3.0843863,23,20.956275
-3.1453147,23,20.956291
-2.6452627,22,20.958036
-1.5507169,24,20.962404
-3.68325,23,20.964493
-2.2666192,23,20.967254
-3.205489,20,20.96995
-2.8915825,21,20.975474
-2.3782043,22,20.976386
-2.4972548,23,20.976401
-2.9032726,20,20.976409
-2.7761362,21,20.981827
-3.1060812,19,20.984693
-3.0019784,23,20.985598
-2.5642557,21,20.989132
-3.4482942,20,20.99338
-2.771833,21,20.995166
-2.940669,22,20.99615
-2.4405048,23,20.99704
-3.2784977,21,21.0005
-2.6797388,23,21.005622
-2.8309302,24,21.005642
-2.9359708,23,21.009061
-2.4329586,24,21.014086
-2.8480084,22,21.014108
-2.5600042,21,21.015025
-2.896504,25,21.017846
-2.3569925,23,21.020448
-3.2762418,22,21.024664
-3.1673875,22,21.024696
-2.0722058,25,21.030784
-3.0318909,21,21.03334
-3.3786397,22,21.03336
-3.4803476,23,21.034253
-2.621509,23,21.037675
-3.0146503,22,21.039435
-3.0594363,22,21.043709
-2.3151686,24,21.045586
-2.7270222,22,21.049827
-2.7241416,21,21.051525
-2.4930558,22,21.052384
-2.77508,22,21.053234
-2.9324734,21,21.05574
-3.007417,21,21.057452
-2.8167624,23,21.063878
-1.9834771,24,21.066482
-3.224158,22,21.069024
-2.7293878,23,21.072388
-2.4044886,24,21.072409
-3.1712153,23,21.073261
-2.341256,23,21.075796
-2.9464128,22,21.076659
-3.079296,21,21.081789
-3.323962,20,21.083486
-2.7898207,23,21.088457
-2.8701115,21,21.090269
-2.4272532,21,21.090285
-2.823906,22,21.092019
-2.9733028,22,21.095489
-2.3080587,23,21.095514
-2.2923293,23,21.101258
-3.0469947,23,21.102942
-2.5555594,22,21.107139
-2.8596551,22,21.108824
-2.970562,24,21.110634
-3.2607243,22,21.114018
-1.5734506,26,21.114039
-2.7082927,22,21.114049
-2.9905841,23,21.120715
-3.0368633,23,21.122509
-2.498791,23,21.126885
-2.531967,25,21.134123
-2.6800342,21,21.134158
-2.495615,28,21.13538
-2.9011765,24,21.137757
-2.4602146,24,21.137787
-3.351874,19,21.141213
-2.8398967,22,21.14555
-2.8963816,23,21.150661
-2.7794852,21,21.154095
-3.1380248,21,21.155
-2.4956846,22,21.155015
-2.8950746,21,21.156748
-2.850359,22,21.157725
-2.642288,20,21.158628
-3.082531,24,21.166087
-3.145366,23,21.170579
-3.1979213,20,21.17169
-2.9337268,24,21.175871
-2.5707605,21,21.175892
-2.6816978,22,21.175902
-3.8325968,24,21.175909
-3.123534,24,21.179237
-2.7086303,21,21.189247
-2.1440957,26,21.189295
-2.4722524,23,21.192148
-3.0909455,20,21.194063
-2.8422458,23,21.196871
-2.15079,23,21.196895
-2.6054475,26,21.199504
-2.4035728,23,21.200414
-2.6178966,23,21.209696
-4.3222284,25,21.211472
-2.9452739,21,21.212332
-2.242189,27,21.215916
-2.5232155,23,21.216863
-3.1618557,21,21.217826
-2.0483804,26,21.219589
-2.8721504,23,21.220535
-3.01557,20,21.227196
-1.9989974,22,21.230546
-3.4531126,24,21.233014
-3.0698233,24,21.236577
-3.4123511,21,21.237484
-2.8485966,23,21.237499
-2.3897424,24,21.237507
-3.1292865,24,21.240882
-2.5516868,24,21.247805
-3.1694877,22,21.251957
-2.8016076,26,21.252893
-2.540773,22,21.255402
-2.4596124,22,21.256235
-2.9045548,23,21.25707
-2.3147273,24,21.257919
-2.8815465,24,21.261243
-3.2186904,23,21.267179
-2.575821,20,21.269724
-2.8598204,23,21.271406
-2.856236,21,21.273983
-2.7410393,20,21.274844
-2.3813457,24,21.275722
-2.7802958,24,21.277412
-2.836721,22,21.279947
-3.2016885,23,21.28661
-2.352232,23,21.289187
-2.331281,22,21.290057
-2.655171,21,21.292778
-2.7957702,25,21.295358
-2.6591964,24,21.298097
-1.8505859,26,21.298115
-3.2671943,22,21.299021
-2.4930987,23,21.306405
-3.221681,22,21.308995
-2.7334013,25,21.311268
-2.383836,22,21.312154
-3.2268765,21,21.313877
-2.8750043,20,21.31556
-3.0043244,21,21.317249
-2.433507,23,21.318173
-3.0484514,23,21.326647
-2.317524,22,21.328351
-3.0388176,21,21.330053
-2.985867,23,21.330992
-3.6822498,19,21.333543
-2.8888726,21,21.333569
-2.2993484,24,21.334406
-2.96431,22,21.336977
-2.6395936,22,21.345572
-2.6010518,22,21.347259
-2.3517137,21,21.348131
-2.7903786,22,21.349956
-2.5907824,22,21.352641
-3.2443037,23,21.353491
-2.8102024,23,21.354366
-2.577572,22,21.356101
-2.628567,21,21.363615
-2.3300006,25,21.368817
-3.2698724,22,21.368849
-2.3294387,25,21.369693
-2.5006409,23,21.372553
-2.5470111,23,21.373522
-2.590472,23,21.374475
-3.0730038,27,21.379471
-2.9139514,23,21.383644
-2.636189,22,21.387766
-2.3090243,23,21.388674
-1.912,24,21.390386
-2.99795,21,21.39041
-2.679448,24,21.394014
-2.5120347,24,21.394961
-2.725575,23,21.399301
-2.4251454,22,21.402624
-3.109633,21,21.406055
-3.2896142,20,21.407804
-3.0583465,22,21.409573
-2.5924273,25,21.410519
-2.5789037,22,21.413079
-3.407438,22,21.41397
-2.5305653,21,21.417291
-2.8934476,23,21.42251
-2.6656804,21,21.425822
-2.477884,25,21.427572
-3.2552602,25,21.43089
-2.1895776,25,21.431773
-2.228107,23,21.432615
-2.844115,24,21.434252
-2.709919,22,21.435911
-2.7695246,23,21.441893
-2.0773356,24,21.446371
-2.3391786,25,21.448875
-2.7440655,23,21.450563
-2.541881,22,21.45058
-2.340218,23,21.452327
-2.5031617,24,21.455051
-2.606658,26,21.458416
-2.8242688,26,21.464473
-2.0569577,22,21.4681
-2.0402336,25,21.468128
-2.974043,22,21.469956
-2.007057,22,21.471778
-2.7962027,24,21.471803
-2.3893158,24,21.476051
-2.7552783,23,21.478842
-2.7220988,23,21.488052
-2.7241561,21,21.488083
-2.937336,23,21.488093
-2.6532502,22,21.490747
-2.7036812,30,21.490775
-2.5871775,23,21.491698
-2.8274605,22,21.495702
-3.179141,24,21.500328
-2.7276745,22,21.508718
-3.5646157,23,21.509988
-3.0477169,23,21.510015
-2.3229344,24,21.513784
-2.9329424,25,21.515007
-3.0648851,25,21.515929
-3.5661445,23,21.517678
-2.5777898,25,21.526152
-2.973841,21,21.53437
-2.4928665,22,21.534422
-2.3755088,22,21.53573
-2.939827,22,21.541082
-3.091921,22,21.543738
-2.6320353,23,21.543777
-3.1509793,22,21.546334
-2.6368756,21,21.55401
-2.6819935,21,21.560679
-2.6284554,22,21.562073
-2.4266963,23,21.564641
-2.2350323,22,21.568139
-2.709704,22,21.570479
-3.0422153,23,21.571783
-2.5868666,22,21.572917
-2.6063466,22,21.579612
-2.1670046,23,21.587364
-2.3596437,24,21.589225
-2.4732738,24,21.591611
-2.4854927,22,21.592707
-2.5353165,23,21.596684
-2.8790894,24,21.596719
-2.8347473,23,21.597973
-2.960124,22,21.603588
-2.5222611,24,21.613562
-2.725756,24,21.615959
-2.9247487,22,21.615987
-3.5314548,21,21.615998
-2.361002,21,21.620207
-2.9172578,21,21.621348
-2.3846726,25,21.624136
-3.2984443,21,21.626102
-2.3184292,20,21.636979
-3.0011044,21,21.638206
-3.3063822,24,21.639202
-2.6115346,21,21.64278
-2.7047012,27,21.643676
-2.9647846,23,21.643698
-2.8419576,25,21.649582
-3.2691813,24,21.650796
-2.2582188,21,21.657364
-2.5229025,23,21.660504
-2.4847002,23,21.661454
-2.4757578,22,21.665004
-2.4709578,23,21.665043
-2.73184,23,21.665909
-3.3057475,20,21.668473
-3.008741,23,21.672988
-2.8418267,21,21.680426
-2.1232967,26,21.682307
-2.2719517,24,21.684094
-2.6660042,22,21.686691
-2.9515274,23,21.686723
-2.9780872,22,21.689297
-3.6687279,29,21.691848
-3.6649733,24,21.694679
-3.053599,23,21.702157
-2.4304543,21,21.702194
-2.856837,22,21.705165
-2.5991173,20,21.706406
-2.6179032,23,21.71007
-2.5857642,22,21.711912
-2.3973353,23,21.716443
-1.7865942,23,21.719227
-2.9800642,22,21.724378
-3.2298512,22,21.724417
-2.7487242,22,21.727744
-2.8160627,22,21.728817
-2.926233,24,21.733584
-2.6669993,23,21.734486
-3.022984,21,21.736198
-2.516646,23,21.740531
-2.4908278,23,21.745969
-3.0738173,24,21.746912
-2.8826485,21,21.74693
-2.5727754,22,21.748613
-3.136764,23,21.75454
-3.226368,22,21.756254
-3.1845312,25,21.757174
-2.853215,22,21.761459
-3.2211716,21,21.767546
-2.8924408,23,21.768478
-2.7079158,22,21.770244
-3.046039,25,21.771178
-2.9675786,22,21.775947
-3.0500274,22,21.778993
-2.8742874,25,21.780791
-2.833007,23,21.783817
-3.1086192,22,21.790352
-2.470128,22,21.792559
-2.887131,28,21.795228
-2.4814773,24,21.795269
-3.1962662,23,21.799093
-2.7856376,24,21.803186
-2.5836823,20,21.80436
-2.6362865,23,21.804394
-2.8399458,19,21.809766
-2.900091,21,21.816611
-1.9582422,26,21.818404
-2.4457102,24,21.819299
-2.3030744,24,21.822812
-3.2800012,22,21.82516
-3.0758705,22,21.826376
-2.4620786,23,21.827455
-3.5245657,20,21.829678
-3.060485,21,21.836474
-2.7798429,22,21.839941
-2.9654717,27,21.843978
-2.5354779,22,21.844018
-2.666304,21,21.846596
-3.0714033,23,21.847523
-2.3410518,24,21.847541
-2.3701267,22,21.849266
-2.5125403,24,21.858444
-2.4695535,23,21.861439
-2.9383826,21,21.863203
-2.804112,23,21.864923
-3.08078,22,21.866704
-2.607217,23,21.868482
-3.6766367,25,21.870194
-2.7456849,25,21.871905
-2.6087105,22,21.879454
-2.5558844,23,21.883312
-2.7266111,23,21.885487
-3.362182,22,21.886484
-2.6114864,21,21.889711
-2.9197702,24,21.8907
-3.3466587,21,21.89333
-2.324253,23,21.893356
-2.8489525,24,21.901885
-2.8143907,21,21.902831
-2.5661411,23,21.906421
-2.7393725,22,21.90645
-2.9328299,24,21.91081
-2.849288,24,21.911706
-2.5148802,22,21.912566
-2.4022486,24,21.91427
-2.4588664,22,21.92222
-3.0975964,25,21.923964
-2.9459515,21,21.924863
-3.1903841,20,21.928656
-2.0289943,25,21.928688
-2.6929145,23,21.932098
-2.6367168,23,21.933068
-2.8691595,22,21.934364
-3.3944216,21,21.941582
-2.722281,22,21.944184
-2.3721886,24,21.946724
-2.6152785,21,21.947594
-2.4971704,24,21.950237
-3.1061327,22,21.952811
-2.6820667,22,21.953714
-2.6477876,25,21.954575
-3.2204013,24,21.964192
-2.6665282,22,21.965205
-2.459772,24,21.969831
-3.0461085,22,21.971998
-3.3870006,25,21.972028
-3.2207448,20,21.974605
-2.856661,23,21.975509
-2.734983,24,21.977762
-2.7171476,21,21.98374
-2.3699603,24,21.988322
-2.948838,21,21.992468
-2.6404164,23,21.992503
-2.5604105,24,21.995408
-2.3574517,21,21.995436
-2.3948264,25,22.000247
-2.3876276,25,22.002208
-2.6062596,24,22.008347
-2.2003648,23,22.011416
-3.6683493,20,22.012435
-3.0005457,22,22.014238
-2.7535315,22,22.016913
-2.5949266,24,22.018717
-3.2713606,23,22.023571
-2.558948,22,22.024864
-2.789114,23,22.032435
-2.8126218,24,22.037323
-3.5260084,22,22.037359
-3.4975662,27,22.039096
-2.7434707,21,22.040901
-2.3225698,23,22.040938
-3.3605738,21,22.046837
-2.4007874,22,22.046874
-4.0261283,26,22.058054
-2.7998953,23,22.059891
-2.883493,23,22.059922
-3.274565,22,22.060827
-3.3069239,21,22.061746
-2.3114772,23,22.063507
-3.0548587,23,22.067764
-2.943896,24,22.068733
-2.6191273,21,22.077226
-3.5694332,22,22.079912
-2.530703,22,22.079941
-2.5150292,22,22.080828
-3.6549253,22,22.081928
-2.775113,22,22.083709
-3.0572777,23,22.088873
-2.8506665,23,22.089795
-2.8444266,21,22.096413
-2.846735,22,22.100103
-2.438907,23,22.101861
-3.3309736,23,22.102746
-2.6932003,26,22.103622
-2.6049232,23,22.104524
-2.616245,23,22.109594
-2.8801568,23,22.110495
-2.887021,20,22.114444
-3.3469052,21,22.119126
-2.7434518,22,22.122423
-2.906909,22,22.123545
-2.7414787,22,22.12478
-3.4925086,23,22.126811
-2.6636806,21,22.130739
-2.698418,21,22.131773
-2.1748443,24,22.138757
-3.3748698,23,22.142596
-3.3223007,21,22.144443
-2.201472,23,22.145653
-3.4363346,21,22.145678
-3.105149,21,22.147483
-2.5583475,23,22.152632
-2.8392994,23,22.153513
-2.1118064,24,22.160504
-2.9360683,21,22.161504
-3.5136657,22,22.165191
-2.9801917,23,22.166137
-2.3752952,22,22.167095
-3.4934595,26,22.168544
-2.898835,23,22.173789
-2.6502182,22,22.173819
-2.4187367,20,22.181023
-3.03121,22,22.181952
-3.1525629,22,22.188498
-2.7841525,23,22.190892
-2.544279,25,22.194257
-3.3436985,29,22.19518
-2.973516,22,22.196936
-2.095199,23,22.197832
-2.7879403,22,22.204026
-2.8457155,23,22.20406
-3.025324,20,22.207772
-2.4225006,23,22.212675
-2.7928162,23,22.215384
-2.5046523,23,22.216324
-2.9724905,23,22.218087
-2.7335954,23,22.219004
-3.179696,23,22.225847
-2.7685094,23,22.225887
-2.658835,23,22.229872
-3.0160773,21,22.233061
-2.9511864,22,22.237867
-2.0692863,24,22.239062
-2.5818052,23,22.241365
-2.3811622,23,22.242591
-3.4823604,21,22.248705
-3.1924167,22,22.250107
-4.0584855,24,22.258278
-3.1950207,26,22.264631
-3.311577,20,22.268504
-3.0685768,24,22.268533
-2.8139007,24,22.269793
-2.4499168,24,22.272436
-2.9504843,22,22.277672
-3.0199294,24,22.27881
-3.0657933,22,22.285254
-2.476225,22,22.296002
-2.8012285,25,22.296055
-3.255432,21,22.296069
-2.031639,23,22.297107
-2.2395566,23,22.300402
-3.0777874,22,22.305068
-2.7757301,23,22.307208
-3.8133454,20,22.309528
-2.8271248,21,22.320515
-2.6260574,21,22.321845
-3.050097,22,22.321884
-2.6386647,22,22.321895
-3.0430818,25,22.331728
-2.7320337,23,22.334807
-3.3301578,21,22.334856
-3.3078015,23,22.340942
-3.2232385,22,22.354495
-2.4162943,22,22.356115
-2.9748936,23,22.357662
-2.8302507,23,22.357697
-3.0636835,22,22.365408
-2.4400826,22,22.371121
-2.7978811,26,22.375298
-2.667498,24,22.377963
-2.91406,21,22.385124
-3.1656322,24,22.386362
-2.446047,23,22.386386
-1.7719787,25,22.389941
-2.4583037,23,22.396464
-2.5429718,25,22.396515
-2.3289478,22,22.399165
-3.507494,22,22.40136
-2.6515927,21,22.407187
-2.8301144,21,22.408275
-3.0543268,23,22.410889
-2.814744,24,22.414381
-2.854385,20,22.416408
-2.1765351,23,22.42024
-2.8163996,23,22.423942
-1.9204719,23,22.425909
-2.9548368,21,22.430172
-2.9207597,22,22.431985
-2.8691783,21,22.433254
-2.5246255,21,22.437264
-2.888631,23,22.441456
-2.5249639,22,22.446122
-2.8622415,25,22.446148
-3.0797868,20,22.446159
-3.181386,23,22.452777
-1.908495,22,22.453724
-2.8751698,24,22.456379
-3.2829752,23,22.460292
-2.5163653,22,22.464094
-2.8782897,22,22.469986
-2.8468053,23,22.471329
-2.5573168,24,22.472588
-3.3894606,23,22.481154
-2.670924,21,22.483742
-2.585549,25,22.485106
-2.998374,22,22.489549
-2.2725458,23,22.494596
-3.5244055,20,22.497107
-2.8661246,21,22.501119
-2.5242116,22,22.501158
-3.1386888,22,22.508232
-2.5807738,22,22.511442
-1.9028819,25,22.513288
-2.01802,23,22.515122
-3.3163936,20,22.516197
-3.0703852,19,22.521349
-2.33399,24,22.52422
-2.714896,22,22.525514
-3.0705585,22,22.534165
-2.9117124,21,22.536638
-3.2850494,21,22.538793
-2.7533622,22,22.542494
-2.8944058,23,22.542524
-2.8318462,22,22.547412
-3.2011151,20,22.548431
-2.9455924,21,22.548451
-2.9492052,21,22.561555
-2.5440056,25,22.561606
-2.2774792,24,22.562865
-2.2317128,23,22.567894
-2.6880543,25,22.570229
-2.9298954,22,22.572425
-3.0399475,23,22.573799
-2.377444,25,22.574844
-2.5610952,22,22.584866
-2.5808327,23,22.584909
-2.9546485,24,22.585872
-3.043597,23,22.590804
-2.7025049,21,22.59333
-3.1031208,24,22.594586
-3.0396833,22,22.596799
-3.5852644,23,22.596839
-3.6411672,22,22.610215
-2.9832718,24,22.612936
-3.0078216,23,22.612974
-2.7691057,24,22.620224
-2.9973412,22,22.623941
-2.567734,25,22.623986
-2.9544494,23,22.625227
-2.6833844,27,22.627919
-2.6251178,21,22.635562
-2.868397,21,22.637491
-2.4374669,23,22.639651
-3.3600194,20,22.645351
-2.7275457,24,22.646315
-3.1989455,26,22.651249
-2.4005592,25,22.651299
-2.6113563,24,22.652722
-2.2477193,22,22.659673
-2.6718493,24,22.659709
-3.267585,22,22.661949
-3.331087,20,22.665771
-2.8493185,21,22.667896
-3.423547,19,22.670947
-3.3350635,21,22.673148
-2.7576683,21,22.674101
-3.2979746,21,22.682483
-2.9164956,23,22.68253
-2.7754514,22,22.686847
-3.1250927,29,22.688245
-2.4488523,22,22.689608
-3.0298648,23,22.693873
-2.5897412,23,22.69569
-2.3823502,25,23.251356
-2.4538503,22,23.256745
-3.0668342,24,23.258527
-2.4104612,24,23.263273
-2.5627275,23,23.2633
-2.3318748,24,23.265086
-2.3115537,22,23.268478
-1.9351184,26,23.270511
-2.2654877,24,23.2731
-2.179522,25,23.278973
-2.199698,24,23.27993
-2.703995,22,23.28264
-2.4318175,23,23.283552
-2.5995564,23,23.285279
-2.9186857,21,23.286964
-2.740844,21,23.291185
-3.1595213,26,23.293099
-2.7082865,25,23.301021
-2.637856,26,23.302815
-2.525886,23,23.302836
-2.7542994,22,23.304538
-2.5844934,24,23.30456
-2.020746,25,23.308737
-2.6870203,22,23.310414
-2.5981534,22,23.312218
-2.0039663,22,23.321304
-3.1166437,24,23.323085
-2.8766243,22,23.323104
-2.358175,27,23.323959
-1.9279971,25,23.32569
-2.3876696,24,23.329246
-1.7426331,27,23.333561
-2.0096717,25,23.333597
-2.357037,22,23.340326
-2.7156198,21,23.341256
-2.6960218,23,23.343849
-1.8104798,24,23.343872
-2.400229,24,23.34676
-3.0290153,24,23.350328
-2.7276416,22,23.352914
-2.8368742,22,23.352966
-2.4704485,23,23.360729
-2.1823995,23,23.364129
-2.6343448,23,23.364152
-3.6454058,27,23.365029
-2.4972796,22,23.365935
-2.4714303,25,23.372185
-1.8527569,26,23.375693
-2.7709825,27,23.376617
-2.5184958,20,23.381598
-2.1507614,25,23.382584
-2.6005778,23,23.384452
-3.102407,23,23.385393
-2.4418552,23,23.386309
-2.7547867,24,23.393129
-3.2681098,22,23.394841
-2.3913803,25,23.398251
-2.8310819,23,23.401659
-2.239503,23,23.40252
-1.844446,23,23.404342
-3.0811932,22,23.405218
-2.2690122,24,23.406076
-2.3611522,24,23.414069
-2.2184458,24,23.415783
-3.2309475,22,23.42179
-3.1458306,27,23.421816
-2.4935353,24,23.422697
-2.2531009,24,23.425274
-2.265411,25,23.427014
-1.8078965,24,23.427036
-2.6962864,21,23.432308
-2.9770627,23,23.43568
-2.2668862,22,23.440777
-2.2065675,24,23.442602
-2.9619355,25,23.444314
-2.2412891,23,23.44526
-2.7235014,22,23.446159
-2.411957,25,23.449449
-2.668283,23,23.454616
-2.3338637,24,23.460907
-2.2685473,21,23.464489
-2.324413,22,23.468115
-2.8092084,22,23.47172
-2.675525,24,23.474643
-2.8388145,27,23.475547
-2.19012,23,23.476445
-2.2575579,22,23.479062
-2.5221505,22,23.48335
-2.8602695,22,23.488465
-1.8419607,26,23.489339
-2.3611124,25,23.493631
-2.4758308,23,23.494617
-2.4592235,24,23.497257
-3.0326228,26,23.498134
-2.5017338,22,23.502362
-2.0442486,28,23.503354
-2.7638383,22,23.507696
-2.8623624,25,23.511077
-2.282394,25,23.515296
-2.3797772,24,23.515315
-2.5569131,22,23.517024
-2.7527957,23,23.517043
-2.748241,25,23.523812
-3.1594872,25,23.524733
-1.7994773,24,23.528421
-2.7655375,22,23.530113
-2.1725159,22,23.534917
-1.811163,23,23.536265
-3.0342443,22,23.537606
-2.5061293,22,23.537634
-2.7438436,22,23.546937
-2.411016,23,23.54877
-2.5005245,23,23.552635
-2.6583343,24,23.555869
-2.8845773,23,23.560833
-2.879445,22,23.562087
-2.8717175,24,23.563433
-2.5795763,24,23.564858
-2.693943,23,23.572314
-2.3186505,23,23.574269
-2.7900114,26,23.580236
-2.6566896,25,23.581958
-3.4208355,21,23.58198
-2.4915745,21,23.58379
-3.496115,25,23.586342
-2.2144914,25,23.588038
-2.3949594,24,23.593474
-2.4884255,28,23.598519
-2.2705388,24,23.60294
-2.1080894,26,23.602968
-1.6877542,25,23.603848
-2.7474341,25,23.605529
-2.0995848,23,23.606421
-2.555363,22,23.607369
-1.927758,25,23.615023
-2.7985682,23,23.618486
-2.4452412,23,23.622838
-2.3500237,23,23.622869
-2.5771718,23,23.623762
-2.7723863,22,23.624676
-2.2926311,22,23.625576
-2.5906484,23,23.627269
-3.0201688,22,23.634223
-2.674631,25,23.640188
-2.7624817,21,23.6411
-2.6338332,22,23.642959
-1.4129725,25,23.644836
-2.5029836,25,23.646562
-2.1252196,25,23.6474
-1.9287866,27,23.650859
-2.643107,23,23.654439
-2.9536786,23,23.660466
-2.2932663,23,23.661471
-2.4276981,21,23.663252
-2.4269576,23,23.663271
-2.994783,22,23.665817
-2.5241413,25,23.669204
-3.0664492,22,23.670115
-2.122135,24,23.675304
-2.819761,21,23.681107
-2.9827178,26,23.68313
-2.263485,25,23.683165
-1.8221197,24,23.684091
-1.6326703,23,23.685796
-2.746203,25,23.69093
-2.380188,26,23.692669
-2.2848496,26,23.698034
-3.351193,21,23.69984
-2.6473954,21,23.70171
-2.7474413,22,23.7026
-2.2139602,24,23.705295
-2.579785,25,23.707813
-2.8663278,22,23.712041
-2.4624736,25,23.712982
-3.1308334,21,23.718332
-2.6688035,23,23.718373
-2.3748326,22,23.72095
-2.6467938,22,23.721972
-2.5474694,24,23.726584
-1.6530145,22,23.727495
-3.155283,22,23.73243
-3.0140128,24,23.733329
-2.5807538,23,23.740974
-2.2646072,23,23.741941
-3.7249434,28,23.74288
-2.4407701,28,23.7429
-3.2238278,25,23.749032
-2.5286353,25,23.750169
-2.6636503,23,23.754366
-2.2293181,24,23.756438
-3.0150979,21,23.764391
-2.6856499,24,23.765488
-2.5097127,24,23.767676
-2.1768382,27,23.770163
-2.8957295,23,23.773851
-2.5738697,22,23.77388
-2.308326,25,23.781051
-3.0512638,25,23.782849
-2.1807456,23,23.788181
-2.6806464,23,23.78912
-2.9562068,24,23.791698
-2.9190855,22,23.791716
-2.7123187,22,23.794302
-1.9145067,25,23.797075
-3.104103,23,23.801268
-2.5032773,22,23.802158
-3.2418828,22,23.80719
-2.8822591,21,23.807216
-2.7369533,23,23.811647
-2.5542529,23,23.811684
-2.6348112,22,23.813346
-2.9111784,24,23.817664
-2.6417046,23,23.821084
-1.7023035,26,23.824548
-2.4861114,24,23.828248
-2.4636405,25,23.829136
-2.6445076,22,23.830875
-2.332552,23,23.831718
-2.7095387,24,23.834229
-3.1131475,23,23.837657
-2.661709,21,23.842649
-2.0085485,26,23.843609
-3.060472,23,23.848621
-3.9137466,24,23.848642
-2.5393443,23,23.851673
-2.399254,24,23.85171
-2.4583755,23,23.855073
-3.2452588,20,23.856163
-3.1332588,21,23.862822
-2.085835,24,23.865123
-2.4358044,22,23.869807
-2.5328007,22,23.869836
-2.5429955,23,23.873319
-2.42091,21,23.874273
-2.2862654,26,23.876294
-1.9162121,25,23.879062
-2.8851573,22,23.88325
-2.4148955,23,23.886564
-2.7819045,21,23.89022
-2.7037177,22,23.891357
-1.9164431,26,23.898832
-1.9480895,25,23.898865
-2.181023,24,23.899758
-1.7519557,25,23.903365
-2.7391665,23,23.905928
-2.0601945,23,23.908528
-2.2317142,20,23.909518
-2.0194683,24,23.912031
-3.446963,23,23.91919
-2.213509,24,23.92017
-2.1582856,23,23.920197
-3.2805777,23,23.923551
-2.8218074,22,23.925197
-2.563466,25,23.930071
-2.349232,24,23.930092
-2.0385633,26,23.934241
-2.3496046,23,23.939219
-3.5090346,24,23.940226
-2.4846687,25,23.940248
-2.7099783,23,23.942963
-1.9317734,23,23.9447
-2.5374367,24,23.950665
-2.3686633,27,23.953257
-2.311849,27,23.957811
-2.6805305,22,23.958803
-2.8850932,19,23.95967
-2.14745,24,23.961458
-2.075047,24,23.961498
-2.680121,25,23.966539
-2.6287303,23,23.970647
-2.1121988,24,23.974149
-2.553807,22,23.977675
-3.0344582,22,23.978573
-2.4784942,22,23.980339
-2.022516,29,23.982855
-2.4849315,27,23.984552
-2.3352625,23,23.986491
-2.4490016,24,23.991432
-2.3559158,22,23.993194
-2.2454267,22,23.996584
-2.8702254,22,23.99746
-2.2282836,23,24.000235
-2.0325074,25,24.004405
-3.0147197,22,24.00533
-1.9434032,26,24.00706
-2.6461368,25,24.012929
-2.965975,24,24.01388
-2.7434769,22,24.015776
-2.5729702,23,24.017721
-2.7449749,20,24.01775
-2.4975345,23,24.02524
-1.9535412,26,24.026926
-2.874131,24,24.027793
-3.1820054,22,24.033411
-2.3135138,24,24.034561
-2.929284,21,24.034598
-2.6679797,22,24.037352
-2.0280666,23,24.038212
-2.4946265,22,24.047064
-2.369843,25,24.048155
-2.6151311,21,24.052351
-4.8026795,28,24.053317
-1.9767363,23,24.0552
-2.2773595,25,24.056957
-3.5717535,23,24.057918
-2.1602998,24,24.059777
-1.9136119,25,24.071579
-1.7469193,24,24.071636
-2.707692,21,24.074435
-2.36936,23,24.075352
-2.4543004,24,24.07948
-2.6182058,22,24.079539
-2.6519575,24,24.083089
-2.4885645,23,24.08416
-2.780185,24,24.096121
-2.2395902,25,24.097122
-2.679747,22,24.098065
-3.7388372,27,24.10173
-2.855997,24,24.103502
-2.270907,25,24.104386
-3.2036445,23,24.105263
-2.5964227,23,24.106401
-2.2884035,23,24.116798
-2.5557392,24,24.120027
-2.098315,26,24.121126
-2.8802304,23,24.122932
-2.893576,21,24.124636
-2.7961125,23,24.12552
-2.1591249,26,24.127311
-2.4860547,23,24.127334
-2.3865194,24,24.139228
-2.046663,23,24.141266
-2.5624177,23,24.142199
-2.9153757,22,24.143087
-2.4878483,24,24.147559
-2.2775068,22,24.147587
-1.8933287,27,24.149292
-2.9079213,25,24.150477
-2.6103003,22,24.159633
-2.9182324,20,24.15967
-3.4411445,23,24.163004
-2.6815434,25,24.166122
-2.8057292,22,24.167936
-2.6812003,24,24.169905
-3.0831594,23,24.170798
-2.122524,25,24.174122
-2.6573415,23,24.182715
-2.1845098,25,24.185171
-2.1607275,23,24.187735
-2.7403498,25,24.193497
-1.756634,24,24.194539
-2.749445,23,24.19554
-2.5099823,27,24.200188
-3.0447974,25,24.20111
-2.2969794,21,24.206741
-2.4764025,25,24.208712
-3.0249188,22,24.20959
-2.666128,22,24.21483
-2.2810717,25,24.216745
-2.2605708,24,24.217761
-2.4639952,22,24.220376
-2.6731796,23,24.222298
-2.8758006,22,24.22653
-2.4440174,25,24.230806
-2.3176827,24,24.230832
-3.2094421,20,24.232503
-2.298474,24,24.237636
-3.024425,22,24.239406
-2.0833535,26,24.240275
-3.549836,23,24.242055
-2.032656,26,24.248698
-2.7699137,22,24.251276
-2.228904,25,24.252185
-2.6220307,26,24.253074
-3.5407107,24,24.258202
-2.409573,22,24.258228
-2.70809,25,24.261546
-2.6172936,26,24.26447
-1.6955801,24,24.269705
-2.743802,21,24.270612
-2.1370993,23,24.271487
-2.255442,24,24.274011
-2.9146907,20,24.275689
-2.7118108,26,24.28069
-2.6751232,23,24.284124
-2.3010159,27,24.285016
-2.67247,21,24.288488
-2.1229827,22,24.28851
-2.8052418,24,24.291843
-2.204282,24,24.294411
-2.1055214,26,24.29792
-1.93471,25,24.302209
-2.7780452,23,24.304776
-2.8613586,24,24.304797
-2.8601491,24,24.309094
-2.5877366,24,24.309124
-2.4013553,25,24.313324
-2.114221,26,24.316781
-2.367721,25,24.319285
-2.9060755,20,24.319305
-2.525638,23,24.324325
-2.5106227,27,24.327851
-2.3381627,22,24.327879
-2.7413125,26,24.331267
-2.564079,22,24.335499
-2.337931,26,24.335522
-2.4280272,21,24.337215
-2.1842196,23,24.338886
-2.966989,22,24.34306
-3.1619468,22,24.346506
-2.670167,24,24.348169
-2.0764232,25,24.352461
-2.087813,24,24.355888
-1.9277884,24,24.357557
-2.774906,26,24.35758
-3.4417002,23,24.358451
-3.7930572,26,24.365374
-2.3055844,22,24.365404
-3.388157,24,24.369071
-1.956531,24,24.373362
-2.678749,21,24.376874
-2.617732,25,24.377803
-2.6525097,24,24.378695
-2.5687687,24,24.378723
-2.9063284,20,24.383634
-3.1837556,22,24.385356
-2.8641584,25,24.391142
-2.535569,24,24.394764
-1.955365,22,24.396513
-2.26586,23,24.399041
-2.0734124,25,24.399966
-2.106978,24,24.399986
-2.6828392,22,24.404301
-1.9954301,25,24.40523
-2.420836,25,24.412896
-2.397502,23,24.414752
-1.9875556,23,24.416532
-2.8081489,22,24.418201
-2.2732213,24,24.420776
-2.868167,26,24.422545
-3.310501,23,24.424331
-1.8494029,24,24.426189
-2.9852433,21,24.431294
-2.6197643,22,24.434037
-1.8637923,25,24.43839
-2.7172873,25,24.440076
-2.5970688,22,24.440096
-2.1582713,25,24.444232
-3.58873,24,24.445097
-2.221717,26,24.448474
-2.5561173,21,24.449331
-2.7539256,24,24.454392
-2.8213053,22,24.458571
-2.5695603,24,24.458599
-2.4417846,25,24.461137
-1.9801232,26,24.466074
-1.948165,25,24.466103
-1.5851117,23,24.467805
-2.3581915,23,24.468663
-2.8118458,22,24.472911
-2.6546123,21,24.476376
-2.8671765,21,24.478861
-2.2814817,26,24.480664
-2.4368591,23,24.48582
-2.3951392,22,24.486693
-2.1862428,25,24.487596
-2.124257,26,24.490911
-3.2550101,21,24.490934
-3.0016582,21,24.494247
-2.5001764,21,24.498445
-2.0898657,25,24.500137
-2.4089684,23,24.50521
-2.3942385,23,24.506093
-2.6728373,21,24.508787
-3.4768186,25,24.50881
-2.8214684,21,24.508823
-2.3448691,24,24.514511
-2.3797073,23,24.519552
-3.212547,25,24.519578
-3.1404576,20,24.52291
-2.6569407,23,24.524805
-2.8108726,22,24.527454
-1.7925866,23,24.528409
-2.4338417,25,24.53013
-2.200582,25,24.535986
-2.820982,24,24.54016
-3.5514731,24,24.540182
-2.8414216,22,24.541905
-2.845911,24,24.545294
-2.1677184,25,24.548613
-2.9366417,25,24.549677
-1.6830078,23,24.5497
-3.0518286,25,24.557371
-2.8328533,21,24.558288
-1.291814,25,24.561635
-1.9813926,24,24.562613
-2.166028,23,24.565085
-2.834019,21,24.567649
-2.414894,24,24.569351
-2.4066465,23,24.569368
-2.5391922,23,24.576934
-2.91387,24,24.578659
-2.812526,25,24.583715
-2.4670503,26,24.583737
-2.8521476,23,24.584555
-2.5976758,23,24.587123
-2.2339811,22,24.588111
-2.6500905,25,24.590757
-2.7220554,25,24.598699
-2.6796336,25,24.60055
-2.7943294,23,24.603883
-2.49633,25,24.605608
-2.998074,24,24.605628
-2.5547535,23,24.607344
-2.7700293,23,24.608221
-3.1201932,22,24.610079
-2.4255307,25,24.620176
-2.0359762,23,24.620197
-2.8843398,21,24.623545
-2.4790964,24,24.624464
-2.6688974,21,24.625335
-2.9682477,25,24.627025
-2.486523,24,24.628733
-2.375761,23,24.629655
-3.225737,22,24.638772
-2.2607536,25,24.641342
-2.6433084,24,24.64391
-2.4740858,26,24.646757
-2.5505695,25,24.646784
-2.4518678,24,24.649303
-2.8499353,26,24.649321
-3.2814167,23,24.649331
-2.6772037,22,24.657888
-2.7174854,22,24.660484
-2.5791595,22,24.663077
-2.8170576,23,24.666521
-1.9770068,25,24.668263
-2.9121814,22,24.668283
-2.741665,24,24.669991
-2.4246755,25,24.670886
-2.0450773,26,24.68072
-2.0757456,25,24.6826
-2.4215927,24,24.684316
-3.1218855,23,24.687137
-2.5882163,23,24.689449
-2.5601158,24,24.690601
-2.5569086,22,24.690645
-2.6890478,22,24.691643
-3.2169,22,24.701569
-2.6612291,23,24.704584
-2.1659682,23,24.706469
-3.0080523,21,24.709893
-2.6247945,24,24.709921
-2.347096,22,24.711903
-2.6897569,23,24.711933
-2.6521482,24,24.711943
-2.0773206,27,24.725539
-2.4944572,23,24.726477
-2.1238027,26,24.727365
-2.4069066,23,24.729982
-2.9100082,22,24.730866
-2.0689092,26,24.732673
-3.7173345,24,24.732695
-2.9017901,25,24.733632
-2.6197047,22,24.74549
-2.8429523,21,24.745519
-2.0508704,26,24.748022
-2.5640414,23,24.749719
-2.2984424,25,24.75229
-2.7091577,23,24.752313
-3.0297318,23,24.753179
-2.357058,27,24.755686
-2.8232772,21,24.763058
-2.3136945,26,24.767357
-2.5210161,22,24.768251
-2.177248,25,24.769102
-2.0929656,21,24.770985
-2.2510316,23,24.771916
-2.4946713,25,24.773607
-1.8523896,27,24.778593
-2.6492658,24,24.783589
-2.8583477,21,24.785352
-2.3952272,25,24.789894
-2.8569896,25,24.790793
-2.8636644,23,24.791825
-2.7242384,25,24.792681
-2.7366147,24,24.79435
-2.523964,23,24.798997
-2.5533261,25,24.805828
-2.558303,23,24.805877
-3.0945504,23,24.810311
-2.3595939,24,24.812537
-1.9423898,24,24.813639
-2.297362,22,24.814794
-2.6691957,28,24.81825
-2.7164598,22,24.819152
-3.207447,22,24.826007
-2.2594175,23,24.82691
-2.3629632,24,24.832104
-2.4622183,25,24.834649
-2.3471658,24,24.834676
-1.9705927,24,24.835634
-2.1624568,25,24.840007
-1.912108,27,24.842752
-2.5592158,23,24.846993
-2.2509382,26,24.848794
-2.3794503,22,24.851334
-2.515191,24,24.855454
-2.4858687,25,24.85638
-3.5106342,21,24.858062
-1.6931862,26,24.858084
-2.4746866,23,24.862216
-1.997108,23,24.866336
-2.4958541,23,24.868152
-2.5164938,23,24.870639
-3.3735044,22,24.874118
-2.5436006,26,24.878414
-2.1888194,24,24.87844
-2.2398872,25,24.879432
-2.6186361,24,24.882803
-3.3135793,25,24.887793
-2.5581737,23,24.887838
-2.5350144,22,24.889531
-1.9197009,25,24.895302
-3.0196424,22,24.89702
-3.1992385,22,24.897039
-2.3304522,24,24.899568
-2.2163398,25,24.90399
-2.5560555,22,24.906546
-2.9007168,23,24.907448
-3.8900828,26,24.911575
-2.2142012,22,24.914163
-2.9037852,21,24.915043
-2.0889509,23,24.916805
-3.97522,25,24.921134
-2.4889317,25,24.925389
-2.2380898,22,24.925422
-2.9873123,23,24.92724
-2.8921852,23,24.931467
-2.8981967,22,24.93393
-2.495199,24,24.934797
-2.603437,23,24.936678
-2.1989074,24,24.941741
-2.360246,22,24.944476
-2.5304723,24,24.946198
-2.547815,24,24.948019
-2.4552083,23,24.951544
-3.0671778,22,24.955983
-2.5483131,25,24.956005
-2.5638323,25,24.956867
-2.1609044,23,24.962214
-2.8723493,24,24.965755
-2.194348,24,24.967468
-2.6040492,23,24.96834
-2.7828324,23,24.971876
-2.71596,22,24.975988
-2.5613785,26,24.978533
-2.2187862,28,24.980185
-2.9200864,23,24.98191
-2.8285909,22,24.984568
-2.4761238,24,24.988112
-2.1493201,24,24.989021
-2.1477647,23,24.991762
-2.432819,25,24.99823
-2.9916253,23,24.999419
-2.5293722,25,25.004789
-2.389048,27,25.004819
-2.3375201,22,25.004829
-3.0730703,22,25.009214
-3.1475248,26,25.011931
-2.398591,23,25.012891
-3.119752,21,25.017156
-3.032986,22,25.018853
-2.5380006,23,25.024772
-2.4447231,24,25.025691
-1.955819,25,25.026582
-2.2760782,24,25.030064
-2.5740108,22,25.031749
-2.6279614,23,25.031768
-2.643802,23,25.038467
-2.5013008,23,25.040357
-2.2907126,23,25.04614
-2.5224507,23,25.047855
-3.8238854,24,25.047879
-1.8549143,24,25.053104
-2.9170957,22,25.05314
-2.4846694,24,25.054943
-3.6554036,22,25.058317
-3.167167,21,25.059293
-2.6552548,23,25.067135
-2.544891,23,25.068876
-3.1115725,23,25.068899
-2.2037818,21,25.07142
-2.6332197,21,25.071439
-2.526868,25,25.076664
-2.9109309,21,25.077579
-2.491099,25,25.627689
-2.3124304,22,25.635792
-2.5910578,24,25.635835
-2.6316564,25,25.638387
-2.7225924,23,25.639297
-2.0319617,25,25.641137
-2.68535,23,25.644572
-2.02379,24,25.646284
-1.9693625,25,25.649705
-2.6341763,22,25.654967
-2.127512,25,25.657948
-2.4754174,25,25.660522
-2.6622138,23,25.661404
-1.8549802,26,25.662309
-2.2772553,23,25.664782
-1.5786753,25,25.668249
-2.5846522,24,25.670764
-2.108946,26,25.677478
-2.2825673,25,25.679203
-2.1372726,24,25.681816
-2.6051126,25,25.681835
-2.0753875,24,25.68273
-2.968083,20,25.685384
-2.6208282,24,25.685406
-1.9501414,24,25.691205
-3.3083897,26,25.700456
-2.760519,24,25.700482
-2.5570176,25,25.70507
-2.6488385,26,25.705088
-2.2840996,26,25.705097
-2.5151768,24,25.706894
-1.7330161,25,25.707808
-2.8631313,23,25.712107
-2.6002278,23,25.720604
-2.8557053,23,25.720633
-2.4870954,23,25.724865
-2.6027923,23,25.724892
-2.2153435,24,25.725771
-2.4394515,26,25.72913
-2.4386606,26,25.730036
-2.2072427,24,25.732715
-2.3587255,24,25.741529
-3.4703703,24,25.741557
-2.724623,23,25.744901
-2.63665,22,25.744926
-2.127494,24,25.745934
-2.4183633,25,25.751025
-1.8848381,26,25.752726
-1.946351,28,25.757335
-2.4339895,22,25.760703
-1.9158027,24,25.762379
-2.3439965,24,25.76568
-2.5913754,24,25.765704
-2.1992238,27,25.769077
-2.3510427,25,25.772432
-2.207345,24,25.773293
-2.4593146,23,25.776797
-2.5473187,24,25.781185
-2.3856535,24,25.782902
-1.9658961,23,25.785546
-3.0075288,25,25.787227
-1.8947397,22,25.788129
-2.010874,23,25.792303
-2.0593367,24,25.794204
-3.0045118,23,25.796885
-2.0959864,23,25.803032
-2.053469,25,25.803083
-1.9811728,25,25.807359
-2.4540465,23,25.80738
-1.4193617,27,25.811565
-2.4248261,23,25.814064
-2.604509,25,25.814087
-2.2408032,27,25.82001
-2.3428197,24,25.823542
-1.9023845,26,25.825261
-2.286924,23,25.827018
-3.3611996,25,25.828758
-2.864119,23,25.833862
-1.9176462,26,25.833892
-2.8167305,23,25.833902
-2.4103112,25,25.841944
-2.0403936,22,25.844495
-2.0081236,26,25.846341
-3.0428874,23,25.847309
-2.7043364,24,25.85007
-2.4816346,23,25.854305
-2.3990328,25,25.856191
-2.443421,25,25.856213
-2.6662621,22,25.865424
-2.0244966,28,25.866356
-2.3767667,25,25.866377
-2.2661219,23,25.867279
-2.3007936,23,25.869821
-2.7354918,21,25.872343
-2.4876328,23,25.875892
-2.1864514,24,25.876886
-2.4891915,23,25.886072
-2.1476424,23,25.88702
-2.0888186,26,25.887887
-2.4514515,27,25.889734
-2.4163196,25,25.891454
-2.1842356,25,25.894031
-2.8621101,23,25.896877
-1.7151983,25,25.897755
-2.62017,24,25.907131
-2.057898,25,25.90886
-2.5130663,26,25.910691
-1.5691756,25,25.911644
-2.7516367,21,25.912602
-2.4094753,24,25.912619
-2.898613,21,25.916057
-3.0243466,25,25.918639
-3.0788846,21,25.925444
-2.1028001,25,25.932423
-3.1986213,27,25.932447
-2.7046692,25,25.933402
-2.0409226,24,25.933422
-1.6834383,26,25.935132
-2.2605083,24,25.93697
-2.3772864,23,25.938734
-2.197183,24,25.946478
-2.1476028,23,25.952518
-1.7548715,23,25.953411
-1.865035,25,25.956954
-2.6258192,23,25.956982
-2.1296217,28,25.956992
-2.1528854,28,25.957876
-2.3356743,24,25.959699
-2.1230502,24,25.967129
-1.8528805,25,25.97395
-2.5532973,25,25.974859
-2.471653,22,25.975785
-2.6369867,22,25.975812
-1.8965619,26,25.979355
-2.5471,25,25.979379
-2.9098518,23,25.979388
-1.9248496,24,25.987665
-2.0443287,22,25.992777
-2.4747748,24,25.996123
-2.5637896,25,25.996145
-3.169342,22,25.997877
-1.8020085,27,25.998853
-2.300718,23,25.998871
-2.3858042,26,26.001406
-2.6718411,24,26.007985
-2.2097979,24,26.013318
-2.0258684,21,26.01421
-2.346762,23,26.01616
-2.3096411,22,26.017957
-1.9981897,24,26.018838
-2.0323606,26,26.021448
-2.3170338,25,26.023147
-2.2406595,26,26.030886
-2.170608,24,26.034354
-2.0913653,24,26.035245
-1.8878934,24,26.038855
-2.4076648,26,26.038882
-2.279015,25,26.040601
-2.6425345,24,26.04245
-2.2870636,23,26.043346
-2.0352361,25,26.052698
-1.9477626,25,26.056266
-2.7343683,21,26.057123
-2.4671881,26,26.057976
-2.355072,23,26.058819
-2.5863867,22,26.059654
-1.9273098,24,26.063225
-2.7797246,26,26.0658
-2.0939434,25,26.074166
-2.7543314,24,26.07674
-2.5114167,25,26.07849
-2.841025,24,26.079333
-1.7951343,24,26.08018
-2.2609527,26,26.080196
-2.665736,22,26.082028
-2.458796,24,26.086543
-2.6067016,22,26.09318
-1.9167491,24,26.097419
-2.4145365,23,26.098324
-2.73158,22,26.099207
-1.7527643,24,26.100972
-2.9753928,23,26.101925
-1.808275,26,26.10195
-2.5372355,23,26.106291
-2.3126736,26,26.115715
-2.4751415,24,26.118337
-2.9620862,23,26.119185
-2.503347,26,26.120938
-2.4821503,23,26.121838
-2.2706087,24,26.122741
-2.2482135,26,26.123704
-2.5556479,23,26.126232
-2.570408,22,26.134516
-2.1852558,23,26.138785
-2.2560973,25,26.139629
-2.8149524,22,26.140586
-2.6459632,23,26.140618
-1.7862253,26,26.144902
-2.1864004,26,26.145789
-2.328536,24,26.14677
-2.4972022,23,26.154318
-2.4449468,24,26.159473
-2.8818307,23,26.159498
-3.0010073,22,26.159508
-2.3677683,24,26.161308
-2.9043615,23,26.165511
-2.2772036,24,26.165531
-3.3696587,23,26.166428
-2.1035538,23,26.173887
-1.9325118,23,26.179117
-1.9476854,23,26.179149
-2.5731578,24,26.181678
-1.8576784,26,26.181699
-2.5779133,22,26.184249
-2.6012707,22,26.184266
-2.2647662,24,26.187005
-1.9496701,23,26.193657
-2.8413792,23,26.199468
-2.5296025,22,26.201309
-2.6825495,23,26.202291
-2.6136518,20,26.202309
-1.5700421,26,26.202318
-2.1839585,25,26.206968
-3.0213394,25,26.209882
-1.8733895,27,26.219134
-2.5693338,22,26.221932
-2.2971165,24,26.221957
-2.0638244,24,26.224665
-2.2009804,25,26.225608
-2.727559,22,26.227332
-2.269777,27,26.227359
-2.2235613,25,26.232909
-2.0080576,23,26.239984
-2.4139705,22,26.24185
-2.4905365,24,26.24362
-2.9801111,21,26.246161
-2.36934,25,26.248034
-1.6466963,25,26.249876
-1.9003129,28,26.249894
-2.42328,23,26.253194
-2.6112175,22,26.260966
-2.6776228,25,26.261856
-2.5246167,20,26.265293
-2.135013,26,26.266182
-1.6949493,26,26.26868
-1.9901822,23,26.269581
-2.855472,23,26.269598
-2.5787396,24,26.273763
-2.2758336,24,26.282461
-1.8784132,25,26.28249
-2.8299417,22,26.28431
-1.8819036,26,26.288685
-2.4351318,24,26.289614
-2.1846883,23,26.289632
-2.1194148,24,26.290489
-2.116295,25,26.296004
-2.1035721,24,26.303446
-2.250501,25,26.30443
-2.3843765,26,26.306986
-2.1480408,22,26.307955
-2.3293686,24,26.310522
-2.1484601,24,26.311401
-1.6651382,27,26.313244
-2.3116572,25,26.317409
-2.6133535,22,26.323523
-2.6849418,23,26.32356
-2.320994,23,26.327018
-2.7684789,22,26.327047
-2.1799657,23,26.33066
-2.0280707,25,26.333541
-2.7205734,23,26.333562
-1.5853745,24,26.338614
-2.9646158,25,26.345364
-2.7332928,22,26.346347
-2.6528215,27,26.347218
-1.9889151,25,26.348881
-2.061408,26,26.353024
-2.0872378,24,26.353927
-2.0315702,25,26.354844
-2.8871143,21,26.356533
-2.3847446,22,26.364295
-2.072445,23,26.366253
-2.2515135,24,26.367961
-2.6219318,23,26.368906
-3.0000687,22,26.373208
-2.4077313,26,26.375962
-2.2942462,25,26.376827
-1.886638,27,26.3802
-2.3693802,24,26.385172
-2.596857,22,26.385197
-2.25189,24,26.389406
-2.3547325,28,26.391941
-2.7531834,24,26.393727
-2.3948948,21,26.393752
-2.1933851,21,26.39474
-2.4550953,26,26.402395
-2.5297701,23,26.404907
-2.5674703,25,26.406611
-2.224877,22,26.410743
-1.4435692,26,26.411616
-1.9825661,24,26.414129
-1.9296026,25,26.416103
-1.5290515,32,26.422348
-2.3747122,23,26.423259
-2.054605,25,26.427584
-2.3968267,25,26.429356
-1.959159,25,26.434091
-2.8045964,24,26.43413
-1.9263403,25,26.437752
-1.8989179,23,26.437786
-2.4060547,24,26.44492
-2.5256617,21,26.447168
-1.9030793,27,26.447203
-2.3694608,24,26.45146
-2.9734533,26,26.457827
-2.4233673,26,26.457874
-2.502289,23,26.458915
-1.973086,25,26.461004
-2.6575377,22,26.467103
-2.1848512,24,26.467136
-1.9991348,24,26.468818
-2.7345812,22,26.471431
-2.7138367,22,26.478807
-2.2145362,24,26.48174
-2.4743328,22,26.48285
-2.8399625,26,26.485227
-2.2994065,23,26.493342
-1.9561472,24,26.494608
-2.4622536,26,26.49967
-2.2480516,25,26.502526
-2.3665314,24,26.511067
-2.0695086,23,26.51271
-1.901362,25,26.517123
-2.3172474,23,26.517168
-2.2846563,24,26.525746
-3.0504768,24,26.526933
-2.6126397,23,26.530703
-2.7422686,22,26.532125
-2.6972108,23,26.544131
-2.0439634,25,26.545452
-1.559134,25,26.550282
-2.4197497,25,26.550341
-2.499033,24,26.559013
-2.116695,26,26.560228
-2.2725673,22,26.561514
-2.4580703,24,26.562771
-2.406142,23,26.570351
-2.7799718,25,26.573029
-2.4292614,23,26.574758
-2.4343834,25,26.576686
-2.4432635,22,26.581078
-2.722468,21,26.582304
-2.674894,22,26.582327
-2.304928,25,26.583307
-2.6864533,22,26.590219
-2.6228158,22,26.592864
-2.2892418,24,26.596251
-2.6621275,22,26.596276
-2.6105351,22,26.601401
-2.1630526,24,26.6023
-2.5901926,23,26.603225
-1.9518973,28,26.606529
-2.7605598,23,26.60983
-1.8483754,23,26.612367
-1.7831794,23,26.615942
-2.245084,24,26.616844
-2.2473319,23,26.62111
-2.3102918,25,26.623664
-1.7845352,28,26.627075
-1.9956636,25,26.627962
-2.4299507,23,26.629731
-2.602935,24,26.633331
-2.1112251,23,26.636659
-3.4120264,27,26.639334
-2.5045936,22,26.640198
-2.2122138,24,26.644473
-2.9225845,23,26.647883
-1.3120337,26,26.649552
-2.3386471,24,26.650419
-2.7510686,24,26.65376
-2.521379,23,26.656284
-2.24396,22,26.658061
-1.7794864,26,26.662354
-2.181047,25,26.66584
-1.5947778,26,26.67003
-3.090637,24,26.670049
-1.7069576,25,26.671764
-1.9685961,23,26.673529
-2.387378,27,26.679452
-3.0344906,26,26.68045
-3.0602584,22,26.681311
-3.1420193,24,26.686454
-2.7431116,20,26.68737
-2.290849,23,26.691589
-1.8104575,26,26.692547
-2.6030445,22,26.69257
-2.4384053,23,26.700507
-2.171663,25,26.701383
-2.2605886,27,26.704991
-2.421098,24,26.707742
-2.7089925,27,26.711223
-1.6723483,24,26.712927
-1.9268796,24,26.71378
-2.381648,25,26.714624
-2.7580419,22,26.719876
-2.0325806,25,26.723483
-2.5518966,24,26.72626
-2.531067,21,26.730137
-2.439096,25,26.730165
-2.0914164,25,26.735579
-2.324636,24,26.735603
-2.6700575,23,26.735612
-2.6534038,26,26.74392
-2.716183,24,26.749176
-1.7365835,27,26.749217
-2.6119294,25,26.754211
-1.6846483,26,26.755195
-2.8716092,22,26.757648
-2.2624555,24,26.759936
-2.6832502,24,26.759958
-2.5246804,21,26.765982
-1.8965366,23,26.772328
-3.0853686,25,26.774164
-2.7324486,23,26.777554
-2.3734715,26,26.779263
-2.2822053,24,26.781788
-1.929734,26,26.781808
-2.260585,27,26.784547
-2.1621385,25,26.788199
-2.430904,24,26.793234
-2.5252056,24,26.794935
-1.809258,24,26.798531
-2.1492512,23,26.799426
-2.1479535,22,26.801268
-2.2869515,26,26.804723
-2.176714,26,26.807241
-2.380682,24,26.809105
-2.2368786,25,26.815026
-2.3201468,24,26.815958
-2.3363981,23,26.819399
-1.6707225,27,26.822115
-2.013366,24,26.82214
-1.9487727,25,26.826408
-1.8379527,25,26.829047
-2.0471206,24,26.829966
-2.079944,22,26.83425
-3.19847,24,26.836852
-2.2028227,23,26.839451
-2.6466002,22,26.841194
-3.365603,26,26.844595
-2.6069717,23,26.846282
-2.4295158,24,26.849595
-2.4356654,24,26.850492
-2.650946,25,26.855537
-2.514472,25,26.858196
-2.682949,22,26.859931
-2.1629977,24,26.859949
-2.263432,23,26.864042
-2.3728356,24,26.866658
-2.3530202,23,26.86919
-2.20876,25,26.871839
-2.2809854,25,26.876885
-2.9324548,22,26.878563
-2.4704523,23,26.879411
-1.6031066,28,26.88191
-2.277591,24,26.884497
-1.5556996,24,26.887036
-2.491486,25,26.890334
-2.256628,24,26.89202
-2.2010317,21,26.896983
-1.8465109,26,26.89897
-1.9192436,25,26.899919
-2.064876,26,26.904305
-3.0961983,22,26.90601
-2.050253,28,26.908534
-2.7722437,21,26.910354
-2.4824097,24,26.911242
-2.351121,21,26.915481
-2.3676155,24,26.919648
-2.7901049,23,26.919676
-2.0273173,24,26.924642
-1.961923,24,26.926495
-2.2620788,24,26.930681
-2.2888281,26,26.9307
-2.7641704,24,26.931529
-2.6900432,23,26.934779
-2.0321,24,26.939644
-2.4956698,24,26.939665
-1.7199004,26,26.94629
-2.2867935,24,26.946314
-2.1989036,24,26.950607
-2.280097,23,26.950634
-2.37759,23,26.953911
-2.781112,30,26.955744
-2.476678,25,26.960637
-2.1907923,26,26.961491
-1.9879019,24,26.966555
-2.7826867,27,26.969216
-2.1354039,24,26.970893
-2.1459742,27,26.973439
-2.8378854,23,26.975271
-2.3044715,28,26.977804
-2.9107301,21,26.979534
-1.7895,25,26.982058
-2.5417156,22,26.985413
-2.6862671,22,26.987988
-1.988025,24,26.991321
-2.6602151,22,26.993944
-2.1276786,25,26.994817
-2.0296707,24,26.998098
-2.4723072,26,27.001396
-2.957972,25,27.003089
-2.0845027,25,27.006432
-2.6262383,24,27.008192
-1.985397,24,27.01166
-1.8482108,26,27.01589
-1.8496264,27,27.017584
-1.8669523,25,27.019222
-2.5146255,26,27.023293
-2.688644,21,27.024167
-1.7878411,26,27.025021
-1.8240377,23,27.030821
-1.670562,27,27.030842
-2.1481392,24,27.03607
-2.5930424,24,27.037824
-2.998127,22,27.03784
-2.5790546,24,27.044548
-1.559922,28,27.047202
-2.4996917,27,27.048207
-2.867887,22,27.049995
-1.9915092,25,27.052531
-2.5037715,24,27.056643
-2.041197,26,27.060209
-2.2435267,27,27.061124
-2.728839,23,27.064716
-2.2580357,21,27.066485
-1.8728323,27,27.070892
-2.5398574,24,27.070918
-2.1427324,25,27.074221
-2.7296505,24,27.077615
-2.6252139,22,27.080163
-2.4748678,23,27.080178
-2.7772279,24,27.08512
-2.1883886,24,27.086879
-2.1724806,23,27.090348
-2.499349,25,27.092054
-2.4077284,23,27.093785
-2.2889233,23,27.099662
-2.7145522,26,27.099682
-2.3437169,25,27.101437
-2.1562676,25,27.106502
-1.5976735,26,27.109013
-2.186953,24,27.11068
-2.5161114,23,27.111565
-3.6000695,29,27.118396
-2.7367132,24,27.120134
-2.7205746,24,27.120152
-1.8835078,26,27.123434
-2.1091185,24,27.126727
-2.6861334,22,27.129233
-1.9967039,26,27.131136
-2.613992,24,27.132186
-2.314716,22,27.137131
-2.5811281,23,27.139722
-2.4575868,26,27.142228
-2.6151102,24,27.143931
-1.8392031,25,27.148175
-2.6223004,23,27.149021
-2.5629075,21,27.149908
-1.8377587,27,27.15404
-1.8919315,25,27.160246
-2.3400254,23,27.16154
-2.5148425,23,27.165175
-2.0961409,26,27.170884
-2.2113278,24,27.173755
-2.7656627,23,27.174654
-2.1262522,25,27.175548
-2.3694973,25,27.181029
-2.7715034,22,27.18386
-2.6195917,24,27.184808
-2.7274506,21,27.185804
-3.114327,22,27.194313
-1.3299541,26,27.195294
-2.6524324,22,27.196155
-2.1885643,24,27.196996
-2.8176727,22,27.20146
-2.287012,23,27.204998
-2.1832762,25,27.20776
-2.2619836,25,27.208621
-2.432064,23,27.214569
-1.9730964,23,27.215528
-2.620193,23,27.217181
-2.0559003,26,27.218823
-2.1231914,24,27.222278
-1.7969759,24,27.225806
-2.2344046,24,27.22836
-2.692741,23,27.228381
-2.2192488,23,27.235611
-2.3159187,22,27.238214
-1.9383705,27,27.238239
-2.48555,24,27.23825
-2.1051478,25,27.244135
-2.4900165,24,27.246742
-2.1433797,25,27.250102
-1.9904773,25,27.250127
-2.350597,22,27.254341
-2.745234,23,27.257851
-2.1886408,25,27.259561
-2.2853305,26,27.26052
-2.1348183,23,27.264026
-2.106359,23,27.26658
-1.999367,24,27.270717
-2.1821523,25,27.27168
-2.546037,24,27.275045
-2.2307167,23,27.277699
-3.0730593,23,27.280453
-2.2934093,25,27.281329
-2.3185816,24,27.284709
-2.797037,22,27.285638
-2.795485,21,27.289788
-3.0438092,26,27.29311
-2.9314446,24,27.295814
-2.4430027,24,27.298446
-2.2349508,23,27.300185
-1.7396958,26,27.30345
-2.2965727,23,27.304291
-2.2884266,24,27.305922
-2.194197,25,27.31086
-2.9830184,23,27.312714
-3.2042727,24,27.316123
-2.7285745,23,27.319343
-2.139766,26,27.320196
-2.1645699,25,27.324435
-3.4807806,25,27.325395
-2.0333707,25,27.327097
-2.5211387,24,27.331236
-2.3923995,23,27.332135
-3.1930013,22,27.338474
-2.426002,28,27.340247
-1.9793078,25,27.342048
-2.9605937,22,27.346319
-2.088925,26,27.347245
-2.0086548,25,27.347261
-2.4518723,23,27.352274
-1.9379895,24,27.352293
-2.519761,21,27.356456
-2.561718,21,27.35817
-2.745696,21,27.36002
-2.6358497,22,27.365781
-2.2635398,26,27.368479
-2.9729912,28,27.371082
-3.271164,23,27.371981
-2.5284657,24,27.372857
-2.1547487,24,27.37878
-2.188574,26,27.378801
-1.413521,27,27.382941
-2.5682771,25,27.38729
-2.9516377,22,27.389965
-2.952396,28,27.392629
-1.8481225,24,27.393578
-1.9511259,25,27.393594
-2.0414355,25,27.400224
-2.5057344,23,27.402787
-2.334817,28,27.402807
-2.6800907,26,27.409388
-2.1145391,24,27.410361
-2.7760968,22,27.412051
-2.4080784,23,27.412927
-2.585253,25,27.413893
-2.399539,24,27.423034
-2.0204325,27,27.423055
-2.319529,25,27.423969
-2.7903674,21,27.427445
-2.6527429,25,27.431818
-2.820442,24,27.433593
-1.684679,25,27.433613
-2.394291,26,27.436082
-3.3111916,21,27.44126
-1.9388994,24,27.988132
-2.4435525,21,27.989087
-2.65367,28,27.990947
-2.4653015,21,27.993813
-2.0611367,24,27.998195
-1.9389656,24,27.998222
-2.4580479,22,27.99916
-1.5277216,26,28.007505
-2.4498115,24,28.01011
-2.3910801,26,28.011038
-2.50661,22,28.012826
-2.0274708,26,28.013767
-2.0187514,23,28.018929
-2.24587,25,28.019798
-1.6949841,28,28.022299
-2.1431522,22,28.029014
-1.859024,26,28.029924
-1.9895407,26,28.033392
-1.886763,25,28.034304
-1.8486645,26,28.035996
-1.5727835,25,28.040979
-2.1654387,24,28.042777
-1.3600515,28,28.042804
-1.6380024,27,28.052074
-2.523317,27,28.053037
-2.3993676,23,28.05394
-2.3869987,25,28.05491
-1.6417942,28,28.059941
-1.7445545,27,28.06469
-1.9719558,26,28.065657
-1.2223351,28,28.067429
-2.4058688,26,28.075767
-1.4874046,29,28.077492
-1.501563,26,28.077512
-3.21609,28,28.078416
-2.0171046,24,28.081026
-2.0535064,22,28.084588
-2.1057577,24,28.085482
-2.6176376,23,28.087179
-1.8187262,23,28.095493
-2.5715523,22,28.097306
-2.1101637,24,28.098226
-1.6861653,26,28.099945
-1.4899054,27,28.104092
-2.3230095,24,28.105932
-2.1945972,25,28.105955
-2.115928,25,28.10858
-2.544434,24,28.117776
-3.0594854,27,28.118677
-2.3747778,25,28.119619
-1.9318748,23,28.124015
-2.2620177,22,28.124992
-2.2052288,30,28.125963
-2.2639499,25,28.127795
-1.9736724,26,28.131199
-2.8019505,20,28.135369
-2.0395088,25,28.140326
-2.0520196,26,28.142192
-2.7294917,23,28.143974
-2.1122587,27,28.148217
-2.0117617,25,28.149096
-1.7751298,27,28.149111
-2.6516287,25,28.152578
-2.9246137,24,28.156211
-2.201147,24,28.161528
-2.360549,26,28.16494
-3.8403852,26,28.166767
-1.8509119,25,28.171064
-1.2476153,28,28.172764
-1.0470285,29,28.174471
-2.4414358,27,28.176199
-1.8465219,26,28.178755
-1.9870532,25,28.18295
-2.635114,24,28.185664
-2.4123976,25,28.188554
-2.2695072,24,28.192005
-2.6975994,21,28.194585
-2.3366227,26,28.195474
-3.0480602,24,28.195489
-1.3540537,25,28.200435
-1.6450123,27,28.206743
-3.0132108,26,28.208837
-2.0239286,23,28.208871
-1.858471,24,28.212992
-2.4774082,24,28.21564
-1.529484,26,28.218359
-1.8711658,26,28.218381
-2.5671706,27,28.22429
-1.8596725,22,28.228197
-2.049864,25,28.229144
-1.8660533,26,28.231832
-2.8414717,22,28.232763
-1.8097699,26,28.239099
-1.9311404,26,28.241736
-1.2975445,28,28.243387
-2.272973,25,28.250172
-2.6289256,21,28.250202
-1.6253443,24,28.250212
-2.1342843,29,28.250219
-2.6018558,24,28.253565
-1.761018,24,28.259399
-2.7551346,22,28.261937
-1.6856291,27,28.264582
-1.7456827,24,28.270656
-1.7838578,25,28.271646
-2.1817956,25,28.271673
-2.070901,26,28.27261
-1.8999957,24,28.274461
-2.207347,22,28.278687
-2.586136,28,28.286367
-2.0275779,26,28.287239
-2.1808178,24,28.292323
-2.1111875,23,28.292344
-1.3330138,26,28.293334
-2.5253043,22,28.293349
-1.7352195,25,28.293358
-1.6963325,27,28.301901
-1.8327081,25,28.307707
-2.927571,27,28.310327
-2.2300873,24,28.312847
-2.2091174,24,28.313714
-2.8223798,26,28.314616
-2.1772778,25,28.31463
-1.6865864,26,28.315466
-2.1451674,23,28.321642
-2.0926607,23,28.327535
-2.2099173,24,28.331005
-2.6090846,23,28.332777
-1.543747,24,28.334628
-1.7253907,24,28.335499
-2.0944307,25,28.33646
-1.8211629,25,28.337316
-2.5264716,23,28.341409
-1.8960999,23,28.34707
-1.6755036,28,28.35473
-2.4607658,24,28.355705
-2.2862878,27,28.355754
-2.202293,24,28.35767
-3.1108875,27,28.359418
-1.8901384,29,28.359437
-1.6278323,28,28.36584
-2.084138,24,28.36838
-2.3349771,24,28.377177
-1.9193891,24,28.377208
-2.0608408,25,28.377221
-2.2204165,24,28.379099
-1.9866983,24,28.38095
-2.4617662,25,28.381893
-2.4243093,23,28.38603
-1.6507353,30,28.394483
-1.6449422,25,28.39894
-1.5532424,26,28.399838
-2.3241277,26,28.399864
-2.2291198,25,28.400791
-2.0134478,24,28.402526
-2.1430135,27,28.404317
-2.3155725,24,28.406788
-2.4084468,23,28.414315
-2.1556363,24,28.420349
-2.1484222,23,28.420384
-2.6834772,28,28.42288
-2.2502203,28,28.423773
-2.1010892,25,28.423798
-2.479668,25,28.425585
-2.5003977,27,28.429891
-2.3759995,22,28.439367
-1.920713,30,28.440326
-1.9812264,23,28.440349
-1.7442434,23,28.442987
-2.341938,26,28.446499
-1.840332,24,28.446522
-1.6267657,27,28.447468
-1.933581,25,28.451864
-2.317088,23,28.459549
-1.9874506,26,28.463035
-1.8186605,28,28.465247
-2.4764762,26,28.466305
-2.7496462,23,28.467241
-1.4747505,26,28.469751
-2.2080998,25,28.474009
-2.6410575,31,28.474916
-2.7622764,25,28.48178
-2.8043442,23,28.486035
-2.1449425,26,28.48607
-2.3913343,25,28.487036
-2.424354,23,28.487051
-2.6188364,23,28.489657
-1.5857515,25,28.495757
-2.2809367,26,28.497475
-2.3044631,25,28.503418
-2.0124125,24,28.506912
-1.9935001,25,28.507827
-2.1406415,24,28.51049
-1.4344128,28,28.511389
-1.0328321,30,28.513086
-1.7594049,25,28.51724
-1.4301741,28,28.521486
-2.2755885,22,28.525596
-2.5363111,24,28.528105
-1.1130297,29,28.528137
-2.2235596,23,28.52987
-2.0876403,23,28.530797
-2.2622995,24,28.533357
-2.1560082,27,28.539924
-1.8339219,24,28.541689
-2.8181524,26,28.550205
-1.6342704,27,28.551099
-2.0154233,25,28.551125
-2.093369,30,28.551135
-2.3817248,23,28.552896
-1.8206677,27,28.553739
-2.1675549,24,28.560327
-1.9650695,30,28.567287
-2.2008936,23,28.569996
-2.1371417,23,28.571082
-2.0217254,24,28.572035
-1.8768963,26,28.573858
-1.7291118,24,28.573896
-1.4322946,26,28.576566
-1.8733363,26,28.583773
-1.471077,25,28.589573
-2.3512685,23,28.590543
-1.9799008,24,28.592273
-2.5071633,25,28.594158
-2.035827,24,28.595066
-1.7146876,27,28.597589
-2.345037,26,28.599386
-2.106101,27,28.60707
-1.8967795,22,28.608787
-2.54208,24,28.611373
-2.7109497,22,28.613115
-1.9153415,28,28.616439
-1.8616929,22,28.618125
-1.871276,27,28.620697
-1.5919176,30,28.620717
-2.5150118,25,28.62806
-2.68983,27,28.631555
-1.9679186,26,28.633281
-2.283809,26,28.634998
-3.285693,26,28.638478
-2.258057,23,28.640247
-1.8256253,28,28.64192
-2.46602,25,28.64194
-2.1855898,22,28.650259
-1.774686,31,28.654632
-1.4491594,26,28.655523
-2.062845,25,28.656387
-1.5586048,25,28.659817
-1.5539626,26,28.662474
-1.624692,25,28.663617
-1.4084454,25,28.663643
-1.3433349,27,28.673891
-1.9125503,24,28.676574
-1.7728119,25,28.676621
-2.315799,26,28.682496
-2.3629842,22,28.68252
-1.6211331,31,28.683402
-2.1568823,26,28.685272
-2.1573834,25,28.685296
-2.620821,22,28.69282
-2.406303,26,28.698753
-1.8624227,27,28.699654
-1.7837195,25,28.70397
-2.572363,22,28.703995
-2.5724878,25,28.704913
-1.5770605,29,28.707766
-1.6294031,29,28.71052
-2.1275473,23,28.71329
-2.6875095,24,28.720291
-2.1567428,26,28.72285
-2.2987592,24,28.725398
-2.6202993,23,28.72542
-2.6348739,27,28.728218
-1.6496062,25,28.729951
-2.6213527,24,28.731643
-1.7937508,24,28.734328
-2.5040412,23,28.742496
-2.4339042,22,28.744161
-2.3580935,24,28.745957
-1.671786,30,28.745986
-2.0160108,23,28.749287
-1.0428092,27,28.750981
-2.8242974,24,28.751855
-2.067463,25,28.755391
-2.461467,26,28.764544
-1.6372554,26,28.766305
-2.8397954,24,28.766328
-1.621698,26,28.768034
-1.6223521,24,28.76993
-2.06282,25,28.772474
-1.1814101,27,28.775032
-1.6020379,26,28.777544
-2.198876,22,28.783563
-2.0987158,24,28.78836
-1.7910552,24,28.7884
-2.4143834,26,28.792055
-2.402496,27,28.79463
-2.4848137,25,28.795495
-2.0747285,26,28.799394
-1.886885,24,28.800501
-1.9491637,25,28.807729
-2.2527952,24,28.810377
-2.1053438,24,28.810401
-2.359161,23,28.813205
-2.2423522,25,28.817857
-2.5882382,26,28.819613
-2.0981135,23,28.821348
-3.1185598,27,28.82425
-2.7704957,22,28.831428
-2.4558027,25,28.831459
-2.1506405,27,28.836026
-1.8724294,26,28.837918
-1.7937124,25,28.841753
-2.4945316,25,28.844001
-2.242415,25,28.845831
-2.2146566,27,28.850316
-1.6263607,27,28.856605
-2.5964155,27,28.856648
-2.4558208,24,28.858519
-1.7559527,25,28.861156
-2.0464916,24,28.863884
-1.7196329,25,28.866483
-1.7694484,27,28.870576
-2.0235507,28,28.876828
-2.3379922,23,28.878859
-1.935019,25,28.880776
-1.6658056,25,28.883017
-2.4635255,22,28.883059
-2.0905502,22,28.886045
-2.1362333,26,28.892789
-2.0350587,26,28.897006
-1.6091642,24,28.902648
-2.4412243,29,28.905198
-1.6601164,24,28.9062
-2.7142422,26,28.906228
-2.1019983,25,28.907133
-1.520241,27,28.911473
-1.8069808,26,28.916872
-2.0783532,25,28.919482
-2.1203022,22,28.926541
-2.330543,23,28.926573
-1.5432596,25,28.927498
-2.2611732,26,28.929449
-2.1569138,30,28.92948
-2.0571494,24,28.932866
-2.7239103,26,28.939606
-2.1263263,25,28.941361
-2.182014,22,28.946256
-1.9046247,25,28.948966
-1.8963547,25,28.949886
-2.325613,26,28.952587
-2.744448,27,28.953545
-1.6069944,26,28.95616
-2.5998704,23,28.962088
-2.5876975,29,28.965528
-1.4429836,27,28.969789
-2.0212972,25,28.971675
-1.4514797,28,28.973468
-2.0767164,25,28.97522
-1.664123,27,28.976078
-1.9626575,25,28.977734
-1.6661372,23,28.982145
-1.9853008,28,28.989886
-2.1808472,27,28.993567
-2.1260245,24,28.994504
-2.884223,28,28.996384
-2.1272116,25,28.99731
-1.5175164,26,28.999034
-2.3266747,25,28.999918
-1.4032378,28,29.00671
-2.626511,23,29.01323
-1.6168036,28,29.014107
-1.8985792,25,29.015786
-1.5309284,24,29.016655
-2.216308,23,29.018349
-2.518699,26,29.019293
-1.9952276,27,29.022684
-2.0469923,27,29.029355
-2.4977753,22,29.032898
-1.9753723,24,29.033774
-2.5954132,23,29.035534
-2.1589758,22,29.035554
-1.9286323,24,29.038962
-2.3144007,24,29.039839
-1.6034076,29,29.047351
-2.6657028,23,29.053181
-2.0626159,28,29.053215
-1.603727,25,29.054034
-2.1004786,25,29.0566
-1.9242216,26,29.057525
-2.1824102,23,29.058427
-1.8869339,28,29.063484
-2.0593588,25,29.06855
-3.0336752,24,29.073633
-3.3685517,22,29.075422
-2.3001082,27,29.076374
-1.7701045,26,29.076389
-2.2561142,25,29.078897
-1.637345,25,29.079832
-2.0209212,26,29.085923
-2.4507277,26,29.091358
-2.5078578,22,29.095487
-2.7866673,26,29.096407
-2.2071807,24,29.097265
-2.283811,26,29.098448
-2.0313368,24,29.100889
-2.5897923,30,29.109302
-2.8817255,25,29.111753
-2.5226502,25,29.116869
-1.6513798,24,29.120212
-1.8707157,25,29.122849
-2.1111817,23,29.123708
-1.3990375,30,29.126281
-1.965666,30,29.128102
-1.9607188,23,29.13145
-1.6597621,27,29.133229
-2.0591757,26,29.139072
-3.2870154,23,29.139957
-2.7350233,22,29.141735
-2.6607862,24,29.144184
-2.177015,25,29.147538
-1.5110048,26,29.149985
-2.9105325,23,29.150843
-2.2092342,26,29.155164
-2.5048332,25,29.160951
-2.153757,27,29.161845
-2.3619926,25,29.162728
-2.4056082,24,29.164424
-2.738507,24,29.167898
-1.882633,23,29.174689
-1.6591012,31,29.176425
-1.5353745,30,29.176442
-2.1009243,22,29.181408
-1.869174,25,29.182281
-2.7704768,24,29.182305
-1.6486872,27,29.187535
-2.474374,24,29.188535
-2.7738507,24,29.19517
-2.677341,23,29.196053
-2.655128,24,29.196905
-2.3942873,22,29.201176
-2.1909246,26,29.203642
-1.7488513,31,29.208649
-1.7687469,25,29.208671
-1.7753682,25,29.209576
-1.7356845,25,29.217039
-2.0737484,24,29.217072
-2.1403203,27,29.22035
-2.2336943,23,29.221289
-1.9396889,25,29.226196
-2.646592,24,29.231718
-1.9241166,24,29.231759
-1.8352039,27,29.235406
-2.249519,23,29.239011
-1.7127917,28,29.243193
-2.656922,25,29.244894
-1.687658,27,29.245788
-2.4320817,23,29.247837
-2.1181848,23,29.252022
-1.6581075,26,29.254757
-2.0688756,24,29.256604
-2.0701408,27,29.26247
-1.6853209,25,29.265012
-3.0081418,24,29.265888
-2.6504588,26,29.268459
-1.9244744,26,29.270306
-2.5756752,24,29.272919
-1.8288617,24,29.275558
-1.8231586,26,29.278962
-1.8009093,27,29.285623
-1.986812,27,29.288966
-1.651237,28,29.288986
-2.7637308,25,29.289839
-1.4447634,26,29.295094
-2.0170808,30,29.296026
-2.5222287,26,29.297781
-1.6695219,25,29.3005
-2.332291,25,29.30718
-2.4900868,23,29.308909
-2.0469065,24,29.310595
-2.056055,25,29.310619
-2.3129897,26,29.317434
-2.2094462,27,29.319225
-2.71772,23,29.320117
-1.8554107,27,29.320953
-2.062741,25,29.330118
-1.3803549,27,29.330152
-1.8476578,24,29.331003
-1.7490491,26,29.332756
-2.3504915,23,29.337097
-1.9070156,25,29.342399
-2.1931853,27,29.342425
-2.0403152,27,29.343399
-2.6252232,24,29.351746
-2.459638,25,29.351781
-1.8954381,27,29.353495
-1.7844939,26,29.355165
-1.6258004,24,29.357676
-1.7482988,24,29.363523
-2.4506583,26,29.36449
-1.9715183,26,29.364513
-1.8898559,24,29.373589
-2.1392584,27,29.374467
-2.113394,28,29.375332
-2.073219,24,29.375349
-1.9046946,26,29.379736
-2.5990543,22,29.383202
-2.691331,26,29.386624
-1.9948158,28,29.387515
-2.2173815,24,29.395036
-1.6839797,25,29.396743
-1.7141335,27,29.396763
-2.1547499,25,29.396772
-1.8313649,27,29.402504
-2.7265368,21,29.405369
-2.1654148,26,29.40539
-1.6336621,27,29.409613
-2.7350285,24,29.415647
-1.7058485,25,29.418205
-2.2843983,25,29.418225
-1.939841,25,29.418234
-1.6134458,28,29.426479
-2.2663894,27,29.428277
-1.4960358,29,29.430163
-2.210599,24,29.430189
-2.1131597,23,29.435134
-1.9993223,25,29.439269
-2.2501118,26,29.440126
-2.3819685,27,29.441004
-2.1942744,25,29.447632
-2.7341416,24,29.448632
-2.793776,26,29.451908
-1.68805,26,29.45193
-2.2173126,24,29.455363
-2.5572965,24,29.460345
-1.9994328,26,29.461305
-2.3537893,25,29.462168
-2.1833875,25,29.469045
-2.147837,25,29.469975
-1.8905339,25,29.473413
-1.529083,26,29.474282
-1.615303,24,29.475977
-2.1088274,23,29.480094
-1.0013303,28,29.485329
-1.1919956,27,29.485353
-2.084346,23,29.488808
-1.6036043,25,29.49144
-1.9958022,23,29.493111
-2.3250623,26,29.496557
-2.215436,25,29.497697
-1.8471589,25,29.502145
-1.718246,27,29.50913
-2.017245,24,29.510008
-1.6246527,28,29.510024
-2.197154,22,29.510903
-2.1127398,24,29.514354
-2.4328494,26,29.519345
-2.2865562,27,29.521185
-2.455619,24,29.522925
-1.5006166,26,29.532182
-2.1242542,27,29.532212
-2.2751546,26,29.532222
-1.835454,26,29.53311
-2.1627948,24,29.534929
-2.0263665,22,29.53985
-2.409743,25,29.540719
-2.1927261,25,29.544147
-2.2552783,24,29.553385
-1.5847421,25,29.553414
-1.7719257,28,29.555889
-2.0321894,26,29.556746
-1.264971,30,29.557661
-2.4305477,21,29.557686
-2.102861,24,29.56102
-1.6444007,28,29.567627
-2.2215579,22,29.571986
-2.1874325,25,29.577007
-1.1582246,28,29.577028
-1.7230061,24,29.577904
-1.8411839,26,29.57879
-2.1908038,28,29.581262
-2.0560338,26,29.582962
-1.5300407,28,29.591314
-1.7835404,26,29.593962
-2.0004435,24,29.598066
-1.6380064,28,29.600686
-1.6837494,29,29.601612
-1.9372553,27,29.601628
-2.146565,26,29.605016
-1.4283844,30,29.606779
-2.2328787,23,29.610994
-1.8109268,24,29.61439
-2.870545,20,29.618616
-2.653514,24,29.62197
-2.2256436,28,29.62199
-1.8850242,25,29.621999
-2.295444,23,29.624507
-1.7502792,26,29.628724
-2.280904,24,29.631266
-2.6396904,23,29.633769
-2.7161632,24,29.638973
-1.590297,23,29.641472
-2.557194,25,29.643221
-2.2299638,25,29.64326
-2.1989086,27,29.647425
-2.0090163,26,29.650894
-2.9378955,26,29.653419
-1.6203747,26,29.656123
-1.7294645,22,29.65784
-2.500668,25,29.662855
-2.0789838,26,29.665404
-1.8048966,26,29.665425
-2.2695978,24,29.667965
-1.776176,27,29.674052
-1.9477869,27,29.67659
-2.4598546,23,29.677602
-2.7602806,30,29.682002
-2.3896463,23,29.685587
-1.3965689,26,29.685617
-2.0532067,24,29.686503
-1.8576361,26,29.690802
-2.7756443,25,29.696024
-1.514333,26,29.699457
-1.8977488,26,29.700456
-1.9934144,25,29.707406
-1.3666295,29,29.707438
-2.0033915,25,29.708302
-1.5417588,29,29.710945
-1.8790681,26,29.713452
-2.1288664,24,29.717413
-3.7147365,24,29.720831
-2.0820193,24,29.721739
-2.046129,25,29.729669
-1.6401271,26,29.730664
-1.4867055,28,29.733289
-2.1593435,26,29.734174
-1.6068861,24,29.73505
-2.0398934,23,29.740983
-1.7907108,28,29.741988
-1.0457022,28,29.746374
-2.384396,25,29.75157
-2.0167255,24,29.751595
-1.9934642,24,29.755837
-2.2803993,27,29.756826
-1.9681215,26,29.756849
-2.1441514,23,29.760995
-1.5760101,26,29.764565
-1.8974155,25,29.767837
-1.4418631,26,30.320182
-1.6783801,27,30.321327
-2.7460492,23,30.323453
-1.8699446,24,30.324405
-2.8318264,27,30.326205
-1.5018173,26,30.330726
-1.9195492,26,30.334397
-1.732498,25,30.337068
-1.6314579,26,30.343733
-2.1656485,23,30.343759
-1.8419105,27,30.345487
-2.1484482,24,30.347228
-1.6410646,26,30.347249
-2.3685393,26,30.353111
-2.1876037,25,30.356014
-2.1238103,23,30.356958
-2.317923,28,30.368274
-1.52916,27,30.369224
-1.8519564,26,30.370088
-1.336221,31,30.370991
-1.6870346,29,30.372721
-1.8473041,23,30.376176
-1.9981159,25,30.378885
-1.9355477,30,30.379821
-1.8976785,24,30.388991
-1.6016377,25,30.392556
-1.6599674,29,30.394289
-1.2986951,29,30.395185
-1.5285529,27,30.39616
-1.9747268,26,30.398682
-2.0827625,24,30.399536
-2.7744694,27,30.403091
-2.1003098,24,30.410791
-1.450842,27,30.417099
-1.6351671,24,30.418017
-1.4944589,27,30.418903
-1.3017809,27,30.419791
-1.9392028,27,30.423645
-2.0432734,26,30.423688
-1.2325244,29,30.429486
-1.9514645,25,30.433534
-1.8822057,23,30.438951
-2.0200188,26,30.44075
-1.9525383,25,30.441663
-2.0025406,24,30.44169
-3.1365798,27,30.447649
-1.6456108,28,30.448548
-1.9522784,24,30.454286
-2.456174,29,30.45522
-2.3472385,24,30.459386
-1.6680502,25,30.461895
-1.4220355,30,30.466889
-2.278966,24,30.467733
-1.9100511,24,30.468598
-1.2492671,34,30.470392
-1.7984073,24,30.4755
-1.2676722,28,30.478062
-2.1419532,25,30.483212
-1.5233141,31,30.485761
-1.599467,27,30.490009
-1.7249159,25,30.490041
-1.9055176,27,30.490883
-2.428338,25,30.491741
-2.3336754,24,30.498531
-2.3459616,33,30.504141
-2.4636457,23,30.505961
-2.0382526,26,30.505981
-1.7457013,23,30.510468
-1.9461315,23,30.512141
-2.2060847,27,30.51389
-2.269705,23,30.518934
-2.1891894,32,30.518965
-1.4542707,26,30.528486
-1.4156126,27,30.529466
-2.5812209,30,30.530401
-1.56621,25,30.532238
-1.9248638,23,30.532259
-1.9798462,24,30.534752
-1.5090425,25,30.540529
-1.7240908,32,30.54642
-2.2943766,24,30.550678
-2.103919,26,30.551917
-1.5257576,28,30.554488
-2.532328,26,30.555413
-1.4228929,26,30.55543
-1.7000372,26,30.557946
-1.3840415,28,30.565676
-2.2285752,25,30.568973
-1.766509,26,30.573901
-1.6604337,27,30.578292
-2.5310996,31,30.578318
-1.1527059,28,30.579202
-1.8962233,29,30.579221
-1.5901015,27,30.580912
-1.625263,26,30.587494
-2.195525,23,30.588354
-1.6070402,24,30.594403
-2.5930421,23,30.597776
-1.9931021,24,30.599595
-1.5298254,26,30.600538
-1.6725855,27,30.603956
-2.914094,31,30.605657
-1.5800087,25,30.609912
-1.5758085,26,30.609938
-2.1372702,24,30.615587
-1.7093762,24,30.62072
-2.213478,27,30.621656
-1.6141824,27,30.624422
-1.890226,24,30.627176
-2.2823284,28,30.628903
-1.9523232,23,30.630583
-1.905766,28,30.634795
-1.7210171,27,30.638968
-2.365358,23,30.641474
-1.9372299,26,30.643186
-1.5575497,25,30.648609
-2.1798224,29,30.649499
-2.7125106,24,30.651313
-1.6811477,28,30.6531
-1.2600187,26,30.65735
-1.830905,25,30.660689
-2.520949,25,30.663346
-1.8573114,25,30.665015
-1.7682076,25,30.670089
-1.2599008,27,30.672748
-2.2828484,27,30.674578
-1.5911543,26,30.675504
-1.751817,26,30.679622
-1.7694086,24,30.681275
-2.3448853,24,30.685618
-2.1521826,27,30.686575
-2.463672,25,30.69174
-1.4883693,26,30.695172
-2.2992883,25,30.696056
-1.712589,25,30.696956
-1.6727331,23,30.699566
-1.778822,25,30.702882
-1.8928503,23,30.705453
-1.0036533,28,30.710498
-1.6787641,26,30.714018
-1.9104381,26,30.717829
-2.3457618,27,30.719877
-1.5599024,25,30.72178
-1.5430616,29,30.722635
-1.9540164,26,30.725998
-1.9973489,24,30.726948
-2.7146952,25,30.733082
-1.4591613,26,30.737338
-1.9642389,23,30.742357
-1.9470025,27,30.74328
-1.514622,29,30.743295
-1.460384,27,30.745137
-2.5438614,22,30.746056
-1.9472878,24,30.747269
-2.279013,25,30.75481
-1.834653,25,30.75901
-2.3585455,24,30.764031
-1.7587357,23,30.76679
-2.2081194,27,30.76684
-1.4607079,29,30.767731
-1.966005,26,30.767749
-1.8531034,26,30.768598
-2.1823773,26,30.776949
-1.6529619,25,30.780308
-1.7214515,27,30.786888
-1.9356903,26,30.788602
-1.6887512,26,30.788628
-1.9288325,26,30.789588
-1.7329795,26,30.790529
-2.1138291,28,30.791423
-2.3319943,24,30.797564
-1.3285398,26,30.802567
-2.0688298,26,30.809198
-1.6144787,25,30.810975
-2.1065938,27,30.811926
-1.4174454,27,30.811951
-1.592274,26,30.812873
-2.5311966,27,30.814713
-1.4147044,26,30.819701
-1.4285121,27,30.825956
-1.4453869,26,30.831922
-1.9491855,24,30.832799
-2.7801454,25,30.832818
-1.5161719,27,30.835416
-1.4820697,24,30.835443
-3.322248,30,30.838782
-1.6472044,28,30.843936
-1.8064935,26,30.848097
-1.4429494,25,30.853957
-2.3429422,26,30.853985
-1.8165808,24,30.855777
-2.0004203,27,30.858329
-1.4802494,31,30.859271
-1.3244479,28,30.862595
-2.3702068,25,30.865282
-2.1369123,24,30.868631
-1.9509305,25,30.87565
-1.6171037,25,30.87568
-2.556376,24,30.876524
-2.4138317,21,30.876543
-2.5165365,22,30.881682
-3.1187308,29,30.88437
-1.2029439,26,30.887729
-3.1802468,28,30.892838
-2.3236685,26,30.898853
-2.9865794,27,30.898885
-1.6759272,26,30.898898
-1.6147774,28,30.899805
-1.570699,24,30.902376
-1.9849986,24,30.904945
-2.1128678,24,30.908377
-1.9547822,26,30.915006
-2.3719754,22,30.917521
-1.7346929,25,30.920255
-2.1200345,24,30.920278
-2.4564698,27,30.922186
-2.2974005,24,30.923127
-2.5540168,26,30.927598
-1.9138558,26,30.931085
-2.4068763,26,30.938396
-2.2075093,25,30.940171
-1.9934345,23,30.941132
-1.8360814,26,30.943745
-1.7736127,25,30.944646
-1.6460416,27,30.947268
-4.0392365,28,30.952395
-2.3380785,32,30.95908
-1.3645445,25,30.962527
-1.6111345,27,30.963429
-1.685766,29,30.963446
-2.021059,25,30.965121
-1.9335206,26,30.966842
-2.443456,25,30.968547
-1.1568873,29,30.977201
-2.5656972,26,30.981365
-1.955987,27,30.985617
-1.7034388,26,30.985646
-2.6021006,28,30.98741
-1.4373393,25,30.990018
-1.7384074,28,30.990975
-3.4139824,31,30.991885
-1.601984,28,31.00142
-1.769309,25,31.003231
-2.3523114,25,31.007441
-2.6024423,25,31.007469
-2.1307347,23,31.007478
-1.5552783,26,31.012618
-2.0271378,27,31.015179
-1.8819296,32,31.018498
-1.3560555,25,31.024479
-2.1202002,23,31.027117
-1.6256893,24,31.028086
-1.1964891,32,31.029065
-2.2769399,27,31.030778
-1.9748371,28,31.036769
-1.4473903,24,31.039343
-1.6389992,29,31.040197
-2.1160407,26,31.04686
-1.7427348,25,31.048545
-1.5115231,27,31.051061
-1.8179196,26,31.051087
-1.4096689,26,31.052927
-1.6800499,28,31.060454
-1.3679996,27,31.062964
-1.5300853,29,31.063932
-2.0799017,25,31.068193
-1.8094823,24,31.069072
-1.9817207,24,31.071584
-2.0514786,24,31.073333
-1.9524738,27,31.074185
-1.888698,24,31.081133
-2.3765028,23,31.082994
-1.7230145,27,31.08732
-1.7237005,25,31.08986
-1.5447464,28,31.093264
-2.2712758,28,31.095871
-1.756556,27,31.097546
-1.357059,30,31.099202
-2.2939253,26,31.104982
-0.7606139,29,31.105838
-2.459909,24,31.107506
-2.060317,28,31.114104
-2.0926244,28,31.117679
-2.130464,23,31.119516
-1.8444147,28,31.120396
-1.6126658,27,31.121275
-2.8822553,24,31.127737
-2.113329,27,31.129583
-1.9156582,26,31.131372
-1.3006592,28,31.139853
-1.5394914,27,31.142451
-1.1439384,28,31.14555
-1.55981,27,31.146629
-1.5092298,31,31.149279
-2.0196304,24,31.150176
-1.3916183,26,31.154049
-2.6623046,26,31.156032
-2.4050412,25,31.163661
-1.7865255,26,31.167052
-1.8326678,26,31.169764
-2.6227782,23,31.1707
-1.939238,25,31.173676
-2.0691907,31,31.175538
-2.1305315,25,31.177592
-2.3657718,26,31.18017
-2.4797194,25,31.186271
-2.441365,23,31.188013
-1.9840412,26,31.193524
-1.9076775,25,31.193582
-2.0730646,28,31.198862
-1.5987785,27,31.199821
-1.5384712,26,31.200737
-1.5427527,26,31.203319
-2.2229848,25,31.210807
-2.294759,22,31.213476
-1.5359143,31,31.214413
-1.553775,27,31.217924
-2.0940313,25,31.221957
-1.9572588,25,31.222895
-1.5474403,28,31.227074
-1.7531545,25,31.227106
-2.1969812,24,31.234293
-2.2656455,25,31.238205
-2.303913,24,31.238251
-1.8552815,25,31.243239
-1.6595489,25,31.246746
-1.8714883,27,31.252799
-1.0163306,31,31.25284
-1.2416395,27,31.252851
-2.1391127,28,31.259901
-1.6949708,25,31.260861
-1.6354777,28,31.263428
-2.2589455,25,31.265345
-1.2956607,25,31.26887
-2.4048789,23,31.273115
-1.182189,26,31.275891
-1.4450014,26,31.275917
-1.7063942,26,31.283443
-2.8999858,28,31.284355
-1.8593425,28,31.28787
-2.3243442,30,31.291322
-1.8544605,27,31.292374
-1.7291629,25,31.294982
-2.1164453,22,31.295001
-2.1008532,26,31.298383
-2.354455,22,31.302674
-1.9067945,27,31.307639
-1.7276541,25,31.309321
-2.0547326,25,31.312715
-1.9370549,24,31.315275
-1.4814472,28,31.316182
-1.6601735,25,31.316198
-2.2164857,28,31.322101
-2.4442725,25,31.323887
-2.3345528,26,31.329955
-2.0826244,28,31.33336
-1.6463748,28,31.336688
-1.9721066,24,31.336715
-1.5547712,26,31.337634
-1.5561272,26,31.338543
-1.8945735,23,31.341986
-1.7473013,26,31.346253
-2.1429148,24,31.350575
-1.9850974,25,31.354746
-1.8241817,23,31.356594
-2.3727705,25,31.359155
-2.6151013,27,31.360054
-2.1516066,25,31.360078
-1.8108029,27,31.365094
-1.7137929,25,31.371915
-2.3690114,30,31.371938
-2.252236,24,31.3772
-1.5651445,30,31.380623
-2.0008552,25,31.381486
-1.9970908,26,31.382347
-1.5169079,29,31.384018
-2.6325169,25,31.386489
-2.0459921,28,31.395846
-1.570426,29,31.396741
-1.3834183,26,31.399258
-2.455338,26,31.402719
-1.6744413,25,31.402743
-2.3063228,25,31.403629
-1.9375222,28,31.407859
-1.7801061,27,31.409619
-1.4865363,27,31.418768
-1.9613893,27,31.419627
-2.296168,22,31.421294
-2.2731166,27,31.422156
-1.9824835,25,31.423871
-2.1747303,26,31.425517
-1.721646,23,31.427293
-2.0148802,24,31.429853
-2.4595356,24,31.440278
-1.5533035,26,31.441209
-2.0841177,23,31.442091
-2.7770572,23,31.44392
-2.0959373,27,31.444781
-1.6074785,26,31.448073
-1.2267005,26,31.449745
-1.7490191,25,31.45147
-2.0609505,24,31.461391
-2.0507405,25,31.463124
-1.6248711,27,31.463141
-2.5928476,26,31.465633
-2.1344054,26,31.466556
-1.6238843,23,31.469037
-1.6557794,25,31.469061
-1.5485882,27,31.474237
-1.8543128,26,31.48514
-1.7716869,27,31.48603
-1.8591459,31,31.487794
-2.7511327,27,31.488696
-1.7681525,24,31.489542
-2.2703772,26,31.491213
-0.9768091,30,31.492061
-1.9201092,22,31.492895
-2.924296,25,31.510308
-2.1491034,27,31.516204
-1.5714182,26,31.517165
-1.7328258,25,31.518078
-2.398409,28,31.518094
-1.2725506,32,31.518938
-1.7613537,25,31.519819
-2.5535007,27,31.520677
-2.595994,23,31.531435
-1.2926378,25,31.537717
-2.254175,24,31.538626
-2.116933,25,31.539558
-1.4344356,27,31.540448
-1.9709606,24,31.54146
-1.5803428,29,31.544039
-1.1294839,28,31.544058
-1.3048556,26,31.554104
-2.1388874,24,31.559161
-1.8390937,23,31.5601
-2.1324246,24,31.560122
-1.7210245,23,31.560992
-0.9973866,28,31.561934
-1.8938173,26,31.566251
-3.0600882,33,31.572093
-2.0388632,25,31.58074
-2.348353,31,31.580768
-1.7226278,26,31.582505
-1.2037698,26,31.58253
-1.6814573,24,31.58254
-2.4661384,26,31.583417
-1.2790408,26,31.588572
-2.2769501,24,31.5927
-2.2347615,24,31.601174
-1.4980507,26,31.602869
-1.9304297,23,31.602888
-1.9125468,25,31.603801
-2.404157,25,31.603837
-2.0516865,27,31.605738
-2.2330692,23,31.608272
-1.5984902,24,31.613313
-1.9380008,25,31.62248
-1.7721312,24,31.62336
-1.4796588,26,31.625122
-1.225402,26,31.625976
-1.9435576,24,31.625993
-1.6733228,27,31.626899
-1.3777661,28,31.632001
-1.5726995,26,31.635854
-1.8868438,24,31.644627
-1.7213223,27,31.646346
-1.6457126,26,31.648088
-1.9968361,27,31.650008
-2.3493426,29,31.651732
-2.3932679,30,31.653478
-2.1636684,28,31.656771
-2.032721,25,31.657603
-1.7384968,23,31.664273
-2.975518,26,31.668452
-1.0140889,27,31.670993
-1.7675167,26,31.671882
-2.0451517,26,31.673685
-1.5493033,27,31.676287
-1.6444261,26,31.679607
-1.641525,28,31.680442
-1.4008615,28,31.687868
-1.6019334,30,31.69365
-1.7933018,28,31.694557
-1.5965753,28,31.695571
-1.964546,27,31.696476
-1.7389941,24,31.696498
-1.7521857,25,31.701625
-1.8863962,27,31.70254
-2.1323314,26,31.710148
-2.0574975,24,31.716941
-2.0054407,24,31.716966
-2.3713171,25,31.716976
-1.7498674,28,31.717871
-2.1154792,28,31.718835
-2.4070854,27,31.724681
-1.8813574,27,31.725538
-2.0753944,25,31.732041
-1.2732518,25,31.739221
-2.6388326,24,31.739262
-1.7934343,25,31.741066
-2.1711278,28,31.741971
-2.6416655,29,31.742917
-1.6590387,27,31.749301
-1.4411569,27,31.750186
-2.0220852,26,31.755295
-2.5852323,26,31.762355
-1.2950829,26,31.762395
-1.6400598,29,31.766686
-1.2597923,30,31.768417
-2.2857149,29,31.768434
-1.8840616,25,31.771711
-1.769314,28,31.773464
-1.9778919,25,31.776798
-1.5201094,27,31.785268
-2.0556936,28,31.786238
-2.3766599,25,31.789815
-2.7673001,28,31.790716
-2.0419645,28,31.792424
-2.2862463,24,31.79245
-1.4549296,25,31.795025
-1.0887872,32,31.804318
-2.4070146,25,31.807731
-1.5765378,28,31.809509
-1.9972768,25,31.8121
-1.2627134,26,31.812118
-2.0216277,24,31.812986
-2.1235533,27,31.815565
-2.0535624,25,31.816445
-2.0384932,27,31.827113
-2.5079575,23,31.827136
-1.2271708,27,31.832416
-1.6572891,26,31.834132
-2.1895432,27,31.835065
-1.820515,24,31.836798
-1.0004151,29,31.837762
-3.4548159,33,31.843845
-1.8239617,26,31.849814
-2.2026784,24,31.853194
-1.4546708,31,31.854198
-1.9864072,25,31.856052
-1.6169469,26,31.857855
-1.8506539,26,31.86034
-1.6014111,27,31.860359
-1.3242502,27,31.867099
-1.7454118,28,31.873869
-2.0041285,25,31.874804
-2.1417785,26,31.876583
-2.6626506,27,31.879137
-1.41025,25,31.881608
-1.0175558,30,31.883426
-0.89333946,29,31.885191
-1.814161,28,31.891234
-1.503682,25,31.895567
-1.611232,25,31.898178
-2.2860947,29,31.899935
-1.6251271,23,31.901689
-2.503885,27,31.902584
-2.7007031,24,31.905937
-2.2990654,26,31.905957
-1.6524191,26,31.913651
-2.1565342,28,31.919441
-2.6981974,29,31.922995
-2.106093,28,31.923957
-1.6377882,28,31.925676
-1.2987239,27,31.925709
-1.8028978,25,31.927448
-1.9770191,25,31.927469
-1.8620583,30,31.939483
-2.2582855,24,31.940397
-2.1253266,25,31.945365
-1.5145512,27,31.946262
-1.8224432,25,31.94709
-1.5797526,26,31.94966
-1.6739454,26,31.949691
-2.4380226,30,31.951401
-1.7004368,24,31.96119
-1.9155726,27,31.963072
-2.129609,25,31.967394
-2.189437,25,31.9683
-2.0780768,24,31.968321
-2.0557218,26,31.972388
-2.3850574,25,31.973227
-1.884834,27,31.97324
-2.031025,25,31.982396
-2.19367,25,31.984293
-1.8743668,27,31.990155
-1.4097261,27,31.991075
-2.5508842,30,31.99385
-2.1262765,26,31.994747
-1.8734534,26,31.995708
-3.734633,27,31.996695
-1.2873609,27,32.005985
-1.445601,28,32.008646
-1.8425286,26,32.01311
-1.8450823,27,32.01484
-1.8430328,24,32.014858
-1.8060005,25,32.016496
-1.9691384,25,32.018177
-2.0247712,33,32.024197
-2.031406,26,32.028531
-2.937116,24,32.029489
-1.7192328,24,32.035301
-2.8015132,26,32.035323
-2.1229136,25,32.036216
-1.3866532,26,32.038674
-1.5108879,25,32.039596
-1.9794562,25,32.045437
-1.5167601,27,32.051386
-1.7296124,28,32.053174
-2.6240282,25,32.056558
-2.3633652,26,32.058332
-2.1653986,27,32.058354
-1.9852412,25,32.060097
-2.3880076,24,32.060114
-1.5296657,31,32.07146
-1.9806077,25,32.072333
-1.9928885,25,32.074188
-1.7606778,26,32.078546
-2.846037,26,32.080357
-1.9484956,26,32.082084
-1.360841,28,32.082103
-1.3954924,27,32.08297
-2.4083524,25,32.092757
-1.6469703,26,32.094458
-2.0680852,25,32.09533
-2.474608,25,32.099592
-2.500783,23,32.101401
-1.8351617,27,32.103228
-2.0308902,26,32.647777
-2.715135,28,32.648865
-1.3900864,28,32.661799
-2.1240447,27,32.661839
-2.4843562,30,32.661853
-1.5511646,25,32.664721
-1.5810208,26,32.667527
-2.4291508,28,32.670958
-1.7353189,26,32.67098
-1.8177028,26,32.671916
-1.8293871,24,32.683181
-1.6661301,28,32.686515
-1.2296712,32,32.690036
-1.6466743,26,32.69007
-1.040068,30,32.690983
-1.7448432,25,32.692787
-2.5490832,27,32.694587
-2.254492,30,32.69796
-1.4476197,29,32.708138
-2.41445,29,32.711554
-1.7739242,25,32.712484
-1.7548344,26,32.712506
-1.9129803,27,32.713398
-1.7384026,24,32.71342
-0.9245642,28,32.718599
-1.635061,26,32.720296
-1.7740086,24,32.728978
-1.5140305,26,32.735146
-1.4623568,29,32.736984
-2.2308478,27,32.737018
-2.5289416,29,32.737914
-1.1057396,29,32.738821
-1.8976105,29,32.74383
-1.1201559,29,32.745566
-1.6228821,28,32.753403
-1.2153974,27,32.75866
-1.861588,27,32.760349
-1.4686592,26,32.761362
-1.4050981,28,32.762323
-2.23169,33,32.76571
-1.7867622,27,32.76742
-1.2466125,28,32.769923
-2.2187357,25,32.775056
-1.1268157,26,32.780922
-2.4081447,27,32.783648
-1.9209154,25,32.783677
-1.3641291,27,32.784562
-1.3612862,26,32.787938
-2.012908,24,32.787958
-2.6022687,26,32.792399
-1.1563805,28,32.799271
-1.9600937,24,32.80436
-0.976839,30,32.807184
-1.4180374,28,32.808193
-1.4284136,27,32.80821
-1.6240107,24,32.809096
-1.5980179,28,32.812399
-1.47327,25,32.814121
-1.8468504,27,32.822786
-2.194793,26,32.827053
-2.1761003,25,32.828798
-1.7931062,25,32.829779
-1.3082227,26,32.830724
-1.7511946,26,32.831636
-1.1630359,27,32.835987
-2.0165668,26,32.836901
-1.8029737,26,32.845312
-1.4185467,25,32.85119
-1.5289631,28,32.853015
-1.1765141,30,32.85304
-1.3484015,27,32.853972
-1.7863486,31,32.858259
-1.5002435,26,32.859138
-1.2273364,28,32.859991
-1.4886473,30,32.871564
-1.9912789,25,32.875073
-1.6168914,24,32.875104
-1.910409,29,32.876865
-2.0367208,27,32.876886
-1.5902116,23,32.879347
-1.4076674,27,32.881969
-1.2119626,27,32.883677
-2.3864577,27,32.894619
-2.233622,24,32.897201
-1.1839598,26,32.89722
-1.4397073,26,32.897232
-1.7281367,25,32.900574
-1.5071146,30,32.902434
-1.349323,28,32.906477
-1.4993782,27,32.907609
-1.6216521,23,32.922792
-2.8582296,28,32.925285
-1.8301528,27,32.927656
-1.5233316,28,32.928973
-1.7684876,25,32.932519
-1.3284564,28,32.933612
-1.5247355,25,32.936154
-1.2297313,25,32.937016
-1.9706843,25,32.947059
-2.0048988,25,32.948776
-1.2038949,25,32.951316
-0.44966164,30,32.954646
-1.2389843,25,32.954669
-1.4363406,24,32.956573
-0.5781465,32,32.960085
-1.437573,28,32.961011
-1.7596121,28,32.973142
-1.981311,30,32.973171
-1.5715334,25,32.976656
-1.3584089,29,32.976682
-1.2240527,26,32.977565
-1.4862413,28,32.980857
-1.6580514,28,32.984427
-1.3322847,28,32.985398
-1.5461843,28,32.997096
-2.4582105,25,32.998
-1.0650454,26,32.998965
-1.4906585,31,32.999823
-2.126245,27,33.000687
-1.5717161,27,33.004158
-0.9358492,26,33.007681
-2.3810592,30,33.0104
-1.3919883,23,33.017938
-1.0591997,28,33.021381
-1.7195449,25,33.022318
-1.3794525,26,33.022334
-1.4532703,28,33.02323
-1.9152544,25,33.025698
-1.132159,27,33.031038
-1.204422,27,33.03363
-1.5427665,24,33.038671
-2.166783,23,33.043046
-1.8244731,26,33.044777
-2.0664802,25,33.047285
-1.7699385,30,33.048239
-1.8014839,31,33.04826
-1.8133355,24,33.054386
-1.1906656,28,33.055232
-1.1847045,29,33.063461
-1.307259,29,33.068187
-0.9660259,30,33.070751
-1.4415905,29,33.072619
-2.3952746,29,33.073564
-1.6098888,29,33.073585
-2.2060342,26,33.077406
-1.9344529,29,33.080848
-1.6014729,28,33.088544
-1.6292241,24,33.089502
-2.3667889,26,33.093744
-2.0068536,25,33.095641
-1.5233731,25,33.095674
-1.3761067,28,33.097352
-1.6508625,26,33.100113
-2.123344,33,33.109273
-1.4038725,26,33.110967
-1.6950521,29,33.114442
-2.412366,26,33.116123
-2.011067,25,33.116975
-1.6445183,26,33.11782
-1.9793812,28,33.121326
-1.6387776,26,33.12233
-1.7709429,26,33.133362
-1.5831897,29,33.13429
-1.7533731,24,33.135158
-1.6866207,24,33.138484
-1.636708,28,33.140968
-1.6992848,25,33.142702
-2.0362818,33,33.144502
-1.2768865,29,33.147044
-1.574736,27,33.15629
-2.3485513,24,33.158861
-1.5852325,30,33.159732
-1.0703709,30,33.160687
-1.4736872,27,33.164012
-1.2039847,26,33.166614
-1.5827401,30,33.1684
-1.2901642,26,33.169396
-1.8818192,24,33.180215
-2.043189,27,33.181954
-1.7343838,31,33.182838
-1.9162887,27,33.183776
-1.9213612,28,33.18796
-2.509085,27,33.191482
-1.7272103,30,33.192537
-2.047796,28,33.193463
-1.3419185,28,33.205116
-1.6447115,26,33.20601
-1.6457765,32,33.210173
-1.5508838,30,33.210193
-1.2324739,29,33.213496
-1.8125691,27,33.21529
-2.772142,26,33.2162
-2.482009,30,33.218754
-2.0850997,25,33.226167
-1.574595,28,33.229698
-1.6491451,26,33.232286
-1.7073269,29,33.234846
-1.1839678,26,33.235719
-1.4795108,27,33.238669
-1.3871485,26,33.238691
-1.6302476,25,33.240687
-1.3079839,27,33.250182
-1.3713186,27,33.253639
-1.4142673,26,33.255499
-1.4374471,24,33.257227
-1.9322419,24,33.259821
-1.8324068,26,33.261675
-1.2361226,33,33.264338
-0.513268,30,33.266831
-2.034166,26,33.272944
-1.9091587,24,33.275116
-1.3170197,27,33.279556
-1.2011898,28,33.285298
-1.6575687,28,33.287067
-1.356964,34,33.287946
-0.99089396,28,33.289634
-2.501081,29,33.293115
-1.5886201,27,33.298985
-1.1255672,30,33.299951
-1.850406,26,33.302471
-1.4861716,27,33.308391
-1.2670332,27,33.31022
-1.8275223,26,33.310238
-1.4887607,29,33.314387
-1.5015811,28,33.316921
-2.0124755,24,33.319474
-1.9532844,25,33.32384
-2.6305842,29,33.324697
-1.6170071,25,33.331308
-2.2098439,30,33.333965
-1.3907825,29,33.334816
-1.5725597,26,33.336671
-2.0599124,23,33.33671
-2.5007017,27,33.342553
-0.8117932,26,33.346805
-0.9934503,28,33.347693
-1.7686492,29,33.356051
-1.7200074,26,33.356083
-1.7402357,29,33.359364
-1.6367619,29,33.361081
-1.6272805,30,33.362009
-1.5945659,26,33.364524
-0.99395704,30,33.373085
-1.0763501,31,33.373121
-1.6912956,27,33.379192
-1.6289496,24,33.380079
-1.4404073,29,33.381041
-1.4056869,26,33.383702
-1.5347733,28,33.386257
-1.7283485,26,33.387156
-1.423187,25,33.394923
-1.3642175,25,33.394962
-1.518384,26,33.402017
-1.6016793,26,33.403728
-1.9243013,26,33.406356
-2.3560538,32,33.408081
-1.3990223,28,33.410707
-1.50476,29,33.412472
-2.5878558,25,33.416829
-1.1785843,28,33.419376
-1.1997993,26,33.424338
-1.9744942,27,33.426967
-1.8132737,25,33.427847
-1.5510426,26,33.433083
-1.3586345,30,33.434099
-1.084192,27,33.435932
-1.7140046,27,33.442478
-2.731769,31,33.443324
-1.475134,27,33.447962
-1.1298912,26,33.450032
-1.4654053,29,33.453469
-1.2323203,30,33.459291
-1.4996754,32,33.462677
-0.9893778,30,33.462741
-1.6371496,25,33.465342
-1.6629233,31,33.471649
-1.8457384,29,33.474241
-1.4488549,29,33.47663
-1.6249154,27,33.478612
-1.6646416,25,33.483151
-1.8332295,26,33.487111
-2.2840636,31,33.491986
-1.7061145,28,33.49203
-2.6995144,26,33.496653
-1.9249918,24,33.4975
-1.7625946,27,33.501788
-1.5031741,26,33.502892
-1.2657516,27,33.50879
-2.2523012,25,33.51076
-1.9083114,23,33.513472
-2.5013454,28,33.517869
-1.8175006,30,33.524899
-1.3545592,25,33.525786
-0.94475174,33,33.526711
-1.9451666,31,33.530205
-1.7223144,25,33.53115
-1.3937812,25,33.533473
-1.1138139,28,33.539847
-1.9837565,28,33.545033
-1.9074581,29,33.553514
-2.5123584,28,33.553564
-1.7704024,27,33.553575
-1.3129073,26,33.556188
-1.7356572,26,33.557043
-1.3512278,28,33.560983
-2.7174058,30,33.568398
-1.5766252,28,33.572363
-2.4425352,23,33.579002
-1.1852516,28,33.583852
-1.7188127,28,33.588278
-1.3934609,30,33.589529
-1.5868794,25,33.589567
-1.9329259,34,33.590707
-1.515283,27,33.599074
-2.091866,25,33.600036
-1.0450253,28,33.606574
-1.7420706,23,33.612238
-1.487494,29,33.612283
-1.6353667,26,33.614033
-1.2942297,28,33.615828
-1.3900001,29,33.615852
-2.0001755,26,33.6228
-1.7787714,28,33.62546
-1.4202588,27,33.630501
-2.3823335,26,33.634985
-2.0736918,26,33.636745
-1.9453639,29,33.637677
-1.7024771,26,33.638554
-1.6350675,27,33.639448
-1.37821,28,33.646898
-1.8831531,28,33.649492
-1.1199691,32,33.657935
-1.9177527,26,33.658928
-1.7400751,26,33.659844
-1.6250048,30,33.660811
-2.0362687,29,33.663397
-2.7535763,30,33.66509
-0.7892561,29,33.671741
-1.0906339,31,33.675884
-1.8426881,23,33.678506
-1.7955469,23,33.679743
-2.029795,28,33.682514
-1.8911567,26,33.683488
-1.905195,26,33.686297
-1.2482262,27,33.688883
-1.3895524,28,33.697023
-2.6527731,29,33.702087
-2.0213752,27,33.702992
-2.607008,24,33.704637
-1.5214827,28,33.704659
-2.124828,28,33.707175
-1.3804855,29,33.71173
-1.970967,28,33.714067
-1.3694394,27,33.722382
-1.6251518,25,33.726622
-1.045913,28,33.730871
-2.676599,31,33.730892
-1.0253947,31,33.733544
-2.0112703,26,33.736238
-2.2741847,33,33.738073
-1.5475763,27,33.738979
-1.8681287,31,33.749662
-1.5505044,27,33.750731
-1.6725862,26,33.754317
-2.2972896,29,33.757048
-1.9421399,24,33.759674
-1.9891589,29,33.75987
-1.4933603,30,33.763292
-1.5599198,28,33.764268
-1.8845277,26,33.772806
-1.4573566,25,33.772833
-1.2874894,28,33.778688
-1.182699,26,33.782043
-1.4315357,29,33.782063
-1.5241911,30,33.785847
-1.9445733,25,33.785879
-2.107108,29,33.788622
-1.7836156,29,33.798203
-1.453053,30,33.799192
-1.9480684,28,33.803467
-1.8646291,27,33.806006
-1.6777701,26,33.808666
-3.360999,30,33.808691
-1.6945121,25,33.810378
-1.420331,29,33.811238
-2.0464606,27,33.821259
-1.4051285,28,33.823011
-1.7184565,29,33.827989
-1.8035688,27,33.828929
-2.1956954,25,33.829823
-1.8612368,27,33.833435
-2.1813877,26,33.833463
-1.384675,29,33.833473
-1.5045555,29,33.845782
-1.4021668,31,33.84932
-1.5269445,26,33.850174
-2.2857645,25,33.851039
-1.7217035,28,33.852713
-1.6976697,26,33.855188
-1.7419711,28,33.856968
-1.4509773,28,33.856994
-1.6333662,26,33.867963
-1.4887208,26,33.871588
-1.6806917,25,33.872538
-1.3061342,26,33.872555
-1.6278746,25,33.874247
-1.587114,27,33.878484
-1.0904002,26,33.879488
-2.25974,27,33.880423
-1.6203065,25,33.890313
-1.4839429,26,33.894648
-2.110133,27,33.8964
-1.2069669,29,33.898253
-1.9465626,27,33.898298
-2.2101,22,33.9
-1.7184049,24,33.900936
-1.2636617,28,33.90342
-1.8904288,27,33.913654
-1.4901333,27,33.917978
-2.2253215,24,33.918888
-2.1546597,26,33.91891
-1.4847775,26,33.920626
-1.8644792,25,33.921528
-1.913795,25,33.924879
-1.4252292,28,33.924898
-2.4523015,24,33.933935
-2.7238011,28,33.941534
-1.3754349,25,33.942643
-1.2877555,29,33.943628
-1.3672917,31,33.945351
-1.0228299,31,33.947022
-1.6701667,27,33.947882
-1.2944537,30,33.950472
-1.2633961,27,33.957161
-2.0430264,26,33.964046
-1.8326981,25,33.966712
-0.96419454,27,33.966742
-1.1750599,29,33.967659
-1.3976238,27,33.970268
-1.5429051,27,33.97117
-2.2264564,28,33.974488
-1.6509246,28,33.981195
-1.753514,25,33.988182
-1.4659792,29,33.989053
-1.3976704,28,33.990883
-1.6477587,25,33.992604
-2.252568,29,33.992624
-1.2627752,30,33.995949
-1.3608105,29,33.999419
-0.95345366,30,34.007083
-1.7328775,28,34.012164
-1.5375764,29,34.013884
-1.3939315,26,34.014822
-1.5243826,29,34.015695
-1.7422085,28,34.016645
-1.1412201,27,34.019257
-1.1779867,29,34.024389
-1.8871264,29,34.031839
-2.2084422,24,34.034618
-2.0666285,29,34.037276
-1.4650625,28,34.039853
-1.8357427,30,34.040729
-1.4018469,28,34.04326
-1.4986246,31,34.043278
-1.639117,28,34.049654
-1.6174743,26,34.05699
-1.4608824,27,34.061716
-1.291721,24,34.06521
-1.0685084,28,34.065235
-1.1431775,28,34.068232
-2.3218632,26,34.070006
-0.9018256,28,34.071724
-0.90064436,28,34.077086
-1.9066737,25,34.084522
-1.9619296,31,34.086502
-2.1282697,24,34.090007
-1.5847709,28,34.090935
-1.5407,29,34.091841
-1.8071246,23,34.092957
-1.791814,26,34.093954
-1.3102016,30,34.104636
-1.5491014,24,34.106364
-1.5248954,26,34.109977
-1.9796171,26,34.115195
-2.903345,27,34.115223
-1.38394,28,34.115234
-1.7752831,26,34.11698
-0.7736076,29,34.118757
-1.9423068,26,34.127702
-2.6841354,27,34.130359
-1.6297975,28,34.134633
-1.325792,25,34.137191
-1.6194012,26,34.138132
-1.6775625,26,34.138147
-1.8025341,24,34.138156
-1.7908903,26,34.141525
-1.2609934,29,34.152432
-1.5107963,27,34.15333
-2.0949414,23,34.157484
-1.0274886,28,34.158356
-1.3575119,28,34.161754
-1.4998882,28,34.161774
-1.3931639,31,34.163598
-1.7755183,31,34.167807
-2.2370908,24,34.173886
-1.4302094,26,34.174777
-2.0702198,26,34.180707
-1.8038304,27,34.180735
-1.9701226,26,34.185899
-1.9325223,29,34.186764
-2.1772568,30,34.187665
-1.5439676,28,34.191755
-1.0426209,28,34.197694
-1.8468521,27,34.197716
-1.6824688,26,34.202891
-2.2515395,29,34.205404
-1.0847948,27,34.210481
-2.047859,26,34.210527
-1.3781564,27,34.215526
-1.5377831,34,34.215548
-1.6357877,24,34.219868
-1.8862742,27,34.22284
-2.0688708,24,34.225712
-1.6088719,26,34.235002
-2.3958814,26,34.23503
-0.26245487,35,34.23858
-1.695147,25,34.23946
-1.5330834,28,34.242002
-1.8402787,27,34.24449
-1.3431342,26,34.249214
-1.5767093,29,34.249251
-2.1394706,26,34.258054
-1.440357,32,34.263443
-3.151202,28,34.264467
-1.1837473,30,34.265397
-2.4442546,28,34.267982
-1.8487395,25,34.268036
-1.9442058,27,34.274319
-1.746012,29,34.276065
-1.7528625,27,34.283026
-1.5285337,27,34.288837
-1.8858105,24,34.288859
-1.2777402,29,34.289746
-1.7896163,28,34.290747
-1.6983294,29,34.293311
-1.7648002,25,34.297489
-1.3742563,27,34.29752
-1.5817931,27,34.306315
-1.7460103,26,34.312139
-1.4584563,27,34.31445
-1.85796,30,34.316289
-1.9209172,28,34.316316
-0.9734813,26,34.317286
-1.9487216,26,34.321937
-2.8471527,35,34.330264
-1.4368953,26,34.331256
-2.0104809,26,34.340108
-1.7762036,26,34.340147
-1.151122,29,34.341105
-1.5519929,26,34.341127
-1.891608,32,34.342021
-0.99673235,26,34.345972
-1.5498981,24,34.35199
-1.4221404,28,34.356298
-1.9307784,25,34.362799
-2.0245764,27,34.363693
-1.472522,29,34.36549
-1.3065178,28,34.36551
-1.82164,27,34.36552
-1.3445942,29,34.370458
-1.2569373,30,34.377191
-1.2571576,27,34.37894
-0.91872823,28,34.386603
-1.3193346,27,34.388369
-2.123461,29,34.388387
-0.9035602,30,34.390899
-1.1429621,30,34.390923
-1.8830397,29,34.395258
-1.357188,25,34.398679
-0.77045846,30,34.404895
-1.1083724,28,34.412575
-3.032677,31,34.413446
-1.186255,31,34.415126
-0.981689,29,34.415969
-2.0515423,31,34.417615
-1.5771618,27,34.418504
-3.0164964,27,34.421718
-1.334171,27,34.427713
-1.957254,25,34.433556
-2.1916943,29,34.437777
-1.4223967,27,34.4378
-1.2398822,26,34.437809
-1.4949605,27,34.440298
-1.5814223,28,34.442105
-1.3951092,28,34.445507
-1.7323896,24,34.448045
-1.4802198,27,34.460755
-1.8830638,33,34.46168
-1.3328393,28,34.461699
-1.3671165,29,35.004992
-1.5760765,27,35.00607
-1.334588,28,35.0089
-1.7596312,27,35.011708
-1.3128636,27,35.014611
-1.1299664,27,35.027673
-1.0251422,29,35.030227
-0.59823155,28,35.031117
-1.3345776,29,35.031134
-2.1500716,32,35.032833
-0.95476454,29,35.034566
-1.3644099,28,35.03638
-1.0350761,31,35.041553
-1.6959765,25,35.049156
-2.08292,31,35.056852
-1.2560003,31,35.057845
-1.0864818,31,35.057861
-0.97592306,30,35.058764
-1.0748882,27,35.059663
-1.269726,29,35.059695
-1.3855252,29,35.066677
-2.2668772,23,35.069179
-2.4379232,25,35.078623
-1.3461918,26,35.080349
-2.7492375,25,35.081309
-1.5342915,30,35.083975
-1.3696568,28,35.083998
-1.3274567,31,35.085704
-2.0176244,25,35.090778
-1.5758615,30,35.092553
-1.4928839,27,35.102012
-0.8020246,28,35.105421
-2.5682569,29,35.105454
-1.8482597,28,35.108108
-0.92766273,27,35.108995
-1.1747752,35,35.11425
-1.6039544,29,35.117821
-0.77049196,33,35.119628
-1.3750105,27,35.125829
-1.1219703,28,35.13042
-2.482867,25,35.131344
-1.7370867,28,35.133083
-1.2397584,31,35.133123
-1.4243467,27,35.143634
-0.6301639,34,35.14454
-0.754264,31,35.145471
-1.4814417,25,35.148101
-1.3562828,25,35.153095
-1.6939845,27,35.156482
-1.4683945,30,35.156505
-1.3068106,29,35.158202
-1.3361617,26,35.166466
-0.58881825,29,35.168144
-1.7450476,28,35.171683
-1.8871228,23,35.175944
-1.4267572,36,35.175972
-0.695064,29,35.177665
-1.8206221,26,35.17856
-1.765893,29,35.182934
-1.4982414,30,35.192077
-1.1015451,28,35.1921
-1.3297358,27,35.194708
-1.6523926,26,35.198107
-2.5319242,27,35.200631
-1.2980084,29,35.20065
-1.0688977,30,35.204208
-1.6926283,26,35.205105
-1.3855444,26,35.214336
-1.2132943,28,35.216096
-1.2395322,31,35.22116
-1.6944265,26,35.222892
-1.450544,26,35.222911
-0.8552344,30,35.223862
-1.4667003,28,35.228824
-1.2156894,32,35.231484
-1.879932,25,35.237687
-1.3224204,30,35.240285
-1.8284147,23,35.243989
-1.1132332,27,35.246605
-1.4790542,28,35.247497
-0.77139807,31,35.248368
-1.799226,25,35.253246
-0.033716023,35,35.259554
-1.1843979,27,35.263794
-1.3748913,32,35.265697
-1.1030017,30,35.27045
-2.1456368,27,35.271375
-1.0155727,33,35.275704
-1.5049727,27,35.277505
-2.0083363,33,35.277526
-1.3477805,27,35.283311
-1.3130953,30,35.289935
-1.3420033,32,35.293475
-1.9660097,27,35.293501
-1.3402517,27,35.294384
-1.0609746,28,35.299302
-0.6264874,30,35.302841
-1.0875704,31,35.303734
-0.6272248,35,35.312857
-2.180496,30,35.315495
-1.7519062,27,35.316383
-1.0689135,27,35.316409
-1.4879982,29,35.318945
-1.3006412,29,35.327794
-1.0337784,34,35.328734
-1.2685571,29,35.328751
-1.381208,26,35.337837
-0.7903192,30,35.338782
-1.1647418,30,35.342169
-0.6106323,32,35.343954
-0.9346406,29,35.343984
-1.172683,25,35.350176
-0.9394872,29,35.352796
-1.7261755,31,35.355365
-1.1800886,26,35.360312
-0.9719353,28,35.363042
-1.7963669,25,35.365546
-0.8374953,29,35.367217
-1.494843,28,35.368054
-1.4537811,28,35.373872
-2.0659544,28,35.376359
-1.3602891,27,35.378036
-2.0121574,25,35.384083
-1.3049881,32,35.387469
-1.1991478,25,35.388306
-1.5717307,25,35.389138
-1.2849555,31,35.391573
-0.70331645,33,35.401541
-0.7506725,32,35.403227
-1.2158395,31,35.404095
-1.2233217,33,35.411597
-1.0504565,28,35.411622
-0.7425999,27,35.411632
-1.2311051,30,35.412513
-1.413688,32,35.418541
-1.1410159,27,35.424654
-1.516334,25,35.425535
-1.2683458,29,35.428038
-1.0047734,28,35.435768
-1.2579404,29,35.436781
-0.78332585,31,35.438542
-1.3411174,33,35.441169
-1.132386,29,35.443821
-1.2696779,27,35.448206
-1.2874265,27,35.449106
-0.8096519,27,35.451628
-1.3137378,27,35.461803
-0.6700314,31,35.463524
-1.6722941,27,35.464424
-0.58360326,34,35.465258
-1.2327335,28,35.467741
-1.4289403,27,35.471131
-1.5069377,27,35.472027
-1.1731158,32,35.478769
-1.375383,27,35.484751
-1.8252097,26,35.486469
-1.8754203,28,35.487364
-1.8986464,25,35.489188
-1.0352429,32,35.492591
-1.3273079,25,35.492621
-1.0214305,30,35.497681
-1.2526037,27,35.501868
-1.6309187,27,35.507711
-1.1721461,26,35.509399
-0.98439,29,35.511078
-1.8961546,30,35.514599
-1.6278466,28,35.516356
-2.2783775,35,35.522278
-1.5850947,29,35.522299
-1.5404749,28,35.525588
-1.1210518,29,35.532631
-1.1774437,28,35.533582
-1.1689156,30,35.537032
-1.2139465,28,35.5388
-2.0950246,27,35.539735
-1.5860088,27,35.545475
-2.2316406,30,35.548001
-1.1582956,31,35.552142
-1.4748366,26,35.554772
-1.4798374,29,35.558148
-1.3548454,29,35.561544
-1.2601726,28,35.562392
-1.164917,29,35.564033
-1.6110663,27,35.568256
-2.1904056,29,35.572399
-1.3979245,25,35.573276
-1.015069,31,35.580868
-0.81382465,29,35.58257
-1.5256351,30,35.586878
-2.042247,28,35.587793
-1.116142,33,35.590397
-1.6585236,27,35.591374
-1.7631941,30,35.598703
-0.6715929,32,35.599665
-1.2573028,26,35.603084
-1.6461465,26,35.604986
-1.1835485,28,35.611034
-1.2690231,29,35.612811
-1.3171394,29,35.615418
-1.7063582,28,35.615444
-1.8184999,33,35.627927
-1.3546801,27,35.627959
-0.3888597,35,35.628819
-0.7917444,30,35.628836
-1.089788,28,35.634788
-1.3927373,27,35.638114
-1.0491897,31,35.638973
-1.5714777,31,35.641684
-1.548732,25,35.649308
-1.1612618,26,35.650189
-1.8860838,27,35.651893
-0.8690253,30,35.654511
-0.81378424,29,35.659516
-1.3440391,27,35.664553
-0.72228277,31,35.665511
-0.5637892,32,35.665537
-0.97564775,28,35.672959
-1.6891807,26,35.673844
-1.1213229,29,35.674773
-0.91296315,28,35.678114
-1.2694627,28,35.683262
-2.2488692,27,35.688431
-1.065166,28,35.688461
-1.0279962,30,35.690961
-0.99660766,27,35.696802
-1.4568826,28,35.696824
-1.5360656,29,35.699361
-3.460856,30,35.703652
-1.1738232,30,35.708939
-1.7283738,27,35.711623
-1.4388759,29,35.713368
-2.0470517,30,35.716709
-1.3492362,25,35.718376
-1.2420354,27,35.720137
-1.5347836,28,35.723554
-0.7261638,32,35.731397
-1.628684,29,35.73417
-1.5346754,28,35.736111
-1.3580096,30,35.739996
-1.9165494,26,35.740043
-1.6315497,30,35.744916
-0.83498615,29,35.745783
-1.5314406,27,35.747446
-1.2914848,29,35.756867
-0.8801169,27,35.759935
-1.5330603,30,35.760914
-1.2891321,26,35.762576
-1.3677068,30,35.766
-1.0394483,30,35.771083
-0.9534184,29,35.77279
-0.9631771,32,35.773671
-1.4610822,27,35.783965
-0.96049225,31,35.783989
-1.3472137,29,35.784875
-1.3389649,26,35.784893
-2.3518353,27,35.789054
-1.6625712,28,35.796469
-0.80876166,31,35.797386
-0.5953748,33,35.80255
-1.57365,29,35.810409
-0.81027853,30,35.810442
-1.5973144,30,35.811363
-0.54124284,31,35.811378
-1.313335,28,35.814467
-1.5748398,27,35.821546
-1.7109883,28,35.823307
-2.2615948,26,35.825953
-1.5720593,27,35.835197
-1.660504,29,35.837247
-0.6194382,30,35.839274
-1.1260681,31,35.840245
-1.397759,28,35.840273
-1.2057847,29,35.850098
-0.66807276,33,35.851891
-1.3867,31,35.854506
-0.92461014,30,35.862872
-1.296231,26,35.863863
-1.0015014,27,35.864866
-0.8548997,28,35.864884
-2.3989983,34,35.868304
-1.7584023,27,35.87488
-1.4244282,27,35.876811
-1.4010888,29,35.881275
-0.994174,26,35.887277
-1.2878923,29,35.890899
-1.0978549,28,35.890937
-2.008814,26,35.892668
-0.6907207,30,35.89269
-2.2804265,29,35.901847
-1.5394193,27,35.901894
-1.540669,28,35.907092
-0.95520175,29,35.9133
-0.644464,29,35.917406
-1.2047374,29,35.917445
-1.24417,30,35.92026
-0.88591933,31,35.921188
-2.4251523,25,35.924627
-1.0707743,32,35.930491
-1.6272862,28,35.932192
-1.3000301,29,35.938989
-0.9118872,29,35.942367
-1.298473,30,35.943295
-1.6149774,29,35.945253
-1.7064599,26,35.947008
-1.0182848,31,35.947902
-1.8107595,27,35.953785
-1.179382,33,35.960604
-1.2813975,27,35.962307
-1.5165088,27,35.968316
-1.4184861,30,35.969231
-1.6621802,32,35.970134
-1.2937787,27,35.971098
-1.0502592,30,35.972849
-0.98517257,28,35.977784
-1.2605482,30,35.986097
-1.6493626,24,35.989532
-1.4961926,33,35.990476
-1.359757,28,35.992282
-1.6395043,29,35.995703
-1.7485793,32,35.997469
-1.0124922,35,36.002462
-1.3884686,30,36.003319
-1.4692352,24,36.010696
-0.9137485,29,36.010719
-1.2531927,28,36.013268
-1.3438443,26,36.014276
-1.614759,26,36.017649
-0.66215855,29,36.021751
-1.5452099,30,36.028353
-0.61032885,33,36.03013
-1.3756372,27,36.038129
-1.1488332,31,36.039421
-1.4718938,28,36.040809
-0.84373677,34,36.043165
-1.6781577,27,36.04414
-1.701985,27,36.048459
-2.7557101,32,36.060984
-0.91653216,35,36.061878
-1.500134,28,36.064486
-1.1622338,29,36.066183
-1.4653563,26,36.066199
-0.9784545,32,36.06702
-1.371269,33,36.071335
-1.5685583,27,36.071362
-1.3063234,27,36.083913
-1.7064308,31,36.088112
-1.1654336,28,36.088132
-1.2329266,28,36.089848
-1.1703749,28,36.090744
-1.1672268,30,36.091809
-1.4162866,29,36.095918
-0.79872894,31,36.097624
-1.0991303,26,36.110524
-2.1950073,31,36.110552
-0.9364531,29,36.113125
-1.4665382,28,36.115674
-1.4444481,29,36.115693
-1.4197494,30,36.115703
-1.1760864,28,36.121426
-1.0717684,32,36.123079
-1.7047741,28,36.134253
-1.736296,28,36.134276
-1.566258,25,36.136846
-1.090034,29,36.137734
-1.139562,30,36.141316
-1.0815175,32,36.143104
-1.8769319,26,36.143952
-0.77845067,31,36.149961
-1.4628066,25,36.155869
-2.509616,24,36.158505
-1.5985407,27,36.160246
-1.0090145,30,36.160263
-1.8377166,25,36.162839
-1.9003949,27,36.166287
-1.9831233,28,36.168065
-1.7948506,27,36.172987
-1.6160967,26,36.178168
-1.6091063,27,36.181766
-1.3383188,25,36.184293
-1.2123898,29,36.185223
-0.7588097,30,36.186122
-1.6134261,25,36.187767
-1.446339,26,36.190362
-0.13995337,34,36.202657
-0.9035495,28,36.202691
-0.8376622,29,36.206771
-2.096612,27,36.207622
-1.8787332,26,36.207636
-2.2346618,26,36.210272
-1.6007338,29,36.21116
-1.6386254,28,36.214634
-1.6704767,28,36.225981
-1.8352005,22,36.226002
-1.1939892,26,36.229338
-1.8079064,25,36.232042
-0.90901077,31,36.232979
-3.120483,38,36.234762
-1.0796441,31,36.236473
-1.2278717,34,36.242951
-2.1230383,24,36.246378
-1.2361877,27,36.248843
-1.493459,24,36.253156
-1.5073686,27,36.254842
-1.6418569,25,36.255783
-0.7755072,32,36.256627
-1.6390243,26,36.258364
-1.2404165,28,36.267488
-1.4719279,27,36.270173
-1.048541,32,36.276872
-1.1416252,30,36.279582
-0.99207973,29,36.280503
-1.5447803,28,36.283091
-1.2227511,34,36.285585
-1.7884412,33,36.285608
-1.9098787,25,36.2891
-1.1386489,29,36.294862
-1.4090495,30,36.302472
-1.3497491,28,36.304285
-2.260625,31,36.305981
-1.0369058,30,36.308599
-2.1887987,28,36.309468
-1.1160984,32,36.313035
-1.1516635,30,36.314888
-1.1508999,27,36.318413
-2.1676347,26,36.328368
-1.6441116,31,36.330862
-1.292409,35,36.332571
-2.212137,29,36.333509
-0.88386524,29,36.334383
-1.7042911,23,36.334399
-1.0971717,28,36.336886
-1.0557922,37,36.349721
-1.6496408,25,36.349753
-2.0084653,28,36.35715
-1.6383054,25,36.35802
-1.629866,31,36.359009
-1.4731088,33,36.359024
-1.5698247,29,36.359033
-2.9589303,31,36.360706
-1.439707,27,36.372269
-0.99663657,28,36.373158
-1.7990173,27,36.379749
-1.4246259,26,36.380614
-2.1311784,27,36.381545
-1.0167781,30,36.384112
-1.3146148,31,36.38413
-1.0144726,29,36.384974
-1.4045653,28,36.395765
-0.8243327,28,36.396744
-1.3814638,26,36.402801
-0.9667114,29,36.404512
-1.5256449,26,36.406246
-1.3838961,26,36.406262
-0.4973666,31,36.408054
-2.1552234,31,36.411454
-2.031538,27,36.418916
-1.6233642,30,36.422278
-1.291702,29,36.427271
-1.5415335,26,36.428266
-1.3158759,24,36.428286
-1.3289666,27,36.429131
-1.4874125,29,36.429146
-1.0892569,29,36.435823
-1.9014664,31,36.448961
-0.71779674,36,36.449861
-1.7917202,27,36.450732
-2.0685363,28,36.452455
-1.2219782,28,36.45341
-1.2198803,29,36.453425
-0.8442129,29,36.454305
-1.015549,29,36.460791
-1.3876945,27,36.471806
-1.6452061,28,36.474413
-1.8659275,25,36.474436
-1.0149703,25,36.474443
-1.36401,28,36.476213
-2.5801208,32,36.477093
-1.9283795,27,36.477109
-1.4673042,28,36.484684
-0.9548261,27,36.497269
-1.6391399,27,36.497295
-0.9714439,28,36.498273
-1.8799946,32,36.499212
-1.5776553,28,36.501065
-1.224339,31,36.502803
-0.81125605,31,36.503645
-1.3898369,25,36.506338
-1.7669375,26,36.519602
-1.65864,26,36.520495
-1.589004,25,36.520513
-1.0294793,30,36.523018
-2.52569,27,36.523899
-1.7887433,27,36.526371
-2.0140448,25,36.527237
-0.5573421,35,36.532408
-1.1883531,27,36.542202
-1.4925499,27,36.543149
-1.8263094,30,36.545643
-0.97279954,28,36.54649
-1.7373097,27,36.550008
-1.7784436,25,36.554087
-1.4692858,32,36.554129
-1.9525182,35,36.554138
-1.1104431,29,36.567979
-0.796487,31,36.56884
-1.3760011,26,36.568858
-1.9243896,31,36.572142
-0.86313975,31,36.576282
-1.0354822,30,36.578837
-0.8229837,34,36.582153
-0.6524368,38,36.585541
-0.9805063,28,36.592221
-1.1857736,30,36.59404
-1.7432973,28,36.595837
-1.4984839,33,36.595867
-1.0616173,26,36.600959
-1.4532049,33,36.60436
-0.8882001,32,36.609375
-0.218193,36,36.616037
-2.8411584,29,36.618559
-1.1503047,32,36.619455
-1.7138351,28,36.619474
-1.2446553,28,36.619483
-1.4981136,28,36.62458
-1.4095092,31,36.630359
-1.443234,27,36.632068
-1.7919284,24,36.639503
-1.2601582,28,36.639521
-2.9683394,28,36.641969
-1.6303105,28,36.642803
-1.4007804,29,36.643675
-1.659028,27,36.647092
-1.2316124,26,36.653879
-0.6262491,30,36.655575
-1.2590744,27,36.662534
-2.3991318,26,36.664436
-1.5329266,26,36.66533
-1.1784633,31,36.6662
-1.322397,27,36.667057
-1.278565,29,36.672283
-1.5264046,29,36.680747
-1.3194634,32,36.681698
-2.579419,24,36.687876
-1.188129,26,36.688823
-0.79256433,30,36.688841
-1.5502043,28,36.689687
-1.7741685,31,36.691401
-2.5818393,25,36.693958
-1.1038119,26,36.703014
-1.0756644,27,36.704818
-1.4797726,25,36.709928
-1.5195324,24,36.711624
-1.7704823,27,36.71249
-1.0068296,32,36.715018
-0.94409484,31,36.715038
-2.0723493,35,36.723647
-1.4220501,25,36.724606
-1.2122802,29,36.729585
-2.4201684,27,36.734551
-1.9595453,27,36.735452
-0.69773144,31,36.736322
-1.3663503,29,36.739898
-0.92756385,30,36.740782
-2.056567,27,36.747377
-2.4546332,34,36.752832
-1.4201849,28,36.753747
-2.273782,28,36.759567
-1.3486975,29,36.759604
-1.7391286,26,36.762071
-1.085666,31,36.76303
-1.8228514,28,36.765065
-1.998311,27,36.771039
-1.4387332,28,37.323257
-1.1274064,31,37.325208
-1.3968556,30,37.331475
-1.015065,31,37.332449
-0.7835054,33,37.336706
-0.8415921,32,37.336734
-0.8667657,30,37.336744
-1.2848847,39,37.350057
-1.5489848,30,37.350953
-1.1559541,34,37.352645
-1.0202718,30,37.357649
-1.4271624,33,37.359371
-1.2018795,28,37.36027
-1.587497,30,37.362224
-0.89266133,29,37.374538
-2.056022,28,37.374571
0.15114707,49,37.378112
-1.0962048,34,37.381706
-1.5484604,31,37.384488
-1.0772969,31,37.387127
-1.3362317,34,37.388939
-1.0451643,33,37.390671
-0.98451656,26,37.39749
-1.262605,28,37.39932
-1.4415884,29,37.403604
-1.067178,30,37.41077
-0.97790354,35,37.412516
-1.4216967,30,37.413419
-1.2545521,26,37.413438
-1.093696,29,37.414326
-1.5392519,25,37.419703
-1.467759,30,37.425612
-0.15379357,35,37.434038
-1.5176265,29,37.437571
-1.4341769,30,37.439321
-2.7130795,33,37.439341
-0.30619735,35,37.443549
-1.0727707,29,37.444455
-0.557934,35,37.444476
-1.0283959,34,37.454298
-1.1757723,29,37.458481
-0.8424111,32,37.466263
-1.7143342,27,37.466289
-0.9145083,34,37.466299
-0.6888555,34,37.468166
-1.1801912,28,37.46819
-0.46959585,32,37.471944
-0.9228457,29,37.479475
-1.3240211,28,37.482998
-1.3768604,26,37.489206
-0.6756212,29,37.491853
-1.4352791,29,37.491875
-1.3501985,30,37.494536
-1.3470646,27,37.495453
-0.67150104,31,37.495474
-0.43162775,30,37.505853
-0.5956733,37,37.515286
-0.5754274,31,37.516232
-0.9942645,30,37.517911
-1.1455412,29,37.519588
-0.9494945,28,37.519606
-0.9902334,33,37.520477
-0.8733002,30,37.521405
-1.2024246,30,37.531276
-1.5070771,28,37.539057
-0.73930323,29,37.540845
-0.43099698,32,37.545144
-1.4408077,31,37.546068
-0.9418719,30,37.546981
-0.76644546,32,37.546999
-0.44448137,35,37.55031
-0.53744084,31,37.558076
-1.8547307,27,37.562421
-1.0584188,27,37.56415
-1.1511722,25,37.568263
-0.8856374,28,37.56922
-0.92931414,31,37.572796
-1.3457063,33,37.579163
-2.596575,39,37.580944
-0.6446246,30,37.584281
-1.8465183,27,37.586003
-1.2086179,29,37.589483
-1.3286009,27,37.592054
-0.7599294,31,37.596327
-0.5265406,32,37.600486
-1.0417591,29,37.605462
-2.0270274,33,37.607143
-1.1657927,30,37.609675
-1.2221854,28,37.609696
-1.5372417,28,37.613076
-0.4412254,31,37.618127
-1.0353795,32,37.623174
-1.3261647,26,37.627315
-1.1629632,27,37.632233
-1.980561,31,37.633104
-0.943601,30,37.634918
0.40010816,42,37.635775
-0.91223794,27,37.640816
-1.0589683,34,37.641732
-1.3013024,28,37.646873
-1.1172305,32,37.654191
-0.50443417,29,37.65672
-0.8844074,30,37.658516
-0.8544096,33,37.662687
-1.599572,28,37.664394
-0.6758096,34,37.664416
-1.4320614,29,37.666221
-1.2370539,33,37.674497
-1.1725652,27,37.679703
-1.5321136,30,37.679729
-0.6887977,31,37.684722
-1.4383717,26,37.686534
-1.013204,28,37.686551
-1.0071822,28,37.688255
-0.96031165,33,37.694163
-0.9481845,30,37.705203
-1.3099911,30,37.705225
-0.78181267,37,37.706079
-1.1101198,29,37.709405
-0.38670504,31,37.713071
-1.3578435,29,37.713096
-0.6555175,32,37.714005
-0.8676172,37,37.726057
-0.936074,30,37.731042
-1.0810777,28,37.733581
-1.410184,33,37.7336
-1.7539458,34,37.735265
-1.3815033,26,37.736102
-1.2230663,30,37.738668
-0.7315976,33,37.741303
-1.0597829,30,37.751435
-1.0282849,25,37.754772
-1.2964739,33,37.758881
-1.1331933,31,37.759827
-1.6448953,29,37.76073
-0.88983697,31,37.76159
-2.548365,28,37.765075
-1.4441439,34,37.767662
-1.0713886,32,37.778939
-1.1421871,29,37.779857
-1.0725728,29,37.784214
-0.74693346,29,37.785152
-1.3713982,30,37.786969
-0.530586,31,37.792023
-0.50988567,36,37.792919
-1.1993148,33,37.796322
-1.3567709,31,37.805606
-1.1028975,31,37.806479
-1.2322835,27,37.807356
-0.92684186,27,37.808348
-2.4613528,28,37.810892
-0.8734372,30,37.818696
-1.3093538,33,37.820437
-0.9760184,29,37.821374
-1.4944954,29,37.83047
-0.9203603,30,37.832213
-0.94048643,34,37.836418
-1.4316559,34,37.837332
-1.3798124,32,37.838267
-1.5217998,28,37.845021
-1.7278531,30,37.845982
-0.39278126,33,37.84692
-0.6269007,30,37.856012
-1.279791,32,37.859363
-1.1730136,30,37.861906
-1.2781291,30,37.86369
-1.0032566,33,37.865404
-0.8270681,28,37.870572
-1.5363433,29,37.8706
-0.8244565,32,37.872292
-2.353858,29,37.881112
-1.1486652,29,37.888929
-0.6158925,34,37.891731
-0.23619278,30,37.891765
-0.32852593,38,37.892652
-1.8493394,27,37.89438
-1.0455,33,37.901148
-0.7771811,38,37.903899
-1.5973487,26,37.903944
-1.3197987,28,37.913236
-1.826354,26,37.914251
-1.1347764,29,37.916981
-0.9582179,30,37.918759
-1.1576009,30,37.9206
-1.280817,27,37.924867
-1.5487473,29,37.929194
-0.40497833,37,37.935758
-1.1665356,28,37.937521
-0.8786783,28,37.938394
-0.58369845,32,37.946154
-0.67762065,35,37.947091
-1.2221344,32,37.948025
-0.9791598,31,37.951414
-0.9170403,27,37.952246
-0.8620646,30,37.961451
-0.99704003,30,37.963924
-1.3081284,32,37.964792
-2.0126882,26,37.969191
-1.0790722,31,37.972622
-1.7494618,32,37.975096
-0.8643762,29,37.976731
-0.74797803,33,37.979251
-1.8046557,26,37.985881
-1.6385496,32,37.98844
-1.156379,25,37.990118
-0.567505,33,37.992711
-1.7209313,27,37.995194
-0.98565084,27,37.997935
-2.119313,29,38.001405
-1.3907909,28,38.003118
-0.7507676,31,38.012302
-1.5317152,29,38.014929
-1.0296359,34,38.017508
-1.1302792,30,38.018367
-1.3693078,31,38.021683
-0.94988585,29,38.02254
-1.1157615,30,38.028309
-0.86196643,35,38.030917
-1.417505,27,38.037444
-1.5122617,32,38.039209
-1.1306577,28,38.041725
-0.8230696,27,38.044211
-1.1434866,33,38.04507
-1.1369514,32,38.049165
-0.75888455,29,38.052518
-0.9264954,31,38.056826
-1.3110616,27,38.061995
-2.0865686,30,38.062965
-0.86077356,28,38.068247
-1.7184807,26,38.071699
-1.7767723,31,38.071725
-0.51131445,37,38.073399
-1.1261015,31,38.079287
-1.120225,30,38.08282
-1.2566068,27,38.086175
-2.0288775,29,38.087148
-1.1028628,31,38.094868
-0.32896882,32,38.099526
-0.47360155,31,38.100427
0.14229393,39,38.105403
-1.0833281,29,38.107884
-1.4259427,35,38.109582
-0.737802,30,38.112627
-1.1950254,29,38.12078
-0.5687055,39,38.121716
-1.9429648,28,38.12443
-0.7954073,31,38.12842
-0.95913064,34,38.136146
-1.257045,31,38.136175
-1.1640104,30,38.139855
-1.0952283,33,38.139888
-1.4063233,28,38.147266
-1.1719298,30,38.148205
-1.4085217,27,38.152491
-1.2134793,33,38.15427
-1.6373084,28,38.161622
-1.5691146,28,38.165246
-2.0646102,28,38.165293
-0.62967473,34,38.167154
-1.4297755,25,38.175688
-1.8368068,30,38.175729
-0.94182515,35,38.179402
-1.2692034,28,38.180388
-0.92536324,30,38.192835
-0.6702975,30,38.192876
-0.570423,34,38.192885
-1.0637852,29,38.193844
-1.2703623,26,38.19923
-0.7781835,30,38.202566
-1.2944305,32,38.208182
-1.0721328,34,38.211044
-1.4900296,27,38.21843
-0.93252826,29,38.219386
-0.82790005,31,38.221165
-0.6093336,31,38.221204
-1.0392056,30,38.226611
-1.2642817,27,38.227646
-1.2752417,29,38.235069
-0.8774343,31,38.239508
-1.3823109,25,38.243917
-1.5626025,29,38.244813
-0.61608416,31,38.249366
-0.9886826,35,38.251126
-0.8268393,28,38.252029
-1.9087174,29,38.253807
-1.6658736,25,38.257447
-1.0958165,28,38.264318
-1.9328372,27,38.267853
-0.71606326,28,38.269683
-1.2570353,27,38.273085
-1.4817319,28,38.276509
-1.5788602,33,38.280186
-1.2019278,32,38.282089
-0.561724,31,38.284893
-0.5798029,29,38.290274
-1.4164556,27,38.292104
-1.3633741,27,38.2941
-2.3004305,27,38.297559
-1.457838,29,38.302786
-1.3716924,30,38.307006
-1.422749,30,38.308725
-0.2964875,32,38.313519
-1.0779135,29,38.316175
-0.9993496,30,38.318833
-1.2819195,30,38.320531
-1.0070667,30,38.324014
-1.1237857,33,38.331631
-1.2515233,28,38.333336
-0.900746,32,38.335179
-0.59666866,32,38.340976
-0.8588885,30,38.341933
-1.0195589,29,38.343667
-1.3219762,25,38.345415
-0.8599765,35,38.350483
-1.4234575,25,38.356294
-0.8419434,31,38.357977
-0.67760736,34,38.362099
-1.7576377,28,38.364698
-1.3278759,27,38.364716
-1.3444878,28,38.367499
-0.9346869,35,38.374951
-1.282562,30,38.375844
-0.69515175,32,38.38339
-2.3591728,30,38.383413
-1.4718745,31,38.388338
-0.93780255,29,38.389282
-0.77553165,33,38.392771
-0.26499256,34,38.396178
-1.4719992,28,38.399643
-1.4924605,30,38.400644
-2.2013783,31,38.410352
-1.3496878,31,38.410381
-0.40391082,31,38.415362
-0.8285625,30,38.415384
-0.86281013,29,38.417846
-1.5117328,28,38.420308
-1.2663724,25,38.422006
-0.54509544,32,38.427174
-1.8174655,27,38.432937
-1.2077649,27,38.43788
-1.5876544,36,38.440822
-1.759419,32,38.442568
-1.9221296,30,38.443506
-1.0061158,28,38.444395
-0.84863055,30,38.44793
-1.4580917,31,38.453906
-1.1742878,28,38.457371
-1.1914866,27,38.461517
-1.0962089,26,38.465729
-0.5090804,31,38.467495
-0.9470643,28,38.46834
-0.68653315,32,38.470034
-1.4739555,33,38.475917
-1.2925446,29,38.48194
-0.69865054,34,38.482825
-0.78433174,30,38.486931
-1.0819442,30,38.490981
-1.3412085,28,38.491849
-1.2243754,28,38.493735
-2.84157,33,38.495459
-1.7601528,28,38.499851
-0.49287543,29,38.507526
-0.9761107,31,38.508419
-1.5484266,27,38.510133
-1.5693736,32,38.518249
-0.7909253,31,38.51827
-1.0293179,30,38.520844
-1.0337865,33,38.52174
-1.6267724,31,38.526027
-0.9945035,25,38.529401
-1.2659154,25,38.531062
-1.0397794,29,38.531922
-1.2758857,28,38.542327
-1.514317,28,38.544827
-1.1062529,32,38.5457
-2.24137,30,38.547471
-2.1170635,29,38.550985
-0.959628,32,38.556743
-1.0349674,30,38.556768
-0.8950486,32,38.559262
-0.9948087,28,38.566018
-1.6258397,29,38.569345
-1.4874806,31,38.571845
-0.78320765,29,38.57187
-1.4479601,27,38.573633
-1.1554495,30,38.582234
-1.4144418,27,38.582263
-1.0536586,30,38.582271
-1.5322924,27,38.588808
-1.4250817,27,38.594746
-1.1706487,27,38.594772
-0.62530124,31,38.595678
-1.4123964,32,38.601407
-1.2051982,26,38.605116
-0.43917382,31,38.609886
-1.3949257,25,38.61158
-0.02548796,43,38.619928
-2.037477,29,38.620827
-0.6048808,30,38.621777
-1.1070652,29,38.626808
-0.5159595,36,38.62768
-1.9344667,27,38.628645
-0.77158797,30,38.63525
-0.98169345,31,38.637722
-0.9819655,29,38.645251
-0.952911,30,38.647054
-1.0791888,32,38.647079
-1.418059,27,38.651407
-0.8114678,31,38.653181
-0.8401441,30,38.65321
-1.2521489,27,38.658266
-1.2637448,28,38.661525
-0.6762457,34,38.674077
-1.0228926,32,38.674109
-1.273189,27,38.675784
-0.7702368,36,38.677563
-1.3953941,32,38.678414
-1.4590508,31,38.679263
-1.2279487,31,38.684285
-0.70705384,28,38.685157
-1.1157597,29,38.698422
-0.9548899,30,38.699272
-0.88441086,29,38.702801
-1.598669,33,38.703733
-1.2174611,29,38.703749
-1.2390132,33,38.705432
-1.5220189,29,38.708725
-1.0824642,34,38.71374
-0.9833987,27,38.722103
-1.1104829,30,38.723805
-1.246084,28,38.727262
-0.9762876,30,38.729044
-1.1796386,31,38.729068
-1.0224938,31,38.731563
-0.94302666,32,38.735875
-0.74009377,30,38.739193
-1.1762804,28,38.747734
-0.32961372,31,38.748608
-1.1181355,27,38.75045
-1.2112203,29,38.753862
-1.3822646,31,38.755544
-1.2845583,34,38.760442
-1.37838,27,38.762132
-0.8438872,31,38.762152
-1.8535522,25,38.771289
-1.2597737,28,38.772146
-1.5324961,27,38.776432
-1.3091149,34,38.776455
-1.1013637,29,38.779854
-1.1752251,28,38.784578
-0.95823884,31,38.788897
-1.3025382,36,38.793377
-1.1226988,27,38.795289
-2.0815713,34,38.802069
-0.6709066,32,38.804955
-1.5169415,34,38.806768
-1.6210569,28,38.809526
-1.198777,28,38.813979
-1.5290442,24,38.816855
-1.7570226,26,38.816878
-0.6342423,42,38.817738
-1.717387,28,38.827009
-0.495075,28,38.82963
-1.0719354,29,38.832318
-1.0159684,31,38.836481
-1.4063166,32,38.841466
-1.1445667,31,38.843296
-1.1205548,30,38.843319
-0.46871218,36,38.847562
-0.64200425,31,38.855868
-0.93403566,29,38.856747
-0.3819497,36,38.857611
-1.1693333,30,38.862128
-1.0492826,29,38.866291
-1.325466,28,38.867226
-1.7755347,30,38.869068
-0.6989254,32,38.87489
-0.9428661,27,38.880668
-1.2760296,30,38.881621
-1.2025656,30,38.882483
-0.830667,29,38.89096
-1.056123,28,38.890981
-1.15737,34,38.89099
-0.7328143,33,38.896765
-2.6343865,34,38.90367
-0.95049804,28,38.905368
-0.5353601,31,38.908811
-0.8435732,34,38.909907
-1.5652983,27,38.914286
-0.31610098,30,38.916844
-0.9163262,30,38.916865
-2.4398985,30,38.922752
-0.93687993,27,38.928557
-0.95722723,32,38.931086
-1.3403313,28,38.93357
-0.6564338,31,38.935348
-1.1079551,28,38.938
-1.1804159,29,38.941579
-2.0803685,29,38.941604
-0.58297706,32,38.950012
-0.9248389,29,38.953287
-1.6609223,32,38.96072
-0.8024391,35,38.960743
-2.4603808,31,38.961628
-0.8858072,30,38.966529
-1.0615199,34,38.966554
-0.4055912,31,38.967526
-1.4472916,30,38.974941
-1.4988612,27,38.983122
-0.9042577,36,38.983145
-1.1886762,31,38.987305
-1.2855667,33,38.988187
-0.992864,27,38.989914
-0.5962324,32,38.993375
-0.75279856,36,38.996912
-0.6788381,28,38.998606
-0.89659405,28,39.007108
-2.2518737,26,39.009823
-1.2044401,32,39.01082
-1.3965732,30,39.014397
-1.426182,31,39.017062
-0.6032735,31,39.02036
-1.3283567,25,39.020378
-1.1501021,28,39.021268
-2.4098682,24,39.031404
-2.1808991,29,39.032356
-1.6695275,25,39.035849
-1.3330781,34,39.039177
-1.3041067,29,39.045329
-0.821998,33,39.045355
-1.1919303,29,39.046297
-1.3513646,30,39.046329
-1.3054934,28,39.056302
-1.4767148,33,39.05968
-1.5508347,30,39.061443
-0.7983382,31,39.065696
-0.5354241,28,39.069967
-1.2787683,30,39.070914
-0.8198371,31,39.071837
-1.4347377,31,39.072701
-1.3892509,27,39.630212
-0.9078543,34,39.631262
-1.4619302,26,39.634193
-0.8210153,37,39.637726
-1.0579544,29,39.641457
-1.0020133,28,39.642392
-1.4683489,31,39.646
-0.03219956,42,39.653943
-1.2889665,26,39.653972
-1.1219696,29,39.657319
-1.4223841,28,39.659122
-0.7451094,33,39.666848
-0.6639193,31,39.669425
-1.2621402,29,39.671167
-1.251729,38,39.674676
-1.1183176,28,39.678296
-1.3431771,28,39.681651
0.04078251,37,39.685822
-0.68320674,33,39.687626
-1.3498385,29,39.69197
-1.5158294,28,39.69542
-1.0693854,36,39.700673
-0.22516984,36,39.705868
-0.46806407,30,39.707669
-0.56589866,38,39.711093
-0.9759302,33,39.714437
-1.0015795,32,39.715354
-0.84903705,33,39.720401
-1.4425477,26,39.723136
-0.5488758,33,39.724064
-1.1051152,27,39.729124
-0.90629053,30,39.733352
-0.6482718,32,39.738356
-1.347981,30,39.740443
-0.6292739,33,39.743998
-0.39497173,30,39.746522
-1.0410981,29,39.748356
-1.0393418,29,39.74922
-0.9995789,28,39.753439
-0.9691887,36,39.764386
-0.8860714,29,39.765269
-0.23111096,36,39.769682
-0.453237,34,39.77302
-0.6561436,29,39.773915
-0.87903774,35,39.776392
-1.7317464,34,39.777336
-0.3284005,35,39.783154
-1.2139577,35,39.794213
-1.0417552,29,39.794243
-0.26408574,35,39.79512
-0.68252534,31,39.80264
-0.22758108,35,39.802662
-0.6013728,34,39.805984
-0.30998242,38,39.806004
-0.561811,29,39.80772
-0.6005127,31,39.820308
-0.29946017,31,39.820333
-0.8465938,33,39.82278
-0.9734398,33,39.830317
-1.0807669,33,39.830339
-0.5149648,31,39.832115
-1.3271842,30,39.833071
-0.70775795,35,39.835574
-0.9740644,30,39.845629
-0.5677843,31,39.848965
-1.6543744,34,39.848982
-1.6585118,26,39.85242
-1.3305116,31,39.856579
-0.6435076,31,39.858285
-0.41292858,29,39.859959
-0.87930644,34,39.861733
-1.1229951,30,39.871308
-1.2105849,27,39.872201
-1.1532092,34,39.878084
-0.84289014,33,39.880603
-0.8721012,27,39.881505
-0.14666706,34,39.885767
-0.6318568,34,39.889163
-0.601066,41,39.896761
-2.5324783,33,39.899372
-1.043643,32,39.899389
-1.3083884,30,39.90353
-1.7234905,29,39.905221
-0.47144258,32,39.908643
-1.2354071,37,39.917006
-1.104713,27,39.919515
-0.9317675,36,39.919532
-2.0404706,26,39.921213
-0.106888175,34,39.928312
-0.5299522,33,39.933794
-0.7419718,31,39.935689
-0.22029501,43,39.9408
-0.36739033,30,39.943376
-0.9806213,30,39.945909
-0.42403406,34,39.949604
-1.7140493,34,39.951352
-1.2840352,27,39.952215
-0.7778516,31,39.962415
-0.4252743,38,39.966546
-1.0692896,29,39.968214
-0.13446233,35,39.970743
-0.4719993,32,39.973337
-1.5261415,28,39.975045
-0.8211124,32,39.976766
-0.43669513,29,39.976785
-0.67384523,30,39.987351
-1.1091986,31,39.99411
-0.27748725,32,39.997443
-1.2179937,28,40.00006
-0.20564434,41,40.000922
-1.4901747,29,40.000936
-0.5878649,33,40.000944
-0.8464595,33,40.002617
-1.6306762,33,40.015908
-1.3513879,34,40.023358
-0.8045548,32,40.025475
-1.3423526,30,40.026579
-0.9163108,31,40.028278
-1.9985065,32,40.029207
-0.32024252,34,40.031106
-0.5569804,33,40.031975
-0.8313355,31,40.042969
-0.29844308,33,40.052158
-0.6424066,34,40.054799
-1.1379266,31,40.054822
-0.98757124,31,40.055713
-0.89184695,30,40.056613
-0.9320987,31,40.058369
-0.6207531,38,40.059229
-0.79238766,35,40.072976
-0.899686,28,40.078822
-0.9177184,31,40.078848
-0.42283523,33,40.083785
-0.99997234,32,40.086374
-1.0799084,36,40.087223
-2.1737263,40,40.088915
-0.26753646,30,40.098357
-2.629825,50,40.101027
-1.9573402,32,40.105989
-0.32861817,35,40.108507
-0.42572168,33,40.111934
-0.7132059,30,40.111955
-0.6036084,31,40.113663
-1.1880145,33,40.117008
-0.2344518,34,40.126918
-1.2241491,31,40.131949
-1.2319661,33,40.136175
-1.2424483,30,40.137079
-1.5006218,30,40.137096
0.21868092,44,40.137945
-1.2121252,32,40.140443
-0.7262933,30,40.142272
-2.15979,34,40.155651
-2.6571095,24,40.157452
-0.5430138,31,40.158325
-1.0591223,29,40.161808
-0.3226291,32,40.163533
-1.1816146,31,40.164482
-1.0378747,31,40.166992
-0.5375928,30,40.167875
-0.66294014,29,40.180601
-0.8281553,29,40.18323
-1.8026588,36,40.188227
-1.9523679,29,40.188247
-0.13619623,33,40.189988
-0.8490193,30,40.193534
-1.1141193,36,40.195347
-0.49270684,41,40.202138
-1.06595,31,40.207166
-0.9586617,29,40.208129
-0.7013451,27,40.211456
-0.28078717,32,40.215701
-0.26931795,31,40.216606
-1.5227306,30,40.220781
-1.7551147,34,40.22247
-1.7574258,29,40.226619
-0.47742614,34,40.236077
-1.002081,30,40.23701
-0.45309055,35,40.237923
-1.2856416,24,40.241307
-0.41489637,31,40.242227
-0.79070085,35,40.246543
-0.16451702,32,40.254295
-0.9486503,37,40.254327
-1.4479526,29,40.261903
-1.4102151,31,40.262906
-0.7299254,34,40.270543
-1.7615168,37,40.273851
-0.7458075,34,40.275648
-1.9235424,45,40.276489
-0.6391574,30,40.279781
-0.55599135,34,40.283091
-0.4635823,31,40.288979
-0.69975585,41,40.297178
-0.9005925,29,40.298892
-0.3581454,34,40.299857
-0.6708987,29,40.304911
-0.3918628,34,40.304938
-0.53080195,35,40.306781
-0.69808036,32,40.311009
-1.1810539,30,40.315301
-1.1070731,33,40.325772
-1.0143316,30,40.325803
-0.8792877,32,40.326665
-1.0685515,27,40.330218
-0.35688424,32,40.332766
-0.86987793,28,40.335245
-0.98172534,38,40.337763
-0.5407741,34,40.344981
-0.50278044,30,40.35251
-0.399723,32,40.354822
-0.7236086,31,40.354856
-0.5783656,30,40.357553
-1.3645713,29,40.359263
-1.196912,29,40.361923
-0.2915213,36,40.370389
-2.033869,29,40.371284
-1.0598133,29,40.379467
-0.2963249,33,40.382865
-0.7871437,29,40.383823
-0.28472692,37,40.384683
-0.8440414,33,40.385536
-0.40256014,38,40.393973
-0.8987701,29,40.395652
-0.5740554,31,40.39662
-1.0900698,27,40.402342
-1.4603732,28,40.407574
-1.327997,27,40.408506
-0.74196625,34,40.411922
-0.574913,32,40.41195
-1.5363575,31,40.422134
-0.5715156,36,40.424899
-1.6706514,33,40.424943
-0.32587543,29,40.427427
-0.73891145,32,40.435787
-1.6524782,31,40.435827
-0.9854425,28,40.436749
-1.2955909,33,40.441324
-0.8686295,31,40.45134
-0.70425993,30,40.453505
-1.1125534,36,40.459201
-1.7798828,34,40.460358
-1.4241755,29,40.463935
-1.6928248,30,40.464899
-1.3593662,35,40.469994
-0.6431027,31,40.470873
-0.6884343,34,40.482941
-0.7279158,32,40.483001
-1.4509091,28,40.484742
-0.48130646,32,40.489129
-0.2221757,31,40.492029
-1.0619435,30,40.492061
-1.4545972,29,40.496642
-1.0493929,34,40.502199
-0.8720938,29,40.509228
-0.23997879,33,40.512828
-0.98229915,31,40.517752
-0.80725133,37,40.518671
-1.0228983,34,40.523193
-0.84222245,34,40.523238
-0.4900459,35,40.528521
-1.0400732,34,40.533487
-0.92936265,27,40.534377
-1.6337354,32,40.542108
-0.6910827,30,40.54494
-0.94125617,28,40.549149
-1.2453741,35,40.552132
-0.8021873,31,40.553579
-0.7865362,29,40.558699
-0.7579798,31,40.567469
-0.70294267,35,40.573389
-1.3906972,31,40.579678
-1.557685,26,40.584243
-1.7189324,33,40.585308
-1.4282441,26,40.588881
-0.65387034,34,40.589774
-0.3323874,34,40.592385
-0.94345576,28,40.603104
-0.7415412,35,40.605575
-0.08009952,36,40.6165
-0.51574355,33,40.617728
-0.40605515,34,40.62041
-0.36489123,39,40.632841
0.37785268,42,40.635135
-0.64730144,41,40.638471
-0.89525735,35,40.642751
-1.811521,34,40.644161
-1.1449077,27,40.651712
-0.5723223,31,40.652792
-0.5852051,33,40.656039
-0.56593084,32,40.670291
-0.8060286,34,40.670339
-1.1309037,30,40.67176
-0.9834566,25,40.671785
-0.46226418,31,40.677565
-1.277599,26,40.680849
-0.33417764,35,40.692314
0.4142217,40,40.701186
-0.9684977,29,40.703453
-0.9680677,29,40.703485
-0.8712019,29,40.704768
-1.0886576,33,40.709688
-0.35151982,33,40.72531
-1.0019891,38,40.737105
-0.7729752,37,40.748574
-0.8558188,30,40.754411
-0.515087,35,40.759203
-0.8781347,35,40.761995
0.018868119,35,40.763287
-1.4600902,29,40.767075
-0.68565845,34,40.767108
-1.2649477,30,40.781324
-0.66022646,31,40.794083
-0.8860536,30,40.796191
-1.6641307,32,40.802828
-0.9411873,29,40.807341
-0.9670728,31,40.809943
-0.28127903,35,40.811204
-0.95079124,34,40.826334
-0.8161907,32,40.835814
-0.53578293,32,40.838224
-0.9870187,29,40.846229
-0.5125464,32,40.848026
-0.29017594,40,40.850848
-1.6519756,33,40.862959
-4.557596,81,40.864249
-1.0438583,30,40.868663
-1.0294591,29,40.869785
-2.4027781,62,40.879256
-1.9492137,30,40.881388
-1.258498,31,40.886652
-1.6518495,36,40.886693
-0.9684251,32,40.897738
-0.8449266,31,40.897782
-1.5281556,31,40.902079
-0.64920115,32,40.902102
-0.38941714,32,40.911061
-0.81267524,29,40.913987
-0.78324825,36,40.917051
-1.5258975,34,40.91918
-0.68652487,29,40.925757
-1.5612125,31,40.930076
-0.8423054,28,40.937684
-0.63886863,35,40.9486
-0.60441977,34,40.961042
-1.1133153,29,40.963826
-0.40670288,34,40.966641
-0.82365656,37,40.966668
-1.020911,31,40.97092
-0.7849641,31,40.974349
-0.29825357,40,40.980342
-1.0309637,32,40.981262
-0.9872689,29,40.986603
-1.005846,30,40.993071
-0.85497785,34,40.994056
-2.094863,34,40.996841
-0.049393177,34,41.001264
-0.26984322,32,41.00316
-1.0962212,30,41.007357
-0.69015837,31,41.00915
-0.65706974,33,41.016019
-1.3568662,28,41.01778
-0.94793,27,41.02033
-0.8599236,32,41.022055
-0.8430375,31,41.029658
-1.0466633,34,41.030618
-0.62982416,31,41.034044
-0.6985039,33,41.037373
-1.5416323,26,41.04257
-0.7760316,30,41.047539
0.29341197,39,41.049245
-0.33169538,39,41.051164
-1.7550255,27,41.053336
-1.4819391,31,41.057971
-0.8511036,29,41.063002
-1.3817446,33,41.063032
-0.5986712,31,41.069992
-0.89720285,28,41.075831
-0.8480018,34,41.077588
-0.8952138,30,41.083388
-0.9277977,36,41.084293
-1.2647488,29,41.087552
-0.6341659,30,41.088428
-0.2744079,56,41.098142
-0.6117664,34,41.099041
-0.29900625,33,41.104204
-1.7331481,35,41.107653
-0.93182623,28,41.108564
0.34165815,35,41.113702
-1.2465469,31,41.115496
-0.34774673,38,41.120765
-1.2132213,28,41.122494
-0.8712482,34,41.12852
-1.0888019,29,41.132718
-0.9482614,30,41.134422
-0.1325348,38,41.137026
-0.6717037,30,41.139596
-1.1003263,34,41.144882
-0.74260426,30,41.146644
-1.799684,33,41.150914
-0.5034928,33,41.157008
-0.9117606,30,41.158821
-0.8635633,30,41.160823
-1.6153833,32,41.165262
-0.4585726,30,41.166183
-1.4432731,27,41.175392
-0.5841037,33,41.176319
-2.2730458,41,41.181432
-0.61541057,30,41.184066
-0.74157387,27,41.184958
-0.84976697,30,41.191715
-1.3436689,37,41.191737
-0.5692493,36,41.197812
-1.1256394,30,41.202203
-0.9919029,32,41.20312
-1.4282131,26,41.206498
-0.12591085,33,41.209881
-0.79080856,31,41.211649
-0.9086782,31,41.218285
-0.98182297,32,41.219168
-0.79621744,33,41.225742
-0.67229104,35,41.231779
-0.5564962,34,41.231806
-1.4490087,29,41.234297
-1.137191,37,41.237849
-1.4456899,32,41.238734
-0.7911478,31,41.245563
-0.9559608,34,41.247321
-0.8326101,33,41.253858
-0.6251136,29,41.259066
-0.5292898,33,41.259993
-0.5850317,34,41.260918
-1.1352146,30,41.26437
-1.0906537,31,41.264391
-2.2125468,26,41.267621
-0.5086502,29,41.278431
-0.08323085,39,41.280189
-1.5305306,29,41.284352
-1.0508113,30,41.286013
-0.22327352,34,41.287824
-0.91019017,32,41.291189
-1.9933708,28,41.29121
-0.37775332,35,41.293722
-0.9185456,29,41.303661
-0.695471,32,41.307915
-1.7554984,29,41.309644
-0.6116206,30,41.313952
-0.92409235,29,41.316674
-0.7110893,38,41.319224
-0.87250155,33,41.320162
-1.8239107,35,41.324393
-1.3771421,30,41.329446
-1.275655,33,41.336205
-1.1924701,27,41.337075
-1.3832144,33,41.338018
-0.6147629,30,41.342312
-0.41558528,32,41.346728
-0.4731211,32,41.347654
-1.2570491,28,41.353458
-1.1344889,36,41.355176
-0.7380111,28,41.361144
-1.6658285,29,41.361168
-1.2771324,32,41.365297
-1.0509502,31,41.368633
-0.61827725,31,41.37358
-0.52426994,34,41.375363
-0.9950183,30,41.378883
-0.52058727,33,41.383047
-0.898118,31,41.387187
-0.57202756,33,41.388881
-0.6195799,31,41.391492
-1.2400849,30,41.394029
-1.2665206,27,41.398714
-0.7821127,31,41.400456
-1.1261258,29,41.403769
-1.3785362,29,41.413711
0.074226856,36,41.413741
-0.0835461,34,41.416424
-1.0115836,31,41.418146
-1.015049,29,41.418977
-0.64250064,35,41.428507
-0.81684655,33,41.428537
-1.0194087,30,41.429449
-0.48946697,31,41.440823
-1.6617846,32,41.441788
-0.34305054,31,41.445165
-0.78277534,34,41.446053
-0.5597929,32,41.446946
-2.3362083,32,41.456976
-0.19811252,34,41.457841
-0.059051484,37,41.4604
-1.3877397,28,41.469112
-0.84534013,34,41.470134
-0.9781175,28,41.470157
-1.1026307,35,41.471943
-0.43683955,30,41.472888
-0.6951793,29,41.482942
-1.2836323,29,41.485461
-0.7652252,34,41.486315
-1.0945084,28,41.493957
-0.6932155,28,41.493986
-1.2384927,33,41.50069
-0.14019081,36,41.502402
-0.5007695,39,41.50242
-2.643916,34,41.511446
-1.5305538,31,41.511469
-1.0155623,33,41.513949
-0.92345107,30,41.519063
-1.030616,33,41.521727
-0.91593075,32,42.074135
-0.76083755,35,42.075156
-0.9542098,36,42.07804
-0.8540198,29,42.081614
-0.77876246,31,42.083533
-0.87087667,31,42.086587
-0.9838311,30,42.091169
-1.488807,33,42.097299
-0.5756849,32,42.104063
0.00035631657,36,42.108343
0.1756047,34,42.109251
-0.54099816,30,42.110968
-1.7111632,37,42.115461
-0.12344107,37,42.119868
-0.8340653,29,42.12253
-0.38349795,36,42.123453
-0.77910864,30,42.130296
-0.57437545,30,42.135568
-0.1515694,34,42.140931
-0.05602324,37,42.140962
-0.49091223,35,42.14624
-0.045395195,35,42.150558
0.0066886246,32,42.15058
0.17741606,35,42.154053
-0.6306959,32,42.158342
-0.11485112,38,42.173273
-0.5066223,32,42.177536
-0.40584624,33,42.178522
-0.80760825,45,42.179447
-0.24663872,42,42.182105
-0.17709947,33,42.186895
-0.3569149,38,42.186937
-1.6687746,65,42.192101
-0.55431163,31,42.200432
-0.28098458,32,42.205627
-1.2971601,33,42.208159
-0.9530554,29,42.211489
-0.2622847,37,42.214202
-0.33753836,42,42.215173
-0.8076756,36,42.217924
-0.0072247386,34,42.221452
-0.7304457,29,42.225613
-1.3327211,30,42.231386
-0.31637534,32,42.239056
-0.59481865,38,42.240853
-0.27986592,33,42.245962
-0.7224324,37,42.245994
-0.16807699,34,42.250172
-0.9795382,30,42.251056
-0.3423199,45,42.253576
0.21900576,44,42.268264
-0.95917356,31,42.271904
-0.47854608,33,42.273799
0.1299727,45,42.278807
-0.22936362,34,42.279716
-0.7041923,31,42.279735
-0.8695829,35,42.279745
-4.08163,67,42.296941
-0.46096402,31,42.299621
-1.2696719,36,42.300604
-2.104759,33,42.303572
-0.8614572,31,42.308017
-1.2007961,31,42.308049
-0.2873638,36,42.312547
0.3078941,38,42.315337
-0.68320864,33,42.330946
-0.04759246,36,42.332726
-0.12270442,40,42.33362
-0.23823038,35,42.335343
-0.77359235,31,42.336315
-0.7972311,34,42.338876
-0.79024327,31,42.34227
-0.8165075,35,42.343143
-1.1030257,30,42.357882
-1.031024,32,42.357906
0.47218227,36,42.363728
-0.64210576,34,42.364635
-1.1138021,37,42.366365
-0.15965715,33,42.369931
-0.07222992,38,42.370794
-1.6954296,35,42.372452
-0.41863728,31,42.38426
-0.79849243,32,42.385121
-0.63197285,31,42.390136
-1.088142,28,42.390175
-0.66868436,29,42.396811
0.16091162,38,42.396835
-0.5871903,34,42.399419
-0.24856648,38,42.401968
-1.0709693,34,42.412874
-1.1776593,33,42.412904
-0.24461025,35,42.419679
-0.18926874,37,42.42141
-0.7608094,33,42.424865
-0.14274892,35,42.426541
-0.63519645,35,42.431655
-0.051178813,39,42.432568
-0.6760965,37,42.443975
-0.66880065,31,42.445844
0.28519404,41,42.447576
-0.75898755,32,42.448552
-0.44953632,33,42.452842
-0.45596963,39,42.459578
-0.25521457,35,42.461296
-0.6905471,29,42.468794
-0.81693155,30,42.471293
-0.81990707,49,42.473817
0.10784274,32,42.474696
-0.21598703,34,42.477391
-0.5112649,35,42.482662
-1.0592027,31,42.48657
-1.4709449,37,42.493686
-1.4388356,34,42.49884
-0.82133174,31,42.498875
-1.1167389,34,42.504055
-0.16771314,34,42.504964
-0.8370699,31,42.510009
-1.1001409,37,42.510033
-1.8981285,37,42.518616
-0.59146106,31,42.520357
-1.211458,32,42.526202
-0.3430223,37,42.530609
-0.72283995,28,42.534074
-0.88995034,39,42.538406
0.24843433,40,42.538432
-0.77436423,34,42.539291
-0.7378441,37,42.549966
0.012155831,37,42.55167
-1.239182,35,42.555781
-0.84776723,32,42.561048
-1.1206994,38,42.562877
-0.1655756,35,42.567899
0.14040667,38,42.571429
-1.7682316,42,42.574128
-1.8559678,32,42.57767
-0.96386266,31,42.578563
-1.1709933,37,42.587727
-1.8439925,30,42.588665
-0.8477326,34,42.590504
-1.0603559,28,42.598263
-0.35520458,35,42.601717
-1.0295817,44,42.605921
-0.3007573,32,42.605942
-0.95048064,43,42.615626
-0.57517624,31,42.618306
-0.29649082,36,42.620892
0.019209087,40,42.623478
-0.79303145,29,42.632068
-0.22265252,39,42.632937
-0.29617086,36,42.633791
-0.44640848,34,42.63639
-0.2860481,31,42.642328
-1.0104735,32,42.645668
-0.81457365,33,42.649176
-1.8057725,31,42.650122
-0.7974508,32,42.660444
-0.33257213,33,42.664972
0.09239018,39,42.66591
-0.6809672,38,42.666786
-0.77730906,31,42.669276
-0.47945145,34,42.675177
-0.6601222,30,42.675204
-0.64811623,36,42.681062
-1.9247701,29,42.690336
-0.05878359,38,42.692835
-2.2080095,36,42.695579
-0.19058472,35,42.696493
-0.5456341,32,42.702515
-1.0460954,32,42.70255
-0.55871165,33,42.709156
-0.22708511,31,42.716743
-1.2527386,28,42.720101
-0.7937441,32,42.72012
-0.52083015,37,42.726934
-1.2270069,32,42.729455
-0.681804,35,42.732121
-0.70329535,32,42.736394
-0.9368911,39,42.749653
0.045976937,38,42.752157
-0.11194563,40,42.753835
-1.2980363,37,42.763437
-0.2140533,33,42.764308
0.35475862,42,42.765158
-8.396056,116,42.767954
-2.025804,57,42.775345
-1.1120105,30,42.777963
-0.5277958,34,42.778931
-0.38063097,33,42.782338
-0.45861548,33,42.792657
-0.32891864,34,42.79435
-0.9197701,34,42.797079
0.3976394,41,42.798909
-1.1645677,29,42.800642
-0.79908264,32,42.807074
-0.05509901,35,42.808952
-0.423985,31,42.809838
-0.89406717,27,42.818779
-0.55238837,30,42.819746
-1.4998746,30,42.825709
-0.39083526,32,42.82575
-0.77545273,32,42.835161
-0.515108,31,42.836089
-0.6922569,31,42.836968
-0.9600004,29,42.844054
-0.84056175,30,42.85192
-0.5086076,34,42.855316
-0.75120866,42,42.856161
-0.85903287,33,42.864426
-0.4514386,32,42.865403
-0.5962826,35,42.867201
-0.443432,36,42.876728
-1.0171857,29,42.878517
-0.7341154,33,42.885489
-0.56221724,36,42.889198
-0.53083384,31,42.895191
-0.9663399,34,42.896104
-0.88701856,35,42.896123
-5.521336,119,42.907082
-0.5349613,33,42.908052
0.035311162,37,42.909755
-0.32035184,33,42.915544
-0.4980935,35,42.921525
-1.1366394,29,42.923348
-0.7703965,30,42.924359
-0.159062,33,42.926182
-0.85133845,33,42.937956
-1.3283215,33,42.940845
-0.41808945,35,42.940886
-0.7452257,35,42.948227
-1.0005996,35,42.953548
-0.45845374,33,42.954516
-0.36678278,35,42.955446
-0.1657322,34,42.957158
-0.5181254,31,42.966503
-0.48400128,34,42.971858
-0.34942526,41,42.978518
-0.76855624,36,42.981209
-0.976616,32,42.984025
-0.81730354,30,42.985043
-1.1264163,32,42.985061
-0.53405356,39,42.989324
-0.43556428,33,42.996318
-1.274931,28,42.997297
-0.9125181,29,43.004742
0.100384176,34,43.012194
-1.1342349,32,43.013083
-0.3711619,32,43.014037
-0.82758373,35,43.016616
-0.7474105,30,43.024003
-0.7560618,33,43.025747
-1.3753984,41,43.025764
-0.8217913,34,43.034174
-0.77091366,31,43.039299
-0.10681772,34,43.042805
-1.0701542,40,43.046186
0.20057362,36,43.047159
-1.0633636,30,43.049662
-0.8137065,34,43.054625
-0.38764855,38,43.057939
-0.8285965,31,43.060449
-1.1030233,28,43.063029
-1.2401233,33,43.070564
-1.0631471,29,43.071452
-0.5337211,32,43.076526
-0.40227762,37,43.077401
-1.3532059,30,43.079908
-0.5800605,30,43.086084
-0.36788994,30,43.088718
-0.6732193,36,43.088742
-1.0653179,27,43.094694
-0.3896043,34,43.105349
-0.4311986,31,43.106238
-0.95077723,34,43.106263
-0.3241716,33,43.114229
-0.8560372,32,43.116035
-1.6049485,29,43.119593
-0.70339257,40,43.122976
-0.6803116,64,43.125663
-1.7801297,31,43.132588
-0.8827481,31,43.133489
0.20227158,38,43.139443
-0.10199919,36,43.146958
-0.08159691,39,43.147879
-1.234297,35,43.149671
-0.33055213,35,43.153005
-0.28868908,32,43.15303
-0.9237929,34,43.161193
-0.45839152,35,43.162857
-0.670079,30,43.164558
-0.52408046,34,43.175298
-1.0181515,31,43.175324
0.31233934,34,43.176169
-0.48775703,34,43.181385
-0.026351094,37,43.183902
-2.0605912,33,43.190586
-0.85068893,36,43.191485
-0.5904877,33,43.192417
-1.8176578,29,43.199847
-0.7432439,31,43.202566
-0.68510675,28,43.207602
-0.9375105,32,43.208527
-0.12315011,44,43.212786
-0.775856,33,43.220784
-0.53723234,34,43.220841
0.04631391,36,43.221709
-0.16631866,33,43.228424
-1.6771624,31,43.229379
-1.4348116,28,43.232955
-0.8862958,34,43.23726
-0.36412072,38,43.245574
-0.3088454,33,43.248865
-0.41706496,36,43.251472
-1.2244024,32,43.256363
-0.81198037,34,43.257382
-1.1148424,43,43.258247
-1.2128991,30,43.262486
0.0035057664,37,43.264392
-0.9843527,29,43.273466
-0.6056111,33,43.273499
-0.5609628,35,43.280793
-0.91194344,29,43.286607
-0.3709051,34,43.286643
-0.5444896,36,43.287499
0.17923856,40,43.290105
-0.9389462,38,43.295873
-0.6968883,33,43.300755
0.25733286,38,43.304861
-0.8383761,32,43.307429
-1.4208221,29,43.311496
-0.66989744,33,43.315076
-0.61280715,35,43.317715
-0.37222618,34,43.319546
-0.53570604,31,43.323526
-0.6316488,30,43.328142
-1.1828291,32,43.336164
-1.4735907,34,43.346116
-0.75943494,36,43.353188
-0.6571372,33,43.355377
-0.74029243,35,43.355406
0.2674231,47,43.356415
-0.75714916,33,43.359003
-0.07968566,33,43.363639
-0.4816847,31,43.368418
-1.0327978,26,43.378819
-0.23873243,37,43.381663
-0.8671312,28,43.38448
-1.0742532,34,43.386274
-0.6124156,36,43.386296
-1.5265534,34,43.387201
-0.02433616,35,43.395315
-0.42169094,33,43.397967
-0.61024517,35,43.410256
-2.370905,33,43.411152
-0.81775486,29,43.412009
-0.6221926,30,43.412908
0.08609709,35,43.415608
-0.9099257,28,43.420415
-0.81403065,38,43.421363
-1.0791571,36,43.430361
-1.2192861,30,43.439035
-0.665143,33,43.44103
-0.47657305,35,43.441997
-0.5023852,32,43.442014
-0.9331684,35,43.447423
-0.8887727,30,43.447472
-1.0722098,34,43.452125
-0.59433836,32,43.459016
-0.91856885,32,43.467277
-1.547688,35,43.472471
-0.69343716,37,43.473399
-1.0630777,32,43.475134
-0.8217354,32,43.475155
0.17546132,39,43.475994
-1.8383722,33,43.480077
0.40400055,38,43.490827
-1.1540527,30,43.498264
-0.6681253,40,43.500764
0.37713468,39,43.505077
-0.4805449,36,43.505105
-0.9900061,31,43.505972
-0.6711601,37,43.506863
-0.47764796,39,43.50788
-0.88437444,34,43.520518
-1.6013818,39,43.532805
-0.88149905,32,43.533798
-1.059763,32,43.534991
-0.46266043,34,43.536064
-0.2645911,40,43.536921
-0.6533404,35,43.538563
-0.30607283,41,43.54466
-1.0582957,33,43.549749
-0.9018603,29,43.558996
-1.5460352,29,43.560821
-0.8733124,32,43.564233
-1.4587137,34,43.564257
-2.1286588,33,43.566813
-0.35602996,40,43.567685
-1.0920042,35,43.574427
-0.4647252,41,43.584429
-1.2045801,33,43.587028
-0.4823883,34,43.58982
-1.0154177,30,43.589855
-0.18307829,33,43.595659
-1.337352,35,43.596549
-0.544996,42,43.599887
-0.79764485,29,43.613849
-0.21017075,35,43.613875
-0.9007704,36,43.620059
-1.4213775,31,43.622702
-1.3784993,28,43.6236
-0.4954284,34,43.624575
0.5321987,48,43.628357
-0.8636436,29,43.639105
-0.7341938,35,43.644208
-0.7960502,30,43.645995
-0.6125455,30,43.648485
-1.0088296,29,43.649339
-0.9676871,33,43.651998
-0.5540442,39,43.661165
-6.0134454,103,43.662214
-2.0425787,29,43.67378
-0.50156635,33,43.67381
-0.77310264,35,43.67382
-0.09341797,42,43.674692
-0.34807575,39,43.681307
-0.7496707,42,43.687495
-0.77228177,31,43.688411
-0.34692428,33,43.689285
-1.0538048,31,43.700283
-0.08157909,35,43.704714
-0.7131342,38,43.706446
-0.6193991,43,43.710506
-0.83695465,30,43.71303
-0.4397856,28,43.713058
-1.2679263,39,43.714766
-0.0675329,35,43.718568
-0.6663262,36,43.731395
-0.8794993,35,43.73478
-0.16489619,35,43.736493
-0.4133907,30,43.739073
-0.72895056,34,43.74004
-1.282742,34,43.742796
-1.0208744,30,43.744535
-0.9002925,36,43.746212
-0.9810385,30,43.757134
-0.8178856,28,43.758828
-0.5141729,34,43.765392
-2.1229925,27,43.765424
-1.1256965,32,43.766531
-0.8594872,32,43.767415
-0.49251303,31,43.772439
0.45993692,42,43.780121
-0.71646553,33,43.786986
-0.39721495,35,43.787023
-1.0002997,29,43.790512
-0.5030245,32,43.794847
-1.3616004,35,43.795871
-0.3262912,36,43.803332
-0.8843353,31,43.806802
-1.7866335,49,43.808508
-0.2960434,31,43.817177
-0.60840565,38,43.820276
-0.91791356,38,43.820327
-0.22971457,33,43.823693
-0.21317652,36,43.827494
-0.34192225,35,43.834653
-1.1114991,32,43.835751
-0.91436553,33,43.838546
-1.0948182,30,43.845011
-1.2843201,30,43.847565
-1.8963656,32,43.84926
-0.52118075,35,43.855236
-0.8891297,34,44.400262
-0.22037303,33,44.407456
-1.0795431,32,44.409223
-0.21373922,38,44.410958
-0.499778,32,44.417805
-0.8886203,38,44.420383
-0.1293003,38,44.425134
-0.08714175,37,44.430202
0.08581081,36,44.431986
-0.4411368,30,44.435586
-0.28137884,40,44.4423
0.18465298,44,44.449182
-0.20706457,33,44.449216
0.07461566,37,44.450111
0.11285615,37,44.462212
-0.8004561,32,44.463125
0.70698667,37,44.464032
0.28713375,52,44.470039
-0.339279,37,44.474572
-0.83147705,30,44.475463
-0.6240671,34,44.479614
-0.5512946,46,44.488755
-0.6938634,33,44.491283
-0.47806093,37,44.495614
0.10815656,40,44.496599
-0.35909018,38,44.5025
-0.7236812,34,44.503491
0.34887642,38,44.507689
-0.7500198,34,44.508629
-0.34154153,31,44.515391
0.25767714,39,44.524925
-0.48813772,37,44.527447
-0.7617063,31,44.530165
-1.09779,32,44.535528
0.6508288,41,44.538215
-2.0763597,34,44.538255
-0.8113681,35,44.546119
-0.051181227,34,44.5546
-1.3445262,33,44.556296
-0.63806415,33,44.558863
-1.7261095,76,44.562291
-0.4004898,38,44.571018
-0.9376013,29,44.57105
0.8659747,47,44.578502
-0.34175366,33,44.584697
-1.0095285,36,44.589754
-0.89475095,35,44.592244
-0.7265346,33,44.599179
-0.96997976,34,44.600101
-0.5578947,37,44.610141
-0.4884547,31,44.611033
-0.6609385,32,44.616848
-0.34359562,31,44.61855
-2.6007047,102,44.623195
-0.73301077,34,44.628163
0.16194224,40,44.633951
-0.08400428,35,44.640822
-5.9891253,102,44.64272
-0.46831426,37,44.643669
-0.1793916,34,44.649025
-0.2641637,35,44.654377
-0.3898924,43,44.655343
-0.54603255,34,44.659078
-0.5472806,36,44.666805
-0.6042724,35,44.672266
0.09491098,35,44.67394
-0.0071190596,36,44.675762
-0.36760652,35,44.680115
-0.65290356,32,44.687458
-0.12344968,38,44.688423
0.47808063,40,44.691142
-1.0959544,31,44.694575
0.4873973,35,44.706689
-0.19139296,39,44.706722
0.28296703,39,44.708552
-0.48775405,34,44.710231
-0.6184902,33,44.717213
0.10904479,35,44.718173
-0.2854864,37,44.723305
-0.3108452,35,44.725163
-0.53850085,33,44.735688
-0.7756457,31,44.73762
-0.12390366,35,44.737657
-0.97493076,35,44.739386
-0.45941865,37,44.750818
-0.24431136,37,44.751708
-1.1721513,31,44.751725
-1.801734,33,44.756583
-0.7400753,32,44.769108
0.10104403,36,44.769147
-0.20586199,36,44.771015
-0.33983433,37,44.772032
-0.41349545,31,44.779715
-0.081401795,34,44.781432
-0.33753076,33,44.781459
-0.27507514,36,44.7875
-0.06754711,35,44.80194
-1.2009249,30,44.805656
-0.23128939,41,44.806593
-0.054684937,44,44.807582
-0.34672594,32,44.809372
-0.24854939,33,44.810326
-0.6817743,34,44.817283
-3.1248186,66,44.827227
-0.7315642,34,44.832671
-0.5224215,31,44.834481
-0.36784726,36,44.837921
-0.07590112,33,44.839182
-0.50480485,36,44.840261
-0.57454276,36,44.843226
0.17161602,43,44.856836
-0.58923876,31,44.863223
-1.063298,34,44.864118
-1.4740076,40,44.864138
-0.651764,33,44.869272
0.4320537,39,44.875533
-0.044464737,38,44.877354
-0.055135578,47,44.881012
-0.50054574,32,44.885274
-0.7953446,29,44.88875
-0.24246156,39,44.89791
-0.17438203,33,44.905536
-0.108168066,42,44.905557
-0.38279343,39,44.90902
-0.5242525,37,44.912353
-0.59736997,36,44.915855
-1.4034023,33,44.91677
-0.6887156,32,44.925453
-2.8724122,81,44.934014
-0.80737346,30,44.934932
-0.4603532,36,44.936599
-0.27325916,37,44.937491
-0.919786,30,44.938452
-1.1084623,33,44.944579
-0.4079201,39,44.95096
-1.0659592,34,44.955186
-0.29685625,32,44.965125
-0.62322336,34,44.96603
-0.438264,35,44.968543
-0.07027894,40,44.969417
-0.7242238,41,44.969456
-1.1071805,33,44.972969
0.06361058,34,44.979645
-0.25156555,34,44.983783
-0.79642975,32,44.992115
-0.55129457,35,44.995614
-0.25609425,32,44.99985
-0.77305436,39,45.001556
-0.12316966,39,45.002405
0.20167935,39,45.002419
-0.3109592,39,45.01227
-0.56865245,29,45.016484
-0.008508325,39,45.016508
-0.6055616,33,45.023283
-1.0896461,29,45.026677
-1.0050173,33,45.027519
-0.5200888,32,45.029231
-0.7872856,38,45.033472
-0.55356085,32,45.039226
-0.47938076,34,45.045127
-0.81632245,32,45.053595
-0.4594672,31,45.053624
-0.549278,46,45.055284
-0.46222532,34,45.058072
-0.023337722,49,45.064796
-0.23234648,37,45.064819
-0.04546976,40,45.073486
-0.47679895,34,45.074402
-0.535493,31,45.084649
0.18681729,37,45.085556
0.03577286,37,45.085577
0.22369891,40,45.089716
-0.6143624,31,45.091547
-0.56218916,34,45.094028
-0.3947633,31,45.100807
-0.4732917,34,45.10253
-0.71056753,30,45.110753
-0.33191395,34,45.113398
-1.6911548,31,45.115959
0.1745807,39,45.118543
-0.17577082,33,45.121876
-0.37921673,37,45.122738
0.23321569,36,45.131043
-1.5902368,33,45.140964
-0.026234984,46,45.14387
-0.06621206,33,45.149193
-0.79445136,37,45.150119
-2.202953,42,45.151971
-0.4372574,34,45.153924
-0.25095984,35,45.155683
-0.7229412,34,45.164232
-0.70494163,31,45.169381
0.0085580945,40,45.179285
-0.2439141,34,45.180356
-0.80309045,37,45.182117
-0.83001256,33,45.183056
-0.7892785,33,45.184798
-0.048272848,39,45.186779
-0.7404307,28,45.18865
-0.3224917,37,45.2036
-1.4128907,30,45.208015
-0.8614748,35,45.216049
-0.20684314,39,45.21698
-0.6441584,33,45.217951
-0.5200007,36,45.218913
0.06180644,41,45.220698
-0.52535564,29,45.229302
-2.306595,39,45.24226
-0.21558413,31,45.244064
-0.39755422,35,45.246799
-0.81338966,35,45.249657
-0.962572,37,45.253381
0.009499013,41,45.254297
0.75188845,45,45.2697
-0.40526116,31,45.275078
-0.29032245,35,45.276114
-0.39645177,38,45.277313
-0.10274857,37,45.283684
-0.8149174,33,45.283718
-4.692425,105,45.284679
-0.22434095,38,45.289176
-0.30502605,31,45.299645
-0.24136409,34,45.307651
-0.79618156,34,45.308556
-1.022932,31,45.313675
-0.68225455,32,45.313711
-0.6596484,42,45.316257
-0.83118904,35,45.316281
0.5429855,40,45.326832
-0.50137824,36,45.333563
-0.4168841,32,45.338175
-0.16192007,40,45.349026
-1.040675,31,45.349078
-0.6794807,37,45.352079
-0.03031993,39,45.353888
-0.4608361,40,45.358114
-0.36807394,33,45.361719
-0.7541327,30,45.36856
0.39908814,37,45.370275
-0.8404546,38,45.383427
-0.8997277,30,45.384373
0.14974713,36,45.384394
-0.3818214,35,45.38525
0.05891627,41,45.386205
-0.54325885,34,45.391114
-0.24683392,34,45.399285
0.017068923,40,45.402653
-0.66944385,31,45.409487
-0.56464976,34,45.412811
-0.39849052,36,45.414529
-0.11387667,38,45.417133
0.13127297,39,45.418929
-0.12126452,36,45.421471
-0.94916534,29,45.423972
-0.63483524,31,45.435908
-2.0420184,39,45.435941
-0.2859204,34,45.443433
-0.7163931,32,45.444351
-0.063032925,41,45.44787
-0.67873365,37,45.450438
-0.05867642,34,45.450471
0.062066734,39,45.457547
-0.7270928,32,45.463329
-0.60526717,33,45.471937
-0.38446164,37,45.482014
-0.00441736,40,45.482064
0.26224834,38,45.482935
0.43030977,46,45.48381
-0.41830987,36,45.493901
-0.31414872,44,45.494831
-0.24688995,36,45.502316
-0.3190826,34,45.510669
-0.77137303,33,45.510697
-0.09381959,38,45.5263
-0.11966768,40,45.527152
-3.1947556,58,45.530582
0.084804565,38,45.534103
-2.7391403,65,45.53858
-0.8004218,35,45.540276
-0.14016542,39,45.543638
-5.3970766,133,45.549025
-0.862637,28,45.551543
-0.45059496,33,45.55504
0.11960709,35,45.560731
-0.37396374,34,45.563251
-1.2724903,27,45.571733
-2.119714,38,45.572606
0.001008451,44,45.57619
0.27357092,38,45.576214
0.14505357,38,45.583809
-0.520251,43,45.591439
-0.6523584,34,45.592347
0.019912124,41,45.595789
-0.26060122,33,45.600902
-0.41034824,36,45.602591
-0.3283878,34,45.605087
-0.45882803,34,45.605107
-0.20292866,42,45.619654
-0.3678961,35,45.622213
-0.8189043,33,45.624037
0.10012704,41,45.626721
-0.8577238,30,45.630857
-0.03727013,39,45.634203
-0.16940916,37,45.636728
0.11737883,43,45.639425
-1.4321415,33,45.648115
-0.35618383,33,45.654989
-0.31653023,39,45.655875
-0.8978224,29,45.659384
-0.39608455,33,45.665065
0.45696676,45,45.669405
-0.14767414,37,45.671221
-0.6621569,31,45.674541
-1.5809176,33,45.682892
-0.32545322,37,45.690567
-0.37475756,33,45.697232
-0.20918089,39,45.698096
-0.712002,51,45.698995
-0.9159775,35,45.704038
0.14842683,39,45.704067
-2.7100928,102,45.710642
-0.36817056,34,45.711538
-0.74465334,31,45.723181
-0.7021996,34,45.72673
-0.54669744,35,45.728567
0.012129784,47,45.730357
-0.6842673,33,45.732078
-0.4950321,34,45.739509
-1.4039462,35,45.74124
-0.47074768,46,45.74296
-0.9080597,32,45.750465
-0.91164947,38,45.760876
-1.2320911,37,45.761863
-0.13488385,39,45.765207
-0.496675,39,45.766886
-1.8514636,31,45.769582
-0.3334161,37,45.772944
0.030555785,42,45.781207
-0.89362293,33,45.789557
-0.5381256,46,45.792104
-0.36061102,35,45.792127
-0.1361044,34,45.794687
-0.021687806,36,45.798139
-0.3016965,39,45.803157
0.1179353,36,45.804037
-0.09664425,35,45.810895
-0.7280779,26,45.814282
-0.12104204,33,45.817556
-1.148027,34,45.820898
-0.9339007,31,45.829949
-0.32497722,38,45.83085
-0.38859126,42,45.830868
-0.4128714,36,45.835174
-1.3084269,32,45.841983
0.049803555,38,45.843654
-1.4400315,32,45.845361
-0.47383374,32,45.848772
-0.23767832,34,45.859803
0.17222041,36,45.861653
-0.30853426,37,45.861683
-0.47525007,35,45.865044
-1.0945951,31,45.86858
-0.5160914,31,45.870273
-0.8803251,28,45.872898
-0.080557525,34,45.874721
-0.5657214,35,45.891218
0.13019401,39,45.893041
-0.17818463,34,45.893907
-0.24799341,40,45.895585
-0.2230078,34,45.89915
-0.1518178,37,45.90014
-0.15318522,31,45.901102
-0.5738417,36,45.903691
-0.70919895,28,45.918023
-0.46077836,33,45.919744
-0.9948192,38,45.92568
-0.91850793,34,45.928231
-0.13132218,35,45.933337
-0.38500068,43,45.936717
0.73738205,44,45.938489
0.16880816,53,45.941145
0.4279387,39,45.950983
0.66366816,47,45.959255
-0.13703877,37,45.959276
-0.21770933,41,45.960152
0.055088133,35,45.962623
-0.02109015,30,45.963562
-0.12861794,37,45.967768
-0.4121512,34,45.969432
-0.9128728,38,45.982655
-0.7192713,33,45.990253
-0.64663273,37,45.99028
-0.14688626,36,45.99029
-0.43471086,40,45.992922
-0.9250604,39,45.996359
-0.17648804,36,45.999771
-0.5564659,38,46.014721
-0.905378,33,46.018041
-0.095822066,31,46.018987
-1.622673,35,46.019857
-0.21904984,36,46.020764
-2.1072502,71,46.027723
-0.7115687,34,46.028647
-0.13608497,43,46.032957
-0.7459014,32,46.042088
-0.9174038,29,46.042966
-1.1790075,39,46.051999
-1.059759,38,46.052908
-1.5458767,32,46.054625
-0.90698516,33,46.056371
-0.17722791,34,46.0614
-0.3307739,32,46.06972
-0.5134404,33,46.06975
-1.3431046,29,46.076382
-0.9542841,31,46.080635
-0.14957112,36,46.083264
-0.8236745,30,46.086597
-0.55835986,38,46.088379
-5.2989817,86,46.092697
-1.0117645,27,46.092721
-0.4572841,34,46.098519
-0.39527115,31,46.102728
-0.50227505,37,46.11429
-0.6852058,32,46.11514
0.07365954,37,46.117677
0.30200905,45,46.118572
-0.46979675,33,46.120214
-0.54904634,39,46.125294
0.03656876,40,46.131983
-0.44049957,32,46.141513
-1.1059123,46,46.141547
-1.0456347,32,46.144845
-0.5335961,39,46.148443
-0.9241923,41,46.153668
-0.9602519,33,46.153696
-1.0988716,41,46.1554
-0.32912165,36,46.162815
0.04922068,35,46.171218
-0.82009155,32,46.175658
-0.7662264,28,46.177547
-1.6264784,42,46.177575
-0.37708572,33,46.729242
-0.10128939,35,46.734016
-0.025043547,37,46.743809
-0.42535442,36,46.752135
-0.44502497,35,46.757421
-0.21147904,35,46.75747
-0.2692023,33,46.763315
0.23327544,39,46.765217
0.28577065,46,46.765255
-1.0463824,29,46.769609
-2.1863394,87,46.769642
-0.838005,32,46.779763
-0.19406694,32,46.784826
0.12234402,40,46.792031
-0.23132795,34,46.794657
-0.55812746,37,46.795628
-0.31770223,32,46.797476
-0.29450262,33,46.798443
0.06925291,41,46.801108
-0.7058461,31,46.80733
0.08471054,40,46.822225
-0.16682583,36,46.825799
-0.789793,31,46.826798
-1.2593204,36,46.828637
-0.27045104,35,46.831198
-0.16422933,39,46.832162
-0.54602945,36,46.841158
0.12706286,52,46.848735
-1.0162446,33,46.851267
-0.35636973,33,46.861076
-0.99177563,40,46.861114
0.07169038,39,46.862871
0.26143903,40,46.866311
0.0015060306,40,46.875635
0.087840796,36,46.882228
0.32220656,42,46.884733
-0.70142096,33,46.889084
-0.6739759,35,46.89083
-0.73282105,37,46.897594
-0.42843965,31,46.902074
-4.4443903,98,46.911324
0.22722471,35,46.912269
0.7601475,43,46.921381
-0.5268023,32,46.924731
0.047642708,43,46.925804
-0.12158793,43,46.927591
-0.6331378,33,46.930204
-0.16269365,37,46.943704
-0.08954051,39,46.944617
-2.3534799,97,46.945575
-0.85687006,31,46.952187
-0.22474128,33,46.953148
0.22169769,39,46.954841
-0.13930568,35,46.957329
-0.3151175,38,46.962386
-0.5546835,35,46.9747
0.23287421,40,46.978034
-0.5522863,35,46.981578
-0.35662156,45,46.981599
0.033403337,36,46.983413
-0.22021782,37,46.988428
0.37807792,40,46.988453
-0.7234479,35,46.991786
-0.59412444,34,47.004592
-0.50998425,29,47.007182
-0.5028516,37,47.015402
-0.3570333,33,47.017093
0.82177204,45,47.017143
0.23773324,42,47.018193
-0.34024793,37,47.020796
-0.4126149,38,47.024936
-0.6051347,31,47.033148
0.10094476,39,47.037271
-0.105217576,32,47.044703
-0.17950931,37,47.046549
-0.7341763,33,47.048356
-0.029833436,37,47.056016
-0.13156056,51,47.06044
-0.08540478,37,47.068719
-0.06018889,37,47.076198
-0.06513828,54,47.078819
-0.6639405,37,47.079745
-0.25997162,34,47.08475
0.34865612,49,47.088071
-0.89613587,91,47.094018
-0.48856,37,47.099955
-0.43788123,34,47.104931
-0.942782,33,47.106674
-0.41668478,35,47.109261
-0.56474584,35,47.117464
-2.5747178,71,47.120008
-0.0019690394,48,47.125123
-0.13966683,39,47.126834
-0.44787523,38,47.131942
-1.1373109,29,47.133691
-0.4980393,38,47.137169
-0.48823968,36,47.137204
0.39206094,43,47.153899
-0.5209923,36,47.155626
0.18576914,38,47.158966
-0.15062952,35,47.161498
-0.36748156,38,47.16575
-0.065222144,56,47.167498
-0.38354114,41,47.17167
-1.0218186,35,47.183195
-0.21020055,39,47.188313
-0.17155465,38,47.190851
-0.033321142,36,47.19181
-1.5519907,69,47.195166
-0.18517995,37,47.196867
-0.5320918,44,47.204366
-0.58522904,46,47.210266
-0.5463827,38,47.215292
-0.119357556,39,47.223805
-0.40401572,43,47.224698
-0.2660345,40,47.22906
0.09115541,49,47.233397
0.5834894,47,47.236708
-0.66242623,43,47.240871
-0.31585512,37,47.241719
-0.42148456,37,47.248096
-0.35103238,33,47.254841
-0.41298044,38,47.258286
-0.7077629,38,47.26331
-0.107819766,35,47.268463
-0.23915398,43,47.272034
-0.09345177,35,47.272937
0.045323312,43,47.280335
-0.012852073,42,47.28448
-0.9898815,33,47.286182
-0.69580597,41,47.289524
-0.4719747,36,47.29397
-0.51607585,32,47.299924
-0.34694964,40,47.302494
-0.28574723,39,47.305014
-0.20906696,37,47.31214
-0.06504375,35,47.316497
-0.31560677,38,47.317456
0.028994083,39,47.323405
-0.5114792,37,47.331625
-0.2961414,35,47.332518
0.15092987,37,47.336678
-0.3212151,31,47.342621
-0.5197655,37,47.349039
0.123429835,43,47.349099
-1.1108904,77,47.360654
-0.04890248,43,47.3607
-0.14196467,39,47.366726
-0.21324283,35,47.367603
-0.58187705,31,47.370115
-0.35476235,35,47.379303
0.2183649,44,47.387027
-0.27140746,33,47.38878
-0.8514564,38,47.392953
-0.5375461,31,47.393811
-0.58477616,35,47.399495
-0.16794112,43,47.402807
-3.760889,94,47.412091
-0.066379994,41,47.413888
-0.712438,34,47.415667
-0.37246442,37,47.419914
-0.7096964,38,47.424902
-0.7046931,38,47.425862
-0.81550467,33,47.427637
-0.040178895,39,47.436084
-0.30105263,34,47.444642
-0.48872736,38,47.446369
-0.93541354,31,47.446388
-0.18648523,46,47.451319
-0.87550044,36,47.455709
-0.6562145,33,47.455737
0.86233866,49,47.467399
0.5056559,39,47.46913
-0.7677264,32,47.471603
-0.5458436,33,47.474115
-0.27025095,39,47.479007
-0.14974067,37,47.482407
-0.7436876,35,47.484929
0.27381027,36,47.485861
-0.6643262,31,47.493415
-0.6345045,31,47.495122
-1.2517753,33,47.501792
-0.60087556,30,47.504392
0.00042068958,38,47.517756
0.073120475,42,47.520304
-0.77503824,32,47.52217
-0.22173703,34,47.533321
0.557426,40,47.535874
-4.600074,89,47.546736
-1.7127477,63,47.546762
-0.99511254,32,47.547631
-0.22202086,36,47.552729
0.30388868,43,47.554525
-0.014494777,35,47.564129
-0.15767264,39,47.570394
-1.3127577,33,47.576958
-0.31023496,37,47.580396
0.32778072,39,47.583047
-0.542236,38,47.589644
-4.168661,125,47.591616
-0.07356128,43,47.592552
-0.3808717,35,47.601868
-0.6084683,30,47.60358
-0.1584504,33,47.611832
-0.07611406,33,47.617996
-0.21322799,33,47.619872
-0.5030579,35,47.622448
-1.2476215,67,47.623316
0.33000124,50,47.624285
-1.067569,35,47.631802
-0.13755447,34,47.63271
-0.3175088,37,47.64376
-0.08919492,35,47.649698
-0.41414297,31,47.650652
0.6115738,42,47.654166
0.071079075,37,47.655119
0.058134884,40,47.656814
-0.5823617,35,47.662513
-0.1106416,42,47.667595
-0.80471134,31,47.67604
0.2741058,41,47.678661
-0.30061823,33,47.682992
-0.5007819,35,47.683977
-0.5110213,39,47.683994
-0.07719639,34,47.685662
-0.3776229,34,47.696361
0.5048391,48,47.703312
-0.11571804,37,47.707548
0.07855773,33,47.712107
0.3800941,42,47.714676
-0.18080679,38,47.715572
0.081026435,40,47.718409
-0.026596248,45,47.724426
-0.25259405,29,47.728821
-0.21519986,37,47.728856
0.2894609,39,47.741988
0.17377889,38,47.747838
-0.21671665,38,47.748818
-0.50025827,37,47.750538
-0.6116035,38,47.757554
-0.09029403,36,47.76006
-0.18988839,40,47.763446
-0.21650541,36,47.772842
-2.201068,74,47.776389
-0.5172884,35,47.778116
-0.10379684,37,47.782328
0.30791205,46,47.788144
-0.35019082,35,47.789961
-0.123221785,37,47.794935
-0.17797485,33,47.805881
0.14830059,40,47.806809
0.06580019,36,47.806824
0.08484936,34,47.811091
0.4404863,63,47.811122
0.48446637,36,47.820207
0.09672099,41,47.822716
-0.13246089,35,47.824496
-0.44220692,34,47.834617
-0.62205285,36,47.837146
-0.82418495,34,47.839577
0.32819736,41,47.841263
-0.36503482,40,47.844691
-0.4778893,34,47.851554
-0.8448905,33,47.852443
-0.7943204,34,47.863098
0.63854253,52,47.864064
-0.11877069,34,47.868208
-0.24774683,38,47.873874
-1.0490267,26,47.873905
-0.10914391,43,47.873915
-0.057097644,35,47.875265
-0.3005616,32,47.881531
-0.53234476,35,47.897279
-1.2165413,34,47.900984
-0.7354864,33,47.906397
0.37816513,45,47.906448
-0.44671446,35,47.908143
-0.03840387,39,47.913951
0.01722771,41,47.921618
-0.27076077,35,47.93185
-0.32630077,30,47.935305
-0.63057405,31,47.936143
-0.57497716,40,47.939581
-0.43800443,35,47.941449
-0.07297641,41,47.952013
-2.5182686,85,47.956386
-0.56787705,38,47.957391
-0.41437304,34,47.967983
-0.2811319,39,47.968017
-0.35448492,36,47.968889
-0.38501418,36,47.973379
-0.64859337,35,47.974334
-0.04675734,37,47.985288
-0.7549275,34,47.987043
-0.6128433,33,47.996481
-1.1131917,35,47.999171
-0.030616015,40,48.002554
0.027789533,37,48.004999
0.14063412,38,48.006844
-1.5016582,58,48.006866
-0.709864,32,48.013227
-0.32284617,34,48.016783
-0.44794565,33,48.025244
-0.16549999,36,48.030269
-0.2693886,35,48.033097
-0.36000866,36,48.038152
-1.657378,29,48.041554
0.122739375,42,48.041581
-0.6180128,46,48.046736
-0.09582132,40,48.047698
-0.112611055,36,48.061076
0.5471054,45,48.063713
-1.0928633,30,48.067049
-0.24264488,37,48.069818
-0.3102759,34,48.070751
0.6699829,59,48.083665
0.7160015,42,48.083696
0.17021108,50,48.089657
-0.47787166,33,48.089696
-0.20582739,35,48.099606
-0.32861555,38,48.099636
-0.68131226,37,48.102134
-0.40165284,28,48.112912
-0.19087854,38,48.115423
-0.48536652,40,48.117241
0.08822405,41,48.123958
-0.54702026,32,48.126511
-1.6758534,83,48.133897
0.12358022,38,48.133922
0.0014983416,42,48.134792
-1.0658128,37,48.14789
-1.0898536,41,48.14962
-0.6149372,33,48.151434
-0.6126639,33,48.153974
-1.4220488,41,48.168947
0.07495093,41,48.183669
0.20994759,43,48.183695
-0.067504436,41,48.185388
-0.19655138,62,48.18541
-0.5050708,44,48.190381
-3.428279,102,48.198061
0.20645607,42,48.204086
-2.8460722,86,48.205828
-0.507294,31,48.211557
-0.84698707,34,48.212544
-0.16499227,32,48.217822
-0.19886884,39,48.218699
0.43395525,45,48.222014
-0.41165203,37,48.229499
0.092662096,45,48.242011
-0.13239089,38,48.243732
0.30579913,46,48.244695
-0.5458097,39,48.251394
0.36382633,46,48.251417
-0.4652934,37,48.253231
0.05514586,43,48.254114
0.32470608,46,48.268368
-0.7163522,35,48.273583
-0.5281955,39,48.275353
-0.58943456,37,48.276273
-0.8959384,33,48.279735
0.123941004,40,48.286416
0.23275542,43,48.290914
-0.100100785,51,48.298903
-0.63085943,38,48.302394
-0.28946412,33,48.303242
-0.51542497,34,48.305767
-0.29341295,36,48.308382
-0.47043675,32,48.314764
0.6618432,39,48.314803
-0.37071335,42,48.327872
-0.52718604,32,48.330473
-0.34602413,39,48.333119
-0.19443142,38,48.339106
0.3763739,46,48.343258
-0.35155714,39,48.34835
-0.50444824,47,48.349279
-0.1278848,45,48.353375
0.3223512,37,48.364126
0.41061246,43,48.364154
-0.5743793,28,48.366869
-0.2543983,43,48.366894
-0.028372556,35,48.368557
-1.0509729,32,48.380488
0.17422181,43,48.385748
0.57891285,45,48.387132
-0.053233087,33,48.397367
-0.9703196,34,48.398274
-0.262172,38,48.399279
-1.3362633,34,48.400276
-1.3397125,42,48.403442
-0.5282389,39,48.417553
0.19192713,37,48.42106
0.19180578,38,48.422744
-0.3244815,34,48.428033
0.013647437,35,48.429758
-0.25168052,37,48.432853
0.20914292,38,48.43545
-0.4099698,38,48.438344
0.11409587,38,48.452328
-0.40923774,33,48.45322
0.1111325,42,48.459292
0.27964693,38,48.462643
-0.8210809,31,48.465184
-0.26163113,34,48.465207
0.0656026,38,48.466902
0.20206064,43,48.468703
-0.6108501,34,48.481539
-0.5973055,30,48.490821
-0.17357764,37,48.490855
-0.17104948,37,48.494224
0.2299372,36,48.495866
0.1654402,33,48.496785
-0.36777562,35,48.496816
-0.5355627,34,49.038803
-0.37102795,38,49.051895
-0.58830655,49,49.061443
0.3396517,45,49.06403
0.6003898,46,49.064063
-2.9778793,114,49.079993
-1.3139989,48,49.080901
-1.7424133,74,49.087008
-0.18326595,49,49.094857
-0.514513,35,49.094898
0.56932193,39,49.098185
-0.13273826,43,49.09915
-0.45286298,34,49.109073
0.25440198,41,49.115776
0.009125292,37,49.126064
-6.068974,120,49.128737
0.13826847,38,49.130493
0.009845376,44,49.136492
-2.0831332,66,49.143716
0.11127806,40,49.150567
-0.23405349,50,49.152279
-0.24160026,36,49.161548
0.10356343,43,49.163419
-0.3626685,42,49.165158
-0.5858717,36,49.167936
-0.9813035,86,49.168819
-0.3184699,37,49.175502
-0.34592927,38,49.18471
0.14104837,42,49.18641
-0.3446296,39,49.195053
-0.046469837,43,49.200137
-0.2553382,43,49.20184
-0.15716887,39,49.208658
0.6606647,51,49.212147
-0.32864767,34,49.215646
0.068997264,39,49.228076
-2.612036,78,49.233831
0.14479202,39,49.244945
-0.019537687,53,49.246734
-0.06692606,39,49.262105
0.27538377,93,49.264859
0.19120991,37,49.277346
0.088006556,40,49.281782
-2.7518504,100,49.286199
-2.220925,94,49.296181
-0.2663101,42,49.300345
0.1412533,47,49.302068
-1.1392543,109,49.302101
-1.9081805,84,49.306288
-0.35246998,38,49.335555
0.46706188,43,49.341827
0.38407767,50,49.34806
-0.97959816,81,49.353909
-2.2814012,104,49.368956
0.16662341,41,49.370761
-2.109496,86,49.382798
-2.08499,115,49.387256
0.28376782,51,49.397357
-0.6627024,34,49.398334
-2.3844438,117,49.399277
0.28849536,42,49.407305
-2.7905345,78,49.415029
-0.030869424,38,49.429879
0.07697427,43,49.435012
-0.10294485,45,49.437662
-3.3607907,113,49.438534
0.15303499,69,49.441945
0.4860674,51,49.450414
-0.79088926,60,49.466226
0.215572,43,49.467147
-0.13388595,31,49.468939
-0.13249105,42,49.471419
-5.284726,122,49.491338
-0.42274195,35,49.495733
0.4658436,37,49.502445
0.0968588,45,49.504934
-1.2789407,82,49.507479
-0.22394803,98,49.521515
0.08757365,36,49.521543
-1.9387045,91,49.527318
0.252805,40,49.529026
0.089643955,37,49.533343
-0.07162601,36,49.535116
-0.4405003,39,49.5401
-2.9591305,93,49.546657
0.4597363,41,49.555911
0.06422776,37,49.56422
-0.61574894,47,49.566773
-0.4391096,39,49.567627
0.35328698,43,49.58275
0.45290202,58,49.588569
-0.18971235,41,49.598544
0.3312136,41,49.601188
-0.07939175,43,49.603747
-2.3522243,109,49.61322
-0.5733639,31,49.615366
-2.0084224,78,49.622696
-6.3168974,113,49.62543
0.10621452,44,49.638402
0.25604808,41,49.641264
1.067708,44,49.641312
0.17812547,37,49.649877
-2.2946956,83,49.656984
0.07849145,37,49.659531
-0.24195111,35,49.672987
0.26595664,42,49.676668
-0.14847901,43,49.680183
0.103586465,35,49.681114
-0.7684215,43,49.694418
0.0068185627,36,49.710175
-0.7282587,37,49.711884
0.47093076,48,49.713746
-5.549198,103,49.71377
-4.2518697,114,49.714853
0.15283507,50,49.719488
-0.2836299,38,49.727052
0.062848866,39,49.745401
-2.3299973,103,49.748191
-0.157327,40,49.748225
-0.46654686,35,49.74911
0.17649871,44,49.751845
-0.12125629,43,49.751862
-0.3445195,54,49.773642
0.10994935,37,49.781388
-0.011363268,38,49.782352
0.44884443,47,49.787353
-0.055830836,45,49.791615
-0.49122038,31,49.808308
0.37841505,42,49.810096
-3.7604747,120,49.814267
0.14090651,35,49.816793
0.3365729,42,49.816818
-5.9841547,96,49.834037
-1.341362,103,49.837572
-0.30468774,35,49.839369
0.2389073,37,49.845125
0.3275748,38,49.848506
-0.022087097,50,49.858412
0.07686865,41,49.869125
-0.11982882,37,49.869159
0.17135406,39,49.872722
-0.21437436,42,49.881717
0.31587124,50,49.892343
-3.121117,123,49.896933
-3.975269,105,49.898918
-0.18295947,34,49.90359
0.07105726,43,49.907923
0.104020655,49,49.913811
0.08926237,36,49.914738
0.06041187,48,49.93688
0.120018035,38,49.938749
-0.4422343,90,49.940439
0.37854958,45,49.954699
0.3019244,61,49.97068
-0.37433195,45,49.977929
-1.6675994,94,49.985169
0.4292189,50,49.986097
-4.688826,113,50.000381
-3.692969,106,50.004889
0.5638083,43,50.009335
-0.5520057,36,50.016826
-0.2667246,48,50.020211
-0.10888764,42,50.022913
-3.9537065,85,50.030709
-4.4817085,110,50.036997
-0.32122976,38,50.042334
-0.45706064,35,50.047504
0.009035647,36,50.051701
0.9395154,59,50.055901
0.23631448,40,50.05777
0.13208777,43,50.067622
-0.79732406,36,50.067647
-0.34077764,37,50.073428
-1.8079439,87,50.075117
-0.08974928,38,50.079592
-0.62245226,41,50.092129
-0.04669988,48,50.096279
-0.27750438,39,50.10075
-0.541161,39,50.108456
0.1468125,45,50.111818
0.8161491,46,50.118424
-0.061468065,40,50.126181
0.0006713867,44,50.133525
-0.43875605,32,50.135329
0.057661235,52,50.144469
-0.43552625,32,50.145374
-0.1095058,41,50.146354
-4.3062105,114,50.148052
-2.5664978,97,50.149758
-0.2505473,41,50.160436
-0.7736188,34,50.162106
-0.620137,46,50.174643
-0.20893162,35,50.174679
0.3827594,43,50.182817
-1.2864802,43,50.185441
-0.6172406,47,50.187195
0.3564582,37,50.192986
0.90326875,52,50.194697
-0.1184839,44,50.200392
0.57290566,40,50.208952
-0.06545848,39,50.219853
-0.0313434,49,50.22409
-0.2189399,45,50.232567
0.1586085,42,50.235909
-0.8181021,52,50.236791
-0.18569484,75,50.238486
0.08543706,38,50.241249
-0.3487351,39,50.257981
0.35174906,47,50.260795
0.6792561,47,50.281993
-4.685782,120,50.288683
0.35020888,42,50.297549
0.08692789,47,50.327584
-5.69792,105,50.328791
-0.37029618,35,50.332424
0.5592747,46,50.333314
-4.9814763,107,50.335001
-1.9682966,111,50.340018
-6.2427897,132,50.36149
-3.3286128,111,50.366052
-0.39769113,36,50.371869
-0.27072918,43,50.374136
0.07469672,35,50.374169
-0.22471365,38,50.375197
-0.84375584,44,50.37647
0.10252327,48,50.394939
-1.0662074,35,50.399974
-0.17646593,30,50.404128
-0.16047165,39,50.40787
-0.47455427,41,50.417256
-0.059513867,44,50.418184
0.26595128,48,50.44323
-0.18524623,33,50.447777
-2.4062932,94,50.46333
-0.31843126,93,50.463377
0.34016246,52,50.464378
-0.8897864,77,50.476694
-0.7942363,33,50.477737
-2.8519287,87,50.483555
0.2638858,101,50.48837
-0.15625903,44,50.5061
0.6151361,46,50.508311
-0.49979818,38,50.514488
0.29162222,53,50.51537
-2.2495103,80,50.51886
-0.39553267,44,50.520645
0.36063218,41,50.522417
-0.07189107,41,50.526552
-0.37409753,33,50.543097
-0.80301297,42,50.54397
-0.24411336,46,50.545633
0.36705583,41,50.553176
-0.30439943,39,50.553214
-0.106281936,42,50.562992
-0.4346919,35,50.57568
0.14565825,36,50.578484
0.044943154,37,50.588088
0.23718321,43,50.594338
-0.6751231,41,50.601015
-1.153353,91,50.60357
-5.051817,106,50.6087
-0.30851495,37,50.609633
-0.05148521,45,50.6189
0.37660423,39,50.622333
0.052060246,40,50.628245
-3.3201244,103,50.635332
0.0779416,33,50.637056
-1.1976981,32,50.646386
0.16443628,45,50.648091
0.28409356,49,50.664648
-0.030198157,39,50.670985
-4.9973993,83,50.672738
0.16289103,43,50.672758
-0.023690343,39,50.680501
-3.1875982,89,50.680526
0.51493305,61,50.681478
-0.070002645,44,50.687336
-0.28126055,33,50.701889
-0.4098484,39,50.709936
0.2810951,52,50.713268
-0.41483322,39,50.717386
-0.65461016,40,50.718281
-1.4886513,50,50.719327
-0.26515597,46,50.72431
-0.15690464,42,50.725966
-0.68225133,42,50.738412
-0.47444206,36,50.743849
0.17628163,44,50.747395
-0.046760112,43,50.75523
-0.28294826,45,50.757979
0.10250372,49,50.760071
0.11300939,38,50.771624
-1.0346007,60,50.777649
-0.6477642,42,50.783642
0.6666061,47,50.784608
-0.4303142,40,50.790228
-0.054662615,40,50.794526
-0.042959332,54,50.804647
-5.6177826,97,50.808424
-0.21585518,34,50.814293
-0.11350411,42,50.814313
-0.3618324,35,50.814322
-1.0827869,37,50.826133
-1.1368616,43,51.384747
-0.23413968,41,51.392476
-2.2173178,95,51.397012
-0.241819,46,51.397043
0.22510344,35,51.399594
-0.31688243,35,51.415424
-3.6701436,98,51.418217
-2.2526681,74,51.421759
-0.19085294,40,51.432184
-0.06747684,48,51.434791
-3.0636415,99,51.437428
0.20276731,52,51.4424
-0.45644525,42,51.451684
-0.13468271,65,51.456165
0.24060231,44,51.459551
-0.29149374,40,51.476292
-0.2350713,33,51.479655
-0.17562684,60,51.483173
-0.19790626,33,51.487418
-3.9151444,86,51.491512
-0.33565632,91,51.514942
-0.059396625,42,51.515892
-0.014608622,34,51.521113
-2.4440906,102,51.522231
-2.3679805,96,51.537918
-0.101578355,44,51.55196
0.13969326,45,51.553682
-0.38232464,39,51.554662
-0.9766407,100,51.561575
-3.3949108,96,51.56932
-0.18174613,39,51.571005
-2.901597,112,51.578462
-0.63884884,35,51.583649
0.30899605,42,51.590307
-0.28151295,36,51.600723
0.18622679,50,51.605696
-3.7125864,100,51.607496
-0.09193277,43,51.609556
0.08920276,35,51.610774
0.7168522,67,51.612015
0.17707115,42,51.631967
0.10709357,51,51.633076
-0.4728787,37,51.637731
0.31800807,41,51.651602
0.93492377,44,51.653445
0.8055495,49,51.660464
0.21777904,42,51.673883
-0.2696288,51,51.686701
0.19859153,45,51.693893
-0.5440029,39,51.696706
-2.8150787,103,51.70628
0.4473648,58,51.709017
-2.535698,92,51.721412
0.41176778,50,51.722513
-1.006892,124,51.729422
0.30346474,41,51.738729
0.2518797,37,51.746528
0.34240305,56,51.751089
0.35823256,45,51.752116
-1.0642054,83,51.768568
0.32285488,47,51.774779
0.36670673,54,51.774836
-0.35014778,44,51.78001
0.2359156,64,51.782675
0.10787171,52,51.793778
0.78839505,51,51.797158
-0.100418806,47,51.809187
0.03561887,36,51.810876
0.38449574,45,51.820883
0.00892055,40,51.827661
0.38904864,71,51.835196
-2.1837373,100,51.837874
-0.28067756,48,51.837892
-0.09906298,35,51.838766
-4.2223344,92,51.853201
0.3254423,41,51.856099
-0.09705073,41,51.862802
0.26629955,45,51.873565
0.17872667,41,51.873585
-0.63884646,44,51.875412
-2.5536582,79,51.878395
0.1674996,48,51.879328
0.3079558,35,51.883494
0.3350524,43,51.899884
-0.28052756,40,51.908292
0.42688078,42,51.91016
0.15069509,43,51.915291
0.7047006,45,51.918277
0.22291106,55,51.923532
0.9206247,56,51.931872
0.32507315,42,51.936314
0.194415,40,51.94319
-0.27188075,39,51.949385
-4.090933,111,51.951902
-0.6226665,50,51.960948
0.7677963,47,51.963498
0.05452767,42,51.967632
0.29472494,52,51.98005
-0.9687732,45,51.986817
-0.1664291,35,51.996693
-0.23496634,44,51.997586
0.25747907,58,52.000095
0.19115782,36,52.010475
0.09041378,41,52.021385
-0.6145275,94,52.022342
-1.5332721,142,52.030876
0.20524001,44,52.034248
0.10151124,44,52.035095
-0.39452618,47,52.040751
-1.6539114,109,52.055969
0.21630728,41,52.056899
-0.00834173,70,52.070339
0.2516079,35,52.085059
0.16501033,65,52.089389
0.24207163,39,52.089421
-0.28798628,37,52.101176
-3.054731,114,52.1188
-0.32843596,38,52.121407
-0.3059427,45,52.123258
-4.45665,100,52.125032
0.05052054,44,52.126746
-2.200129,111,52.129304
0.4471581,46,52.139951
-1.7607228,130,52.140836
-0.08594623,38,52.150532
-0.1793724,35,52.155532
0.10758889,41,52.157511
0.1525755,45,52.159406
0.28393173,46,52.163747
0.060472846,39,52.173593
0.21985632,40,52.173618
-0.0788455,42,52.192616
0.0055214465,45,52.201081
-2.6083314,86,52.201119
0.45661652,42,52.208561
-1.3297701,88,52.226166
-1.5101993,90,52.23357
-0.62741345,96,52.243201
-0.35394037,43,52.249479
-1.9259176,88,52.252404
0.12042099,63,52.259418
-0.2260597,42,52.266234
0.13934916,56,52.285979
0.16916266,38,52.286926
-0.46742108,31,52.287811
-0.13207558,52,52.291417
-2.530497,98,52.291442
0.18256074,49,52.293971
-7.2323604,121,52.304302
0.33216226,50,52.312573
-0.7675102,36,52.320862
-0.6552137,35,52.32441
0.3709709,42,52.327193
0.39659393,40,52.331624
-0.3466804,55,52.336832
0.70107883,63,52.348935
-0.19959128,43,52.358259
-0.22362387,39,52.358286
0.03926617,53,52.359179
-0.23004368,38,52.382293
-1.9149868,93,52.386646
-0.013956308,70,52.393551
0.2453509,43,52.398075
0.46182913,49,52.404219
-1.099916,81,52.411436
0.14509636,57,52.413187
-0.17458615,94,52.413208
0.08483696,45,52.428252
0.35264522,37,52.436143
0.30136484,44,52.447519
0.28245997,44,52.457258
-0.044091195,52,52.462898
0.54342014,58,52.471273
-2.4411712,84,52.471325
-0.16602427,44,52.471335
-0.32469043,39,52.473937
0.08707777,42,52.488343
-0.3416316,34,52.500966
-0.85864615,31,52.501007
-2.5795202,114,52.503914
-0.5442939,40,52.506456
-0.14650628,51,52.509157
0.04524535,43,52.509178
0.05721098,40,52.522848
-0.108297765,38,52.534133
-0.63032883,37,52.535912
-0.5351606,33,52.537655
-0.21566036,37,52.538557
0.57798827,47,52.549341
-3.6136026,108,52.552761
-0.05532354,42,52.558628
0.06977123,36,52.566136
-0.08877963,36,52.568649
-0.38170725,39,52.570328
-0.5178262,46,52.572925
-0.5861615,35,52.578744
0.6074649,44,52.589504
-3.25954,105,52.590454
-0.14270672,39,52.59891
-0.13612345,39,52.603104
0.037037194,44,52.60562
-0.19474205,42,52.614385
-0.48266235,57,52.621141
-0.6073595,31,52.62543
-0.037485003,43,52.626319
0.10388368,42,52.639169
0.25694716,47,52.645788
0.34639496,65,52.645811
-0.40443468,106,52.648307
0.6381024,52,52.664867
0.80220723,48,52.666633
-0.6075753,34,52.676422
-0.47683772,38,52.677287
0.3102191,46,52.677302
-0.68253565,89,52.689013
0.56535536,56,52.692497
-2.4903967,80,52.692517
-0.28398535,35,52.695961
0.32459933,47,52.704449
0.20062503,33,52.705338
-0.134451,36,52.707845
-0.04603526,41,52.72688
0.27629572,41,52.739344
0.3650794,53,52.740225
0.08351064,44,52.74117
-2.0886083,84,52.759333
0.09821451,48,52.766989
-1.2211299,109,52.767848
0.04440415,41,52.7737
-0.034669936,44,52.777018
-2.2075872,102,52.793569
-0.51035,33,52.795263
-0.15683883,33,52.796152
-1.4726489,129,52.801258
-0.14775729,36,52.807904
-0.07742363,45,52.812268
0.6378718,67,52.816368
-1.2124503,101,52.826782
0.5686376,41,52.830112
-0.43842134,45,52.83191
-0.84483796,39,52.834576
0.20972669,50,52.838823
-0.3584332,35,52.842159
0.29407707,36,52.847217
-0.037907302,41,52.86169
-0.040550977,35,52.86172
-0.9895591,37,52.865861
0.17447811,43,52.866718
-0.553549,37,52.870175
0.09291804,45,52.880063
0.21039808,47,52.887218
-1.4929628,97,52.890626
-0.298552,39,52.895349
-0.12294978,37,52.898903
-0.07372162,43,52.898934
0.43032768,39,52.904143
0.103085935,47,52.906638
0.07640642,42,52.926917
-0.3110519,42,52.931418
0.15603918,41,52.934141
-0.35061246,36,52.935077
-0.05227834,56,52.93601
0.27956086,45,52.93783
-0.31754786,41,52.942044
-0.2281211,87,52.955377
-0.17423457,44,52.964612
0.14520752,44,52.968964
-0.6246677,41,52.968986
0.45361888,43,52.974065
0.26005554,46,52.974102
-0.3638745,48,52.976614
-0.44586897,37,52.986688
0.2540732,40,52.998463
-0.7001946,35,52.998491
-0.49560732,37,53.007615
0.38986522,47,53.0085
0.23894492,41,53.008516
-2.7193956,86,53.014335
-0.01688528,37,53.029349
-0.038187265,40,53.03202
-0.124198526,37,53.038756
-2.7001553,81,53.042315
-0.39184123,41,53.043279
0.9274801,47,53.048381
-4.3980446,87,53.060468
-0.5893759,39,53.062945
-1.1698681,55,53.079039
-0.22978961,48,53.0799
0.2564382,46,53.082568
-1.8180203,82,53.084264
0.42231733,53,53.087574
-0.015163481,49,53.101789
-0.25099888,44,53.119175
-0.23632556,48,53.124277
-1.6206775,48,53.127746
-2.510688,98,53.131266
-1.9303446,75,53.142175
0.6374459,48,53.142203
0.2960254,46,53.157845
-0.084982276,98,53.161934
-0.33974782,44,53.167768
-3.013198,133,53.71162
-0.14722845,39,53.711684
-0.09901565,53,53.723926
-0.7873519,40,53.733526
-0.29198548,37,53.743644
-1.5823605,106,53.751758
-3.5611365,114,53.762188
-6.392726,97,53.778868
-0.2733858,41,53.779796
0.4761805,71,53.785687
-2.227279,102,53.793184
0.19691503,50,53.80477
-2.6072063,120,53.815067
-0.2707335,42,53.82107
-1.0139378,104,53.822912
0.019173205,56,53.827176
0.7121257,51,53.836231
0.21372285,40,53.838747
-0.66141856,106,53.842286
-2.4913263,93,53.858174
0.8897751,58,53.865683
0.0050961375,45,53.866597
0.056670547,42,53.876969
0.09133166,47,53.878918
-0.2784301,35,53.890775
-2.6032388,85,53.897232
-0.27674478,35,53.898929
-1.6682372,86,53.89977
0.3776684,41,53.915179
0.6982608,48,53.9193
-6.26289,90,53.922582
-0.75580156,41,53.925879
0.06883904,42,53.934552
0.23737475,41,53.949709
-0.19865894,38,53.951439
-0.12435794,36,53.953123
-0.46676305,36,53.956697
0.46085045,36,53.96502
-7.307106,127,53.976776
-2.084852,90,53.976817
-0.0692884,37,53.985567
0.38713133,46,53.991632
-2.9471598,117,53.997756
0.29424185,52,54.002078
0.475158,44,54.00389
0.34271282,45,54.015539
-0.15635663,47,54.025582
-0.92982304,94,54.030587
-0.104212016,39,54.034761
0.03865528,58,54.040626
-0.007637739,48,54.043939
-0.16644195,36,54.045615
-0.7325541,30,54.069256
-2.4026027,110,54.070134
-0.58380085,96,54.078676
0.3230853,53,54.079521
0.63131124,45,54.107598
-1.9135338,97,54.11281
-0.7943388,108,54.117091
0.44887418,45,54.117952
0.3174954,48,54.119658
-2.4995165,94,54.125505
-3.323828,110,54.133763
0.32501724,34,54.136437
-0.8889934,92,54.147892
0.7152832,48,54.152837
0.6066679,48,54.165607
0.111227244,40,54.167554
-0.50541943,61,54.17129
0.084302366,44,54.173884
-0.72111833,34,54.182709
0.103815734,45,54.187136
0.29159874,41,54.201347
-0.43769872,43,54.204842
0.33587712,42,54.207583
-5.6142435,106,54.208494
-0.17628855,49,54.216024
-0.6077493,43,54.219506
-0.48203135,39,54.220385
0.48335308,46,54.240425
-3.9334288,147,54.242242
0.49854046,49,54.24636
0.5446297,45,54.246377
-0.16632012,39,54.252935
0.050807774,57,54.255487
0.052052736,58,54.269401
0.16484103,73,54.279406
-0.110948235,44,54.281123
-0.16299662,42,54.283883
0.21939325,45,54.287264
0.4755297,44,54.308466
-0.9242941,62,54.311022
-2.819678,87,54.31707
-0.04051873,43,54.318865
-0.44499668,59,54.334696
-3.060074,95,54.336448
-0.21132591,34,54.347122
-0.047193468,39,54.349581
-1.2268337,50,54.350458
-1.2351726,87,54.361189
-2.2829368,108,54.372004
0.38072264,50,54.37703
-0.0195117,55,54.383048
-0.36858138,42,54.383092
0.24699482,41,54.384777
0.41746688,53,54.396146
-0.8546728,103,54.39886
0.21072164,48,54.402531
-0.036495924,42,54.408626
-0.13982427,43,54.421774
0.42623955,46,54.422751
-0.16819894,45,54.440531
0.24512517,53,54.4414
0.89272994,54,54.444682
0.76980203,50,54.46467
-0.18474874,49,54.464701
-1.3509221,76,54.472906
-1.1096742,109,54.476213
0.10339773,46,54.480581
-0.36808488,48,54.481536
0.30144438,49,54.486541
-1.2642732,137,54.49437
-0.5788334,44,54.501937
0.5295371,42,54.508894
0.32016438,41,54.516254
-0.25462,36,54.524425
-1.7600535,88,54.554386
0.19262046,48,54.5561
-1.0597817,90,54.561925
-2.787435,117,54.562801
0.22337079,54,54.569417
-2.9813054,118,54.575242
-1.0456922,36,54.584957
0.65023917,43,54.592843
-1.0184927,100,54.592878
-0.3079208,36,54.593745
-0.73769903,36,54.601342
0.30667633,50,54.60574
-1.4092612,127,54.610062
-0.33002394,38,54.626966
-0.005367279,40,54.62784
-0.42172337,61,54.637865
0.2793324,45,54.643637
-2.452248,81,54.645384
-1.5958943,64,54.655264
-0.13719153,36,54.657011
-0.020659983,44,54.664401
1.449506,67,54.666161
-0.21271539,36,54.667974
-0.6069234,39,54.678606
-0.08559537,44,54.68119
-0.2449677,33,54.693448
-1.9748385,136,54.70915
0.05220902,53,54.711634
0.79077876,53,54.713442
0.9070256,48,54.721732
-0.1941458,56,54.72602
0.003554225,41,54.727769
-0.6592448,105,54.74404
-4.820663,104,54.745033
-0.21643937,44,54.750026
-0.11956656,41,54.761575
0.011868298,50,54.763305
-0.13550249,40,54.778438
-0.8652954,85,54.782698
-0.12246519,44,54.787577
0.10134357,49,54.804282
-3.1614814,114,54.806054
0.16455904,43,54.820569
0.0042272806,49,54.821533
-0.500754,40,54.822386
-2.7253919,122,54.829826
-3.066734,105,54.834247
-0.008174479,44,54.842009
-0.5103207,36,54.853178
0.89198935,55,54.853218
0.5012922,45,54.858948
-4.1959996,120,54.866444
0.3818274,67,54.879079
0.041556865,37,54.88609
0.3644064,51,54.887131
0.6753543,47,54.896147
-0.2507628,42,54.897878
-3.3827014,90,54.914456
-2.5018365,98,54.917206
0.30130285,45,54.926769
-0.1970973,40,54.931089
0.81373715,46,54.938057
-1.5639819,93,54.950444
-0.25401035,37,54.959044
-1.6359651,93,54.96937
0.06531876,45,54.970264
0.50167155,62,54.971126
0.07735121,41,54.973875
-6.4300094,111,54.978046
-0.08604807,42,54.986518
0.11914605,43,54.995818
-1.0793139,99,55.000037
-0.58623946,34,55.000062
0.06698632,56,55.020877
-0.53151566,41,55.020903
0.29046834,40,55.029294
0.2578631,35,55.050117
0.23928913,44,55.057795
0.5726741,70,55.058727
-0.91356367,107,55.059664
-3.182555,110,55.063068
-1.8340759,111,55.071362
0.7717569,43,55.086538
-4.4059057,103,55.086569
-0.25919276,36,55.08822
0.5607977,48,55.099343
0.12135786,48,55.10355
-0.53766286,106,55.118312
0.24678314,46,55.124901
-0.39109856,48,55.126669
0.3647262,61,55.14963
0.042209506,109,55.150504
-0.018505335,39,55.150519
-0.65118945,76,55.151399
-2.8436213,100,55.154828
0.17576647,49,55.165401
-0.012063801,40,55.18802
0.18511015,53,55.194936
-2.1280453,120,55.204101
-0.00044763088,54,55.211735
-4.035396,102,55.212601
0.2705891,46,55.23555
-2.2035303,102,55.238086
-0.2500848,44,55.242211
-1.7113066,109,55.244705
-1.0294642,115,55.248149
0.34803498,46,55.251509
0.6040846,56,55.260634
-0.08207595,37,55.276089
0.9352674,51,55.281345
-0.7797992,109,55.282243
0.43983334,55,55.288898
0.08140552,35,55.290686
0.04106313,61,55.300258
-1.2934802,40,55.316765
0.3797756,45,55.320306
-0.4002055,37,55.322841
0.12324825,41,55.32452
0.39352208,59,55.327173
-0.21453226,107,55.327196
-0.35062963,49,55.342334
0.012283087,36,55.350567
-5.501419,120,55.353938
-0.40434545,42,55.362254
0.88633585,51,55.365601
0.07691693,54,55.372484
0.23598748,43,55.390123
-2.230527,99,55.400882
0.41165596,59,55.414131
-0.17760354,47,55.414175
0.3762275,43,55.428411
-2.8340518,122,55.429377
0.27481347,40,55.447541
-0.48885807,114,55.448441
-0.9984244,104,55.455026
-3.6331646,135,55.457797
0.14802739,44,55.999426
0.68916684,54,56.007336
-4.0196857,98,56.018333
-0.07538599,45,56.019278
-0.6516,103,56.034624
0.15128663,41,56.034659
-0.38433468,46,56.057151
0.2509517,48,56.059716
0.8620679,64,56.061395
0.123646915,112,56.082862
-2.1969733,123,56.085445
-1.7859843,129,56.101053
0.32304272,58,56.112674
-3.0870874,94,56.116318
-0.79535866,103,56.124707
-0.656052,93,56.139018
0.40671068,40,56.150571
-0.011307597,104,56.150595
-0.04101655,42,56.159709
-0.670132,102,56.174914
0.034149855,38,56.182912
-0.5728482,33,56.187887
-1.1069093,127,56.193772
-1.5007408,97,56.195509
-0.5138085,73,56.200638
-0.010428846,42,56.2241
0.5754955,54,56.22978
0.10973871,44,56.232277
-0.14485964,39,56.234731
-8.149698,169,56.247212
-1.9071152,85,56.248097
0.9382141,123,56.255592
0.39353302,50,56.266244
0.57253075,56,56.276221
-0.10679862,54,56.279599
0.40580344,44,56.283783
0.6846933,65,56.286409
-0.050763875,45,56.293152
0.045651555,49,56.307305
1.1729748,132,56.307347
0.3681877,41,56.315586
0.7183677,47,56.317995
0.11357528,46,56.331008
0.43043575,51,56.333748
0.88969344,43,56.336896
-0.26677948,107,56.346027
0.3675701,41,56.35021
0.08621195,41,56.372646
0.055568546,46,56.384922
0.426626,42,56.39225
-1.466042,95,56.411872
0.39502537,45,56.425228
-3.1812139,103,56.431202
0.6816304,78,56.43773
-2.624044,99,56.440945
0.09490788,45,56.441965
0.1031217,34,56.447877
0.5802276,57,56.447921
-1.7904768,145,56.46975
-0.55829126,47,56.490812
0.6742991,53,56.49614
-0.050498158,44,56.52978
-2.2727308,111,56.533306
-0.13830322,42,56.533347
0.30959052,124,56.53917
-0.8499205,119,56.547695
-1.1856582,95,56.554562
-2.6214218,143,56.569262
-4.702389,143,56.573165
-0.17375511,50,56.576593
0.44613642,47,56.592285
-0.4699667,40,56.592322
-1.6821098,79,56.604655
0.12706819,42,56.612408
-0.0035448074,48,56.614117
0.0027783513,38,56.624777
0.018767685,60,56.645161
0.2484234,47,56.655325
0.11785734,104,56.661875
-2.8535962,136,56.662799
0.58016914,54,56.663658
-0.096318305,35,56.676966
-3.2672694,168,56.684943
-0.051463604,39,56.696523
-0.016685098,52,56.700787
-1.6347125,110,56.702592
0.11811018,51,56.707485
0.2576248,44,56.72281
-0.32308704,37,56.734603
-0.5118407,35,56.740591
-2.5726595,152,56.760667
0.22484398,44,56.762553
0.32789546,49,56.777054
-0.83273935,132,56.777964
-0.72306764,123,56.784695
-2.66349,100,56.79076
-1.1757494,110,56.793305
-0.07209501,52,56.8226
0.24084988,39,56.827882
0.31807816,62,56.831827
-2.1602936,136,56.859398
0.19404507,37,56.86439
0.20067781,129,56.875042
-0.4334347,101,56.879427
-1.9501853,145,56.887032
0.3831609,132,56.899459
-1.7269716,87,56.902771
-1.0450004,101,56.910256
0.8541363,51,56.922821
0.40440702,64,56.931227
0.27805787,48,56.943951
0.23359156,41,56.949278
-0.8663218,96,56.949323
-0.9900621,126,56.969911
-0.063745886,37,56.980681
-1.0776038,118,56.990698
-1.5772978,104,56.994856
-0.11292195,46,57.008354
0.1320197,53,57.025855
-0.75354505,121,57.029324
-0.15991357,101,57.030237
-1.637227,99,57.033864
0.5916355,52,57.039672
-0.7554817,125,57.039695
-1.2203116,83,57.079088
-1.8100847,109,57.083532
-1.8799677,86,57.098535
-1.2929764,94,57.109512
-0.051308423,44,57.116782
-0.37056533,119,57.131518
0.48689705,40,57.134515
-0.010188878,124,57.14173
-1.6732152,122,57.146976
0.34785485,48,57.156032
0.11226475,40,57.172395
0.12667078,40,57.178289
-1.2432184,119,57.189995
-4.1842294,174,57.192517
0.05334294,55,57.202543
-0.8644919,134,57.235569
0.39449918,54,57.235614
-0.01557678,127,57.243643
-3.1094465,113,57.24452
-2.23005,92,57.256643
0.13657725,64,57.257595
-0.7437096,108,57.26427
0.06254414,43,57.272606
0.0913986,44,57.273515
-1.2735693,99,57.276831
0.00092869997,42,57.280314
-0.14179131,47,57.296282
0.82640266,53,57.302408
0.16483778,52,57.309298
0.68255925,54,57.320235
-0.022771597,65,57.330417
-0.24527004,42,57.346008
-1.7917404,83,57.352905
-5.4920835,146,57.369618
-1.5336659,110,57.372143
-0.23128852,41,57.380608
-0.051573396,42,57.388072
-2.350844,102,57.390563
0.6563619,123,57.402367
0.7921783,49,57.41087
-0.5051253,107,57.410888
0.51115793,41,57.423371
-2.69241,116,57.429473
0.10794824,38,57.435506
0.2754478,37,57.443511
0.5492656,46,57.451287
-1.2395418,86,57.454659
-3.570077,98,57.456437
0.3986435,49,57.477518
-0.6341253,110,57.484982
0.13009173,51,57.486669
-0.15603596,44,57.488322
-0.24873339,39,57.48916
0.18545774,41,57.51433
-2.0859308,104,57.52032
-0.17169818,40,57.52297
-0.88180006,120,57.527932
-0.29265866,50,57.529747
0.21387184,47,57.530638
0.12794551,50,57.533987
0.029607296,50,57.558917
-0.36768594,119,57.559972
-0.111109495,44,57.570661
1.2948626,53,57.570714
0.11146033,45,57.59806
-1.010921,98,57.606623
-0.038860887,53,57.615657
-0.3797423,101,57.616578
-1.4073939,107,57.627862
-0.085065454,46,57.637031
-0.4937484,126,57.639718
-0.2655443,42,57.642413
-0.28544438,105,57.650495
-0.5136176,34,57.657213
0.45713782,48,57.658145
-3.270324,113,57.667331
-0.35883665,39,57.67379
-0.0051636696,46,57.677172
0.056599557,42,57.678886
-0.07686561,39,57.683988
-0.36533546,37,57.689074
-0.0986332,47,57.698183
-0.19488496,41,57.708201
-0.20734194,39,57.711612
0.37549758,47,57.716538
-0.67678404,38,57.720872
0.071154624,46,57.722606
-0.0013958216,47,57.737567
-0.35463846,37,57.749122
0.07926202,49,57.751717
0.034026235,40,57.762052
0.32818395,48,57.769758
-4.1346917,173,57.772345
-3.1088881,126,57.789379
0.2862408,43,57.78943
-0.5129583,42,57.805486
0.022394419,42,57.815329
0.52231675,53,57.816631
-0.23812336,39,57.819449
0.4996937,45,57.829856
0.05328393,42,58.425906
-2.3850336,125,58.434013
0.26951635,48,58.452282
0.33319074,59,58.459611
0.08344376,54,58.465185
0.30718672,46,58.467001
0.47324172,49,58.478744
-0.33827618,32,58.482612
-1.032002,120,58.49748
-0.044155777,108,58.498433
0.5281025,42,58.50587
-0.94157535,115,58.511911
0.26865524,49,58.522046
0.38588417,52,58.541311
-2.4529383,99,58.567179
0.014478564,135,58.577942
-1.4964209,131,58.579659
0.35876876,49,58.583189
0.40480196,123,58.603175
0.10768598,124,58.611706
0.65766096,46,58.617584
-1.0211228,125,58.618512
-0.48821783,56,58.627704
-0.498735,81,58.636742
0.25412416,135,58.636767
-0.04070005,40,58.645151
0.5575911,51,58.669933
-0.66197854,42,58.671664
-1.6470537,131,58.693824
-1.0027014,115,58.699541
0.1503914,50,58.713471
-0.80713534,124,58.720831
-0.9864689,127,58.724308
0.111299455,45,58.730986
-2.738628,109,58.735977
0.81133235,53,58.743534
-3.2874103,133,58.747801
0.16970229,46,58.762589
-0.03140217,57,58.768733
0.25682673,47,58.77043
0.640197,43,58.783813
-1.4522974,115,58.809531
-1.5683236,105,58.823732
0.15188104,113,58.837946
-7.42381,212,58.847243
-1.6680951,92,58.860382
-0.41783494,115,58.866163
-0.34965545,123,58.871387
0.47612077,50,58.880166
-0.43296906,45,58.885507
-0.2512496,150,58.888997
0.0016515255,111,58.903101
0.1649788,54,58.906592
0.17545861,55,58.918023
0.21974206,152,58.952642
-1.7250392,92,58.958386
-0.98551923,111,58.96105
-0.7881217,110,58.98207
-1.0275291,115,58.98304
-1.3853326,126,59.012874
-0.7615875,113,59.013782
-2.198574,136,59.018083
-0.3045449,104,59.039438
0.23671782,45,59.050379
0.023028344,43,59.05373
-0.94034064,114,59.056208
0.60181206,52,59.057062
-2.4853663,132,59.069378
-0.14818859,110,59.074405
-0.21248528,135,59.096078
0.4038267,50,59.099404
0.09984672,41,59.131451
-0.70521945,120,59.14209
0.35960025,84,59.146715
-0.301149,130,59.165987
-0.11538947,127,59.166041
-1.090853,135,59.166974
0.14402798,41,59.167863
-5.1705265,137,59.186816
-0.27892807,50,59.189447
-1.1981844,139,59.218322
0.35452372,59,59.238532
-1.3556318,105,59.25503
-0.5837842,106,59.255063
-0.5592925,113,59.259949
-0.7672405,150,59.268155
-1.0466378,111,59.278769
-0.74645615,144,59.285344
-0.12579909,37,59.316
-0.93272936,132,59.32771
-0.28830582,99,59.336998
-0.21092863,42,59.350958
-2.0952468,131,59.364292
-2.2366807,115,59.364342
-2.7206607,156,59.368448
-0.19052541,141,59.378424
-1.5522673,123,59.382603
0.20722708,40,59.402534
-0.07499859,40,59.415986
-0.97047484,110,59.43089
0.17261022,66,59.434466
-1.8981793,135,59.442838
-1.4457787,109,59.445059
0.41619787,49,59.458904
-0.5070934,125,59.471953
-0.055571318,44,59.472841
0.46479732,51,59.47537
0.44055897,48,59.516695
-1.7907224,133,59.5176
0.18922526,59,59.523892
0.7159216,61,59.524818
-9.228108,197,59.534304
-0.06627065,126,59.554376
-2.9233027,115,59.558695
0.49334556,51,59.568663
0.6582969,49,59.576532
0.13031039,50,59.596891
-0.7022754,106,59.608212
-8.472391,203,59.618086
-0.6876205,119,59.625587
-0.27464134,43,59.633012
-0.062977135,79,59.643079
-1.2686975,106,59.648185
0.081839085,45,59.655688
-0.1165424,44,59.6624
-1.2478642,174,59.665708
-2.1073475,130,59.678262
0.13713333,46,59.681622
-0.12318617,45,59.685786
-0.21521959,51,59.705963
-0.7035699,131,59.718629
-0.60259455,109,59.725866
0.124669075,54,59.728429
-0.08778232,52,59.730932
0.36933464,71,59.739766
-1.3827689,131,59.767626
-2.7426097,130,59.776844
0.20976812,55,59.777825
-0.9648211,116,59.804342
-2.0952,113,59.820946
-0.9072662,130,59.837487
-0.07821345,42,59.839179
-3.1670454,162,59.85513
0.07637164,58,59.868953
-0.47544372,158,59.871507
-1.1737413,130,59.875657
0.32818103,126,59.882291
-1.5293024,146,59.898481
-0.91039306,123,59.94298
-3.3634717,125,59.946522
-0.7869574,117,59.976999
0.036628664,128,59.982006
-0.523092,137,59.986939
-5.400075,155,59.987993
0.024444252,55,59.989686
-1.2057186,128,59.992965
-0.5442334,129,60.010528
-1.5519948,140,60.065486
-0.9270134,120,60.078794
-1.3409528,123,60.091573
0.49549162,124,60.093441
0.5983248,46,60.105009
-2.922907,141,60.110424
-1.1188502,118,60.111428
-0.025637895,37,60.111446
-1.4546758,142,60.114887
0.6487379,41,60.129032
-5.6500096,175,60.13174
0.25784174,40,60.14489
-1.9727395,126,60.728699
0.3407377,122,60.743222
-1.6389551,140,60.753584
-3.5452302,147,60.768932
-2.9955616,159,60.775914
0.54164404,141,60.778506
-0.77124023,141,60.781046
0.0059573054,128,60.842664
-0.84424394,116,60.847113
-0.11175203,120,60.860203
-7.5705576,224,60.869536
-0.75969344,104,60.871346
-1.298856,132,60.885472
0.30029982,127,60.888202
-0.6228908,127,60.893954
-1.183639,111,60.940696
-0.37339127,121,60.962475
-1.3334913,152,60.970788
0.69154406,123,60.975214
-0.97976685,132,60.981005
0.29588622,114,60.981873
-0.7177881,124,60.997704
-1.5770552,148,61.01255
-0.19335541,130,61.049014
0.4227615,116,61.059022
-1.7680175,113,61.07533
-1.9056845,126,61.075369
0.49658114,124,61.078039
-0.7589578,141,61.097706
0.6013782,53,61.102935
1.0462158,133,61.107887
0.34266576,50,61.116915
0.67200255,163,61.147964
-1.4100075,155,61.177731
-0.057297587,149,61.199019
-1.0913377,125,61.206838
-0.57719404,135,61.210285
-0.28258553,140,61.224649
-0.5782417,181,61.229019
-0.30880344,135,61.229885
0.09227812,56,61.246676
-1.3614867,129,61.255925
0.31514362,46,61.268314
-1.736275,118,61.276886
0.22567028,48,61.308305
-0.6138446,137,61.321788
-0.830976,119,61.324284
-0.29449907,135,61.341837
-1.7230077,130,61.354893
0.44931853,46,61.362369
-0.827313,129,61.363265
-0.16695839,35,61.371003
-0.02420336,128,61.383399
-8.43184,213,61.388496
0.2670992,41,61.389427
0.6987401,44,61.399446
-1.3431594,124,61.411765
0.09139863,63,61.423279
-1.3593551,125,61.425774
0.2864372,59,61.46221
0.3311606,109,61.482011
-0.3021385,154,61.49425
-1.0260329,144,61.510967
-0.87368166,153,61.513697
-2.426776,134,61.538226
-4.5597095,164,61.53931
0.42437398,45,61.550094
0.13684773,49,61.555961
-0.5370757,139,61.58072
-1.3700068,126,61.589553
-6.0693917,213,61.607982
0.28645918,44,61.625887
-2.8566234,157,61.626918
-0.48116592,110,61.631229
-0.5298341,103,61.642116
-0.23556992,153,61.669107
-0.5044601,144,61.671646
-0.38473785,121,61.683268
0.07139063,128,61.733635
-0.8205792,152,61.735681
-1.5161583,136,61.74576
-0.13064873,164,61.7648
-2.3526902,157,61.773953
-0.77663386,118,61.781296
0.22231662,135,61.781328
0.5506425,62,61.785455
-1.9550885,177,61.81915
0.39058453,68,61.842468
-0.86749685,135,61.848801
-1.1724826,137,61.88113
-4.841605,181,61.898579
-2.4992094,165,61.913434
-2.139318,163,61.919102
-1.3515978,121,61.921546
-4.829211,179,61.932632
-0.7183363,124,61.949119
-0.097917855,44,61.971211
-0.026827931,44,61.987252
0.1074211,167,61.992391
-0.094446,133,61.99494
-0.2960869,110,62.014539
-1.2441372,145,62.022856
-1.0874355,143,62.044031
0.39221206,47,62.061454
0.49811268,191,62.075573
0.022346318,120,62.087406
0.25635988,47,62.100362
0.55960655,158,62.10364
0.18876565,56,62.133103
-3.9172597,184,62.144836
-2.4128678,183,62.146809
0.6826385,168,62.153584
-1.1633954,134,62.155447
-1.5668097,122,62.177058
1.1464738,56,62.200165
-1.0132926,135,62.212768
-1.3930125,115,62.242602
-0.2726717,173,62.248046
0.33743036,125,62.249984
-0.2911227,148,62.258201
-1.9337764,130,62.265443
0.26523575,47,62.298778
-2.1490033,152,62.306324
-2.7029793,114,62.347837
-0.51461434,120,62.351426
0.53500247,163,62.352385
-3.8091183,214,62.38272
-0.67553514,166,62.385672
-4.471279,163,62.405227
-0.6434861,125,62.406206
-2.2091956,123,62.412029
0.32911855,116,62.983348
-0.6596161,140,63.001085
0.783279,144,63.009048
-0.49633434,126,63.027018
0.86357856,102,63.032159
-0.82996356,118,63.039703
0.35698244,53,63.046471
-0.17023915,136,63.054404
-0.43844387,177,63.067849
0.50192964,102,63.071364
-1.2545128,151,63.137162
-1.394627,130,63.142139
-2.0503604,138,63.143789
0.32403135,127,63.147109
-0.5055038,128,63.162144
-1.7192235,122,63.170502
-1.1398346,149,63.172215
-1.868119,193,63.232783
-1.077338,123,63.244681
-0.814155,130,63.25205
0.17670882,141,63.254755
-1.2714013,133,63.258051
-0.011456162,49,63.273808
-0.89047974,134,63.282138
-0.117804766,145,63.283118
-2.0134096,137,63.286641
0.61440885,56,63.291594
-0.59950495,123,63.357332
-1.0998054,122,63.359875
-0.594321,104,63.360842
0.7896397,147,63.375303
0.25874317,131,63.401168
-2.3645132,172,63.426461
-2.6586704,181,63.433366
-2.3219175,213,63.464524
-0.7045433,126,63.466245
0.16103017,137,63.472538
0.014666796,153,63.488411
0.05842358,142,63.494464
-0.13328815,46,63.503619
0.5982919,140,63.518974
0.44075632,66,63.522484
0.45345092,123,63.530937
-0.14385647,142,63.553333
0.2062788,137,63.58829
-0.74028957,142,63.615673
3.1422868,163,63.627216
0.46706575,146,63.628089
-2.1403804,131,63.630603
-2.6244164,129,63.632293
0.065446734,117,63.653043
0.040841937,160,63.666293
-0.50547785,155,63.718289
-0.4142753,139,63.730487
1.7574127,132,63.741229
-1.5059555,127,63.757734
1.5719457,159,63.758633
-2.1418788,175,63.773121
-0.8305185,139,63.781645
-0.38460666,216,63.809565
-0.96785355,118,63.839321
0.21777835,47,63.848715
0.45850325,164,63.8549
-1.8542886,151,63.856616
-0.2670644,131,63.868101
-1.4982269,129,63.880358
0.13652694,128,63.888297
0.29585612,61,63.907616
-4.916714,193,63.91927
-0.98682094,143,63.95883
-0.39563942,111,63.973777
-0.21323508,143,63.974675
-1.3964697,157,63.981375
-0.44477478,148,63.99325
-0.30402896,142,64.027339
-4.570627,201,64.05743
0.980296,142,64.079375
-0.32887536,133,64.08698
-1.3976024,205,64.092433
-0.70334435,141,64.093304
-1.8126504,164,64.131297
-0.5184395,126,64.13405
0.804355,51,64.135926
0.051665366,190,64.141753
1.5526083,134,64.170647
-0.27924332,126,64.186075
-0.077308774,125,64.198627
1.1032473,53,64.215498
-0.22495802,129,64.239595
-1.3808653,182,64.240455
0.21664906,145,64.263113
-0.20938474,158,64.268836
-0.22607517,203,64.304768
-1.9693183,146,64.321321
-3.7674704,165,64.353807
-3.642476,205,64.358091
-0.21243727,125,64.373579
-2.0996552,161,64.376142
-1.810848,194,64.40266
0.30321008,50,64.415341
0.13999736,127,64.42788
-0.07157642,165,64.443536
-9.83006,233,64.459771
-0.24369526,118,64.476262
-0.2822104,165,64.494302
-0.8918402,167,64.500645
-0.15264428,126,64.523442
-1.1298759,145,64.526813
-0.40265855,124,64.534379
-0.10270178,130,64.554211
-1.4163716,150,64.586403
0.50300944,134,64.588935
0.443892,145,64.615792
-2.2104886,152,64.627619
0.48870558,146,64.645373
-1.2024708,175,65.207399
-0.111352116,186,65.209322
0.33798152,127,65.223314
-2.0406935,154,65.246315
-0.8160051,211,65.26303
0.0058140755,161,65.283308
0.5076863,153,65.288426
0.41323844,147,65.350727
-0.9394376,167,65.352431
0.65139127,183,65.36751
-3.4390306,145,65.36921
-0.72043794,138,65.399303
-3.4852414,176,65.410963
-1.0200226,301,65.430682
-0.39626676,126,65.473614
-2.3213005,168,65.495049
-0.18556389,172,65.496805
-0.0030050874,163,65.507757
-0.57887197,273,65.519526
0.22836256,172,65.557235
-0.15364444,209,65.576404
0.4145273,128,65.583184
-2.3740566,192,65.593249
-0.6441182,170,65.638308
-2.420332,163,65.64525
-2.9826212,185,65.652655
-0.8208785,154,65.686704
-4.225712,227,65.710278
-0.45021358,163,65.713685
-1.3056493,191,65.74378
-0.98766667,189,65.752196
-2.5623288,144,65.759657
-0.7684501,158,65.777709
0.24866366,170,65.794817
-0.930076,145,65.834327
-1.4488121,181,65.860821
1.4321897,155,65.880655
-2.4029922,243,65.888866
-0.07342112,175,65.888892
0.7936894,171,65.902428
0.372756,196,65.940929
-1.14384,174,65.980522
1.9233258,149,65.98774
-0.27325886,151,66.009706
-5.9494834,274,66.026874
1.4241769,154,66.033435
-0.59915984,182,66.044033
-1.0783658,193,66.053229
-0.6251753,160,66.076852
2.1571069,147,66.104333
0.108618796,153,66.115282
-1.6116701,139,66.12536
0.029426038,139,66.160001
-0.25605935,169,66.194233
-1.4507593,207,66.199754
0.6462406,174,66.222643
0.104873836,150,66.230313
0.818203,239,66.232901
-0.5417424,148,66.239576
-2.663486,187,66.283936
-0.5598918,136,66.309901
0.16063643,187,66.318817
-2.9436884,171,66.344345
-3.0430694,164,66.370496
-2.2736928,180,66.376527
-0.071915746,147,66.408732
-1.0373931,133,66.430857
-4.6037574,253,66.447553
0.48487145,134,66.457335
-1.9966571,183,66.463848
0.5118916,289,66.484748
-0.78589565,165,66.509495
-1.9581642,180,66.528004
-0.9611486,173,66.554276
0.3529719,148,66.556031
-1.7533537,142,66.584957
-1.5527352,156,66.616578
-7.1682754,204,66.620424
-2.5848138,217,66.642589
-0.5041856,176,66.659133
-0.9500687,162,66.69564
0.89216983,160,66.722705
-0.2917335,227,66.722744
0.50203234,209,66.733644
1.0254226,132,66.734552
-3.3846197,182,66.772823
0.6749505,157,66.776177
0.26757205,120,66.822155
-0.092247665,142,66.850985
-1.4432094,146,66.855079
-0.69243103,184,66.875197
-2.765967,281,66.895624
1.1124835,175,66.918555
-3.4952497,293,67.468659
-2.045387,199,67.470549
-1.1307125,168,67.49271
-0.26318437,135,67.494791
0.08111653,149,67.531413
-2.3308942,190,67.545861
0.19170141,148,67.551107
-0.06481671,166,67.588178
-0.6723719,143,67.5925
-0.6170491,124,67.63538
-0.5448998,213,67.649625
-2.617494,194,67.656275
1.3790357,203,67.665426
-3.23749,180,67.69736
-1.5470809,175,67.698283
-1.2935134,172,67.733107
-0.74468637,169,67.734903
1.0169969,120,67.757871
0.60266817,194,67.799896
1.2533793,189,67.809904
1.0903983,179,67.817598
0.1338371,174,67.844576
-0.6618521,180,67.848967
0.15591872,180,67.885343
-0.47780877,177,67.907121
0.6260026,161,67.952912
-0.6809795,185,67.955434
-4.6442494,278,67.969995
-1.8909022,211,67.987665
-0.68598014,185,68.006137
2.4334247,169,68.029227
-1.4367291,171,68.053215
-0.0820882,165,68.096424
0.94231343,161,68.107373
-2.162218,322,68.117961
0.3169464,167,68.13065
-0.08677083,133,68.142279
-1.8706659,160,68.142312
2.2259574,249,68.164901
2.1655686,165,68.247363
-0.3531085,188,68.255993
-1.4323866,157,68.276315
-0.7238879,175,68.279727
-1.0066583,228,68.313258
-1.0411772,174,68.314325
1.1219771,337,68.341085
-0.46720305,282,68.382274
-1.284489,172,68.393765
-1.0509958,156,68.408617
-0.8225505,188,68.439858
2.7304025,222,68.446348
0.040740967,190,68.474905
-0.5454088,167,68.481515
0.55927205,217,68.497023
-2.6441574,177,68.545555
-0.40399143,258,68.601708
2.167574,149,68.608485
-5.9635963,237,68.610348
-1.2665981,159,68.6104
-1.273,203,68.612204
0.38439706,185,68.654287
-0.5971021,276,68.679086
0.4374502,198,68.714491
0.07789302,159,68.747181
2.008335,188,68.763698
1.262297,180,68.76373
-0.50715256,179,68.766395
-1.2693946,205,68.786152
0.48077798,166,68.797216
0.64013785,163,68.819851
1.1093773,165,68.890227
1.2588903,209,68.895532
-2.381899,156,68.899069
-0.7192006,165,68.907055
2.851088,182,68.956624
-2.233939,237,68.99211
0.09536415,272,69.002265
-0.35475647,147,69.027479
-0.92308044,169,69.043134
1.2476938,168,69.053665
-0.28991967,267,69.054749
0.6203732,156,69.091993
0.1488694,271,69.124569
0.5079627,179,69.145811
1.0357316,181,69.157682
-0.05376464,190,69.189091
-0.90405536,185,69.199853
-1.3775651,182,69.208244
0.94996226,201,69.751885
-1.4439805,185,69.776175
0.45186377,163,69.79091
1.216459,185,69.832479
-0.43138504,134,69.84284
1.0079379,209,69.863276
-0.04419595,189,69.877921
-3.4063075,200,69.906351
-1.4456748,198,69.920192
0.7070518,119,69.932712
0.58938384,184,69.947878
-0.3499319,180,69.995052
0.18478802,171,70.009482
0.4369473,183,70.033989
1.6978136,322,70.051393
2.4872952,181,70.061933
-2.1307719,160,70.084703
0.95281005,235,70.120649
1.5274488,260,70.153864
-1.8926541,193,70.158958
3.3021436,210,70.186092
0.5968654,218,70.216618
0.81098217,199,70.227503
-0.93111193,259,70.269565
-0.21021122,220,70.269622
-0.9977958,162,70.290144
-0.751834,217,70.302664
0.332941,198,70.354959
-1.872766,250,70.370647
2.4075322,182,70.383117
-3.4304717,160,70.404623
1.3286664,248,70.427023
-0.51718193,166,70.443183
-0.75013155,209,70.445735
-0.3002536,192,70.516931
1.6704715,285,70.533238
-1.0170722,176,70.533286
-1.428134,222,70.560464
-1.0720993,156,70.562163
0.62300545,195,70.613293
-2.281571,253,70.62128
-3.465701,264,70.670355
5.0509977,134,70.674499
-1.4067984,175,70.682628
-0.7979451,205,70.692702
-1.5787549,172,70.708426
0.46970093,234,70.732491
-0.14072892,222,70.805514
1.4967157,225,70.81677
-1.6817254,190,70.839551
-1.59712,186,70.854614
-0.46614683,214,70.867727
-0.6189221,233,70.871172
1.9347482,215,70.918005
0.49494147,258,70.929707
0.75804836,149,70.941161
-0.9178108,167,70.946035
1.467939,159,71.000474
1.032783,204,71.010421
-0.60056853,168,71.060516
0.35647643,254,71.069787
0.19330287,260,71.093218
0.45654815,192,71.09496
-2.5940824,191,71.111045
-0.6377058,166,71.144144
0.6296373,240,71.146678
-0.94936705,190,71.173957
0.8490595,118,71.194286
-1.193559,156,71.224766
1.5526763,192,71.232943
0.72206956,194,71.275016
1.4306431,255,71.278454
0.15664697,166,71.2877
-0.72463983,184,71.300314
0.9768655,176,71.343613
2.0545287,173,71.380668
0.20481434,187,71.383957
-2.115265,187,71.436938
1.5822246,198,71.455657
-0.81797355,230,71.469448
-1.4344177,200,71.469479
0.23088145,418,72.056533
1.809762,192,72.073928
0.62771523,197,72.074844
1.8927584,265,72.095778
2.8496363,161,72.119265
-0.99596894,213,72.144824
0.84872824,176,72.146771
0.9957425,255,72.214162
-2.2266457,201,72.245321
1.4427743,192,72.258771
0.74026847,163,72.284325
0.7636013,190,72.305914
-1.463207,341,72.345587
1.5803727,209,72.389443
0.81741405,327,72.395512
-7.749,398,72.409683
2.0870478,214,72.425101
2.4001043,188,72.443459
1.1448158,190,72.465815
1.3934062,318,72.527622
1.0196579,238,72.546574
-2.8987703,193,72.574676
0.32069463,226,72.582742
-0.7641985,226,72.61768
0.58754027,136,72.642792
0.2796623,349,72.691974
1.758081,285,72.708216
1.607823,245,72.756106
0.12971753,212,72.763788
-1.9242071,241,72.822869
0.6735679,143,72.830397
-10.331801,466,72.839998
1.6405509,326,72.851496
-0.36766407,302,72.899021
0.90458024,274,72.924883
1.0856805,183,72.992828
0.36604345,287,72.996251
0.290972,231,73.016836
-0.14033717,240,73.054076
1.9504681,276,73.063083
-1.2355771,357,73.06407
0.8846175,270,73.127253
-0.88650465,181,73.150207
1.8190407,271,73.153576
-0.13180482,219,73.247943
-1.7969995,336,73.27668
0.99226946,264,73.285205
-1.5943656,182,73.306009
0.49205557,366,73.325288
0.34474248,340,73.344525
0.035882473,248,73.369676
-0.35624832,289,73.381694
1.8010573,220,73.449672
1.0517849,192,73.46389
0.8633387,268,73.517374
0.13789207,226,73.54711
0.45244485,224,73.575482
0.032409817,163,73.587206
0.7474555,299,73.626557
-0.32461625,368,73.63247
0.93272203,216,73.644614
-0.012942314,372,73.654501
-0.05490738,161,73.681815
0.8227433,205,73.690806
2.274815,225,74.311589
0.11991656,172,74.318376
2.0513008,196,74.3587
0.741648,270,74.362927
0.75710887,168,74.372334
-0.728065,202,74.374044
1.1696992,237,74.381168
-0.8212441,178,74.473486
0.37059683,218,74.499645
-0.7201413,336,74.525206
0.76439935,155,74.60405
1.6291853,284,74.605964
0.717766,304,74.633724
-1.4911271,314,74.64049
2.2529066,349,74.656003
2.5109868,234,74.696829
2.5438354,249,74.734398
0.95317465,182,74.755971
2.8207233,446,74.758849
-0.9957934,145,74.761361
0.40917164,205,74.777186
1.3469741,182,74.785779
-1.2362196,187,74.854715
1.6019475,164,74.874335
-0.54425037,194,74.920302
0.32830814,231,74.955263
2.4476,202,74.95802
2.3798816,361,74.961645
0.4518926,262,75.000435
-6.456397,313,75.026976
1.1591514,175,75.072329
0.30545604,276,75.091766
1.8521367,177,75.110948
1.5999166,228,75.150918
-0.9685216,376,75.196313
0.56349313,284,75.204993
0.9594502,238,75.205024
1.2368907,246,75.239025
3.004087,207,75.268709
0.44801235,239,75.276896
1.9413013,215,75.388137
-1.5562351,337,75.398416
2.4454012,188,75.400323
0.9581264,192,75.440625
1.1368667,354,75.454564
0.14993498,303,75.456256
-1.9328125,323,75.48204
-1.1784394,254,75.486544
2.8322623,177,75.591973
2.5272508,188,75.615338
1.556179,273,75.632664
0.65230083,212,75.637795
-0.65531725,229,75.685255
0.9168563,239,75.689392
-0.7777172,355,75.708183
-7.671273,390,75.726666
2.270014,147,75.810242
0.7339823,206,75.816461
2.0946898,229,75.830936
1.2719667,285,75.838854
0.84255207,204,75.8634
-0.5072283,302,75.876272
1.6367329,181,75.880467
1.8919674,224,75.898624
2.2643666,163,75.955108
0.7615898,213,75.992469
2.296075,162,76.001711
-1.1123388,233,76.042484
1.9300027,221,76.607457
2.033207,288,76.615795
1.9652269,305,76.675829
0.47228792,280,76.676753
-0.9053966,291,76.743045
2.8852494,267,76.768628
0.6156969,331,76.81286
-0.015562326,239,76.819103
0.09039086,195,76.847099
1.5855912,369,76.898699
-9.226767,352,76.916724
0.40553588,209,76.954852
-0.52578586,320,76.95659
2.6946034,175,76.978078
1.5641322,334,77.037757
1.1199008,256,77.042182
2.3291612,214,77.08593
0.42253792,223,77.150958
1.2070765,337,77.209569
1.5670477,211,77.221337
1.1249714,298,77.236237
0.049710542,447,77.237094
0.79944766,251,77.258595
2.4151874,407,77.307241
1.9342815,162,77.345345
-0.403354,178,77.386872
-0.11122501,283,77.390292
0.08376986,357,77.390314
2.1121778,220,77.406557
1.4105921,213,77.528453
2.952521,353,77.538322
2.6261175,180,77.545194
3.3800106,286,77.552818
-3.7601094,381,77.585511
0.19165197,304,77.652824
3.2852168,160,77.690989
3.326747,179,77.692703
0.032565027,345,77.704414
2.0174675,185,77.742965
-0.82176983,271,77.760602
1.8415285,262,77.769566
2.2354977,446,77.769601
1.3917302,231,77.848176
-0.58042395,188,77.852156
0.2120775,227,77.937993
1.2150307,155,77.982093
1.2727399,259,77.991389
-1.8359466,293,78.011733
0.9119642,389,78.035859
1.7548953,413,78.044017
4.276602,226,78.047062
0.6813471,334,78.057073
2.9571936,186,78.155141
2.3572888,249,78.155203
3.7985907,168,78.18507
0.14981067,220,78.205325
0.97179043,177,78.21211
-1.2656288,320,78.260008
2.5892973,171,78.301841
3.269257,319,78.32162
-0.9832784,359,78.358428
1.1181362,225,78.931056
2.0450554,259,78.940364
-0.9080257,329,79.027298
1.8348053,224,79.046216
3.1124039,258,79.055555
0.43133944,436,79.061373
4.1956058,301,79.152059
1.4257016,256,79.153313
1.9112905,446,79.179294
1.7665844,148,79.186068
2.925931,177,79.201313
7.443693,184,79.222079
3.115057,228,79.224633
3.4242704,425,79.305685
4.8038697,220,79.339038
5.118578,273,79.383022
1.4973369,300,79.438392
0.8665562,254,79.438441
0.2465033,352,79.477107
1.9077474,340,79.489234
0.84771293,343,79.513006
0.86686605,344,79.602122
-1.589639,363,79.651536
3.0164738,202,79.664176
1.4920678,267,79.669964
1.1944959,286,79.686557
0.13941771,352,79.686587
4.4046073,296,79.731849
1.5141466,356,79.81955
1.3695387,297,79.854995
1.2090653,248,79.883812
2.5054018,334,79.938286
1.0879627,351,79.966239
0.8633037,348,79.986399
1.7275072,193,80.02125
1.6710043,403,80.033233
-1.7936823,307,80.102294
2.135842,416,80.111283
0.95825994,195,80.221688
-0.37959164,185,80.224254
-0.38044405,418,80.273717
1.6564441,325,80.27671
0.41405618,315,80.288547
-0.4502316,215,80.307834
-0.6010468,404,80.318669
1.0938847,324,80.394881
2.1169896,171,80.425358
3.3602765,265,80.45013
1.23486,135,80.510945
3.5510812,242,80.515457
0.44551775,245,80.527845
3.0626774,171,80.569511
4.7639565,338,80.576998
3.0088682,465,80.674195
0.4803037,268,80.679883
-0.100248486,180,80.683574
7.9780717,250,81.257576
1.9645606,598,81.265657
3.4953501,250,81.321631
-2.3266966,353,81.342644
3.5660005,165,81.344422
5.031079,241,81.417594
5.7584996,247,81.477261
-0.82365656,192,81.485757
2.9146645,347,81.505516
4.0576825,528,81.554027
1.4721961,300,81.601932
2.7837627,461,81.658852
2.6466768,178,81.663021
3.0452375,292,81.731225
1.1436614,382,81.748016
-3.5528011,398,81.831032
2.706437,283,81.845226
1.145652,288,81.908379
2.8474774,414,81.911523
1.9675767,739,81.987249
0.24524385,495,82.084103
1.8554249,399,82.09473
3.262009,298,82.104841
2.4788752,446,82.118053
5.1337934,249,82.128304
1.2368305,411,82.186548
3.676104,276,82.220459
0.16339621,386,82.242247
2.1362388,228,82.289268
2.215663,285,82.329104
0.0736565,255,82.338594
2.9389124,359,82.429255
0.108068764,174,82.455236
5.029193,259,82.459681
1.3328278,374,82.465019
0.32671872,298,82.513244
2.6374772,500,82.63094
2.2035737,441,82.720208
2.5234787,323,82.728673
-0.46936962,335,82.748503
-0.22389668,296,82.774047
1.2512329,377,82.79448
1.469656,450,82.82132
-0.070427686,540,82.8224
3.9516132,284,82.977842
3.2115316,407,82.999644
4.0254397,333,83.637335
3.037304,305,83.687782
5.912229,397,83.746767
2.226187,434,83.759326
5.6659713,257,83.816054
0.016248435,241,83.816105
3.1048584,639,83.920515
-4.189568,639,84.022244
0.77983093,245,84.067703
-4.695612,442,84.085792
1.3117373,391,84.086895
3.621063,320,84.089666
4.35836,390,84.147238
-0.0540331,383,84.206836
5.25939,241,84.267834
6.9648843,207,84.274154
2.195439,351,84.281105
3.1570394,278,84.364252
4.484051,238,84.445686
3.8129282,326,84.475077
3.9071755,248,84.523787
-3.885078,451,84.542584
2.640027,265,84.547255
5.7214136,521,84.608788
2.5217366,324,84.692759
5.992346,413,84.697931
7.0399976,298,84.741359
0.86931396,246,84.760477
-1.0307845,310,84.776783
2.2172635,378,84.902034
5.6759057,384,84.911867
3.3832247,306,85.057908
2.6287842,382,85.090008
2.206843,219,85.097397
0.101064086,445,85.105865
2.4323373,430,85.15603
4.4039817,292,85.179285
2.5901847,527,85.180359
3.4036565,751,85.313388
3.2328825,232,85.320131
6.838366,290,85.331403
5.6841655,316,85.456994
2.05942,299,85.464509
4.199305,413,85.484949
4.096474,188,85.499307
2.5956192,423,85.508747
0.839824,372,85.534704
3.0354316,217,85.539851
2.6505685,342,86.181385
4.218979,190,86.188105
4.8006287,321,86.299114
11.413574,314,86.317318
7.125569,293,86.322051
6.613139,382,86.39038
6.1083026,396,86.439164
0.63343084,434,86.569867
3.29875,322,86.603422
7.3239856,487,86.610089
3.5822647,610,86.620579
6.9492283,234,86.643392
3.5501518,429,86.693707
2.8855643,355,86.701294
-0.8554737,505,86.746683
5.780526,249,86.833324
4.9448004,266,86.856584
6.47675,218,86.90492
1.6422532,395,86.986413
1.508296,410,87.020635
3.6411862,359,87.025556
5.2515616,517,87.04156
2.7884874,305,87.130245
8.814864,425,87.13222
6.25013,336,87.208145
10.064309,319,87.266009
3.9750633,171,87.279106
3.334731,311,87.292452
8.032692,291,87.295761
5.305931,360,87.340406
3.0124657,584,87.351193
6.527791,225,87.401291
3.42306,370,87.453477
6.5790873,221,87.485144
3.729878,192,87.507843
6.033058,341,87.56379
6.0234404,329,87.567206
4.006685,248,87.569007
6.3029966,338,87.591906
6.3024554,287,87.706807
3.3734164,419,87.774086
2.4913878,349,87.820753
2.9867496,319,87.853635
5.317399,333,87.890818
4.979802,390,87.911351
3.4823122,518,87.946802
4.6262794,467,88.514997
4.657863,289,88.560874
5.6589723,236,88.560928
10.629845,501,88.684365
5.814425,291,88.736013
4.066138,202,88.739624
2.8225832,431,88.810952
2.4535723,474,88.814548
6.319264,415,88.822266
5.262595,350,88.839859
7.128939,247,88.919976
10.253232,425,88.952515
10.568592,292,89.008679
5.1787953,267,89.055356
6.27454,318,89.102442
5.021103,416,89.118227
6.733535,330,89.126969
7.3964996,265,89.149103
-0.08632329,428,89.193326
5.382798,323,89.292801
4.849668,398,89.301258
6.7258086,286,89.306274
5.3095255,223,89.345689
4.4495664,280,89.349137
3.3905618,320,89.407074
3.7110288,393,89.462513
4.847824,316,89.468291
2.5657547,240,89.498249
3.3686085,338,89.598254
8.162658,305,89.684048
4.0866017,243,89.68493
11.7793865,388,89.693066
8.189349,397,89.703717
7.181688,482,89.732693
6.042376,293,89.763689
3.561502,356,89.788286
2.486332,234,89.911885
-0.013976961,334,89.977538
4.5429544,257,89.989738
2.771311,360,90.007461
7.966002,316,90.010099
5.853358,393,90.025809
6.9489284,511,90.048583
7.835339,310,90.058624
5.2105556,194,90.226478
6.015494,289,90.238091
0.7452533,329,90.259837
4.961165,298,90.266415
2.4830575,431,90.280606
6.6881704,303,90.286336
9.017498,350,90.838563
2.6695805,385,90.913162
4.1710644,211,90.976619
6.803031,242,91.010857
11.427048,335,91.052895
7.847824,328,91.129742
7.333012,414,91.133544
7.827787,378,91.145413
8.820814,387,91.159756
8.260454,315,91.191535
3.7978141,226,91.250344
4.5232716,298,91.274834
-0.9259521,151,91.293337
3.6927497,377,91.308694
3.6545253,193,91.362035
1.9078295,320,91.416326
11.157148,357,91.446546
3.2395763,184,91.45752
3.9243393,362,91.467009
6.9964237,282,91.557727
6.1447077,255,91.585816
5.4227343,427,91.624886
4.414384,194,91.634201
5.8650217,221,91.637555
3.0949574,421,91.642534
4.784636,282,91.663169
8.459139,293,91.71358
7.6540585,286,91.85263
7.3621573,342,91.87431
9.564172,274,91.892845
5.1839967,281,91.902043
5.984824,310,91.932416
5.664338,328,91.96898
8.456803,378,91.976703
9.6304655,316,92.012561
3.5959086,172,92.051543
-4.4515753,164,92.054199
5.7536345,287,92.111606
2.9069657,180,92.131909
9.054357,232,92.143279
4.296605,316,92.158238
3.7022295,220,92.175073
3.5327814,158,92.189568
9.476073,319,92.295436
7.329659,227,92.358771
5.976754,305,92.380732
2.920958,240,92.385968
10.424797,395,92.399335
9.651914,309,92.403749
4.3497286,302,92.4084
7.0144973,255,92.413266
3.6363158,157,92.430842
1.1487345,206,92.592615
7.6447105,289,92.609853
8.256758,284,92.653349
6.4349446,285,92.659016
5.6831384,314,92.660927
4.7297225,296,93.200548
5.3518424,342,93.218818
10.713708,309,93.235889
6.360284,265,93.382825
5.476196,275,93.446401
8.709286,298,93.4473
2.9243245,369,93.453897
5.926527,308,93.460493
6.273225,349,93.497787
7.7360487,312,93.513638
7.8497934,334,93.516557
6.710434,252,93.602638
4.5340657,194,93.618242
2.4833305,162,93.658985
9.646901,264,93.694957
3.5300841,285,93.706675
2.7572887,231,93.718502
-0.9721631,375,93.780175
3.4246998,200,93.781142
2.051166,252,93.838117
5.98122,427,93.874184
3.5082495,247,93.875184
2.5377564,188,93.941555
-1.9844499,192,93.94638
-1.3495681,130,93.99143
3.7100625,343,93.997133
3.8792522,342,94.008239
-0.90252614,147,94.126249
4.189722,213,94.140456
8.257087,307,94.150565
5.839185,233,94.153371
4.6249275,541,94.197779
4.487783,225,94.20992
6.7621636,456,94.246749
4.7104616,342,94.303096
6.137205,218,94.331945
2.6428838,219,94.346303
3.6571639,179,94.368524
6.499321,278,94.372049
4.9874635,267,94.393221
5.0349913,266,94.487296
3.1239653,177,94.530959
7.199928,243,94.55232
4.2280707,399,94.555644
7.2936354,282,94.556605
9.609582,281,94.600084
5.9423347,272,94.632185
2.686261,352,94.686983
4.148512,241,94.743742
9.954093,237,94.766887
3.4033375,212,94.787651
14.27421,346,94.791805
5.6379795,330,94.848667
7.4580107,259,94.860227
9.273794,350,94.861162
10.440913,353,95.000345
5.0351133,243,95.007843
7.261763,278,95.012083
2.532702,217,95.584402
8.275261,376,95.606051
7.4939218,329,95.609404
3.3165398,257,95.618591
6.3138213,278,95.624722
6.5149446,228,95.732797
7.7446523,240,95.752628
2.8400805,267,95.77889
5.8206058,212,95.811314
4.4886436,270,95.828119
4.554265,276,95.854158
4.032254,288,95.868145
5.785473,270,95.868177
6.2054863,233,95.944205
6.917127,263,95.990129
-0.788098,178,96.027794
6.707054,257,96.039617
9.692079,251,96.053394
10.149172,288,96.113443
1.8721358,190,96.114456
6.538958,321,96.156927
7.8819823,440,96.177316
4.5951395,256,96.272932
8.741297,293,96.292112
7.0817084,285,96.369671
7.0487804,380,96.393789
4.196411,252,96.402153
6.8725147,461,96.402187
8.233971,332,96.409708
7.2678075,315,96.43793
6.766448,224,96.470364
8.8377695,268,96.531108
5.3277245,236,96.579766
2.8482647,190,96.608296
4.049969,268,96.63848
5.948294,295,96.661329
4.8577614,327,96.680097
6.712184,344,96.712765
9.339023,278,96.773917
9.3608675,369,96.795865
5.1728888,271,96.816777
8.11748,223,96.834174
6.511945,290,96.860845
5.711887,264,96.912825
7.677382,296,96.921887
6.3949986,263,96.943143
6.711178,227,97.017122
4.588088,280,97.023153
5.639929,194,97.036722
7.091542,283,97.049042
4.3978953,238,97.154818
5.4110765,274,97.15574
5.848401,206,97.20187
8.737166,434,97.216174
5.2996426,220,97.224815
10.44428,356,97.235132
6.749561,266,97.280254
8.579691,407,97.907149
2.4634604,273,97.928448
1.8258612,209,97.934501
7.440074,296,97.948756
3.9167585,220,97.952312
6.7720294,263,97.966261
9.559718,251,97.991986
5.5160437,280,98.062744
7.545042,267,98.179359
2.0459316,256,98.211118
4.928033,287,98.220356
10.016728,329,98.26015
13.40003,287,98.261077
7.1123886,396,98.301419
5.7879143,427,98.302309
6.9431043,316,98.35423
5.775292,195,98.432915
11.648151,302,98.447297
4.7343535,251,98.486574
5.6904364,240,98.519166
7.307253,398,98.566697
18.386633,405,98.581515
6.500604,363,98.625889
5.5617895,382,98.794685
11.997628,490,98.79769
9.576721,264,98.821289
7.6293683,337,98.822176
5.7901354,472,98.860036
11.028726,423,98.867054
9.896493,414,98.938722
10.250858,268,99.031899
0.28667727,457,99.035451
7.551778,232,99.065504
2.453213,294,99.081867
5.7081494,243,99.08191
8.993652,391,99.145874
3.590663,414,99.188247
5.5417447,370,99.270642
10.022682,287,99.293386
6.923375,355,99.382127
10.103258,347,99.394351
12.8593025,306,99.419304
6.3279533,434,99.421158
8.829257,474,99.506183
5.2386246,285,99.522222
3.8316102,378,99.526679
7.6398487,340,99.611011
6.8472466,305,99.696851
4.1632,226,99.748911
7.237532,326,99.753578
6.5948224,343,99.769359
5.9007916,301,100.435574
3.6321738,461,100.439853
5.9850893,216,100.514125
6.907283,389,100.531666
8.468684,290,100.659335
8.151237,232,100.683994
6.7527213,332,100.687599
4.9421773,329,100.688794
5.6577387,469,100.700184
8.23777,301,100.750666
8.481636,258,100.959017
7.4290133,297,100.999967
3.4090757,450,101.006995
9.266017,328,101.028513
11.440577,546,101.091771
4.8078227,412,101.099409
5.760619,462,101.190509
7.436268,432,101.211731
5.966764,269,101.246627
6.152258,272,101.291924
6.238497,197,101.301443
6.1468215,268,101.316901
5.5826535,406,101.431863
8.582616,245,101.440388
10.380304,361,101.470198
6.9735155,295,101.506744
6.4964414,279,101.522669
7.3618097,285,101.568806
9.465733,351,101.639606
7.952125,345,101.647018
6.7396183,232,101.650607
4.0367627,173,101.683737
10.460449,316,101.735045
6.037933,298,101.746954
7.5852394,246,101.869096
11.373211,389,101.870915
8.723015,333,101.880304
6.357396,211,101.93456
7.0894547,327,101.991894
6.314629,365,101.992947
4.52071,191,102.059751
8.461836,404,102.128549
3.6026766,527,102.140015
7.5219016,293,102.143789
6.3078566,375,102.220204
8.863128,307,102.276573
9.763765,301,102.337055
6.9549403,432,102.392132
11.216948,275,102.394389
7.0918016,513,102.962102
9.752551,349,103.016542
10.431352,350,103.094088
7.706769,497,103.136707
4.5201006,379,103.177477
9.545971,259,103.199004
5.0295506,200,103.199042
5.567936,288,103.207843
6.0037065,374,103.232377
8.640441,437,103.344297
6.9406395,228,103.389592
11.640571,341,103.412126
8.357301,251,103.444525
9.172688,267,103.449655
8.424374,440,103.54369
6.2329183,294,103.615
11.211204,456,103.652557
8.569018,242,103.662487
8.529204,334,103.693333
6.1326513,319,103.700423
7.0289993,606,103.759135
7.9799914,383,103.802888
10.17491,313,103.837988
4.8574376,216,103.860606
10.598054,331,103.929847
8.959628,265,103.949513
7.463213,301,103.951298
8.613262,348,104.032706
9.461636,258,104.04685
7.1623087,286,104.103236
5.842642,264,104.105237
8.1889715,376,104.114556
5.428823,218,104.136889
5.468192,214,104.153604
8.643396,352,104.281199
5.9700503,222,104.314889
7.06122,310,104.325128
6.5967035,191,104.330274
8.536728,248,104.36622
3.4047012,386,104.41008
7.9363666,337,104.4341
9.790745,455,104.53248
5.7920756,257,104.563094
8.579496,266,104.57758
3.071948,267,104.613796
5.4350634,364,104.616821
12.902746,437,104.718544
6.354203,386,104.790457
6.439494,207,104.805825
7.0269094,433,104.810943
10.335878,360,105.440506
5.088242,214,105.461173
11.623974,386,105.47782
9.861736,478,105.518018
8.536699,396,105.525884
6.6657934,253,105.58709
8.934322,376,105.680508
11.1362915,360,105.681592
6.4083524,257,105.763103
4.7369237,352,105.763988
8.724762,337,105.771358
9.029456,344,105.796006
7.463243,231,105.894721
8.807561,241,105.990964
9.776369,337,105.998391
4.719295,249,106.001031
6.8742714,495,106.064955
8.752548,305,106.074947
12.367323,582,106.077098
6.8506594,383,106.172311
8.428965,301,106.197402
7.5914702,275,106.331364
6.3338304,339,106.338398
7.302891,354,106.347207
9.098372,284,106.350183
8.421248,330,106.394022
10.371643,407,106.404138
8.776365,285,106.444902
6.910928,320,106.502432
6.5258303,216,106.539402
7.6939836,230,106.561093
5.9113183,222,106.60151
8.187495,294,106.605968
6.2389507,236,106.623001
10.332229,369,106.691762
4.7959495,205,106.692676
8.377996,299,106.723307
8.850138,286,106.828752
7.4476037,235,106.913875
6.671537,422,106.933091
5.4937906,360,106.957631
6.490604,395,106.965783
5.856277,318,106.985657
10.713572,301,107.001218
8.4639015,459,107.029443
10.523656,319,107.121022
7.211092,238,107.131178
6.1431837,245,107.157795
8.35343,289,107.226957
7.1839046,283,107.230847
8.0522995,302,107.268729
9.734237,309,107.29154
4.66589,176,107.297261
6.1852355,262,107.909443
6.675328,409,107.956346
6.8765545,298,107.980579
7.974715,280,108.031316
6.5315404,222,108.047166
8.026714,295,108.049201
9.896031,328,108.117252
6.985958,391,108.198754
8.877057,292,108.249826
8.152514,235,108.265827
4.936358,392,108.2733
5.1682205,277,108.303491
5.3962092,401,108.326884
10.113421,446,108.443653
16.602692,393,108.480962
9.581834,365,108.53477
8.012413,337,108.58417
10.979103,376,108.596008
6.3281665,325,108.601112
6.0896335,365,108.662671
7.5610657,251,108.674671
7.9821806,455,108.685658
12.010537,343,108.810487
9.609129,329,108.863842
9.831469,296,109.000801
10.532815,401,109.031685
8.6665,412,109.071691
12.129609,345,109.088314
9.575112,450,109.115577
10.488568,428,109.185703
7.985184,414,109.287772
7.102309,228,109.297852
7.6732583,277,109.319711
6.505579,253,109.361011
6.1642227,514,109.422648
13.7745075,445,109.457875
14.959991,406,109.480209
5.2706194,214,109.48852
8.454192,323,109.491467
6.05761,250,109.529801
6.241135,281,109.581075
9.034386,294,109.637093
5.4371223,277,109.740655
8.7512045,347,109.81841
4.416386,363,109.83716
8.556956,403,109.843341
7.8926206,356,109.873311
4.932327,248,109.878206
8.161531,345,110.47637
7.3647885,636,110.590545
7.1439457,323,110.613715
8.412481,334,110.721213
5.2706966,321,110.742908
10.895457,360,110.77182
8.737168,476,110.848212
8.031309,304,110.875857
13.255851,549,110.897166
12.437164,454,110.901186
10.411493,397,110.981932
8.987733,270,111.027355
12.205113,330,111.031413
8.166783,365,111.083388
8.176038,266,111.147157
9.124064,359,111.208944
9.981342,436,111.253016
7.114596,278,111.289004
4.9142094,293,111.360558
12.951164,413,111.374599
6.4932785,484,111.47989
8.972248,403,111.523846
16.350658,717,111.572099
8.554683,402,111.585891
7.711217,361,111.592782
8.688193,386,111.648177
8.749625,317,111.651205
3.8002598,316,111.66456
9.031881,293,111.754596
7.8274984,404,111.911638
10.013836,282,111.926991
8.677314,292,111.933033
7.2218437,404,111.95879
6.552982,310,111.964835
12.366676,521,112.091615
9.794163,398,112.136007
15.48213,628,112.186607
8.555549,318,112.212107
5.7828507,290,112.241926
11.5067215,334,112.250839
9.77161,378,112.286909
5.4210253,361,112.304528
7.968973,288,112.369596
4.5302467,185,113.024874
5.557981,299,113.035901
7.4277225,403,113.087487
8.381695,286,113.089347
8.966386,334,113.124896
8.683632,411,113.170255
7.7090955,242,113.25882
7.636563,347,113.263718
11.956345,436,113.284839
9.11862,290,113.313924
8.081076,363,113.433165
8.79064,335,113.443414
9.92927,411,113.478022
15.404776,427,113.574888
4.420171,351,113.589832
7.0814466,298,113.595195
12.846482,378,113.643297
11.146304,407,113.648994
8.4236,296,113.721272
7.4799695,383,113.800207
6.137968,267,113.833135
9.818159,298,113.890339
8.111117,320,113.906519
6.088226,282,113.929005
5.9656973,295,113.935682
11.162359,477,113.941537
8.148089,282,114.002782
8.197318,327,114.117953
7.7576776,298,114.122792
6.5547957,248,114.166801
7.2737017,299,114.184998
6.1809406,277,114.198687
3.8522837,332,114.200698
7.2466145,376,114.358175
9.809904,472,114.373277
9.142902,294,114.443487
11.059518,325,114.495474
9.807561,347,114.531864
8.846779,460,114.55734
7.0285892,382,114.564027
14.116541,590,114.673852
10.614665,392,114.743697
10.497446,420,114.754814
6.075299,356,114.782152
6.7167134,241,114.784039
8.035229,363,114.836437
6.2741666,379,114.888117
3.4843545,242,114.901899
8.465737,369,115.459719
8.949218,333,115.612718
9.424207,351,115.672723
9.355564,432,115.719788
12.750746,445,115.758092
6.929956,319,115.759817
9.365488,412,115.782959
9.460819,378,115.800421
7.2418327,468,115.908661
7.4356456,347,115.941852
8.595686,337,116.036412
7.567375,422,116.068774
6.345607,303,116.087126
7.874848,354,116.092139
11.537001,374,116.140381
10.09187,474,116.215744
8.265382,320,116.251904
8.62734,366,116.263972
6.15823,359,116.390818
8.511872,344,116.429762
8.872838,296,116.431783
6.8155203,348,116.437484
10.449416,393,116.457033
9.552103,379,116.578818
5.5431848,374,116.614571
9.115079,460,116.709303
7.6539135,293,116.710269
4.0508103,337,116.758815
8.583314,345,116.760793
10.635499,426,116.860598
9.616333,327,116.921653
8.616625,399,116.957347
9.032401,372,117.059385
13.400764,717,117.07148
8.934074,387,117.073596
10.146145,396,117.136023
12.704586,415,117.157044
7.341524,339,117.187456
9.001761,355,117.265521
7.7428308,411,117.353911
8.6847725,308,117.369191
6.80743,346,117.391414
10.053661,417,118.052964
8.428618,411,118.114177
12.382568,411,118.138323
13.839882,383,118.142502
8.014227,406,118.249266
9.834554,355,118.295731
12.077406,373,118.327906
9.447022,418,118.398101
8.602901,426,118.485078
7.2638545,379,118.518439
11.611496,405,118.519428
10.954391,357,118.597358
8.998993,521,118.64995
10.064978,389,118.703528
8.69239,352,118.733172
10.1100235,358,118.864343
7.5887866,424,118.900841
10.647295,412,118.92373
10.747603,706,118.984189
9.843531,294,118.994035
11.944374,421,119.008946
14.428211,461,119.103585
11.548049,492,119.216197
7.3436494,376,119.232877
9.826558,317,119.291061
11.518568,437,119.322432
9.000522,415,119.324283
7.199802,386,119.366289
7.523298,389,119.384971
12.744858,357,119.444417
10.619965,427,119.624176
8.735428,466,119.733628
8.476226,394,119.741449
9.723153,446,119.74853
10.150698,496,119.796201
17.032774,653,119.858588
11.056696,534,119.896044
8.216833,293,119.90649
4.8779263,589,120.579004
10.917244,371,120.683919
7.4871902,354,120.712611
11.820219,425,120.720393
13.306723,421,120.724931
10.108537,382,120.853801
7.5791316,337,120.915432
10.394411,504,120.965565
5.4387813,308,121.021323
14.512528,444,121.160653
27.25652,762,121.178932
11.245676,509,121.211893
8.241109,355,121.308051
13.378424,410,121.313585
7.6449203,389,121.399959
5.1675086,587,121.424026
10.674626,816,121.478301
9.289379,355,121.50375
12.86064,356,121.521828
10.991946,355,121.552775
8.557585,304,121.600617
8.665791,457,121.839771
7.431812,354,121.892344
10.913432,469,121.969698
8.374925,506,121.986795
12.80498,448,122.02766
8.125882,605,122.053347
10.143137,774,122.05441
16.073788,788,122.174938
5.4254246,515,122.378579
10.527075,589,122.396364
11.051878,406,122.411016
11.59025,404,122.434372
12.38832,505,122.444146
11.036429,444,122.472372
10.808999,352,122.505078
9.079942,633,123.131748
12.110438,408,123.329223
3.7184396,366,123.329282
11.192821,398,123.336015
9.217732,373,123.372698
10.466212,422,123.454904
13.7173605,718,123.602896
15.151386,699,123.65205
9.003208,423,123.725118
10.947816,670,123.764098
12.349526,502,123.815284
16.407887,592,123.896117
8.95191,547,123.899367
9.3998785,482,123.91941
7.1737633,336,123.93107
9.429846,422,124.064844
8.763317,361,124.081486
9.796192,382,124.181347
8.310944,326,124.205667
11.100589,495,124.241677
5.9859905,391,124.301196
5.8278,375,124.430746
10.444814,330,124.54404
7.7981024,364,124.551899
12.726687,665,124.557248
13.262764,480,124.561394
8.899443,364,124.613096
9.952135,533,124.842113
17.652508,956,124.860854
7.2421937,289,124.898913
10.337438,396,124.94827
10.014183,442,124.978999
9.5178795,435,124.98646
16.801147,568,124.994853
12.1629,480,125.018395
11.036595,434,125.870334
10.010673,497,125.874869
8.840049,545,125.938824
10.389798,476,125.993506
15.555594,514,126.020547
8.7352495,513,126.03684
6.4253907,353,126.271438
10.868793,551,126.396353
14.211108,876,126.407431
8.785744,410,126.410026
8.081073,406,126.423202
20.140802,994,126.443689
8.217881,619,126.455016
10.610329,567,126.531599
7.9809213,422,126.671352
7.0060935,336,126.724706
7.084758,461,126.83659
8.467827,439,126.863227
11.583679,463,126.865303
9.1048765,471,126.904851
8.218079,402,126.915916
5.4778247,381,127.036323
16.12417,723,127.093141
7.8749423,409,127.116206
9.854578,359,127.19729
7.6863422,403,127.212646
6.9564867,439,127.27353
8.417918,408,127.283254
11.6316595,457,127.337795
9.167397,426,127.429186
9.806535,392,127.455109
8.042523,368,127.456111
7.907807,412,128.144587
9.445582,460,128.177586
5.2468047,330,128.199375
8.988579,408,128.215762
9.288205,498,128.289976
11.006592,392,128.348266
8.628701,382,128.365421
9.948787,439,128.58804
9.415936,426,128.613522
13.817691,453,128.621838
11.388299,401,128.661868
11.780004,788,128.739615
5.929204,451,128.764866
5.1627316,700,128.797225
16.5081,639,128.965387
10.37762,371,129.017357
11.249939,466,129.055859
11.64087,465,129.062543
8.461778,345,129.095279
5.657469,411,129.130351
9.87631,368,129.152235
18.832182,597,129.153446
9.392938,426,129.418087
11.227049,408,129.517063
10.651534,587,129.602975
16.56299,543,129.603992
9.616327,487,129.60584
7.863825,584,129.607631
11.170191,533,129.645679
6.990013,350,129.84016
16.3071,984,129.886907
8.367449,346,129.928278
9.281966,366,129.944134
8.834966,420,130.001449
10.151075,506,130.669671
11.899884,833,130.74046
14.211688,696,130.803135
10.8168745,455,130.81647
11.550552,402,130.871125
12.922746,561,131.003138
14.332397,694,131.084279
10.108084,392,131.106496
12.651025,657,131.161212
5.6254897,336,131.182605
17.422602,593,131.220483
11.02304,501,131.281497
8.914045,367,131.455629
12.574056,503,131.478263
8.586472,501,131.562692
8.470831,422,131.627703
13.757531,522,131.681398
14.020138,1046,131.793267
13.424765,589,131.846777
10.155031,406,131.867704
13.573618,461,131.897428
14.750066,908,132.035459
9.571443,394,132.064727
7.7799673,544,132.089236
13.892256,522,132.135402
8.860972,422,132.204485
7.1435385,405,132.293946
6.483833,458,132.313569
18.026936,626,132.458734
3.5616424,385,132.506786
15.690628,488,132.537061
13.4579315,729,133.333231
6.3329024,394,133.42724
3.4065416,373,133.438031
15.006745,635,133.446562
17.703974,915,133.459796
13.490637,959,133.663414
12.479092,916,133.728129
4.8968983,403,133.828905
10.103783,427,133.842544
4.9707274,401,134.048843
14.4913435,689,134.111034
30.072248,1201,134.140923
4.47265,394,134.196408
12.06752,538,134.23613
4.136015,914,134.283589
6.7440386,542,134.344428
16.190405,1085,134.350901
2.8930619,365,134.445727
14.31549,473,134.480775
11.758184,529,134.626723
9.000412,401,134.653509
10.269428,496,134.693329
15.163642,591,134.7416
9.00654,470,134.779648
9.892592,442,134.852824
4.916898,381,135.547289
11.339293,439,135.642379
3.5622585,394,135.649104
10.996538,538,135.668995
28.036245,883,135.711864
8.433622,405,135.772669
8.982414,940,135.897202
20.489655,759,136.03439
10.743358,474,136.08868
8.831739,415,136.10203
8.65209,605,136.233147
13.070582,738,136.238032
17.20964,528,136.266205
8.441122,457,136.52042
13.202748,691,136.547051
6.92142,955,136.547095
9.349278,568,136.63107
4.846841,420,136.632077
9.933371,548,136.743515
16.249622,810,136.782224
16.55969,869,137.081265
9.791291,551,137.14659
12.434918,443,137.160682
7.3722334,422,137.178681
24.034418,780,137.266223
14.169233,837,137.407431
25.88188,942,137.416536
10.065758,993,137.43494
7.082051,496,138.090366
10.52806,672,138.335716
14.519263,744,138.389819
16.694849,580,138.529593
7.7674546,478,138.536574
17.803926,884,138.55498
14.376964,705,138.630195
20.515547,924,138.682485
17.192148,897,138.803227
7.4002724,465,139.002618
14.28577,572,139.079956
15.647851,885,139.228665
14.722732,953,139.23923
16.557497,743,139.243376
4.8570833,471,139.250889
15.062967,701,139.297801
10.84715,691,139.341362
16.68116,554,139.601416
8.226953,412,139.618768
12.65166,864,139.814362
13.7140255,608,139.82505
8.703724,629,139.927657
13.002612,888,140.727116
15.348753,599,140.845167
14.475363,963,140.869368
19.5919,1090,140.944382
12.774688,540,141.228026
15.195461,717,141.324653
21.281847,811,141.562785
10.803935,518,141.721089
24.715368,1201,141.768645
9.06417,334,141.800359
17.080269,1022,142.133791
10.650178,507,142.162611
9.558075,439,142.201381
10.242569,708,142.252353
13.479645,1087,142.3157
35.481457,1201,142.604396
10.983498,794,142.72433
10.117701,553,142.786974
14.223038,922,142.828756
13.275635,562,142.866874
11.324186,466,143.094055
16.585575,927,143.767593
13.617623,505,143.812917
10.684418,532,143.903261
16.210861,1011,143.949881
14.215289,1170,144.166051
22.728767,755,144.16903
14.044384,647,144.308562
12.312742,555,144.508937
18.792736,812,144.596999
28.092232,1201,144.659993
8.891365,954,144.78628
5.965417,297,144.826057
10.5112915,500,144.838168
18.316254,972,144.90266
18.694351,1110,145.352733
10.678325,539,145.39452
30.88232,1201,145.455632
12.109715,562,145.455688
18.144768,1019,145.710822
3.2656193,424,145.842502
12.111361,524,146.453674
27.043762,1201,146.504226
19.662718,1068,146.534883
21.241486,1039,146.562766
16.806808,601,146.614877
14.67605,536,146.963919
14.680053,555,147.031348
25.019688,1080,147.068136
16.97323,642,147.144106
9.585564,676,147.208993
18.881716,991,147.216587
6.902148,502,147.54252
25.31453,1201,147.566455
16.303299,615,147.578092
15.783967,653,147.722137
14.480003,582,147.729783
23.91443,1201,147.788758
5.0461946,310,147.83473
19.137413,642,147.853057
9.741002,663,147.866002
12.567696,523,148.075047
15.453265,549,148.305937
15.429585,623,148.318107
7.7674737,536,148.340138
17.360744,767,148.992467
11.459015,653,149.015486
9.929453,537,149.128693
18.8589,1147,149.209921
24.398424,876,149.252896
10.152765,618,149.464176
11.790653,538,149.515849
5.5363913,502,149.614464
15.751708,771,149.62916
15.918627,651,149.643944
10.053986,589,149.767506
13.191992,1027,149.843595
14.295114,623,149.849941
13.932971,583,150.036187
13.23177,602,150.274297
7.040168,414,150.324303
4.6557093,463,150.386185
23.113926,890,150.603306
20.1673,747,150.605592
8.680384,500,150.619877
18.077543,1086,150.678756
23.702538,1124,150.86258
7.698988,547,150.953044
16.553268,705,151.005268
18.314486,1139,152.034879
13.970694,763,152.304484
31.984211,1201,152.409755
40.6869,1201,152.412166
15.885318,963,152.422953
25.990755,1201,152.427652
22.244816,1201,152.500545
28.863081,1201,152.850939
13.044936,655,153.099145
17.700457,834,153.185869
22.429348,1193,153.388265
17.253984,871,153.487715
13.125731,669,153.624486
21.75674,1131,153.689994
31.479095,1201,153.799299
37.303932,1201,153.805132
17.100054,693,154.619377
17.821684,830,154.976238
16.594543,634,155.043968
22.965912,1201,155.054674
19.2156,704,155.113001
26.787498,1201,155.269923
19.906313,1006,155.342786
24.67947,1201,155.484061
22.283693,755,155.815241
38.446335,1201,155.846918
18.741943,726,155.858543
24.352047,878,155.943649
16.947943,977,155.963317
21.782446,932,156.341428
25.95415,868,156.408336
24.20218,1126,156.613348
15.372349,635,156.759058
20.219347,819,157.504183
12.475768,920,157.642569
15.472527,615,157.972905
20.608725,843,157.987672
24.051846,1180,157.991767
15.867444,1201,158.02867
27.32555,1117,158.394069
37.90815,1201,158.41686
45.213097,1201,158.694998
12.398355,752,158.721461
35.656467,1201,158.82431
23.827965,885,158.867091
35.203747,1201,159.179778
30.389849,1201,159.220532
7.095434,386,159.25173
29.719439,1011,159.414154
31.01345,1201,160.12702
15.900236,704,160.415963
35.268703,1201,160.4219
32.013542,1201,160.448254
27.294498,1103,160.456835
24.898596,1201,160.955768
30.206818,1201,160.986354
22.576347,1053,161.001655
24.748802,771,161.197535
24.583603,813,161.272824
21.789083,842,161.292027
31.751339,1201,161.319077
21.81266,907,161.323042
14.843257,497,161.478049
19.46648,663,161.930713
14.714625,724,162.562352
23.132381,1105,162.575734
28.71521,1087,162.605984
25.553638,1154,162.859086
24.587717,1175,162.95567
23.91021,1201,163.027075
19.272987,623,163.171472
40.381454,1201,163.185894
33.930996,976,163.565303
41.50089,1201,163.650773
21.16457,712,163.653757
34.98026,1201,163.75194
13.971383,860,164.023327
24.84215,1201,164.026238
21.126741,1135,164.131483
30.293821,1201,164.351961
18.713379,741,164.480587
36.024677,1201,165.287061
34.255066,1125,165.299783
40.46359,1201,165.375983
15.073885,706,165.378074
20.109823,1075,165.629803
17.13752,643,165.653718
36.713223,1201,165.753637
27.806952,1080,165.964956
20.464205,796,166.089416
21.046604,787,166.158225
21.616564,954,166.228472
34.93972,1201,166.55737
20.71662,826,166.571506
28.337748,977,166.616986
28.324545,1027,166.640995
23.89853,924,166.863831
32.81968,1033,167.70713
33.740337,1201,167.800625
26.989758,1201,167.944278
21.247889,1111,168.270867
28.704031,1201,168.274171
30.395086,1201,168.289148
35.349567,1201,168.33434
30.240593,1201,168.588544
17.171444,593,168.8749
18.575426,959,168.886431
24.294235,1201,168.887605
11.476717,611,168.941174
24.197004,1201,168.983478
18.428465,1201,169.448288
27.362938,1201,169.451312
14.95706,687,169.542774
24.62594,1025,169.586119
18.806906,937,170.342869
13.714274,1065,170.564383
24.911892,1201,170.602874
22.637634,1201,170.653074
19.221876,782,170.847137
6.266331,322,170.961005
15.120904,1002,170.964885
21.557909,1032,171.144946
25.493341,1201,171.174797
19.862703,971,171.51012
31.093138,1201,171.514989
19.01374,997,171.573111
20.464642,1064,171.887046
26.85941,1201,172.133595
40.193645,1201,172.137626
25.05267,1201,172.849749
31.688503,1201,172.879395
26.35176,1201,173.214361
24.61932,1201,173.219311
34.266956,1201,173.277365
40.075264,1201,173.590436
19.88846,1201,173.856945
38.16003,1201,173.860941
29.831903,1146,174.001967
31.143793,1201,174.026433
27.5325,1201,174.398331
26.052448,1201,174.403472
32.765274,1201,174.461971
16.28071,775,174.638898
4.874812,272,174.72743
21.91835,1201,175.423428
36.0545,1201,175.680806
32.431557,1196,175.819731
37.623535,1201,175.852058
3.074797,247,176.148269
22.510336,1201,176.300216
29.613873,1201,176.366014
37.112293,1201,176.52215
42.316563,1201,176.602645
42.085995,1201,176.761159
3.2180912,251,177.031935
38.570305,1201,177.043559
28.527649,1201,177.231687
40.106224,1201,177.646539
21.434309,1201,178.524082
33.0782,1201,178.596785
31.595535,1022,178.631508
39.679726,1201,178.760358
38.434643,1201,179.212355
17.391356,1201,179.221853
36.25455,1201,179.370687
38.14289,1201,179.642047
26.309118,1201,179.773859
23.566046,987,179.777856
20.912159,1201,179.836486
25.780825,1201,179.867541
31.819769,1201,180.394906
19.513712,1201,180.403689
23.903284,1201,180.542575
37.90322,1201,181.363281
23.348642,1077,181.439278
15.986375,1201,181.495574
36.81397,1201,181.499564
39.245274,1201,181.590242
29.712318,1057,181.976403
39.739536,1201,182.179657
39.70075,1201,182.345555
36.129288,1201,182.626918
20.342531,1075,182.638156
31.603619,1201,182.70093
25.47986,1158,182.715803
38.956734,1201,182.849409
33.52963,1201,183.873527
14.590543,928,183.896491
17.972475,1201,184.050815
18.391758,780,184.149539
21.632437,874,184.233131
20.037432,1201,184.523663
37.947136,1201,184.54002
38.270233,1201,184.840723
29.40533,1201,185.301055
22.994091,1201,185.324748
27.499865,1201,185.454754
35.570988,1201,185.540778
24.768179,1201,185.619554
15.446091,761,185.666285
24.082054,1092,185.813925
28.189154,1201,185.916208
11.442176,1157,187.154664
25.824743,1201,187.217757
36.510414,1201,187.349937
36.31024,1201,187.43661
24.587597,1128,187.483453
28.656363,1201,187.515909
36.888607,1201,187.674989
38.81838,1201,187.771742
23.975706,1005,188.154672
32.539146,1201,188.41209
37.610657,1201,188.538606
35.763016,1201,188.623502
34.460842,1201,188.670196
36.731754,1201,188.698829
33.417343,1201,188.882954
36.705803,1201,189.757144
36.991287,1201,190.214659
29.306828,1063,190.38102
34.989758,1201,190.734649
29.550148,1201,190.831127
37.482586,1201,190.88261
30.680439,1201,190.912364
23.24713,1201,191.070822
21.96895,1201,191.165609
18.161524,1028,191.378435
35.806423,1201,191.671538
30.38513,1201,192.484982
34.05754,1201,192.572225
33.819973,1201,192.62397
38.16495,1201,192.652775
37.271095,1201,192.802503
30.972553,1201,192.896336
32.990658,1201,193.105439
24.334177,1201,193.427975
18.186579,964,193.473017
36.82091,1201,193.870334
25.687027,1201,193.932498
30.927607,1201,193.972207
35.698273,1201,194.178667
29.45949,1201,194.284969
35.819622,1201,194.498586
36.08969,1201,195.464872
32.1806,1201,195.500323
36.416557,1201,195.834148
34.964138,1201,195.885193
27.987434,1201,195.922693
36.028233,1201,196.077422
36.769825,1201,196.179182
36.348907,1201,196.396592
34.622036,1201,196.685999
36.450485,1201,196.718066
19.097055,850,196.773742
34.032547,1201,197.0957
36.03102,1201,197.163332
34.066875,1201,197.374236
36.0465,1201,197.480921
36.842663,1201,198.247286
16.962597,779,198.508344
36.70297,1201,198.570204
36.15939,1201,198.600895
32.206898,1201,198.653608
15.441698,686,198.737561
31.627256,1201,198.977972
34.85982,1201,199.164634
34.081223,1201,199.517544
28.621786,998,199.711387
34.327282,1201,199.76603
36.151108,1201,199.828631
29.68661,1201,199.860181
36.149082,1201,200.002676
35.57198,1201,200.814788
36.05034,1201,201.000524
35.7729,1201,201.313591
35.757378,1201,201.501463
31.705908,1201,201.573144
35.805832,1201,201.647707
29.124283,1201,201.681499
34.288403,1201,201.835926
34.752068,1201,202.071681
29.122288,1201,202.270783
36.18262,1201,202.583439
3.8703675,403,202.674727
35.661396,1201,202.772271
31.963615,1112,202.800714
35.125664,1201,202.82452
35.85211,1201,203.493906
31.52565,1201,203.637136
25.512985,1201,203.876183
28.303673,1108,204.396367
33.781498,1201,204.400354
27.989529,1201,204.605604
33.950577,1201,204.633285
27.318953,1201,204.659125
35.029987,1201,204.761937
31.002924,1201,204.931325
19.026178,1201,205.191616
29.562792,1052,205.552985
32.668884,1201,206.288561
13.942491,1043,206.353221
36.221146,1201,206.527484
32.162357,1201,206.586936
21.36788,799,206.663827
34.37282,1201,206.693551
33.159252,1201,206.86339
34.686966,1201,207.558289
24.51241,939,207.635934
20.887875,942,207.697464
35.803154,1201,207.739361
35.946705,1201,207.790146
34.405025,1201,208.094682
34.18811,1192,208.115814
32.80963,1201,208.28268
34.505886,1201,209.459355
34.36331,1201,209.533213
23.659397,1132,209.547396
31.901138,1201,209.592883
35.04169,1201,209.67238
34.172714,1201,209.932375
31.10891,1201,209.951997
34.029255,1201,210.108432
34.640636,1201,210.908961
34.071617,1201,210.98334
34.20233,1201,210.996104
33.21685,1201,211.036793
34.395264,1201,211.181595
34.700863,1201,211.634087
34.208984,1201,211.661248
29.586277,1201,212.614497
20.860487,1130,213.137988
33.069214,1201,213.280071
33.71345,1201,213.293843
33.926716,1201,213.339717
33.90543,1201,213.419526
33.53305,1201,213.66572
34.192013,1201,213.683132
33.559868,1201,213.830487
15.136755,970,214.368497
33.81606,1201,214.407449
33.97733,1201,214.570736
33.719807,1201,214.585689
26.748575,1201,214.719786
34.279766,1201,215.592163
28.56253,1201,215.611419
31.989592,1201,215.791401
33.93268,1201,216.346579
33.15402,1201,216.389553
32.302605,1201,216.550773
34.252426,1201,216.566111
12.154123,1201,216.706494
33.741894,1201,216.999915
33.878197,1201,217.01878
32.42883,1201,217.185238
33.33097,1201,217.673131
33.771313,1201,218.259901
33.0923,1201,218.403662
27.684956,1201,218.417361
33.17882,1201,218.53496
33.471462,1201,218.783068
32.976196,1201,218.800482
14.6039505,1201,218.946704
33.31576,1201,219.419663
23.787907,1201,219.452352
33.238102,1201,219.588365
32.817406,1201,219.601284
33.243103,1201,219.717514
29.129814,1201,219.965443
32.61263,1201,219.982705
33.595203,1201,220.12661
33.397583,1201,221.134421
33.179554,1201,221.172566
32.20454,1201,221.310573
32.5119,1201,221.323246
30.254246,1201,221.438781
32.8872,1201,221.692073
32.404633,1201,221.713235
33.240623,1201,221.85862
32.332035,1201,222.324736
31.634462,1201,222.361177
33.112213,1201,222.501956
32.206104,1201,222.514714
33.13497,1201,222.631717
28.636435,1201,223.430021
32.60021,1201,223.449666
27.711306,1201,223.598491
32.3758,1201,224.192528
29.147043,1201,224.244763
17.778164,1201,224.440043
32.663784,1201,224.454803
33.321075,1201,224.57348
31.816248,1201,224.835605
32.78494,1201,224.853673
32.658375,1201,225.001315
32.78947,1201,225.805264
32.44098,1201,225.878816
32.109077,1201,227.380372
32.168186,1201,227.408575
32.092262,1201,227.663493
32.580524,1201,228.150936
31.898737,1201,228.184156
32.079094,1201,228.429576
27.405508,1201,229.73178
32.08093,1201,229.77282
32.601597,1201,229.938085
32.07229,1201,229.952442
32.431175,1201,230.100335
30.845089,1201,230.402364
31.785154,1201,230.423052
32.04392,1201,230.595512
31.187365,1201,231.704526
29.476423,1201,231.737933
31.743921,1201,231.875522
31.458567,1201,231.888407
31.313404,1201,232.005011
32.60629,1201,232.360028
31.650856,1201,232.379022
32.502125,1201,232.539098
31.249077,1201,233.04555
31.973202,1201,233.083652
31.356613,1201,233.235444
31.97591,1201,233.249387
32.011494,1201,233.370748
29.82096,1201,233.624828
27.923506,1201,233.642271
31.52316,1201,234.372535
32.209396,1201,234.880815
31.827524,1201,234.914913
30.864576,1201,235.066484
31.596006,1201,235.081025
31.684841,1201,235.207191
30.85164,1201,235.469104
26.9496,1201,235.487222
30.951412,1201,235.633994
31.231627,1201,236.195382
31.735178,1201,236.230492
30.805593,1201,236.378436
31.4782,1201,236.391288
30.711828,1201,237.13066
30.234947,1201,237.399541
29.566486,1201,237.417049
28.39773,1201,237.562036
31.311724,1201,238.168352
28.883335,1201,238.207067
31.7167,1201,238.368698
29.68761,1201,238.38157
30.8807,1201,238.512041
24.98666,1201,238.775655
31.492517,1201,238.798071
31.076109,1201,238.951282
31.474863,1201,239.971221
29.98635,1201,240.006693
31.425037,1201,240.147718
30.64358,1201,240.16099
30.891037,1201,240.28456
31.426876,1201,240.547146
30.958147,1201,240.566098
30.777765,1201,240.716291
29.77322,1201,241.20487
31.159678,1201,241.238417
30.959991,1201,241.384618
30.272272,1201,241.397492
30.703955,1201,241.514559
29.943182,1201,241.77503
30.591396,1201,241.792579
30.167341,1201,241.946294
29.823002,1201,243.031249
30.891424,1201,243.064673
31.111752,1201,243.202239
22.73899,1201,243.215171
24.793673,1201,243.330529
29.055511,1201,243.594011
30.6068,1201,243.612142
31.144783,1201,243.759195
30.608717,1201,244.241923
30.0182,1201,244.275237
31.279688,1201,244.414301
25.913488,1201,244.429295
29.786064,1201,244.552335
31.203669,1201,245.352321
30.720427,1201,245.369793
14.321432,1201,245.518942
30.251083,1201,245.976481
30.119755,1201,246.009305
30.099405,1201,246.158977
30.410479,1201,246.172001
30.464983,1201,246.289146
24.792532,1201,246.545399
29.560364,1201,246.562919
28.511518,1201,246.709221
25.813608,1201,247.177412
30.720646,1201,247.211256
30.448538,1201,247.893869
31.137644,1201,247.907127
25.372528,1201,248.032603
30.33393,1201,248.279908
30.703154,1201,248.297292
26.385666,1201,248.44454
30.8371,1201,248.962229
30.1949,1201,248.9983
29.301191,1201,249.139313
30.458042,1201,249.152017
30.374786,1201,249.271201
30.48551,1201,249.529249
30.827248,1201,249.54743
29.943872,1201,249.693183
30.50586,1201,250.70829
28.968094,1201,250.741644
30.555763,1201,250.881167
28.822945,1201,250.894377
30.751389,1201,251.018062
29.835451,1201,251.268854
30.411083,1201,251.288502
30.368738,1201,251.437682
30.349749,1201,251.920567
30.952396,1201,251.953294
29.785204,1201,252.093557
27.539616,1201,252.106868
30.43433,1201,252.223625
30.461105,1201,252.467233
29.519335,1201,253.031267
30.636593,1201,253.178945
29.733183,1201,253.651313
29.929197,1201,253.685486
30.611559,1201,253.824154
30.403738,1201,253.837095
30.51476,1201,253.972019
29.236752,1201,254.234396
30.399412,1201,254.252397
29.911438,1201,254.39592
30.320972,1201,254.858177
24.56842,1201,254.892991
29.851555,1201,255.03376
29.92212,1201,255.046451
30.13565,1201,255.721097
29.399813,1201,255.970089
30.208387,1201,255.987626
29.728855,1201,256.132751
28.718134,1201,256.608331
30.17923,1201,256.642889
27.306627,1201,256.780782
21.926327,1201,256.793719
30.118902,1201,256.911289
30.199835,1201,257.172106
29.422771,1201,257.189804
15.722682,1201,257.335102
29.68304,1201,258.345946
30.086443,1201,258.379802
30.050583,1201,258.514662
18.595638,1201,258.527636
27.947788,1201,258.646602
28.932465,1201,258.893816
30.260675,1201,258.911204
30.179762,1201,259.060313
29.512318,1201,259.528007
26.53664,1201,259.560692
29.473036,1201,259.69859
28.363201,1201,259.7116
29.214289,1201,259.827812
29.330143,1201,260.072474
29.737709,1201,260.103989
29.160093,1201,260.801324
26.271297,1201,261.270211
29.094492,1201,261.303357
29.289146,1201,261.440388
17.195658,1201,261.453001
23.349531,1201,261.571721
27.648317,1201,261.843655
28.958794,1201,261.861008
22.314724,1201,262.011631
27.887148,1201,262.499954
29.287817,1201,262.533402
28.842445,1201,262.672256
29.723154,1201,262.685122
28.75189,1201,262.804085
29.403421,1201,263.606847
29.146294,1201,263.624317
29.159111,1201,263.768847
29.970625,1201,264.242351
29.562614,1201,264.278251
29.669485,1201,264.421812
29.366564,1201,264.434499
20.379162,1201,264.550286
27.527042,1201,264.808414
29.174164,1201,264.82662
29.728298,1201,264.972293
30.15978,1201,265.982227
25.450018,1201,266.018426
28.38072,1201,266.158309
28.160484,1201,266.171336
29.46389,1201,266.294105
29.965082,1201,266.53931
29.188778,1201,266.556912
29.27635,1201,266.717308
28.554249,1201,267.200647
27.808247,1201,267.233749
30.229607,1201,267.373589
28.94985,1201,267.386449
29.29806,1201,267.506307
30.441687,1201,267.750483
28.555075,1201,267.767936
28.92847,1201,267.920788
28.736076,1201,269.012938
28.63486,1201,269.052569
29.072779,1201,269.212308
29.509188,1201,269.226806
29.458874,1201,269.355202
26.30088,1201,269.652486
29.567528,1201,269.67053
29.567024,1201,269.820443
28.48372,1201,270.283212
23.148111,1201,270.316416
28.559814,1201,270.464763
28.350243,1201,270.477973
29.593714,1201,270.594685
29.480003,1201,271.418337
28.770426,1201,271.436796
28.259695,1201,271.582125
29.351963,1201,272.040669
28.858616,1201,272.07406
29.528984,1201,272.222664
29.556215,1201,272.236486
29.47588,1201,272.357983
29.364454,1201,272.610978
29.414265,1201,272.62852
28.87791,1201,272.773968
29.440416,1201,273.234345
28.729343,1201,273.267199
29.515514,1201,273.958008
28.165215,1201,273.971865
29.11198,1201,274.090855
27.895008,1201,274.350442
29.083567,1201,274.369199
29.373043,1201,274.528361
28.587503,1201,275.13421
29.226732,1201,275.168216
28.50664,1201,275.307172
28.126734,1201,275.319888
27.99038,1201,275.443751
29.310356,1201,275.692004
28.812073,1201,275.70939
29.00382,1201,275.853049
28.985262,1201,276.864261
29.13203,1201,276.901543
29.327393,1201,277.083274
28.98581,1201,277.097917
29.313871,1201,277.21769
29.346142,1201,277.467217
27.10571,1201,277.485956
28.385427,1201,277.640429
28.281456,1201,278.122396
29.033878,1201,278.155322
28.609316,1201,278.424614
29.22981,1201,278.445127
29.110113,1201,278.593465
28.183266,1201,278.930996
27.654772,1201,278.951328
28.8074,1201,279.749933
27.856625,1201,280.235955
29.11843,1201,280.272538
29.45122,1201,280.548108
29.274977,1201,280.565668
28.58595,1201,280.702608
24.593422,1201,281.000368
29.439037,1201,281.041202
29.288197,1201,281.218054
28.6652,1201,281.738145
29.255783,1201,281.771196
28.368206,1201,281.909394
28.632513,1201,281.923243
28.617395,1201,282.594177
28.928831,1201,282.844144
28.514948,1201,282.862459
29.551477,1201,283.008507
27.050173,1201,283.496049
29.138805,1201,283.529168
25.057333,1201,283.675338
27.478405,1201,283.688414
28.17137,1201,283.810474
28.310753,1201,284.071972
28.112497,1201,284.089507
29.035688,1201,284.233883
29.106634,1201,285.24156
27.939665,1201,285.274944
18.08251,1201,285.412417
27.536861,1201,285.425508
29.333872,1201,285.54217
24.620445,1201,285.809643
28.9545,1201,285.831893
29.217514,1201,285.993239
13.624838,901,286.376953
27.892344,1201,286.499572
21.738993,1201,286.534663
28.675522,1201,286.689278
27.767603,1201,286.840588
28.97807,1201,287.20097
29.094786,1201,287.219576
27.868547,1201,287.380997
28.675655,1201,288.332044
26.938232,1201,288.454523
28.388355,1201,288.487892
28.170746,1201,288.638433
27.894655,1201,288.757177
28.404997,1201,289.013759
28.706387,1201,289.031574
27.803003,1201,289.175702
28.750973,1201,289.521272
28.687693,1201,289.64262
27.67967,1201,289.675564
21.710138,1201,289.832903
28.25882,1201,289.948612
28.153782,1201,290.759848
27.585087,1201,290.777325
27.705372,1201,290.927288
28.143286,1201,291.267946
27.881407,1201,291.389253
28.765087,1201,291.423934
29.07225,1201,291.590726
28.32449,1201,291.705651
26.806181,1201,291.956015
28.545303,1201,291.973359
23.349518,1201,292.117761
28.813742,1201,292.460376
27.744219,1201,292.582397
28.786713,1201,292.61498
28.179832,1201,293.312856
27.555782,1201,293.427911
28.54178,1201,293.675186
26.694212,1201,293.692795
28.211515,1201,293.837184
28.8811,1201,294.192461
28.458696,1201,294.31431
28.099644,1201,294.347767
28.60586,1201,294.496169
28.797201,1201,294.613984
27.858826,1201,294.861471
28.006268,1201,294.878933
28.658718,1201,295.026967
28.299305,1201,295.908456
28.150427,1201,296.034539
27.734268,1201,296.068255
28.704044,1201,296.264058
27.803621,1201,296.389969
28.320093,1201,296.651806
27.679546,1201,296.670792
28.722025,1201,296.816638
28.695581,1201,297.158012
28.612291,1201,297.279991
28.907911,1201,297.31281
28.091047,1201,297.462702
28.435474,1201,297.579801
28.24623,1201,298.439543
28.43745,1201,298.457621
28.512571,1201,298.615346
27.862885,1201,299.00087
28.475742,1201,299.144716
28.543344,1201,299.182805
28.198185,1201,299.369067
27.442888,1201,299.525591
28.49949,1201,299.797777
28.464558,1201,299.817489
28.07423,1201,299.976402
27.881382,1201,300.343561
28.578154,1201,300.482853
28.36698,1201,300.594244
28.203135,1201,300.913426
28.171513,1201,301.710551
29.073261,1201,301.976233
25.983082,1201,301.995916
28.971455,1201,302.156427
28.988937,1201,302.523955
28.574142,1201,302.647986
27.356663,1201,302.681385
25.961794,1201,302.851199
27.594585,1201,302.975114
27.105206,1201,303.359425
26.16604,1201,303.379239
26.443562,1201,303.53762
26.817999,1201,304.445364
24.814238,1201,304.589555
28.501713,1201,304.624547
27.783104,1201,304.79307
28.024622,1201,304.92792
28.181316,1201,305.18947
27.943693,1201,305.207795
27.937433,1201,305.367592
26.73779,1201,305.7397
28.136091,1201,305.862122
25.421747,1201,305.896603
23.513044,1201,306.056275
27.139336,1201,306.182318
28.346455,1201,306.442639
25.143387,1201,306.460071
28.735092,1201,307.200932
28.584112,1201,307.565579
28.560434,1201,307.694052
28.548738,1201,307.73059
23.099703,1201,307.89719
26.708227,1201,308.033612
27.810493,1201,308.435671
28.84903,1201,308.4607
28.424534,1201,308.678902
29.02483,1201,309.212109
27.483522,1201,309.377352
27.793644,1201,309.410789
28.353117,1201,309.567906
28.379194,1201,309.723428
27.899786,1201,310.54623
27.505693,1201,310.563848
22.81708,1201,310.714581
27.656994,1201,311.092202
28.406744,1201,311.268094
28.40259,1201,311.311273
27.969097,1201,311.496507
28.90747,1201,311.632802
28.114351,1201,311.899079
28.307266,1201,311.923017
28.57267,1201,312.091925
27.819618,1201,312.476931
28.071629,1201,313.221319
28.273941,1201,313.257105
27.133322,1201,313.431
27.397694,1201,313.55495
27.594456,1201,313.817749
28.618738,1201,313.836344
27.492079,1201,313.995947
27.66753,1201,314.350398
27.427748,1201,314.472856
28.109577,1201,314.506096
29.002295,1201,314.655228
27.638226,1201,314.773274
27.788254,1201,315.022495
24.943504,1201,315.039894
27.575193,1201,315.183818
28.094625,1201,316.130291
27.88698,1201,316.27141
28.644447,1201,316.30843
28.024212,1201,316.46024
27.312317,1201,316.578281
25.74669,1201,316.849215
27.32118,1201,316.867176
28.43702,1201,317.013881
26.736956,1201,317.361817
27.667809,1201,317.532009
28.208445,1201,317.572072
27.726929,1201,317.739328
26.618477,1201,317.909459
28.424507,1201,318.816906
27.535917,1201,318.840367
28.292118,1201,319.022606
28.44213,1201,319.424242
28.186707,1201,319.631389
28.690609,1201,319.670921
27.77657,1201,319.831643
27.175312,1201,319.988468
28.040262,1201,320.291994
28.414099,1201,320.312761
28.239584,1201,320.475762
27.709442,1201,320.854903
27.51809,1201,320.987159
26.953362,1201,321.022885
28.610195,1201,321.800578
27.139807,1201,321.942845
27.406113,1201,322.301587
27.470194,1201,322.32223
28.309372,1201,322.505402
23.164333,1201,322.874753
27.823824,1201,322.999529
27.536348,1201,323.033042
28.233686,1201,323.193061
24.570478,1201,323.315669
27.752798,1201,323.705126
27.53494,1201,323.728204
27.909143,1201,323.902717
27.424385,1201,324.833915
27.596855,1201,325.033422
28.1997,1201,325.072206
28.335186,1201,325.224978
27.709206,1201,325.341883
21.404102,1201,325.640211
26.869043,1201,325.658332
28.312622,1201,325.81285
28.314154,1201,326.181267
28.075674,1201,326.303382
27.601927,1201,326.345986
26.852766,1201,326.525832
28.24824,1201,326.64941
28.386816,1201,326.910829
28.227774,1201,326.928379
28.535583,1201,327.644493
28.091095,1201,328.033677
27.149979,1201,328.174665
28.029587,1201,328.217459
27.064735,1201,328.394003
28.202595,1201,328.517967
28.326248,1201,328.785411
27.835545,1201,328.805462
20.314924,1201,328.966435
28.177135,1201,329.412522
28.30412,1201,329.599236
27.746605,1201,329.646748
27.779398,1201,329.856005
27.504568,1201,330.594501
27.898615,1201,330.859716
28.708149,1201,330.878137
26.286102,1201,331.027274
28.044247,1201,331.385691
27.359182,1201,331.525265
26.910759,1201,331.564123
28.039253,1201,331.718668
28.286737,1201,331.849033
26.724897,1201,332.122705
27.495378,1201,332.141055
20.207253,1201,332.32091
28.028854,1201,332.729638
27.65435,1201,333.45533
26.93784,1201,333.522226
27.988375,1201,333.730428
26.800734,1201,333.899699
28.26125,1201,334.248104
27.620548,1201,334.271919
27.947594,1201,334.481817
27.968304,1201,335.114844
27.430698,1201,335.333267
27.545841,1201,335.38506
28.026217,1201,335.608107
27.683844,1201,335.786893
27.71437,1201,336.123545
26.710457,1201,336.145348
28.032478,1201,336.363187
27.580458,1201,337.482573
28.091858,1201,337.657856
27.343634,1201,337.705666
27.931135,1201,337.921963
27.271284,1201,338.088213
27.140814,1201,338.469292
28.219776,1201,338.494776
28.194088,1201,338.720357
28.270676,1201,339.203018
27.627148,1201,339.352608
28.452354,1201,339.393124
27.63909,1201,339.671202
26.632177,1201,339.882504
27.770082,1201,341.106671
28.14875,1201,341.131208
27.858725,1201,341.311719
26.802286,1201,341.824399
27.518023,1201,342.001593
27.53074,1201,342.046461
26.88699,1201,342.248825
27.424252,1201,342.410426
27.902412,1201,342.764112
28.113544,1201,342.787191
27.435888,1201,343.018814
28.296577,1201,343.388957
28.095531,1201,343.539008
28.19777,1201,343.584929
28.091171,1201,344.308153
27.792007,1201,344.423246
28.226269,1201,344.680215
27.492933,1201,344.698217
27.221773,1201,344.88175
27.796444,1201,345.353491
27.536861,1201,345.488267
27.823555,1201,345.523569
26.322319,1201,345.688711
27.740332,1201,345.85214
27.166203,1201,346.154487
28.092785,1201,346.173199
27.89356,1201,346.32702
27.290602,1201,347.296435
27.290173,1201,347.426541
28.098667,1201,347.465275
27.866198,1201,347.630803
27.753357,1201,347.768221
28.003996,1201,348.086753
27.040462,1201,348.105478
26.802114,1201,348.263912
26.99527,1201,348.649276
27.015596,1201,348.788288
28.047052,1201,348.826832
27.050903,1201,349.003364
27.811274,1201,349.129824
23.528885,1201,349.988214
27.794926,1201,350.009667
26.978933,1201,350.173424
27.42267,1201,350.545237
26.892635,1201,350.677029
27.421402,1201,350.711579
27.159159,1201,350.885802
27.85918,1201,351.013583
28.309359,1201,351.286053
27.774292,1201,351.303687
26.618847,1201,351.460059
28.105349,1201,351.827764
27.647322,1201,351.966131
27.954073,1201,352.003397
26.885021,1201,352.723036
27.866285,1201,352.849767
27.775925,1201,353.121985
26.897158,1201,353.141056
27.51727,1201,353.312587
28.099691,1201,353.884076
27.979973,1201,354.162111
27.011051,1201,354.2255
27.80617,1201,354.44434
27.789452,1201,354.624024
27.538534,1201,355.088558
27.649694,1201,355.120231
27.80528,1201,355.310881
27.332241,1201,356.365177
22.332638,1189,356.495607
27.85024,1201,356.544291
27.170994,1201,356.705541
27.735426,1201,356.838228
21.82981,1014,356.906691
27.168037,1201,357.126161
26.830082,1201,357.282686
12.87488,839,357.384791
27.188887,1201,357.705422
27.75616,1201,357.971869
26.864042,1201,358.247429
27.110552,1201,358.45762
27.732056,1201,358.578285
27.47985,1201,358.94106
26.372803,1201,359.796367
27.457312,1201,359.927278
27.769007,1201,360.215036
26.647713,1201,360.386853
27.671305,1201,360.552918
28.125217,1201,360.675774
27.217386,1201,360.741913
26.379318,1201,360.979083
27.046873,1201,361.141197
27.365648,1201,361.257837
27.835482,1201,361.563224
27.10056,1201,361.746751
27.905731,1201,361.966737
27.667982,1201,362.094336
26.936306,1201,362.744811
27.950743,1201,362.97106
28.019878,1201,363.132829
26.506205,1201,363.253489
27.871416,1201,363.582719
18.372328,899,363.60436
27.762243,1201,363.825061
13.217885,708,363.892514
27.63389,1201,364.174031
27.217356,1201,364.262799
27.23071,1201,364.735896
17.161905,859,364.758278
22.386044,1156,364.807066
26.139492,1201,365.243961
27.011078,1201,366.083054
27.699923,1201,366.132552
27.877094,1201,366.406617
27.475403,1201,366.484301
15.116396,849,366.488158
21.177296,1092,366.820178
27.075686,1201,366.898989
17.450285,1032,367.111161
28.102432,1201,367.553119
27.565132,1201,367.604353
27.833414,1201,367.839065
27.001654,1201,367.903277
27.335207,1201,367.906428
13.639096,766,368.020855
27.650206,1201,368.259744
27.360365,1201,368.347604
15.409713,879,369.349234
18.58703,930,369.509397
27.8559,1201,370.32754
27.672037,1201,370.422402
24.92403,1201,370.427658
23.81663,1201,370.586713
27.649311,1201,370.900882
26.682682,1201,371.013476
27.393753,1201,371.301895
27.276224,1201,371.465495
27.427984,1201,372.299178
27.298895,1201,372.401776
27.58413,1201,372.407502
27.61197,1201,373.224217
27.848383,1201,373.568136
27.704472,1201,373.692067
27.307142,1201,373.962132
27.15891,1201,374.139508
27.805286,1201,374.987316
27.322313,1201,375.07485
19.833174,1201,375.07823
26.841997,1201,375.180331
27.179384,1201,375.431464
27.579056,1201,375.563276
27.444403,1201,375.800732
26.857132,1201,375.942138
27.20335,1201,377.386938
25.960295,1201,377.489802
27.11942,1201,377.494473
27.375065,1201,377.609321
19.889433,1129,377.805158
27.327692,1201,378.01346
27.590782,1201,378.267726
27.795979,1201,378.448681
21.38052,1188,379.195248
27.27929,1201,379.298004
27.595379,1201,379.302016
27.491915,1201,379.424136
23.034203,1201,379.601132
21.471909,1201,379.784405
27.015274,1201,380.012383
27.79385,1201,380.753761
27.589296,1201,381.254478
27.47098,1201,381.330292
27.420053,1201,381.333325
26.874048,1201,381.42738
27.450888,1201,381.569938
27.174019,1201,381.715715
0.054032423,36,381.75389
26.6847,1201,381.890615
20.387606,1201,381.995878
27.476398,1201,382.512587
27.09855,1201,382.589512
27.236895,1201,382.592547
26.979021,1201,382.686864
27.546638,1201,382.822968
27.420238,1201,383.580548
27.545088,1201,383.711857
26.770128,1201,383.810183
27.490662,1201,384.330914
26.672874,1201,384.442633
27.152489,1201,384.4475
27.23427,1201,384.649304
27.370144,1201,384.968029
13.187176,852,385.0624
26.495102,1201,385.275318
27.79031,1201,385.47394
26.664953,1201,386.96609
27.765446,1201,387.182456
26.42949,1201,387.198857
27.586182,1201,387.374264
27.28993,1201,387.577582
27.096087,1201,387.662509
27.35518,1201,387.788343
26.852451,1201,387.934396
26.975733,1201,388.773835
27.674847,1201,388.891137
25.108639,1201,388.896678
26.578812,1201,389.041312
27.022552,1201,389.190978
27.123344,1201,389.278577
27.12611,1201,389.423347
25.839504,1201,389.667758
27.220697,1201,391.252574
27.725237,1201,391.38113
27.545307,1201,391.385912
27.658068,1201,391.540162
26.173529,1201,391.713204
27.500465,1201,391.865375
25.10963,1201,392.033003
25.935362,1201,392.197379
27.795305,1201,392.997383
26.127611,1201,393.092089
27.23898,1201,393.096097
26.410728,1201,393.211764
27.38354,1201,393.369468
27.158587,1201,393.449433
26.666924,1201,394.231184
26.945614,1201,394.413128
27.056942,1201,395.21552
21.095251,1201,395.343501
26.034113,1201,395.347928
25.31086,1201,395.484205
27.019436,1201,395.653993
27.67368,1201,395.732436
24.013803,1201,395.866066
25.675735,1201,396.022943
25.31062,1201,396.792075
26.481081,1201,396.888213
26.650558,1201,396.891539
26.862019,1201,397.547705
26.369127,1201,397.679678
26.948374,1201,397.745121
27.723022,1201,397.869689
23.12184,1201,398.009833
24.395134,1201,398.650918
27.15757,1201,398.727191
26.931774,1201,398.730432
27.056822,1201,398.830496
27.458414,1201,398.957432
26.552652,1201,399.018956
26.838566,1201,399.14211
26.909834,1201,399.294465
26.833237,1201,400.628475
25.809763,1201,400.717583
26.978323,1201,400.721088
22.341316,1201,400.83202
27.242393,1201,400.976584
27.438457,1201,401.058502
27.445204,1201,401.189724
27.410408,1201,401.336732
26.841007,1201,402.175046
27.108889,1201,402.288256
27.425974,1201,402.292152
23.752192,1201,402.402586
27.320162,1201,402.549494
27.186127,1201,402.619171
26.935085,1201,402.755481
27.81764,1201,403.478154
27.795631,1201,404.281165
26.999811,1201,404.399661
26.722813,1201,404.403994
27.192242,1201,404.538474
27.526775,1201,404.721435
27.06539,1201,404.816033
26.111124,1201,404.99506
27.394245,1201,405.189444
26.655687,1201,406.011411
27.678572,1201,406.098341
25.526503,1201,406.101691
26.63079,1201,406.204023
26.824413,1201,406.959939
26.69045,1201,407.026426
27.57419,1201,407.152334
27.30354,1201,407.310906
25.608816,1201,407.982146
27.27059,1201,408.084186
26.83501,1201,408.087268
27.663889,1201,408.187094
27.367085,1201,408.33449
27.032238,1201,408.403562
26.681812,1201,408.518765
26.787943,1201,408.655359
27.373152,1201,409.788134
25.863977,1201,409.870179
25.805964,1201,409.873357
26.604734,1201,409.967974
27.013123,1201,410.096434
27.588179,1201,410.167143
27.523096,1201,410.280238
27.684937,1201,410.409362
26.49954,1201,411.01064
27.158043,1201,411.094996
27.01611,1201,411.09847
26.4757,1201,411.199547
27.778254,1201,411.335372
25.826174,1201,411.400206
26.01572,1201,411.525185
26.889181,1201,411.663199
26.545677,1201,412.90295
27.04195,1201,412.993128
26.952368,1201,412.996797
27.145103,1201,413.099237
25.896858,1201,413.229255
27.718498,1201,413.297259
27.351927,1201,413.432921
27.118954,1201,413.574352
24.041588,1201,414.329148
27.48312,1201,414.44433
25.714336,1201,414.449083
27.313515,1201,414.575101
27.64739,1201,414.729267
27.79522,1201,414.793952
27.575977,1201,415.483978
26.807957,1201,415.670253
27.278202,1201,416.359454
26.822206,1201,416.444986
27.708694,1201,416.448739
26.98822,1201,416.550755
26.663921,1201,416.692299
27.4663,1201,416.802588
27.768532,1201,416.948286
27.112951,1201,417.093611
27.109299,1201,417.812779
27.086823,1201,418.550064
26.722834,1201,418.55372
26.035114,1201,418.663409
27.116882,1201,418.800432
26.904036,1201,418.924416
26.768627,1201,419.052633
26.880625,1201,419.197587
26.542982,1201,419.903386
26.612944,1201,419.986335
27.696571,1201,419.989575
27.270378,1201,420.090581
27.121992,1201,420.22481
27.631123,1201,420.292228
27.278845,1201,420.426643
27.064558,1201,420.589358
24.271372,1201,421.761036
27.301134,1201,421.840573
26.529964,1201,421.843646
26.985527,1201,421.949555
26.304173,1201,422.096551
26.688766,1201,422.16544
27.42847,1201,422.286494
27.633108,1201,422.425131
26.900694,1201,422.999122
26.67669,1201,423.075118
27.651333,1201,423.07846
26.705498,1201,423.178713
27.13527,1201,423.304322
26.792727,1201,423.373686
26.536285,1201,423.491035
26.575,1201,424.190652
27.378435,1201,424.866625
27.50845,1201,424.950188
26.165838,1201,424.954745
27.438602,1201,425.049962
24.667831,1201,425.179329
27.574083,1201,425.241715
23.443184,1201,425.362407
27.038465,1201,425.499739
27.52863,1201,426.094269
27.60675,1201,426.174515
27.218317,1201,426.177645
27.03942,1201,426.824448
27.723043,1201,426.955344
26.775288,1201,427.017194
27.159681,1201,427.138579
26.676954,1201,427.281789
26.824467,1201,427.911363
27.190594,1201,427.998064
26.732853,1201,428.001183
26.719717,1201,428.098223
26.555067,1201,428.225172
27.13236,1201,428.287353
27.110064,1201,428.398543
26.189425,1201,428.52891
26.79769,1201,429.701041
27.244476,1201,429.78529
27.426214,1201,429.78903
27.352057,1201,429.891361
26.539492,1201,430.017508
27.579496,1201,430.079271
27.332197,1201,430.19225
27.174824,1201,430.338677
27.410318,1201,430.910602
26.584204,1201,430.986649
27.205616,1201,430.989823
26.807852,1201,431.08225
27.22707,1201,431.218973
27.78701,1201,431.281499
27.58952,1201,431.396283
27.115995,1201,431.525704
26.994411,1201,432.70176
27.219366,1201,432.78382
27.085985,1201,432.787008
27.455166,1201,432.886547
26.041267,1201,433.047673
27.648632,1201,433.123771
27.451006,1201,433.242861
27.492096,1201,433.380878
27.186382,1201,434.025803
26.470463,1201,434.142787
26.478434,1201,434.14773
25.51356,1201,434.282184
26.433662,1201,435.031406
27.11046,1201,435.100045
26.820452,1201,435.228459
27.674143,1201,435.368192
27.572098,1201,436.186344
26.938337,1201,436.283072
27.053524,1201,436.286754
27.414963,1201,436.397011
26.436123,1201,436.52421
26.106682,1201,436.590669
27.182745,1201,436.711033
27.449545,1201,436.879076
26.579638,1201,438.188938
27.701982,1201,438.275259
26.425467,1201,438.280661
27.134928,1201,438.424343
27.796036,1201,438.596404
26.93361,1201,438.669026
27.095041,1201,438.825312
27.060871,1201,439.014017
27.682314,1201,439.706854
26.704973,1201,439.790882
27.528479,1201,439.794338
27.494005,1201,439.893699
27.868422,1201,440.033747
27.348637,1201,440.135654
27.67631,1201,440.257958
27.55752,1201,440.391889
27.304,1201,441.772744
27.386724,1201,441.87188
27.076502,1201,441.875199
26.100733,1201,441.993421
27.196508,1201,442.140902
27.119154,1201,442.209976
27.703043,1201,442.352235
27.305271,1201,442.525782
26.209661,1201,443.235746
25.78567,1201,443.319903
26.833601,1201,443.323078
27.314295,1201,443.419761
25.342123,1201,443.550156
27.71334,1201,443.611355
26.718462,1201,444.262409
26.797895,1201,444.392186
27.068079,1201,444.955478
26.27878,1201,445.030821
26.976954,1201,445.033884
26.619074,1201,445.128596
27.128551,1201,445.254118
27.346739,1201,445.315945
26.347612,1201,445.432996
27.661928,1201,445.568643
27.050735,1201,446.14036
27.347168,1201,446.217644
27.317034,1201,446.774552
26.760895,1201,446.870645
27.072454,1201,446.999052
18.464249,1201,447.061799
26.645847,1201,447.174107
26.641045,1201,447.303039
27.368958,1201,447.905506
27.540813,1201,447.98018
26.826998,1201,447.983189
27.503883,1201,448.077112
25.646894,1201,448.207373
25.442762,1201,448.271395
26.66986,1201,448.384088
27.462465,1201,448.522811
27.590502,1201,449.668864
27.262072,1201,449.74476
26.5997,1201,449.747798
26.911934,1201,449.841274
26.680882,1201,450.086854
27.275873,1201,450.164412
24.385292,1201,450.360669
27.22239,1201,450.522598
27.658707,1201,451.10416
26.60388,1201,451.179724
26.93238,1201,451.182824
27.476011,1201,451.27672
26.898064,1201,451.405041
27.07471,1201,451.470324
27.40905,1201,451.607418
27.31191,1201,452.294885
25.399145,1201,452.924587
27.49936,1201,453.008927
27.699675,1201,453.012037
11.569937,841,453.057369
27.603962,1201,453.10774
27.365454,1201,453.233916
27.28666,1201,453.297021
27.18214,1201,453.548138
27.108335,1201,454.143168
26.147627,1201,454.218849
27.157753,1201,454.221898
27.227913,1201,454.268061
27.0249,1201,454.317419
27.142984,1201,454.984038
27.235401,1201,455.050817
27.247355,1201,455.312076
27.163673,1201,456.024447
27.540714,1201,456.113394
26.674944,1201,456.116539
19.581387,1142,456.159034
27.654657,1201,456.167225
27.361465,1201,456.376578
27.420712,1201,456.44714
26.553764,1201,456.693738
27.591862,1201,457.941674
27.079878,1201,458.027854
27.222927,1201,458.032886
27.046196,1201,458.073696
26.762102,1201,458.081833
27.422869,1201,458.260242
27.228073,1201,458.323183
27.2907,1201,458.569897
27.67611,1201,459.151055
25.217976,1201,459.226524
26.62287,1201,459.229587
27.250675,1201,459.265945
26.548815,1201,459.274078
27.265352,1201,459.484168
27.699108,1201,459.563144
27.518564,1201,459.870342
27.358433,1201,461.237179
27.398859,1201,461.314681
27.083496,1201,461.318047
27.466171,1201,461.358201
26.802666,1201,461.366405
26.483385,1201,461.56645
25.61746,1201,461.64481
27.470888,1201,461.966049
11.58455,816,462.30841
17.381754,980,462.552173
27.579817,1201,462.658407
27.761019,1201,462.744488
25.819075,1201,462.825798
26.346895,1201,463.079471
25.025238,1201,463.773178
27.517757,1201,464.054284
26.892584,1201,464.385551
26.508268,1201,464.599442
27.49337,1201,464.710705
27.441893,1201,464.793922
26.370073,1201,464.847934
27.121103,1201,465.024488
27.494947,1201,465.102076
27.446533,1201,465.431049
15.939512,976,465.754146
27.130085,1201,465.777722
27.518082,1201,466.104261
27.470692,1201,466.756341
27.32708,1201,466.80554
27.781826,1201,466.986866
27.376122,1201,467.050226
25.982452,1201,467.302211
27.182615,1201,467.70268
26.728209,1201,467.723688
27.32463,1201,468.038248
27.560596,1201,468.117196
26.709745,1201,468.161668
27.386852,1201,468.340231
27.626741,1201,468.401651
27.468315,1201,468.642816
27.394356,1201,469.481682
27.242981,1201,469.502166
27.746153,1201,469.801625
27.16615,1201,469.880397
27.716295,1201,469.925345
27.440388,1201,470.099257
26.430044,1201,470.166103
26.763865,1201,470.448567
27.543015,1201,470.737228
25.71587,1201,470.763021
27.24969,1201,471.079795
27.298641,1201,471.163079
27.63576,1201,471.228658
26.997519,1201,471.420552
26.586607,1201,471.488573
27.429966,1201,472.385059
27.693047,1201,472.704715
26.527464,1201,472.728395
0.906027,281,473.170435
25.676912,1201,473.197862
27.622038,1201,473.281975
27.44247,1201,473.338817
25.196539,1201,473.523398
4.2927127,649,473.53935
27.453453,1201,473.595974
27.011902,1201,473.868542
3.953992,656,474.355407
27.563,1201,474.50071
27.546764,1201,474.525992
27.340189,1201,474.604109
27.6213,1201,474.652979
27.253345,1201,475.480357
27.523195,1201,475.497807
27.66185,1201,475.934956
27.568758,1201,476.490312
25.26294,1201,476.651204
27.739756,1201,476.678706
26.912659,1201,476.764336
27.342436,1201,476.814581
26.647032,1201,477.011484
27.343987,1201,477.041375
27.027802,1201,477.435715
27.340916,1201,478.544756
27.428995,1201,478.697617
27.716032,1201,478.722973
26.95756,1201,478.824681
27.476677,1201,478.928052
27.539753,1201,479.187971
27.754616,1201,479.202965
26.794344,1201,479.539712
27.051266,1201,480.118522
26.372395,1201,480.46565
27.503656,1201,480.502151
27.766756,1201,480.605594
27.586937,1201,480.659868
26.266705,1201,480.874905
27.622505,1201,480.89461
26.976957,1201,481.534418
27.449448,1201,482.550087
27.81192,1201,482.725028
24.58514,1201,482.751076
27.19466,1201,482.833818
26.550932,1201,482.883673
26.91958,1201,483.084294
26.64109,1201,483.099285
26.757101,1201,483.411485
27.55593,1201,483.863206
27.403252,1201,484.018481
27.707233,1201,484.052896
27.545893,1201,484.135798
27.671665,1201,484.181109
27.449928,1201,484.954219
27.70747,1201,484.974276
26.849543,1201,485.30835
26.457083,1201,485.840415
26.923386,1201,485.994929
27.684566,1201,486.022611
26.8428,1201,486.152199
27.287882,1201,486.210969
27.611269,1201,486.470578
27.503433,1201,486.487717
27.067343,1201,486.84026
27.316381,1201,487.300015
26.645428,1201,488.027517
27.805803,1201,488.054501
27.775915,1201,488.141005
27.767103,1201,488.194378
25.598766,1201,488.379823
26.869747,1201,488.394591
27.592192,1201,488.722405
26.37322,1201,489.168159
26.52663,1201,489.383358
26.568249,1201,489.417631
27.6255,1201,489.506132
27.418638,1201,489.553689
26.882927,1201,489.741309
27.83331,1201,489.756168
27.24962,1201,490.079712
26.783983,1201,491.050745
27.253157,1201,491.199943
27.696774,1201,491.226238
26.209225,1201,491.303719
27.297266,1201,491.347756
27.646362,1201,491.531023
27.694452,1201,491.546127
27.90214,1201,491.874089
27.423382,1201,492.377915
26.8471,1201,492.539145
25.883207,1201,492.568489
26.701849,1201,492.670295
27.655352,1201,492.72201
27.537378,1201,492.90374
27.022232,1201,492.919261
27.808405,1201,493.847439
26.443918,1201,494.304961
25.583227,1201,494.467742
27.353775,1201,494.509861
27.647444,1201,494.610647
27.209026,1201,494.66371
26.304903,1201,494.881362
27.512068,1201,494.908627
27.637285,1201,495.541441
27.559855,1201,496.051903
26.6095,1201,496.219025
27.765135,1201,496.251742
26.18409,1201,497.008537
27.265047,1201,497.076664
27.5608,1201,497.317469
27.44189,1201,497.334759
27.526796,1201,497.675973
27.69928,1201,498.188746
27.734137,1201,498.350218
27.747517,1201,498.377621
26.961805,1201,498.462456
27.257812,1201,498.520899
16.629652,866,498.690178
27.663486,1201,498.715092
27.431658,1201,498.735369
27.493889,1201,500.451891
26.321068,1201,500.665578
26.707293,1201,500.696123
27.461092,1201,500.784868
27.283644,1201,500.832815
26.84443,1201,500.992157
27.666016,1201,501.016645
27.771315,1201,501.034084
27.509333,1201,501.767898
27.821234,1201,501.916493
26.61613,1201,501.94328
26.631594,1201,502.028519
27.572403,1201,502.078159
27.38275,1201,502.241924
27.090874,1201,502.265619
26.842485,1201,502.281511
27.49281,1201,503.810177
26.97638,1201,503.983993
27.530191,1201,504.013406
26.865183,1201,504.097038
27.68752,1201,504.144838
27.676922,1201,504.302394
25.5416,1201,504.32649
27.554651,1201,504.341998
27.014727,1201,505.091233
27.616869,1201,505.241463
26.924421,1201,505.268477
27.586157,1201,505.348065
27.043968,1201,505.393919
27.139078,1201,506.096409
27.774326,1201,506.118578
27.558771,1201,506.133406
27.69066,1201,506.830158
26.69616,1201,506.979608
27.457409,1201,507.004902
27.560621,1201,507.083545
25.557526,1201,507.12827
15.900377,1054,507.138553
27.551912,1201,507.304994
26.540451,1201,507.31964
27.846853,1201,508.010449
