#{"t_start": 1765815732.5733278, "env_id": "None"}
r,l,t
-25.667362,116,0.703756
-27.91863,126,0.711406
-20.389603,136,0.71902
-39.01946,139,0.721227
-28.13386,139,0.721279
-55.707256,141,0.72293
-31.483122,142,0.723894
-25.467985,167,0.743248
-2.5948575,110,0.7856
-2.1939309,112,0.805151
-2.46457,114,0.808621
-2.3078256,125,0.813232
-5.2026787,146,0.822333
-4.503599,139,0.828218
-5.834437,154,0.843576
-3.0252762,130,0.844416
-3.6001096,127,0.883621
-3.4559996,124,0.901114
-2.5144696,121,0.911053
-3.31485,126,0.920205
-3.2005029,153,0.920255
-5.4099483,149,0.925414
-2.3198285,120,0.930188
-4.1367035,132,0.939834
-4.3407145,113,0.968151
-4.961998,120,0.992228
-4.391569,134,1.013212
-3.8215263,112,1.014035
-6.319018,128,1.017004
-5.5728793,128,1.017045
-2.9851427,109,1.021707
-6.7722635,137,1.029182
-4.719022,137,1.069822
-1.7687804,116,1.078495
-2.2486565,111,1.099567
-2.4599838,126,1.110476
-5.378735,140,1.117922
-5.591631,140,1.126268
-2.685181,132,1.127117
-5.690837,155,1.129654
-1.5236626,116,1.16581
-5.816987,159,1.189819
-3.2102976,114,1.198206
-1.403141,109,1.209604
-2.6682718,119,1.209662
-0.98398876,129,1.227078
-5.056744,178,1.234407
-5.1294,150,1.240384
-3.7235916,105,1.269585
-2.999755,103,1.275601
-6.324708,150,1.280269
-3.7167563,117,1.297084
-4.7762384,127,1.304937
-2.4869819,109,1.309286
-3.4096887,107,1.3215
-4.5271497,137,1.337704
-5.5174704,129,1.371335
-6.1376743,139,1.37296
-2.5984278,104,1.374448
-6.0707617,133,1.378689
-5.712588,113,1.388526
-4.171992,110,1.391205
-5.4677863,123,1.41185
-6.0202584,120,1.426605
-2.0752056,104,1.473172
-3.0104694,111,1.488388
-1.238508,115,1.499608
-2.3266385,127,1.539628
-1.688448,105,1.589018
-2.128854,111,1.663322
-5.668422,160,1.666358
-6.086963,176,1.690706
-3.214269,96,1.70808
-4.6510386,140,1.772678
-3.513192,109,1.775721
-5.168839,142,1.812126
-3.1522052,110,1.860436
-5.656384,149,1.872681
-5.8376637,140,1.912654
-5.98036,152,1.936954
-2.1203957,113,1.943123
-2.2363393,117,1.950433
-5.6303554,155,1.951697
-1.9309093,91,1.983442
-2.7248368,152,1.993533
-5.549055,171,2.036242
-3.6101708,147,2.039717
-2.9634912,110,2.040706
-2.0002747,117,2.041552
-4.301715,141,2.063638
-4.9075856,160,2.069
-2.7495077,119,2.076221
-2.7625072,120,2.090089
-2.7182515,112,2.136254
-3.1344433,119,2.138283
-2.951213,117,2.141903
-2.3062234,100,2.161396
-3.1301863,113,2.180693
-6.2410955,159,2.181702
-2.9701228,128,2.18174
-2.2928119,115,2.195397
-0.7918813,80,2.207826
-1.654997,114,2.240062
-6.081941,144,2.264874
-3.769438,109,2.27511
-4.3096924,142,2.286458
-3.564568,131,2.297151
-3.8429446,118,2.299144
-6.122267,157,2.321381
-4.9405794,127,2.322395
-1.7829003,96,2.330848
-2.8982463,106,2.386881
-4.3271046,131,2.388812
-2.8868234,129,2.397068
-4.02815,112,2.404243
-4.790566,122,2.411588
-1.6604002,115,2.438322
-4.2121787,135,2.447
-5.083429,147,2.458786
-4.17775,109,2.484551
-1.6857381,104,2.496438
-6.261318,137,2.509523
-3.8776202,130,2.511113
-2.4957945,114,2.511156
-1.7460114,101,2.542
-2.114997,102,4.836322
-6.3943534,170,4.847776
-4.268765,115,4.856524
-2.9904797,105,4.862225
-6.0371604,197,4.873664
-3.9682457,128,4.87678
-5.848678,126,4.876824
-6.103409,154,4.923858
-5.683616,132,4.930353
-3.3334181,138,4.951859
-3.129666,130,4.956122
-3.5851908,130,4.964651
-4.194951,126,4.981165
-5.6015377,129,4.983996
-3.472535,142,4.992391
-2.1579366,107,5.036188
-3.195976,127,5.046573
-3.3996747,117,5.066687
-1.4916114,101,5.079106
-5.8828473,140,5.087203
-3.022852,120,5.090897
-6.2472887,166,5.118213
-4.8493924,156,5.132483
-4.938877,123,5.141404
-6.1926036,131,5.15446
-5.0102315,124,5.163693
-4.980743,128,5.177684
-4.362075,123,5.181726
-4.084112,134,5.193114
-3.3850107,110,5.196524
-4.095869,127,5.222218
-5.347261,125,5.230034
-3.9305844,113,5.243969
-5.7627435,130,5.247002
-3.7113624,122,5.263544
-3.106162,118,5.265058
-3.460376,125,5.284597
-4.0301585,113,5.300854
-1.4416025,90,5.305982
-6.815365,163,5.307499
-3.9699683,114,5.308932
-2.9947917,121,5.348304
-6.405558,148,5.349739
-3.6249714,133,5.358548
-2.4320977,112,5.363875
-2.086732,93,5.374503
-4.872381,132,5.419704
-2.909502,146,5.435061
-4.3833895,159,5.447923
-1.6410034,111,5.455535
-2.6805983,113,5.465883
-1.2933906,112,5.471122
-3.806209,140,5.476413
-2.506532,109,5.479651
-4.885973,133,5.518278
-3.9821274,119,5.534909
-2.6847942,121,5.543596
-3.0334587,119,5.55631
-7.649691,175,5.562429
-5.1266646,142,5.567774
-6.219717,166,5.593183
-7.3735104,173,5.600569
-4.1750207,129,5.607724
-4.7975254,131,5.63454
-2.7057652,106,5.636394
-2.451621,103,5.639957
-6.481353,151,5.640821
-6.0716987,140,5.65376
-2.674246,112,5.679499
-5.684948,137,5.688886
-5.796461,137,5.702959
-3.6263034,114,5.712848
-3.1496482,107,5.713581
-3.3105724,121,5.718949
-3.305461,135,5.732414
-5.854292,146,5.755176
-3.0051272,113,5.758214
-4.194816,118,5.771933
-2.8335218,98,5.783301
-3.6331651,104,5.788397
-1.7944709,102,5.792655
-3.2371998,128,5.794227
-1.508702,130,5.82524
-3.4552023,117,5.840918
-2.6426096,136,5.85117
-2.110141,93,5.857472
-2.4611697,101,5.859009
-2.050949,120,5.867817
-4.429885,138,5.869239
-5.968701,166,5.910779
-3.512532,129,5.931625
-2.6355443,124,5.93817
-1.5126052,100,5.939036
-4.6400814,175,5.948411
-3.9952376,145,5.961496
-3.4364007,134,5.962387
-3.9059331,157,5.968939
-2.3518806,117,5.993572
-2.7700706,136,6.02969
-2.2179134,131,6.033908
-3.2393572,106,6.038819
-3.1875443,114,6.045739
-4.777276,159,6.05489
-5.6468973,135,6.068924
-6.8959093,175,6.077644
-4.240192,141,6.101183
-5.29074,125,6.129098
-5.2887993,121,6.130593
-3.616562,121,6.137094
-4.4475837,149,6.142214
-1.1436818,115,6.154405
-4.7138195,135,6.155826
-3.3853927,112,6.160882
-3.814166,106,6.176414
-2.5195673,112,6.208443
-3.079138,109,6.214524
-3.241958,125,6.219779
-3.6761463,143,6.243599
-2.694574,127,6.245848
-3.6431344,126,6.25015
-4.0628376,126,6.265713
-6.319866,163,6.269527
-3.3018482,117,6.291442
-3.8439436,137,6.310479
-2.5779686,100,6.315445
-3.2205055,106,6.317538
-5.9790497,149,6.323533
-3.5611312,119,6.332334
-2.710804,97,8.528129
-3.8537722,135,8.533856
-5.082012,151,8.542786
-2.8867803,112,8.567173
-3.041482,123,8.573187
-3.029186,122,8.581255
-5.8172617,142,8.582189
-3.9363723,153,8.612524
-2.0497003,101,8.614725
-4.069159,146,8.63373
-4.8830047,148,8.640259
-2.6137066,115,8.649686
-3.6803744,139,8.671701
-3.4490144,132,8.675579
-3.911262,135,8.677102
-2.890722,127,8.704291
-2.8585372,138,8.710201
-2.465003,133,8.727102
-3.5986528,127,8.72957
-1.6693134,118,8.732339
-2.2114367,111,8.75445
-4.1756544,129,8.765571
-3.4238536,146,8.773734
-4.122294,122,8.793675
-4.8819203,160,8.815511
-1.3469428,124,8.815565
-1.7763824,138,8.831467
-3.9989088,146,8.832425
-1.4420568,119,8.852681
-2.4344654,136,8.853476
-2.2665362,120,8.861713
-1.5363585,119,8.903364
-1.4136425,127,8.921717
-3.437257,132,8.924737
-6.5432982,186,8.928919
-1.8173487,102,8.933612
-8.033292,181,8.947459
-6.7072525,146,8.957281
-6.0826507,158,8.965696
-1.195144,130,8.996487
-2.0795562,114,9.004455
-1.5404965,112,9.006059
-2.1815991,107,9.007043
-2.2986279,110,9.016059
-2.7008262,107,9.030027
-3.4282708,111,9.050315
-3.4039593,130,9.056428
-0.9102185,88,9.07329
-3.842601,132,9.096748
-4.77355,140,9.110962
-0.7313334,117,9.113173
-4.1697464,143,9.113967
-1.6051347,135,9.11482
-1.1128818,142,9.149726
-2.2961278,154,9.16375
-2.681151,97,9.163795
-0.6952596,94,9.179259
-5.0616345,165,9.188768
-3.28422,117,9.197017
-2.1801867,131,9.205638
-2.008459,148,9.215576
-1.526617,98,9.219837
-3.1638687,121,9.249664
-2.3980997,108,9.265034
-2.0620062,145,9.266493
-2.5267043,124,9.267469
-4.751095,121,9.282053
-3.1196272,107,9.291023
-4.4891267,113,9.299228
-5.9745374,136,9.301305
-5.094871,125,9.338765
-1.249245,101,9.338822
-4.557317,118,9.349506
-3.6491663,127,9.358078
-2.967388,107,9.376093
-3.2375598,124,9.390204
-5.9396944,155,9.392954
-6.2956595,152,9.399191
-3.4432933,105,9.413634
-3.7897294,118,9.423097
-3.645334,119,9.434506
-5.1133227,117,9.44175
-3.9563143,129,9.467759
-2.0456583,107,9.469194
-1.9526671,102,9.486224
-6.4835873,137,9.487817
-3.1154,126,9.489346
-3.972899,120,9.508961
-2.4047897,119,9.519604
-3.622643,111,9.520993
-3.8251255,96,9.536375
-2.410039,102,9.560089
-3.3530002,109,9.563674
-4.946306,145,9.572371
-6.046552,138,9.586882
-3.9369287,107,9.595818
-5.9145813,148,9.612874
-6.12763,133,9.612917
-2.571747,107,9.637568
-6.5584564,157,9.645262
-2.6985338,106,9.645301
-2.8285873,102,9.65713
-5.468515,141,9.657903
-3.8040662,113,9.674017
-4.6619005,127,9.700334
-1.2258384,111,9.72246
-6.631592,171,9.73239
-3.7602968,108,9.733911
-3.655605,138,9.75684
-3.2798433,118,9.759007
-7.1334558,171,9.759878
-1.3939178,97,9.77192
-7.514546,194,9.785397
-2.2315016,117,9.816869
-2.427029,127,9.825277
-0.66918755,107,9.834868
-2.087633,113,9.837122
-6.34409,168,9.844331
-0.92404675,106,9.846534
-6.068536,144,9.861932
-0.91467756,95,9.883757
-4.458317,143,9.885277
-2.1447425,119,9.90885
-1.9423968,113,9.923991
-4.1342506,138,9.932523
-5.2024913,136,9.933351
-4.7444153,143,9.947525
-3.4156175,142,9.962386
-4.569396,148,12.299509
-2.8184557,114,12.299567
-5.4751663,168,12.317379
-4.452014,142,12.360063
-4.0899367,130,12.367634
-6.000594,163,12.37915
-6.1771293,175,12.379197
-2.1022134,118,12.411305
-5.7863107,159,12.41289
-1.4568391,120,12.412932
-0.7566401,101,12.457652
-4.400658,174,12.464078
-2.5355625,134,12.467078
-2.629802,117,12.469203
-2.6420224,135,12.473654
-0.97314644,98,12.481773
-3.7950468,131,12.506191
-0.54401135,86,12.530343
-2.5483878,167,12.531907
-2.5408335,114,12.545307
-1.487866,104,12.547588
-3.802731,119,12.565518
-1.8737556,146,12.570272
-1.5084461,165,12.574312
-0.66810185,118,12.588145
-3.2874942,119,12.613099
-2.5904326,96,12.613903
-1.1420497,98,12.633855
-3.2107737,105,12.647898
-1.5960648,179,12.658121
-2.213242,134,12.665247
-2.9137347,126,12.678676
-3.9298878,200,12.686491
-2.4923415,132,12.70772
-1.1191992,109,12.712078
-1.0585716,98,12.727401
-1.2168587,77,12.733297
-1.7291806,123,12.736373
-1.7529229,95,12.753221
-4.170052,200,12.756304
-3.4014575,149,12.770508
-2.2001414,112,12.790153
-2.1971223,107,12.807558
-2.3211548,148,12.810975
-1.0612855,98,12.824186
-1.0673077,130,12.826651
-6.6355433,155,12.836541
-1.1057582,114,12.850855
-2.435958,142,12.853673
-1.3572485,132,12.883641
-1.1673275,93,12.892155
-2.7391412,121,12.893026
-2.4693475,125,12.899601
-1.2761635,94,12.902327
-1.8513942,130,12.916874
-2.7427835,106,12.926361
-1.5063367,108,12.93078
-0.7047157,90,12.964058
-1.3392262,121,12.971785
-0.984891,114,12.9915
-2.8242257,117,13.04293
-0.8048887,103,13.049013
-2.2108264,157,13.066855
-1.2468767,119,13.077312
-1.3589337,115,13.118088
-6.6445713,190,13.128486
-3.732146,139,13.1315
-3.3314533,138,13.141858
-1.0834744,125,13.14433
-0.8813012,93,13.15065
-2.4272485,108,13.151643
-3.2701137,146,13.165237
-1.3461496,99,13.205676
-2.0458803,104,13.223993
-2.2272396,125,13.227015
-1.4738082,125,13.237562
-7.730842,185,13.258949
-4.711224,153,13.266327
-2.2654297,143,13.273708
-2.246405,179,13.287553
-1.8423017,96,13.30934
-1.2714276,169,13.331394
-3.1375122,141,13.332204
-3.402642,155,13.338964
-2.4190738,113,13.368811
-3.3602297,149,13.375265
-4.427129,144,13.378115
-2.1327355,113,13.390258
-6.265437,181,13.391796
-0.73556757,109,13.416519
-4.0416007,122,13.418072
-2.3633199,124,13.420187
-2.6919553,119,13.454228
-2.0198648,111,13.457707
-3.6076624,118,13.47604
-3.3678327,123,13.481825
-3.847239,116,13.502717
-7.2309346,188,13.512784
-2.374944,135,13.517861
-3.6595397,142,13.524957
-4.528904,123,13.545745
-4.68105,133,13.556193
-1.6165154,122,13.565493
-2.184744,120,13.5689
-3.2485385,117,13.586455
-0.83418715,106,13.588924
-2.1550946,111,13.597292
-0.8350216,112,13.624828
-2.1555088,109,13.633108
-1.4415072,100,13.635977
-4.0959153,168,13.644231
-2.7423718,115,13.650041
-1.6421494,96,13.656221
-3.4490905,120,13.670187
-2.4659824,104,13.696493
-4.6253376,144,13.697373
-3.3652456,126,13.721506
-3.5525591,118,13.726962
-1.3968108,117,13.731801
-2.6532528,150,13.741028
-1.9979333,123,13.75703
-3.0871205,157,13.766489
-2.520771,107,13.773309
-1.8036207,127,13.787405
-3.4121556,121,13.806991
-1.4332137,122,13.813618
-1.6245849,126,13.831299
-1.5892267,103,13.840645
-4.416174,118,13.842241
-7.224643,165,13.850317
-1.8217366,130,16.01719
-2.763824,134,16.034375
-2.7716036,154,16.081263
-0.8767841,123,16.0835
-1.2194217,105,16.092693
-3.2352264,122,16.096476
-0.83153594,129,16.103375
-6.8720284,172,16.106696
-1.9583801,122,16.124758
-1.2742548,103,16.128007
-1.5284827,89,16.154926
-1.130438,119,16.175785
-1.778602,111,16.177385
-1.784915,115,16.183178
-1.6275685,106,16.183221
-2.112082,112,16.190301
-0.71129644,111,16.206855
-1.0206627,122,16.217454
-4.057474,130,16.248018
-1.982301,107,16.253219
-0.99711895,114,16.264024
-1.0137715,115,16.26487
-2.6472206,129,16.267913
-2.1035905,142,16.290871
-1.7961276,123,16.293954
-1.9721729,108,16.293994
-1.381651,77,16.308538
-4.7240047,126,16.338476
-3.9319916,111,16.343264
-4.126204,142,16.368209
-2.6616774,124,16.379159
-3.6667938,129,16.385646
-1.8652544,171,16.386523
-3.5508258,124,16.396764
-4.358444,156,16.405128
-2.0469854,118,16.421867
-2.1733892,151,16.452124
-1.9434401,121,16.457229
-2.5797358,125,16.478933
-2.9067342,141,16.483446
-1.1508789,121,16.486336
-1.5678074,117,16.509423
-2.5746753,147,16.513807
-4.379505,200,16.531525
-1.9038395,105,16.533076
-1.7965212,90,16.543102
-1.7000066,133,16.548979
-1.6893606,92,16.54902
-2.1243331,122,16.573119
-1.4215881,105,16.587952
-2.3809342,129,16.601197
-1.5058532,129,16.624021
-1.8335748,114,16.624868
-0.99362975,130,16.626435
-1.2347854,108,16.62647
-0.96773696,80,16.647736
-1.5883825,156,16.662931
-5.1656547,129,16.668024
-1.3134894,111,16.682666
-1.8370422,103,16.702262
-1.3938109,117,16.709726
-1.9046917,122,16.715591
-0.7829907,142,16.727733
-2.437435,113,16.727769
-0.84516203,107,16.738316
-1.0639925,123,16.754823
-1.0140874,135,16.778611
-1.922169,112,16.789003
-3.2319202,131,16.794838
-1.7567704,97,16.797184
-1.575329,107,16.804515
-2.8758824,128,16.806706
-1.4551431,98,16.808837
-2.3639555,96,16.870744
-3.823809,113,16.875304
-4.721474,142,16.885612
-1.463707,120,16.886359
-3.03368,106,16.889868
-1.4057283,113,16.89072
-1.8068063,120,16.897783
-2.2992394,200,16.903994
-1.7619524,98,16.946936
-1.6290709,120,16.959325
-2.1006622,105,16.968049
-2.1802998,113,16.968834
-1.5150125,127,16.982826
-1.5514643,108,16.982873
-2.2269597,145,17.004577
-1.4631687,176,17.015808
-2.1378021,140,17.050541
-0.8082961,117,17.054084
-0.81834173,120,17.056988
-1.1118497,101,17.057857
-1.1967062,102,17.058645
-1.369352,143,17.064554
-2.9624884,143,17.119633
-2.8086846,159,17.120371
-1.7299716,98,17.127467
-1.4017836,106,17.130188
-1.2914199,105,17.133505
-0.95464355,118,17.14159
-1.9519145,115,17.14587
-2.981277,140,17.151397
-1.0751182,117,17.207978
-1.6343232,120,17.211015
-1.1665246,102,17.211968
-1.6238971,134,17.232018
-1.7537584,119,17.233519
-0.95794046,116,17.235829
-0.82163656,124,17.246042
-2.2254646,175,17.258309
-1.0660636,110,17.29092
-1.6790363,125,17.298131
-1.272529,118,17.317263
-1.1802251,123,17.319505
-1.0842642,121,17.321651
-1.6580912,159,17.325211
-1.2730203,135,17.341212
-1.7732034,121,17.344287
-0.8900607,102,17.36968
-0.97087365,132,17.3838
-1.2086259,114,17.399683
-1.2569985,131,17.414044
-1.4385343,104,17.416895
-1.1942596,130,17.419209
-1.3012147,148,17.429233
-1.2632574,99,17.443815
-1.6399204,143,17.448611
-1.4384811,96,17.469182
-0.44468218,99,17.485346
-1.9302702,114,17.501384
-1.4520891,107,17.505689
-3.4247034,170,17.508781
-1.689342,136,19.696237
-0.735467,119,19.716451
-1.5888195,112,19.734562
-1.7782398,159,19.744828
-1.7621119,97,19.772573
-2.292906,129,19.772637
-1.2416127,125,19.800151
-2.2616189,148,19.807444
-0.9031728,92,19.811051
-1.17746,191,19.834328
-1.9859693,160,19.845149
-1.2781545,138,19.853287
-1.5614195,121,19.862047
-2.0566413,121,19.888773
-1.7056936,114,19.891008
-2.0166464,171,19.897631
-1.9513357,102,19.926755
-1.5796363,159,19.92682
-1.8343942,115,19.928172
-1.4914582,102,19.935839
-2.1128497,141,19.937619
-2.0669568,116,19.973251
-2.1927004,140,19.993609
-0.7027159,94,19.998248
-2.0436301,108,20.00659
-2.065319,148,20.006639
-1.9190222,109,20.017772
-1.4283816,129,20.022291
-1.4356227,134,20.033599
-1.5700058,100,20.045868
-0.76262385,82,20.052551
-1.9655604,110,20.08163
-1.8755316,107,20.091866
-1.9929242,110,20.095485
-2.0160818,106,20.107415
-1.8802654,102,20.10958
-1.4232934,112,20.135958
-1.9267944,108,20.148484
-1.4845501,114,20.162854
-0.70845807,110,20.191848
-1.7777807,100,20.193831
-1.7655716,115,20.219963
-0.9596884,136,20.242674
-1.9353691,114,20.247699
-2.0063157,119,20.265093
-1.8956074,117,20.277693
-1.2096441,198,20.286425
-1.2717018,107,20.295247
-1.8799652,107,20.297282
-1.4841517,118,20.33375
-1.8247423,116,20.352914
-1.9552797,100,20.385439
-1.2771637,138,20.396534
-1.925084,135,20.410593
-2.0030532,113,20.41168
-1.5055958,126,20.434479
-1.5768707,141,20.449199
-1.9702643,99,20.478306
-1.3221935,114,20.535482
-1.581524,120,20.558854
-1.3486547,105,20.569192
-1.492644,157,20.573599
-2.0783968,136,20.574697
-1.9142473,103,20.598502
-1.7908328,125,20.602609
-0.4392437,243,20.618142
-1.2136202,126,20.665131
-1.667488,90,20.665191
-1.2911936,96,20.667075
-1.8123392,106,20.667121
-1.3773574,94,20.669769
-1.6624188,88,20.704472
-2.0206556,106,20.706211
-1.8246435,124,20.718801
-1.6993866,107,20.765007
-1.2684026,131,20.789223
-1.1301391,145,20.804544
-1.3295084,147,20.809674
-2.1766386,126,20.828559
-1.9979177,138,20.838166
-2.4341846,190,20.849436
-1.9582249,139,20.855646
-1.9477961,114,20.879608
-1.6311705,92,20.881896
-1.9440631,124,20.931743
-2.0098507,119,20.950286
-1.9583995,119,20.960168
-1.9230937,150,20.962789
-1.6414095,110,20.96846
-2.0400338,129,20.981221
-2.1128216,111,20.991604
-1.8007091,132,21.014361
-1.7389294,97,21.026685
-1.9358889,105,21.052826
-1.5288275,104,21.064506
-1.0929232,107,21.065684
-1.6633532,97,21.077171
-1.7944982,95,21.101592
-2.2179482,133,21.1172
-2.0799732,106,21.136592
-2.0219183,134,21.174851
-1.8954426,118,21.183489
-1.5251322,108,21.184408
-2.2387307,110,21.196423
-1.1875222,102,21.197326
-1.0610836,96,21.203658
-1.8030006,137,21.209273
-1.7437382,101,21.256916
-1.8614699,144,21.258688
-1.8161716,103,21.26715
-1.3378205,104,21.281047
-0.8836336,98,21.282625
-1.2510891,126,21.298418
-1.9228625,149,21.306524
-1.203594,96,21.33735
-1.2261862,156,21.338172
-2.1961331,117,21.356093
-2.0065038,126,21.377408
-2.1794188,111,21.379541
-1.5402837,105,21.392194
-1.903648,127,21.39441
-1.8879966,125,21.416454
-1.8041313,98,21.424115
-1.2748047,149,21.491335
-2.2935634,118,21.520956
-2.0574982,111,21.542561
-0.75628996,136,21.556588
-2.1764753,119,21.562254
-1.0854129,168,21.573054
-2.0708792,134,21.606344
-2.2056704,168,21.667995
-2.1833932,117,21.68062
-1.4581125,107,21.688699
-0.934472,122,21.692145
-1.221948,107,23.944843
-1.3297721,150,23.946394
-1.9851401,123,23.947954
-1.864423,93,23.957974
-2.0876176,102,23.999495
-1.9824985,94,24.00407
-1.7431234,96,24.021243
-2.3423328,117,24.026784
-2.0884387,110,24.028189
-2.3616593,119,24.035633
-1.6348301,126,24.035676
-2.240013,106,24.037733
-1.9220866,121,24.086973
-1.917942,113,24.117265
-1.900286,130,24.123442
-2.2988503,136,24.134762
-2.1445725,134,24.143081
-1.9193228,188,24.150423
-1.8654032,142,24.152084
-1.0408757,165,24.169738
-1.3676915,86,24.19104
-2.0277057,142,24.204237
-1.8508089,108,24.233472
-1.5270947,119,24.235156
-0.8203096,164,24.243954
-2.1795619,109,24.249641
-2.0011744,156,24.253282
-2.1144044,138,24.256202
-2.114018,121,24.281504
-1.5786499,127,24.297353
-1.2772906,95,24.303557
-2.0922537,128,24.327178
-1.7305154,112,24.33268
-1.6850877,76,24.337219
-1.856315,127,24.338088
-2.0014687,128,24.348603
-2.0208614,141,24.36012
-0.7749809,97,24.375539
-1.8859562,87,24.401444
-2.1942863,97,24.409478
-1.6047332,151,24.409521
-2.236614,115,24.417874
-1.3529015,128,24.422417
-1.6374805,116,24.434421
-1.7261659,81,24.436546
-1.97853,98,24.473022
-1.721927,153,24.473072
-2.3122725,120,24.498771
-2.2416043,120,24.498846
-1.9833616,97,24.506147
-1.8538977,102,24.513968
-1.951815,128,24.51493
-1.9248493,130,24.523368
-2.1390727,112,24.57032
-1.866149,94,24.584756
-2.2694664,127,24.58482
-1.8865445,99,24.59936
-2.066361,110,24.600544
-3.2206354,113,24.621903
-0.8747183,133,24.653654
-1.3025048,105,24.674842
-1.7347288,172,24.6799
-2.0540874,116,24.699225
-1.5138098,81,24.701983
-2.08701,112,24.709245
-2.2081418,112,24.710206
-2.0995073,93,24.735168
-0.7620053,197,24.765936
-2.0120893,96,24.786446
-1.9033401,130,24.788373
-1.5241699,115,24.792031
-2.041492,105,24.792815
-0.66781855,156,24.804859
-1.1242868,151,24.82563
-1.1247653,127,24.840538
-2.1591263,121,24.892686
-1.7650766,82,24.905975
-2.3328621,109,24.911417
-2.1426802,106,24.916569
-2.1504192,134,24.949458
-1.7783201,144,24.953097
-1.6991928,106,24.958812
-1.5927671,79,24.986975
-2.0356035,102,24.99867
-1.2412565,152,25.016292
-2.1946929,113,25.022869
-2.3209608,120,25.032752
-1.957944,100,25.040802
-2.06181,113,25.055147
-2.2565603,103,25.080614
-1.746965,137,25.084183
-2.0465922,94,25.085162
-2.0354676,104,25.118104
-2.0251906,95,25.13597
-1.1357472,119,25.139785
-2.3524582,91,25.148415
-2.3247566,142,25.171076
-1.9775296,117,25.199149
-1.9690502,122,25.202884
-1.8499645,127,25.205143
-1.389933,107,25.21595
-2.1807735,116,25.24515
-2.514245,141,25.262977
-1.8961868,104,25.263993
-1.831404,130,25.264967
-2.05325,100,25.295509
-2.0069368,116,25.303878
-1.8115407,134,25.321472
-1.3531725,131,25.332251
-1.7949535,121,25.350926
-2.1680858,113,25.361251
-1.905629,119,25.367497
-2.1095836,123,25.371733
-2.0029426,98,25.37832
-2.293412,141,25.42315
-1.4589458,136,25.43599
-1.9060383,103,25.436041
-2.2396772,127,25.438354
-1.5495037,99,25.444768
-1.214812,89,25.452855
-2.3922362,130,25.473385
-1.3264432,128,25.475823
-2.284328,107,25.506374
-2.2421274,106,25.519659
-2.1352203,122,25.530576
-2.1620455,124,25.538379
-1.5209954,137,25.541525
-2.0547347,125,25.54657
-2.0468736,100,25.55111
-2.2698643,105,25.583781
-2.7249765,169,25.59918
-1.8251449,87,25.605088
-2.1189284,102,25.605138
-1.6338724,122,25.609457
-2.454797,112,25.620132
-2.1854935,106,25.629448
-1.9184076,122,25.636814
-2.7204883,132,28.33784
-2.2745585,104,28.338779
-2.2960668,117,28.342796
-1.084743,89,28.343866
-1.805845,133,28.364966
-1.8475444,117,28.379295
-1.81545,147,28.382753
-1.715629,127,28.396796
-1.6767722,70,28.406357
-2.1893842,106,28.43171
-1.6882021,115,28.444975
-1.8819083,144,28.46342
-1.9292954,113,28.480026
-2.1903298,131,28.4922
-1.6764046,148,28.493065
-2.2883575,118,28.505178
-1.32529,133,28.50929
-1.9723793,126,28.535509
-1.3382695,111,28.535576
-2.0443032,92,28.537813
-2.1362493,109,28.568627
-2.2862058,95,28.588934
-2.3286881,118,28.589876
-2.0302985,123,28.607919
-1.1022447,141,28.609485
-1.2839932,117,28.634177
-1.8769459,121,28.637179
-1.2117095,135,28.64977
-2.2749236,112,28.659579
-2.0939019,106,28.671336
-2.1716576,93,28.681276
-1.938932,97,28.682796
-1.708925,119,28.68284
-2.1399152,97,28.710886
-1.4016105,115,28.721325
-1.6697711,70,28.735541
-1.7933604,111,28.745915
-1.629613,102,28.752019
-2.2378578,134,28.754695
-0.83595157,117,28.776863
-2.5324101,105,28.797578
-1.1664577,143,28.798521
-2.3151777,139,28.843662
-1.4287692,132,28.853377
-2.0048275,84,28.854284
-2.2168853,115,28.855855
-1.4193591,125,28.867247
-1.167339,135,28.867308
-1.8674889,102,28.892957
-2.557215,115,28.904918
-2.1544254,99,28.956345
-1.3548409,122,28.964147
-1.9497193,125,28.968738
-2.2872317,148,28.979048
-0.9952716,139,28.995135
-2.3658454,105,29.00155
-1.6400911,198,29.030678
-0.51586974,154,29.030744
-2.5597038,120,29.063398
-2.3925843,115,29.080242
-2.0123653,110,29.09044
-1.3169842,144,29.095916
-1.8395604,149,29.095962
-2.5119727,103,29.123127
-2.1101894,144,29.128582
-2.204999,126,29.143229
-2.3910506,114,29.164537
-2.2018614,111,29.194891
-2.1977046,142,29.208449
-1.6646888,131,29.209506
-2.2178214,125,29.210677
-1.8572261,100,29.219523
-0.9223689,132,29.243435
-1.6290648,116,29.250301
-2.1259243,138,29.289163
-1.120469,96,29.294328
-2.1913521,117,29.300542
-2.0851002,118,29.312603
-1.6039876,132,29.323016
-2.1701229,105,29.331393
-2.2005458,145,29.343525
-1.787114,113,29.344564
-1.9106911,115,29.385055
-2.0971167,123,29.396253
-2.3148093,122,29.401196
-1.0758414,133,29.432374
-0.9630837,147,29.43319
-2.3419783,134,29.441441
-1.2491685,119,29.44149
-2.301524,122,29.443063
-2.1764874,118,29.476336
-2.0687628,116,29.486933
-2.4108837,129,29.502628
-1.9478595,89,29.511904
-2.1292057,121,29.526228
-1.6844648,109,29.528035
-3.2479405,135,29.545093
-2.2254622,163,29.557553
-2.2206686,109,29.561068
-2.4108717,97,29.575295
-2.2636015,135,29.590934
-2.4648695,127,29.609134
-2.145025,108,29.610028
-1.8219455,90,29.630526
-1.0449698,136,29.656303
-1.4305897,162,29.657976
-2.0609565,106,29.665465
-1.3608727,136,29.673708
-2.1161926,100,29.675272
-1.9677038,89,29.701944
-2.2646756,116,29.702879
-1.8289346,99,29.733336
-2.409639,106,29.738648
-2.9665685,160,29.738702
-1.2235961,110,29.764012
-1.1726507,142,29.786311
-1.8808856,100,29.792457
-2.2001863,116,29.807148
-1.1653123,168,29.819388
-2.3829885,124,29.851533
-2.4390366,130,29.856366
-1.5066909,107,29.858865
-1.7786816,74,29.868339
-0.6058854,157,29.874297
-1.7290685,112,29.879723
-2.453015,113,29.88584
-2.1792831,123,29.918409
-2.139239,107,29.942803
-2.320581,116,29.945284
-2.1819632,119,29.963572
-2.3080423,132,29.964379
-2.5202389,110,29.974314
-1.4167645,121,29.976471
-2.0663912,148,29.992641
-2.5083063,153,30.04468
-2.3391798,124,30.046331
-2.3173888,134,30.051552
-2.1342216,109,32.293366
-1.0825533,88,32.306399
-2.4172885,115,32.309583
-1.9710033,127,32.309632
-2.0629568,86,32.352284
-0.73364735,183,32.364101
-2.0147974,107,32.370281
-2.109002,107,32.377317
-1.5353427,133,32.40796
-1.6733975,138,32.415357
-1.6142441,150,32.42451
-0.7938584,200,32.448026
-1.9870406,121,32.458089
-1.8014138,137,32.484607
-2.12993,110,32.501515
-2.4114177,98,32.501575
-1.6341641,125,32.505828
-0.5145859,176,32.506647
-1.219931,97,32.535657
-1.7764802,235,32.537497
-0.9718991,170,32.582156
-1.4865035,125,32.583062
-1.1833353,111,32.589664
-1.9141544,119,32.59598
-2.3445184,114,32.597678
-2.2755363,127,32.606666
-1.9457061,116,32.627304
-1.4825088,120,32.628764
-1.8212776,96,32.661318
-2.4040148,112,32.665715
-2.1001031,113,32.680695
-2.6766424,136,32.685299
-2.2102628,133,32.699235
-1.7812421,93,32.699285
-1.6060491,132,32.708412
-0.7695249,119,32.756914
-1.1850264,130,32.770148
-0.6786382,189,32.773988
-2.5871687,128,32.788043
-1.2885575,139,32.7917
-2.3832483,124,32.796951
-2.6473832,126,32.798361
-0.6136567,143,32.817445
-1.4806855,108,32.836636
-2.1047819,96,32.844249
-2.4198892,115,32.854755
-1.8105912,101,32.861919
-2.304957,107,32.877675
-2.2220817,128,32.886893
-2.4016047,99,32.892943
-1.2535158,149,32.907139
-2.485858,118,32.926172
-2.1545792,102,32.931855
-2.4727662,101,32.937903
-2.2247689,157,32.964742
-1.234094,134,32.980609
-1.2398862,135,32.989895
-2.0096798,138,32.997604
-2.6605487,99,33.007604
-2.3707156,105,33.018496
-0.81495047,153,33.024194
-2.1139195,139,33.032613
-2.5526454,106,33.044922
-0.95571446,119,33.069067
-2.3181016,101,33.073503
-2.666877,123,33.082733
-2.09699,104,33.087787
-1.9192392,106,33.100231
-1.8109578,99,33.108415
-2.0825133,126,33.123155
-2.6608198,139,33.154055
-2.4191978,109,33.156731
-2.2741675,100,33.179186
-0.81292695,130,33.185125
-1.9017247,145,33.187859
-2.8756802,131,33.189934
-1.7517109,94,33.194513
-2.364149,131,33.212113
-1.954232,85,33.271699
-1.8959736,128,33.274135
-1.148856,77,33.277606
-2.7306585,145,33.295554
-1.2906519,123,33.303994
-1.49789,117,33.315039
-0.9902163,128,33.330815
-2.2325754,103,33.333185
-2.5411026,93,33.379576
-2.0049448,100,33.383269
-2.0226214,115,33.395414
-1.9760088,81,33.411948
-2.2717063,116,33.416173
-1.0752894,95,33.422285
-2.096858,117,33.424255
-2.0998425,112,33.425378
-2.212831,133,33.501935
-2.2368786,124,33.509444
-2.3527217,115,33.519231
-2.0734081,151,33.524419
-2.532807,114,33.532859
-2.4369423,121,33.536858
-2.207951,119,33.536911
-2.7325869,136,33.544459
-1.4064003,116,33.612936
-2.5514252,116,33.629227
-1.2655164,144,33.646653
-2.1988795,110,33.647589
-2.0913749,119,33.648458
-1.7605795,127,33.652465
-2.2952616,141,33.65672
-1.2857348,143,33.670024
-1.3264561,104,33.724564
-1.4546562,92,33.731885
-2.613566,132,33.734451
-2.4930348,107,33.752149
-2.8742719,135,33.773623
-2.7350338,147,33.782866
-0.94746727,146,33.791551
-1.7301751,140,33.800191
-0.87035435,134,33.845402
-2.1813145,124,33.846425
-2.5057783,128,33.84737
-2.250676,85,33.8482
-2.1840065,116,33.854398
-2.4976642,122,33.890362
-2.7019687,109,33.895472
-1.9245752,135,33.91144
-2.4971192,106,33.951339
-2.1771717,119,33.955404
-1.1204364,133,33.969835
-1.8902706,136,33.969889
-1.38066,152,33.985739
-1.5284324,115,33.996906
-1.2072259,109,33.996958
-2.3244061,119,34.020651
-2.1007905,101,36.300417
-2.2799487,115,36.309194
-1.4227382,106,36.318077
-1.92454,110,36.321566
-0.8809745,125,36.345652
-2.4542825,124,36.354675
-1.5794888,136,36.36293
-1.7170538,149,36.394864
-2.41464,116,36.399415
-2.3243413,123,36.415684
-2.0566835,125,36.422348
-0.85088176,165,36.44973
-1.6241812,126,36.467608
-2.574094,123,36.475642
-2.2645724,114,36.479024
-1.6470914,137,36.550471
-2.421056,121,36.558267
-0.3372947,170,36.589977
-0.7083656,148,36.592019
-1.3672893,129,36.604844
-1.0385575,152,36.610543
-0.711396,138,36.622785
-0.95670617,153,36.634147
-1.7309344,123,36.671034
-2.0309205,123,36.680931
-2.4660597,106,36.711811
-2.0668766,122,36.714081
-2.3642092,118,36.745232
-1.5688217,159,36.750673
-0.51989573,164,36.778009
-0.5203151,155,36.795325
-1.6110204,121,36.79736
-1.8702958,133,36.81765
-2.4600124,117,36.835184
-1.5255164,127,36.842725
-0.61996317,131,36.876514
-2.247889,128,36.878158
-0.97125065,135,36.907791
-1.4389594,120,36.909494
-2.4008307,111,36.937618
-0.568545,166,36.956124
-1.4815004,128,36.961716
-1.1802573,159,36.967257
-2.578703,118,36.988325
-2.0427094,150,37.01492
-2.0079458,121,37.022043
-1.3758867,142,37.038357
-3.0025373,126,37.052327
-2.376826,110,37.061243
-1.1673487,134,37.078094
-1.5373555,118,37.094256
-1.515244,148,37.102395
-2.462032,106,37.110828
-0.7609219,166,37.172028
-1.7510874,149,37.173845
-1.1867648,146,37.185534
-1.3978715,106,37.189689
-1.6016858,142,37.189738
-2.4063845,133,37.197575
-1.3917396,130,37.218935
-2.759583,161,37.256709
-2.4436333,95,37.27251
-2.1727314,109,37.288873
-0.72226644,142,37.299825
-1.9039394,129,37.304309
-1.4885345,132,37.312349
-2.252897,159,37.313172
-1.5159155,109,37.313217
-1.4941702,119,37.353896
-1.8344468,126,37.372167
-2.336574,102,37.379932
-2.4328358,125,37.386955
-1.685712,117,37.396145
-1.2971389,108,37.399113
-1.21242,117,37.405654
-1.231163,148,37.429543
-0.71879643,135,37.458536
-2.173461,104,37.460282
-1.5815935,146,37.486482
-1.55815,120,37.490184
-2.2070622,112,37.493723
-2.4003606,95,37.503215
-3.2496164,142,37.510252
-1.88903,165,37.517635
-1.1786525,112,37.550482
-0.8889259,139,37.577242
-1.2819388,113,37.583269
-2.3233013,113,37.590567
-2.3205411,125,37.595509
-1.2802265,121,37.606537
-2.3470237,110,37.611508
-2.188539,128,37.621924
-1.6652926,100,37.665579
-2.0217113,107,37.678638
-2.8827055,104,37.684221
-0.3428476,152,37.687233
-2.131718,108,37.706804
-2.3113625,123,37.707917
-1.1884563,118,37.719354
-1.5137101,151,37.756322
-1.74584,124,37.77511
-2.651267,113,37.783165
-2.2104125,119,37.790956
-2.4278336,102,37.796087
-2.4649987,107,37.800179
-0.72415847,154,37.81405
-0.5377451,136,37.837494
-1.3026329,105,37.84865
-1.14722,88,37.875828
-1.2726183,130,37.889507
-2.6566155,114,37.89154
-2.162947,109,37.892509
-0.8476566,129,37.896637
-1.3224598,135,37.93266
-2.0183077,124,37.94569
-1.5472498,112,37.997684
-1.9150084,132,38.012296
-1.29092,189,38.01963
-0.40599746,164,38.026495
-0.3974973,149,38.028595
-1.3989369,126,38.065475
-0.56127256,146,38.068972
-1.2984779,203,38.077047
-1.4667884,117,38.10573
-1.8569187,77,38.133795
-1.5252506,118,38.135722
-2.0075428,79,38.13885
-0.7569793,145,38.142442
-1.2532384,131,38.1453
-1.587963,188,40.436725
-0.847677,167,40.47628
-2.1216424,104,40.479333
-1.3538681,117,40.492198
-1.5092982,120,40.49854
-1.4721541,158,40.499442
-2.1448905,123,40.506523
-0.66650313,139,40.521133
-1.2519176,123,40.547406
-2.6321871,117,40.574552
-1.8085178,115,40.587264
-1.318425,120,40.597866
-1.201175,148,40.60568
-0.99147046,135,40.615303
-0.4359509,137,40.62262
-1.4636931,130,40.63137
-1.668758,138,40.670051
-2.6635695,106,40.698582
-1.9635011,109,40.708887
-1.0115618,129,40.712461
-0.0906863,146,40.716942
-0.7467119,167,40.721246
-1.3925874,132,40.732907
-0.6462885,126,40.736789
-2.5113018,154,40.79666
-1.7472757,127,40.82759
-0.67814386,139,40.832594
-0.81483245,151,40.835192
-1.4339677,115,40.836104
-0.55559266,170,40.841005
-0.50106496,155,40.842531
-0.44086292,134,40.848125
-0.811548,135,40.906955
-2.491532,105,40.921117
-1.528084,118,40.932751
-1.3322738,108,40.935785
-1.2616441,132,40.947751
-1.3931276,152,40.951693
-1.2309132,148,40.953248
-0.5037078,152,40.964486
-0.92521024,139,41.025744
-1.3057349,136,41.047858
-1.1653453,162,41.058192
-2.4855423,112,41.062525
-0.9248982,152,41.081143
-0.40503532,173,41.081941
-1.7517793,169,41.090422
-0.60055876,166,41.093372
-0.7187178,131,41.133009
-1.1756926,137,41.159016
-2.2430933,128,41.161341
-1.3138896,135,41.170677
-1.349118,107,41.18123
-2.0317216,125,41.183526
-1.8823823,145,41.19984
-1.3491685,157,41.21834
-1.2680714,116,41.266925
-0.7673571,156,41.292126
-0.09596519,189,41.293822
-1.2780488,157,41.295656
-1.3522701,148,41.308249
-1.6048436,162,41.321873
-1.5848234,148,41.32563
-1.3782743,126,41.327147
-1.8237935,118,41.364927
-1.7630122,111,41.382856
-1.717539,110,41.405731
-0.91231745,145,41.407414
-1.6535472,114,41.414718
-1.6539539,168,41.425561
-1.5563095,138,41.434408
-0.8456077,170,41.440527
-2.2479937,108,41.456877
-1.1271466,148,41.515975
-0.83661723,132,41.535507
-0.3802982,152,41.54812
-1.7792871,135,41.551134
-0.71555614,134,41.559956
-1.1379286,171,41.561809
-1.8111947,136,41.579761
-1.0075992,164,41.591697
-0.67300314,128,41.623608
-1.0377692,137,41.660273
-1.6785145,135,41.66196
-1.0123194,130,41.666939
-1.8188332,109,41.668661
-0.9316297,170,41.676907
-2.232963,123,41.692186
-1.1999083,160,41.693096
-1.3275819,127,41.727744
-1.3243077,113,41.759978
-2.0167441,124,41.760793
-0.9124665,118,41.772259
-1.3514214,135,41.776318
-0.72328967,144,41.778768
-0.94371504,120,41.790251
-0.18298799,180,41.858525
-0.4901676,139,41.859449
-2.3363936,113,41.87236
-1.4234004,138,41.893432
-1.0507082,128,41.901174
-1.6605558,128,41.915087
-0.29172,157,41.921769
-0.31556785,176,41.94373
-1.6807655,126,41.962724
-0.6286853,133,41.983468
-2.6429582,110,41.986349
-1.4173295,162,41.996308
-0.097333804,150,42.033904
-0.64431286,163,42.064962
-0.7960502,175,42.068074
-2.26958,117,42.069013
-3.2167265,113,42.088575
-0.23452699,168,42.092357
-1.1563604,145,42.113525
-0.07704591,153,42.130706
-1.4344845,118,42.133191
-2.3393965,120,44.445736
-0.6788989,123,44.451163
-0.2061862,154,44.476629
-2.0233476,116,44.489097
-1.0154439,140,44.489157
-1.734942,172,44.511418
-1.9567485,120,44.513025
-1.3311571,129,44.517987
-0.58843267,124,44.55269
-0.32158893,141,44.560108
-1.912094,114,44.579577
-1.2112318,131,44.59267
-0.32657963,157,44.602606
-1.4764601,119,44.605763
-1.766961,138,44.62912
-0.56674343,128,44.662347
-0.8535762,185,44.666743
-0.8546855,127,44.691346
-2.0106528,180,44.71403
-0.40497366,146,44.729954
-0.75316584,152,44.737803
-2.1127841,190,44.756739
-0.7531821,163,44.768125
-0.89731663,129,44.768174
-1.1258885,126,44.792328
-0.58789563,157,44.793837
-1.6872965,140,44.844408
-0.47333783,153,44.863117
-0.36220366,138,44.867742
-0.18953125,194,44.87085
-0.27604997,143,44.884398
-0.5824277,130,44.898183
-0.97147185,164,44.900381
-0.58469725,150,44.91538
-1.775584,98,44.922158
-1.648675,130,44.972963
-1.8283861,120,44.979049
-0.65238535,143,44.981748
-0.12628578,157,44.988442
-2.3850617,134,45.00646
-1.3285173,128,45.017956
-0.77085793,124,45.022474
-0.45921916,162,45.027678
-1.9922559,112,45.081705
-1.3202732,121,45.094074
-0.7055092,135,45.108633
-0.55597234,133,45.114103
-1.350481,112,45.1167
-0.50191003,148,45.157003
-0.24031726,154,45.166319
-0.6413897,136,45.197562
-0.54770786,190,45.204358
-0.32462624,143,45.21539
-0.47382605,129,45.217689
-0.8575359,140,45.232579
-0.5781526,158,45.24538
-0.218824,149,45.286423
-0.79059815,144,45.292491
-0.7309546,132,45.324037
-0.7770613,149,45.332626
-0.73674,144,45.346364
-0.21079694,148,45.351958
-0.72847056,137,45.359485
-0.964568,130,45.400501
-0.9355627,184,45.409199
-1.170856,131,45.429999
-0.17919955,166,45.432951
-1.5263436,124,45.447263
-0.51069736,150,45.456297
-0.05160445,178,45.500312
-1.3212011,122,45.503383
-0.22174871,189,45.515957
-1.7085426,145,45.529233
-0.5578997,126,45.538628
-0.47599703,147,45.551173
-1.1643004,140,45.560816
-0.6355702,156,45.581655
-0.3141031,141,45.611295
-1.238304,142,45.629266
-0.427297,165,45.634983
-0.1301922,139,45.641237
-0.24421307,148,45.658033
-1.2206821,142,45.666499
-0.26541555,147,45.679262
-0.52038646,156,45.704738
-1.3446214,132,45.732303
-0.5696661,127,45.734131
-0.33398005,157,45.735775
-0.5593058,150,45.757589
-0.85852015,120,45.759142
-0.5987099,157,45.779473
-1.5363092,130,45.780365
-0.46030238,139,45.812627
-0.6640874,141,45.841129
-0.4981336,155,45.853141
-0.88276774,166,45.859142
-0.89980894,136,45.861566
-0.7626952,143,45.868035
-1.7104433,123,45.87241
-0.2868528,146,45.890487
-0.41470456,151,45.927102
-1.0863082,139,45.947215
-0.90622044,122,45.96122
-0.7704619,147,45.965844
-0.8377816,153,45.976249
-1.3775936,158,45.982815
-1.0728132,128,45.989418
-0.84422934,153,45.99021
-1.802448,125,46.04186
-0.69451857,139,46.067379
-0.69082814,143,46.084932
-0.74758947,142,46.091107
-1.351204,165,46.092803
-3.5358357,227,46.101919
-0.6974062,158,48.329709
-0.71664727,180,48.34551
-0.08879798,144,48.374146
-1.5744836,119,48.38042
-1.6589109,132,48.408755
-0.1269701,140,48.421519
-0.4616081,145,48.426865
-0.45648485,140,48.432081
-1.1465609,137,48.438731
-0.41483733,141,48.479568
-1.2436645,144,48.510897
-0.56167454,125,48.531369
-1.0245972,163,48.532913
-1.1524436,112,48.532939
-0.6626395,119,48.551052
-0.8237052,138,48.574515
-1.1564788,180,48.597074
-0.33634073,145,48.601914
-1.8223046,116,48.609594
-0.15235116,139,48.64894
-0.34157014,144,48.654804
-1.3503851,145,48.65564
-0.40061182,171,48.691985
-0.75084716,123,48.700805
-1.1265893,155,48.700852
-0.12704703,132,48.703051
-1.9215857,133,48.715314
-0.50511014,117,48.738301
-0.75529224,125,48.750518
-1.0582118,165,48.783087
-0.56114274,154,48.810374
-1.2044655,143,48.811492
-0.33246288,159,48.824191
-0.718132,170,48.848293
-0.4305106,141,48.849905
-3.9102914,224,48.876627
-0.3873964,174,48.885701
-0.42341816,169,48.913152
-0.32744217,140,48.93106
-0.13878265,158,48.932718
-2.0028634,170,48.941422
-1.2079175,131,48.948168
-0.83412737,151,48.965054
-0.4989425,139,48.984042
-0.37727287,135,48.990545
-0.7978722,145,49.027064
-1.3153615,132,49.036008
-0.9011267,153,49.053868
-0.67555314,142,49.059705
-1.1973829,164,49.069864
-0.2794731,151,49.10723
-2.6060681,204,49.125033
-4.2062483,196,49.137508
-0.8046618,167,49.16409
-0.90186894,185,49.169694
-0.5808454,153,49.171927
-0.92600703,131,49.171974
-1.8288343,203,49.217838
-0.16381732,154,49.246823
-0.5700685,150,49.256413
-4.762667,199,49.26549
-0.6638912,141,49.283802
-0.53512454,143,49.285311
-1.9387457,158,49.294452
-1.8413764,178,49.304422
-0.4326607,138,49.32574
-0.5668703,160,49.369923
-0.44305563,149,49.370718
-0.84572226,127,49.393514
-0.36991623,145,49.397279
-0.64395994,175,49.400265
-0.30173156,136,49.410408
-0.16710299,176,49.419973
-0.6367184,125,49.422973
-0.6989074,141,49.481508
-0.87847584,174,49.50694
-0.64192635,146,49.511986
-0.6164115,145,49.514259
-0.29568386,154,49.514303
-0.73801446,137,49.527464
-0.16062135,157,49.533007
-0.1722712,158,49.545327
-0.8326441,143,49.592792
-1.3293443,125,49.606986
-1.3267318,122,49.611513
-1.1192219,132,49.616498
-0.99471617,135,49.621819
-0.46020544,163,49.658908
-0.22004852,158,49.674856
-1.9076194,191,49.687502
-0.7116513,133,49.701268
-1.3482705,126,49.712535
-0.15007457,134,49.714493
-0.79854333,132,49.722404
-0.54201406,142,49.734491
-0.5311711,137,49.767403
-1.6465914,122,49.784894
-0.8251747,127,49.802676
-0.9700679,162,49.804224
-0.7450018,120,49.819876
-0.30031234,137,49.823215
-0.75126517,143,49.830065
-0.1910053,131,49.874826
-2.7538977,194,49.894525
-0.15577468,163,49.917784
-0.29951954,142,49.920062
-0.7172316,150,49.924441
-0.9265255,138,49.931102
-1.2829969,143,49.944099
-0.24035712,161,49.951484
-1.0576818,121,52.226734
-0.72345096,174,52.25042
-0.80833256,131,52.258526
-0.9716339,146,52.271688
-0.5164015,139,52.277121
-0.8287081,152,52.280452
-0.21821368,141,52.291731
-0.6253722,152,52.344039
-3.5356367,200,52.346077
-0.041252516,153,52.377072
-0.71450204,133,52.394822
-0.75501704,190,52.396349
-0.19652003,156,52.400767
-1.3882095,188,52.416034
-3.1781347,193,52.426143
-0.38263962,144,52.457084
-0.4811095,149,52.459473
-0.60259175,122,52.496588
-1.908768,166,52.504674
-0.48816788,163,52.526735
-0.24979022,149,52.536813
-1.7609166,178,52.537895
-0.89868176,150,52.548284
-0.75633776,125,52.56158
-1.0439587,115,52.599721
-0.46020472,139,52.61031
-2.7401295,239,52.649915
-0.24513845,146,52.653061
-1.2961355,133,52.653834
-0.7690537,167,52.660222
-1.0318767,142,52.674559
-1.128889,184,52.683172
-0.14552853,146,52.712477
-0.44475517,169,52.739789
-0.8716438,165,52.776291
-0.31112087,167,52.781574
-0.6031939,162,52.784826
-0.08109894,138,52.78964
-1.4193263,157,52.794728
-0.7314201,191,52.801082
-1.2419248,136,52.847328
-1.1908057,177,52.851338
-0.62601113,125,52.880079
-0.7393515,163,52.910912
-0.3332381,153,52.918917
-1.3257186,186,52.939052
-2.9821887,218,52.945684
-4.4038563,214,52.954195
-0.6070561,169,52.975875
-0.51139545,172,52.982014
-1.5753272,133,53.022269
-1.0647115,187,53.023097
-1.1495076,135,53.042749
-0.53395903,175,53.046472
-0.2844872,158,53.068825
-0.9725186,139,53.093161
-0.5138109,148,53.093947
-1.9438403,188,53.102456
-0.24871174,149,53.139807
-1.107326,167,53.174883
-1.7143474,207,53.184588
-0.7900288,179,53.187051
-1.1428018,133,53.195685
-0.43554607,165,53.197246
-1.3599528,144,53.204604
-0.33685422,172,53.233124
-0.28053033,159,53.260612
-0.5242276,126,53.292411
-0.2734839,149,53.29691
-0.67020977,165,53.311385
-1.0524275,184,53.314407
-1.1031069,198,53.344657
-0.7123264,150,53.347104
-3.3973274,204,53.358426
-0.74454176,129,53.390451
-2.3418536,181,53.39827
-0.78812414,156,53.416016
-0.34117082,144,53.422643
-0.3151,144,53.425185
-0.36733034,153,53.475932
-1.2463163,178,53.481058
-0.78078216,178,53.483253
-0.3667531,170,53.518712
-0.49125645,161,53.544149
-3.643195,196,53.547095
-0.5189254,169,53.548747
-4.8291025,227,53.590011
-0.9051996,149,53.596308
-0.74812424,169,53.60615
-0.47629124,170,53.615662
-0.5167243,151,53.637653
-1.0289509,139,53.656752
-0.34880513,150,53.663397
-0.81582683,156,53.665611
-0.45440108,150,53.713142
-0.8241286,188,53.736129
-0.20584588,156,53.736183
-0.81342137,176,53.743244
-0.3783793,136,53.762255
-0.45671707,172,53.768889
-0.36735028,161,53.790616
-0.27600855,158,53.790673
-0.823357,143,56.176613
-0.2874566,148,56.213065
-0.75079817,160,56.235556
-0.38428968,146,56.248578
-0.18654779,148,56.259754
-0.9363917,133,56.269276
-1.6889573,203,56.269362
-0.12353795,155,56.291304
-0.71634215,197,56.376088
-0.5016835,163,56.376953
-0.5570917,132,56.380398
-0.522255,173,56.408419
-0.7007058,153,56.412233
-0.16615516,152,56.421254
-0.8716253,163,56.431634
-0.19212909,141,56.431688
-0.23132302,142,56.517539
-0.703744,151,56.527965
-1.2117504,122,56.530265
-0.32648364,160,56.540639
-0.40624884,149,56.560051
-0.5241071,140,56.560118
-0.7668719,167,56.597481
-0.49650353,172,56.602226
-0.9265757,158,56.672026
-0.6746314,147,56.672832
-0.37832114,158,56.680798
-0.5792654,155,56.706494
-1.4505488,205,56.733207
-1.006913,164,56.749666
-0.077521354,206,56.752853
-1.2909594,179,56.766611
-0.71464163,149,56.800257
-0.40270007,161,56.81105
-0.86851084,184,56.838937
-1.1385288,156,56.840788
-0.47824657,142,56.872502
-0.86855316,178,56.884514
-0.4381526,168,56.891437
-0.8051169,181,56.922734
-0.44777596,150,56.93254
-0.43819985,141,56.964983
-0.08511771,140,56.965823
-1.4400027,175,56.966698
-0.89076275,146,57.033346
-1.3230066,169,57.03506
-0.66826516,166,57.096079
-0.2165314,138,57.123208
-0.4135455,179,57.127363
-7.9353385,235,57.131847
-0.7277786,186,57.194675
-0.3801676,159,57.25747
-0.44218856,160,57.261081
-0.5007373,229,57.268532
-0.2029092,141,57.300602
-0.48192513,159,57.352844
-0.33241305,159,57.357823
-0.03740573,176,57.368147
-0.5563257,153,57.39766
-0.08305889,142,57.432021
-0.15376972,157,57.440922
-0.1758853,143,57.463004
-1.7137196,187,57.474711
-0.4955875,162,57.522798
-0.13446818,159,57.523919
-0.3185022,166,57.539041
-0.24699855,152,57.549129
-0.36433238,150,57.579313
-0.19644773,153,57.591392
-0.537826,181,57.641574
-0.40167364,131,57.65291
-0.5349306,139,57.662173
-0.9998623,194,57.6676
-0.69334906,154,57.695951
-0.2751833,153,57.703698
-0.63463706,146,57.731498
-0.5457746,137,57.734361
-0.30793715,127,57.77183
-0.43848836,132,57.795842
-0.26203477,130,57.798033
-0.9340207,137,57.827864
-1.4198927,182,57.83274
-0.40624222,144,57.842637
-0.6329078,148,57.87046
-0.45071995,137,57.893081
-1.0811868,189,57.901181
-0.34180155,147,57.922452
-0.6020433,161,57.9346
-0.67477137,144,57.951088
-0.38488543,136,57.953455
-0.59067863,163,57.961831
-0.28143913,164,57.998608
-0.5224624,165,58.020715
-0.25440058,170,58.031951
-0.30553135,145,58.032
-0.9497624,152,58.049326
-0.22562143,165,58.075387
-0.21390203,159,58.081234
-0.6249614,189,58.095452
-0.45028013,174,58.130419
-0.63068795,153,58.136942
-0.1591794,154,58.149891
-0.47611427,139,60.439891
-0.21075714,167,60.444572
-0.22643778,132,60.468074
-0.41034022,152,60.494442
-0.12699816,157,60.516112
-0.6581456,135,60.562867
-0.29929328,139,60.579089
-1.1619581,170,60.580858
-0.5328637,180,60.58302
-0.597649,154,60.588947
-0.31100655,142,60.603861
-0.19537643,125,60.6395
-1.3957441,192,60.678799
-0.15868513,148,60.705565
-0.2572417,136,60.713505
-0.38315874,131,60.714324
-0.7938956,143,60.71628
-1.7196827,164,60.736053
-0.36356586,152,60.746031
-0.07987049,173,60.805504
-0.743683,146,60.819223
-0.29398453,147,60.841639
-0.7452809,146,60.848368
-0.6928361,155,60.857176
-0.44753784,170,60.867028
-0.7804492,162,60.881043
-0.99581766,162,60.889838
-0.41024297,140,60.941281
-2.965554,193,60.975312
-0.78230226,136,60.992457
-0.19875182,170,60.994201
-0.49178994,158,61.001415
-0.5413498,143,61.015127
-0.25072852,200,61.028986
-0.043182984,151,61.032926
-0.4689167,165,61.091871
-0.32916966,170,61.127456
-0.31552792,149,61.127514
-0.7022788,157,61.1325
-0.40230903,170,61.151533
-0.34005076,151,61.167694
-0.90294176,178,61.17366
-0.34833705,162,61.173706
-0.6238914,168,61.234976
-0.4957853,142,61.255072
-0.9168876,170,61.274144
-0.9635638,173,61.276372
-0.9977241,176,61.315182
-0.8104399,197,61.318966
-1.2647709,200,61.338534
-0.5468748,128,61.340395
-10.012037,269,61.39153
-0.87008995,161,61.398869
-1.5688738,194,61.407394
-0.37998015,198,61.428036
-0.1089232,132,61.437892
-1.4184513,161,61.440163
-0.7911489,148,61.451398
-0.19989163,184,61.453727
-0.16222689,146,61.500416
-0.251787,157,61.525002
-0.5315684,169,61.525881
-0.19223824,139,61.534034
-0.45097744,162,61.559524
-0.20610487,146,61.561067
-0.67131865,162,61.56195
-0.5754858,145,61.562713
-0.6346388,148,61.615758
-0.039770715,145,61.648373
-0.30329132,157,61.660535
-0.5936058,154,61.667441
-0.15543705,142,61.693323
-0.40934536,163,61.717949
-0.21829146,166,61.722451
-0.113392055,180,61.741281
-1.7106944,167,61.791987
-0.5444827,124,61.797507
-1.9980386,161,61.817234
-1.3073236,182,61.849042
-0.72668266,163,61.877071
-0.4761173,164,61.894367
-0.41295892,179,61.894422
-0.7307203,242,61.924659
-0.63452303,156,61.931121
-0.84198034,175,61.952744
-0.706815,125,61.953874
-0.4047512,164,61.9583
-0.6840327,153,62.007905
-0.77615774,148,62.021181
-0.43785208,154,62.027173
-0.8854291,121,62.030396
-0.17925103,142,62.057791
-0.6986678,156,62.096587
-0.09686675,168,62.101513
-0.6053734,197,62.127676
-0.21541364,147,62.137959
-0.2724547,139,62.149806
-0.21011938,153,62.153787
-0.10088834,141,62.173946
-0.2971335,178,62.177751
-0.47031614,148,62.212757
-0.6571669,209,64.421993
-1.6079609,184,64.426106
-0.64557606,172,64.426925
-0.59300697,162,64.431163
-0.47705513,167,64.458329
-1.3321855,191,64.480994
-0.556442,153,64.487898
-0.8173568,235,64.491285
-0.18954441,148,64.539937
-0.5055125,158,64.543595
-0.28275037,152,64.543621
-0.6192936,158,64.552549
-0.23774701,170,64.587333
-0.34677428,172,64.610938
-0.80533874,176,64.623252
-0.2104328,202,64.638639
-0.22062577,160,64.660801
-0.9641988,169,64.66377
-1.1242119,188,64.69129
-0.44593924,200,64.691338
-0.25053442,160,64.705792
-0.12731966,148,64.73309
-0.6140495,167,64.734596
-0.6725557,160,64.758408
-0.4536951,140,64.765804
-0.09990334,134,64.791686
-0.30109158,150,64.8038
-1.0571315,190,64.806845
-1.0069839,144,64.81458
-0.7051361,149,64.871819
-1.4943812,185,64.873442
-0.59660864,147,64.878042
-0.95957863,200,64.886076
-0.40570968,170,64.91982
-0.4897322,168,64.930642
-1.0684602,164,64.937866
-0.5413508,192,64.950991
-0.20834436,154,64.988157
-0.5860125,149,64.989044
-0.7376648,164,64.994346
-0.4485942,184,65.023971
-1.2167482,172,65.049124
-0.4605462,134,65.052338
-0.5239885,166,65.055676
-0.7059088,164,65.061419
-0.62661934,157,65.106194
-0.9640887,163,65.111837
-0.2738536,170,65.122489
-0.12284935,130,65.146539
-0.14287001,134,65.161436
-0.8693197,197,65.171307
-0.59411454,174,65.182208
-0.9115565,183,65.191517
-0.26034212,141,65.21644
-0.406094,150,65.218112
-0.345051,183,65.258744
-0.86721337,156,65.263184
-0.27674258,138,65.26474
-0.2838151,161,65.291573
-0.83291733,186,65.319983
-0.24341299,146,65.325837
-0.16229272,185,65.328926
-0.40961498,162,65.336351
-0.8151388,141,65.368896
-0.852177,173,65.388346
-0.31722546,170,65.392097
-1.6240491,180,65.425948
-0.1848216,149,65.438616
-0.3102975,148,65.448211
-0.27339047,181,65.456247
-0.16262011,129,65.464057
-0.38607082,183,65.46613
-0.46995533,164,65.510045
-0.37766874,164,65.514117
-0.32704008,144,65.533935
-0.3534205,150,65.551037
-0.24671653,129,65.55314
-0.20306131,140,65.553185
-0.11954728,155,65.581986
-0.55276483,181,65.600333
-0.28891551,154,65.62495
-0.65753955,180,65.648743
-0.2514307,172,65.662167
-0.34503216,178,65.683361
-0.994619,177,65.684816
-0.80896735,146,65.691118
-0.49252975,202,65.70303
-0.47785518,145,65.70767
-0.47684288,129,65.721189
-0.22427161,165,65.785135
-0.23190191,130,65.788926
-1.1264647,189,65.789738
-0.91490984,167,65.808191
-0.79110956,196,65.828119
-0.2391369,151,65.832913
-0.19510081,182,65.838585
-0.013861984,178,65.840197
-0.40437037,135,65.885867
-0.52371526,169,65.915926
-0.63079596,187,68.089116
-0.43009084,163,68.092469
-0.3916499,146,68.11176
-0.54076195,157,68.119159
-1.7814915,188,68.137977
-0.5253288,195,68.138791
-0.46553087,185,68.186378
-0.10271708,169,68.215753
-0.6853659,167,68.217224
-0.56127787,188,68.217263
-0.40791532,138,68.221103
-0.21438745,134,68.235594
-0.34403884,203,68.262736
-0.5196399,194,68.280452
-0.7056492,139,68.319111
-0.4272409,182,68.320621
-0.2385104,165,68.342653
-0.2975914,188,68.355419
-0.21585578,196,68.361153
-0.39147457,189,68.374104
-0.81180346,160,68.378991
-1.1471782,164,68.401219
-0.77511334,176,68.449695
-0.5003078,190,68.458282
-0.005086586,155,68.469507
0.059262633,165,68.48185
-0.53630507,191,68.481935
-0.33258545,150,68.488985
-0.37123787,168,68.497705
-0.3022579,166,68.523209
-1.1872352,174,68.586527
-0.90706027,152,68.595339
-0.28018683,160,68.601406
-0.3478886,164,68.611716
-1.1113012,230,68.618628
-0.10596856,169,68.62352
0.04660681,150,68.632155
0.1002513,258,68.658199
-1.2570406,163,68.705051
-0.077086836,174,68.721583
-0.24369329,177,68.72958
-0.08486976,164,68.730348
-0.4475586,192,68.757393
-0.44672245,171,68.782491
-0.94036984,208,68.783255
-0.88740015,227,68.787663
-0.24035592,144,68.827137
-0.5179323,169,68.828677
-0.13828759,144,68.835334
-0.34978583,170,68.855216
-0.15342754,151,68.896639
-0.79363126,173,68.908304
-0.25329345,174,68.909811
-0.7724814,230,68.923693
-0.6327569,155,68.937876
-0.33517462,163,68.942112
-0.14599124,148,68.958251
-0.5451751,203,68.978903
-0.33660385,158,69.02182
-0.7695091,193,69.035741
-0.35680258,164,69.041518
-0.20526642,143,69.041546
-0.2151743,195,69.049537
-0.14341865,148,69.049571
-0.41721252,134,69.055817
-0.21758153,186,69.114953
-0.21941417,146,69.142183
0.003736034,169,69.144367
-0.122480914,152,69.160132
-0.65385324,153,69.160906
-1.1988934,177,69.170081
-0.6906111,182,69.173912
-0.6668817,170,69.179573
-0.13796628,155,69.228995
-0.14242719,139,69.247765
-0.23120953,170,69.267507
-0.17479187,161,69.278368
-0.011845857,175,69.289073
-0.15131976,171,69.299176
-0.1682008,191,69.310165
-0.37833866,183,69.313882
-0.16784728,187,69.364184
-0.27606577,160,69.383342
-0.24505743,156,69.391809
-0.37240982,206,69.396125
-0.4752841,163,69.407235
-0.33232445,138,69.413675
-1.0419345,166,69.419406
-0.6526376,161,69.426482
-0.26538453,139,69.464599
-0.5840255,143,69.499464
-0.42838687,178,69.511548
-0.28457516,139,69.51427
-0.14581658,178,69.520104
-0.5737827,143,69.522954
-0.3660574,138,69.526486
-0.3043014,166,69.527217
-1.0825279,190,71.837195
-0.104485184,158,71.871637
-0.8283076,185,71.881075
-0.22535504,162,71.88665
-0.38781494,158,71.886708
-0.5670204,172,71.888348
-0.0867063,163,71.896095
-0.3127863,173,71.903815
-0.05797358,161,71.985354
-0.4869917,137,72.001248
-0.1172768,167,72.019074
-0.4543771,152,72.020138
-0.1966283,153,72.031061
-0.011853933,186,72.052765
-0.21321249,168,72.052819
-0.31851423,190,72.054691
-0.4098218,155,72.141446
-0.15811206,153,72.155209
0.211636,161,72.177367
-0.18724617,184,72.196553
-0.32577825,152,72.199949
-0.4614977,180,72.20321
-0.7949898,163,72.210486
-0.5052519,178,72.221011
-0.037748545,145,72.25877
-0.6114389,176,72.297638
-0.14770961,173,72.31614
-0.39676502,160,72.324064
-0.19835404,164,72.339128
-0.12139915,179,72.340656
-0.12419529,163,72.348042
-0.19348273,191,72.352442
-0.15651381,144,72.367897
-0.32963312,151,72.409867
-0.27994835,143,72.423743
-0.10073526,160,72.444538
-0.42383707,155,72.457651
-0.30489612,140,72.458556
-0.71824163,158,72.458592
-0.11828166,169,72.476144
-0.3805044,175,72.501459
-0.39478984,171,72.538373
-0.25079504,154,72.558275
-0.407532,142,72.562478
-0.22742662,196,72.567945
-0.26992592,184,72.593064
-0.62790555,184,72.5931
-0.36668584,180,72.607152
-0.38714993,139,72.63794
-0.40502712,208,72.65077
-0.35602772,149,72.6711
-0.15716958,165,72.678865
-0.3320682,180,72.699875
-0.14349711,151,72.704268
-0.31633735,158,72.709424
-0.39868575,166,72.728246
-0.2839815,160,72.768001
-0.2068123,179,72.768893
-0.15214981,156,72.78559
-0.30922478,159,72.79503
-0.08275947,156,72.813261
-0.29741478,146,72.815468
-0.45730543,145,72.835587
-0.9509797,185,72.839953
-0.20458943,145,72.877656
-0.0010608435,168,72.893535
0.06377648,169,72.911506
-0.4881539,168,72.919821
-0.18487258,153,72.927832
-0.19721228,164,72.938359
0.05870238,165,72.961619
-0.23902833,198,72.98129
-0.15781468,143,72.982093
-0.4110999,162,73.010567
-0.24489123,160,73.026781
-0.48496175,183,73.052798
-0.41169405,179,73.057792
-0.24894246,167,73.059291
-0.44131365,179,73.091314
-0.32008213,157,73.094878
-0.58395,179,73.111925
-0.40351093,183,73.144634
-1.1306931,165,73.147091
-0.057108954,162,73.17671
-0.14079903,180,73.1847
-0.26147157,173,73.18611
-0.19385314,152,73.203235
-0.30405366,156,73.209596
-0.29693508,163,73.23114
-0.41403455,167,73.268561
-0.18626845,188,73.284895
-0.29981893,158,73.291673
-0.18474402,133,73.307275
-0.23309538,168,73.307311
-1.2638838,148,73.311373
-0.83881354,190,73.324496
-0.621907,168,73.354038
-0.52238595,151,73.394609
-1.233674,190,73.405394
-0.30176318,138,73.40691
-0.13206586,144,75.904966
-0.24454886,146,75.929009
-0.4610303,180,75.941708
-1.0725176,244,75.974009
-0.087365985,175,75.98997
0.02118665,146,76.030595
-0.5381786,172,76.033581
-0.2632478,160,76.038816
-0.18902493,171,76.047111
-0.11547121,146,76.068235
-0.74811256,206,76.106209
-0.0862346,140,76.109359
0.07571095,230,76.167579
0.008881837,173,76.175926
-0.29375446,187,76.205455
-0.31239787,219,76.219872
-0.3875007,193,76.229934
0.36574703,254,76.250803
-0.2216545,176,76.253902
-0.36735347,199,76.268717
-0.17111242,185,76.39051
-0.62768376,199,76.394494
0.11227825,174,76.408751
-0.22052759,146,76.411306
-0.07004127,175,76.426758
-0.50200725,171,76.478063
-0.79600453,206,76.49385
-0.10552971,262,76.537248
-0.23031431,157,76.549587
-0.47961628,161,76.550535
-0.08634281,143,76.551452
-0.5922038,191,76.560978
-1.3576577,234,76.609278
-0.13494295,156,76.648244
-1.0877767,191,76.668889
-0.5844693,151,76.699042
-0.53742486,156,76.769086
-0.024201564,167,76.770243
-0.29577163,179,76.781662
-0.38406587,202,76.808507
-0.25586626,149,76.840438
-0.84679943,183,76.842437
0.003091231,153,76.861652
-0.18573532,145,76.902314
-0.14341398,149,76.906342
-0.33903736,160,76.923688
-1.0028046,205,76.926816
-0.24880026,149,76.935589
-0.18141104,154,76.965578
-0.16063656,190,77.0031
-0.1221959,201,77.035247
-0.26543522,149,77.037607
-0.1871496,167,77.048211
-0.58491486,172,77.075861
-0.3364656,176,77.076744
-0.45829612,149,77.098796
-0.9027387,213,77.118132
-0.065186754,170,77.147114
-0.4897471,149,77.157905
-0.34307876,158,77.162854
-0.13193294,150,77.197249
-0.2042775,165,77.230041
-0.25061268,151,77.237226
-0.9227687,206,77.239501
-1.197653,247,77.24395
-0.20266633,153,77.273287
-0.085816465,155,77.280472
-0.16356315,184,77.290016
-0.057805732,173,77.335268
-0.17420056,156,77.364536
0.41269433,173,77.367575
-0.0070507675,180,77.379468
-0.2306225,139,77.392581
-0.41254562,198,77.399581
-0.4008582,182,77.435745
-0.5498366,240,77.466479
-0.17039207,173,77.468714
-0.2302415,154,77.481995
0.0068598837,148,77.492895
-0.046478078,165,77.492923
-0.40645558,152,77.508565
-0.1365199,155,77.517629
-0.056229413,174,77.563489
-0.38815185,157,77.580869
-0.08339165,162,77.603291
-0.26820615,165,77.621255
-0.18316896,143,77.621321
-0.027949445,204,77.626263
-0.34316826,178,77.634641
-0.3123685,164,77.65577
-0.47872064,174,77.726506
-0.20330499,154,77.730575
-0.13221714,147,77.750004
-0.0766133,161,80.274833
-0.1928595,178,80.297217
-0.22486614,185,80.29997
-0.20625319,164,80.312662
-0.16441688,187,80.315972
-0.1373253,149,80.394857
-0.60121906,221,80.450103
0.3126601,238,80.463943
-0.16711803,166,80.469877
0.00805904,157,80.47518
-0.881832,203,80.486785
-0.110082865,184,80.492552
-1.3995988,195,80.519282
-0.28984094,207,80.615097
-0.20280084,158,80.618729
-0.3212611,149,80.622874
-0.21828464,165,80.662235
-0.25207886,183,80.665106
0.034427807,176,80.668157
-0.73260695,212,80.689077
-0.11496815,182,80.704511
-0.02440609,163,80.772989
-0.049932346,172,80.778631
-0.23120418,191,80.802219
-0.5272988,170,80.824481
0.014317349,168,80.844419
-0.12568673,231,80.878316
-0.04338248,232,80.884998
-0.07403078,199,80.888401
0.22206102,154,80.914957
0.06752217,156,80.943981
-0.19977826,188,80.949613
-0.04532379,172,80.977786
-0.7271266,205,81.021437
-0.15317051,179,81.037888
-0.38411993,209,81.052964
-0.27606905,207,81.057281
-0.255539,173,81.086859
-0.4301234,226,81.096221
-0.6995188,210,81.114264
-0.57912815,227,81.168421
-0.098741025,180,81.176151
-0.5550994,207,81.2308
-0.30437058,196,81.260925
-0.42970073,223,81.283919
-0.4652482,195,81.307026
-1.1853878,219,81.317558
-0.59097207,195,81.323384
-0.24088731,172,81.351473
-0.22412105,174,81.359939
-0.18841854,158,81.390245
-0.33220297,184,81.424359
-0.19937366,200,81.458848
-0.16437218,162,81.460596
-0.3449898,185,81.484858
-0.10903779,165,81.503682
-0.17034024,186,81.513
-0.0006761849,242,81.516754
-0.011758894,165,81.560491
-1.0307437,209,81.564365
-0.108608454,167,81.592769
-0.27077678,216,81.632818
-0.0009326041,160,81.643665
-0.27295792,173,81.651347
-0.14597227,147,81.6767
-0.15970244,269,81.696825
0.1034479,260,81.707502
-0.2748465,172,81.72594
-1.0897067,208,81.726768
-0.5499834,177,81.767192
-0.22109708,177,81.77701
0.06495705,152,81.791134
-0.8158322,221,81.815669
-0.26115423,161,81.816437
-0.16667931,140,81.828592
0.0036542565,167,81.831578
-0.26368272,174,81.855317
-0.5633529,177,81.897435
-0.89781356,200,81.923879
-0.21221392,184,81.925504
-0.42010427,178,81.945623
-0.23204364,174,81.95639
-0.2506833,183,81.966649
-0.21721101,206,81.968268
-0.27010387,180,81.98925
-0.099535465,165,82.020703
-0.6482419,149,82.036983
-0.124131516,168,84.236891
-0.030216813,148,84.244149
-0.17579527,219,84.253512
-0.41809207,176,84.255255
-0.08840359,197,84.289151
-0.07007702,247,84.361062
-0.2117247,189,84.366718
-0.53068876,240,84.39548
-0.29542834,175,84.408402
-0.04464525,163,84.409404
-0.32554966,168,84.412297
-0.2594176,189,84.413333
-0.17049485,235,84.511343
-0.65870106,164,84.563811
-0.973639,208,84.564725
-0.5994975,217,84.566526
-0.1402081,179,84.582282
-0.40334862,214,84.614251
-0.4027665,238,84.619513
-0.1865682,228,84.624018
-0.35296726,176,84.673345
-0.13638096,179,84.729357
-0.81044745,182,84.747423
-0.364864,212,84.75734
-1.3960028,230,84.768738
-0.504487,178,84.774657
-0.35723078,227,84.808714
-1.0443867,216,84.808771
-0.10027921,172,84.817174
-0.13532443,149,84.86813
-0.2483884,174,84.909016
-0.15189376,261,84.938839
-0.20927441,237,84.94937
0.18287107,174,84.951687
-0.08261269,239,84.96819
-0.3976424,200,84.971233
-0.75386083,168,84.999718
0.24861753,241,85.011908
-0.1446738,169,85.071337
-0.1016572,184,85.121569
-0.27705193,193,85.143723
-0.08910428,181,85.156913
-0.47202927,235,85.176869
-0.1141777,161,85.181518
-0.47230762,221,85.218396
-0.1033937,280,85.230987
-0.25643831,173,85.261855
-0.4170655,264,85.29434
-0.8305545,200,85.303118
-0.54511136,162,85.308643
-0.39928365,200,85.314196
-0.27409,206,85.337624
-0.370816,171,85.364384
0.05140969,189,85.365246
-0.22753923,156,85.423158
-0.69963527,212,85.427848
-0.3866595,169,85.438525
-0.040806413,177,85.450735
-0.23684931,219,85.463035
-0.99012667,210,85.499407
-0.27483416,190,85.510721
-0.6124728,205,85.520919
0.046026126,169,85.551366
-0.5057493,178,85.562709
-0.22143337,210,85.597261
-0.5163295,211,85.622923
-1.0685649,231,85.625236
-0.23824736,186,85.638747
-0.25521782,197,85.657797
-0.10703523,181,85.698114
-0.67223793,200,85.701109
-0.77333325,243,85.703294
0.017676204,166,85.720675
-0.32082886,162,85.745059
-0.11826536,174,85.752636
-0.24136604,169,85.764923
-0.19476771,157,85.815846
-0.07666105,164,85.8249
-0.21681082,251,85.847059
-0.120009966,196,85.850582
-0.2608775,180,85.856408
-0.34311315,178,85.87775
-0.33475924,181,85.887349
-0.6386037,173,88.138903
-0.7187175,173,88.149398
0.09782642,260,88.15615
-0.202848,181,88.183431
-0.6948962,186,88.199608
-0.0368755,153,88.207675
-0.4384522,167,88.209714
-0.544115,226,88.23061
-0.57092875,189,88.302213
-0.150906,187,88.30855
-0.2553737,195,88.320859
-0.29483485,165,88.341107
-0.6956209,194,88.342745
-0.30550748,168,88.345101
-0.2285995,212,88.369755
0.10552542,195,88.380841
-0.5397027,178,88.437871
-0.09662303,181,88.484262
0.105306804,228,88.485865
-0.16291246,170,88.507488
0.058446303,218,88.517075
-0.32286093,174,88.525975
0.0949994,257,88.529115
-0.051349342,280,88.595722
-0.11407832,190,88.673057
0.26738328,260,88.681238
-0.15112117,217,88.69163
-0.034307763,193,88.70643
0.05029355,222,88.713474
-0.6091612,233,88.730441
-0.2531628,176,88.738034
0.38915843,301,88.794079
0.12529458,195,88.823117
-0.3836333,208,88.840737
-0.17046735,191,88.86125
0.11374378,224,88.863457
-0.6505506,207,88.865634
0.123265594,170,88.921351
0.15558282,257,88.926769
0.4854893,269,88.942972
0.02662152,170,88.949986
-0.23684189,202,88.992828
-0.13245952,179,88.995863
-0.61852,195,89.012601
-0.22297688,165,89.066744
-0.05666238,199,89.070965
-0.78412515,276,89.071019
0.0406107,208,89.083691
-0.21220747,220,89.114893
-0.39259353,204,89.149776
0.4523751,260,89.188411
0.0037828386,175,89.200459
-0.31050193,177,89.206106
-0.13320807,204,89.239199
0.1880692,231,89.246995
-0.09125353,213,89.27925
-0.5599544,374,89.296483
-0.4048197,228,89.323979
-0.32893938,174,89.338951
-0.08565103,196,89.350023
-0.13476488,214,89.353331
-0.04555233,160,89.369977
-0.27451193,185,89.380583
-0.34736496,192,89.425626
-0.114655,172,89.480808
0.16872196,244,89.482285
-0.05918826,190,89.483048
0.059429914,155,89.496526
-0.21661901,180,89.503907
-0.07008108,206,89.507542
0.45987034,285,89.538942
-0.40677243,239,89.60643
-0.26453084,168,89.60936
-0.5914348,184,89.621529
-0.18111923,157,89.626909
-0.92516214,190,89.638663
-0.73991936,185,89.64332
-1.3599224,234,89.655538
-0.13756669,181,89.676542
-0.12575635,171,89.734075
-0.16671962,177,89.740941
-0.011801451,208,91.999318
0.032557145,223,92.004415
-0.2607475,193,92.005162
-0.17929342,207,92.010948
-0.08828536,194,92.017516
-0.81924784,220,92.058844
-0.002516523,196,92.099423
-1.6269388,201,92.109903
-0.39695102,210,92.157466
-0.05215682,203,92.172082
0.6604029,273,92.222858
0.6227497,275,92.252929
0.40531942,246,92.2867
0.20175153,325,92.296892
0.27559984,218,92.323789
-0.20896114,197,92.359515
0.5921613,288,92.368831
-3.620628,252,92.419305
-0.39637232,223,92.444939
-0.9999831,210,92.458465
0.5095281,273,92.473049
0.4275185,246,92.493819
-0.48486966,229,92.504028
0.19419873,214,92.526027
-0.3449607,218,92.53722
-0.20489275,209,92.578479
0.02104573,222,92.614494
-0.35387653,195,92.624309
0.31592056,232,92.638505
0.0025527626,189,92.641079
-0.08869373,182,92.668982
-0.7835659,197,92.691813
-0.05731073,271,92.714726
-1.3026583,187,92.759915
-0.31170568,170,92.772443
-0.5068261,193,92.77484
-0.12773299,271,92.787937
-0.3125877,182,92.805796
-2.3615506,235,92.816737
-0.15658176,288,92.903776
0.26575565,163,92.923008
0.90490425,294,92.929257
0.6168942,259,92.947162
0.17104016,256,92.956246
0.46488726,271,92.970606
-0.026438981,245,92.994446
-6.8575664,287,92.996039
-0.46020156,202,93.053238
-0.058698207,194,93.093087
-0.2918263,205,93.110537
-0.907911,244,93.112231
0.25541896,224,93.163208
0.48018134,273,93.176123
0.5880604,349,93.185982
-0.41586244,187,93.195232
0.8042581,311,93.233675
-0.05980906,213,93.256544
-0.030490667,197,93.262983
0.61868036,254,93.304872
-0.267082,181,93.334114
-2.4464087,210,93.3451
-0.7389365,164,93.356227
0.22622438,243,93.360571
0.28449872,268,93.368073
0.2858625,302,93.489477
0.12674582,294,93.490324
-0.35469192,190,93.493959
-0.22405592,199,93.522625
0.105514854,295,93.531815
0.5400434,247,93.547486
-1.0004113,261,93.562834
0.4891726,315,93.576201
-0.13274145,162,95.817905
0.69696075,260,95.905712
0.479935,269,95.915499
-0.1993982,177,95.915545
-1.518057,244,95.95014
0.67858076,284,95.956896
0.027953833,182,95.968584
0.57839125,302,95.979911
-1.0656925,262,95.992979
-0.1654439,168,96.032215
-1.720765,179,96.0504
-0.70849705,222,96.083443
-0.34999275,170,96.109066
-0.62725973,209,96.116019
1.4798559,280,96.164937
0.25322226,272,96.207987
0.41816306,311,96.215131
-0.5414648,207,96.223535
0.631979,245,96.253099
-0.69220656,185,96.259534
-0.30196375,186,96.286467
-0.18237685,221,96.322515
0.08914307,182,96.381797
-1.3522172,240,96.390453
-0.33051348,170,96.398897
0.24498385,259,96.453049
0.40670297,288,96.47064
0.080886275,302,96.497379
-0.42776215,225,96.503647
-0.09044613,295,96.525688
0.17553574,186,96.54955
0.038121134,157,96.57944
0.17974639,255,96.586322
0.21891724,246,96.587856
-0.066260606,173,96.609742
-0.679084,208,96.665884
0.61164105,237,96.698004
-1.4523305,171,96.722442
-0.2198424,227,96.738089
-1.9883573,181,96.742033
-0.118958086,192,96.777553
0.39092356,306,96.784363
0.42247915,248,96.877344
-0.4946702,182,96.8886
0.5146625,367,96.892794
-0.42297816,227,96.908099
-0.85892636,231,96.92534
-0.77981085,281,96.926993
-0.40890813,202,96.939492
-0.754588,214,96.942412
-0.13558716,169,97.013004
-0.031830408,241,97.05651
-0.133933,247,97.077293
-0.23708043,188,97.082734
0.7544459,255,97.101332
-1.508984,247,97.115198
0.93134034,251,97.120046
-0.0077442974,253,97.13725
-0.725205,179,97.152125
-0.4404714,161,97.200988
-0.35813695,195,97.20625
0.10283065,149,97.214194
-1.6419709,179,97.21855
-0.5625995,185,97.272675
-1.8307867,222,97.313286
0.349033,283,97.327185
-4.7938457,320,97.351173
-0.57229203,233,97.389489
-0.23714876,164,97.395458
0.299858,272,97.40934
0.49950475,301,99.747339
-0.08649506,328,99.756625
-0.03308074,195,99.819428
0.08620961,267,99.837746
0.1718441,334,99.904303
0.24913406,251,99.908228
-0.7054548,216,99.935102
0.59760803,256,99.961157
0.065746054,359,99.993247
0.64235806,351,100.004265
-0.22247586,251,100.020733
-1.0989134,171,100.068685
0.0784509,311,100.082793
-0.6906738,163,100.085737
-0.16911684,255,100.104793
-0.5581551,173,100.123954
-0.43793258,298,100.143127
0.61303973,255,100.19873
-0.3705992,171,100.218763
0.40004468,259,100.220274
-0.13861756,249,100.25927
-0.037096545,240,100.267223
0.5020418,252,100.298682
0.017999664,301,100.356751
-0.5593371,299,100.372893
0.1491074,186,100.411443
-0.032836497,315,100.441792
-10.451671,292,100.444099
0.22372481,297,100.446406
0.6652503,269,100.46755
0.24768403,250,100.550042
0.010189116,343,100.564097
-0.8338805,160,100.569271
-0.69013965,207,100.57016
0.3303263,177,100.577382
-0.3454497,191,100.589372
0.009386748,189,100.612491
-0.15052581,400,100.687476
0.6162863,269,100.801324
0.6775269,282,100.813093
0.3632696,279,100.818946
0.2618772,241,100.82496
0.329327,346,100.844444
0.6400213,336,100.852102
0.18581355,419,100.950581
0.06697813,305,100.953931
0.65264386,174,100.960388
0.25867388,161,100.986807
-0.57983816,236,101.014994
0.2692277,261,101.018331
0.6774744,270,101.07381
-1.0659295,301,101.084343
-0.44009677,190,101.174582
0.160752,264,101.203723
0.06707974,255,101.204762
-0.4301439,264,101.206572
-0.62776303,215,101.235178
-0.0011290908,166,101.249266
0.021813616,246,101.267496
-0.628475,210,101.298595
-2.261034,213,101.40803
-0.6279533,240,101.434473
0.59647226,280,101.439655
0.5479278,259,101.449207
-0.13944948,212,103.680331
0.31700802,241,103.687178
-0.5747885,302,103.725144
1.1891358,252,103.737413
-0.14783214,194,103.810101
-0.32756275,230,103.845366
-0.33215833,215,103.85498
-0.011944652,321,103.881059
1.1829376,277,103.89541
0.2243388,235,103.918867
0.8069605,402,103.964903
-0.12541449,367,104.00804
-0.14214483,263,104.013299
0.18336412,157,104.088208
1.1363993,361,104.133169
0.3881833,341,104.181704
0.5651845,377,104.186153
0.9380671,397,104.186926
1.699391,468,104.204827
0.29524446,271,104.214781
-0.018056527,209,104.297281
1.2414308,449,104.361942
-0.19162461,244,104.378697
0.09401144,283,104.402844
-0.038250126,253,104.404344
0.18027487,302,104.421581
0.65630376,476,104.457069
-0.40296382,398,104.524486
-0.16290745,190,104.563124
0.634123,355,104.5654
0.82113564,258,104.598926
0.2476045,280,104.666517
0.55848145,409,104.670873
1.6517644,391,104.673151
-0.9519037,215,104.68493
1.0650464,387,104.693919
-0.099045426,242,104.746822
-0.28018928,285,104.779874
-0.23392299,172,104.8216
-0.29630858,196,104.830247
0.040318057,251,104.86018
0.26962203,277,104.877034
0.9959627,314,104.900365
-0.13610077,255,104.971824
0.8046757,359,105.014743
0.0036801547,248,105.017183
-1.1575278,560,105.017971
0.36137092,265,105.020964
-0.21331638,229,105.033311
0.9159351,248,105.088896
0.23946679,170,105.144221
-0.23508334,173,105.144269
-0.32970595,180,105.165972
-0.5207689,200,105.169889
0.11487043,248,105.203428
-0.56088734,321,105.211771
0.0663248,479,105.237114
-0.6064412,211,107.781282
-1.7130911,257,107.792553
1.243425,270,107.802335
-0.3953766,269,107.827262
-0.16447456,256,107.853107
-0.40388072,456,107.886337
0.5754888,312,107.930282
-0.19176802,280,107.997201
0.5427762,273,108.013146
1.8110696,330,108.047152
0.9685004,253,108.04798
0.7470279,536,108.076385
0.39746073,296,108.112993
-0.64898974,475,108.189747
0.14333938,261,108.207621
0.4926017,294,108.215162
-0.88640404,299,108.269666
-0.14968428,276,108.280771
-0.022515416,188,108.330395
-0.048618555,173,108.337678
0.5588757,316,108.348024
0.26105872,570,108.357694
-0.2822903,430,108.367023
1.0632176,269,108.417277
0.8926953,268,108.469822
-0.6685536,241,108.511577
0.05799991,271,108.563463
-0.11755004,312,108.604128
-0.40968227,435,108.609357
1.0214505,392,108.632829
0.46692938,292,108.638555
-0.50386727,173,108.643043
-0.1684429,436,108.677701
0.47075665,260,108.759406
-0.429057,215,108.766358
-0.10619356,185,108.775187
0.3533738,248,108.798811
0.21791446,176,108.812173
0.42541996,273,108.847728
2.1672187,520,108.86651
0.69943666,356,108.914053
0.36583954,252,108.952418
0.7965153,281,108.980896
-0.2643736,293,108.995887
0.74639046,338,109.06824
0.3335288,300,109.074006
1.9384867,381,109.086807
0.14488252,251,109.103743
1.2784103,395,109.164357
0.95750713,266,109.18202
0.34278214,278,109.206729
0.9023155,254,111.802158
0.94766134,248,111.810721
0.5940054,292,111.824083
1.1957529,252,111.829019
1.7136711,368,111.976919
-1.0403821,378,111.999772
0.669331,235,112.003513
0.84143186,364,112.013385
0.17394722,275,112.013417
-0.56831133,289,112.015523
0.9970229,267,112.021144
-4.017009,782,112.075493
0.29053986,162,112.121902
0.31800747,174,112.154158
0.48945126,249,112.192397
1.2510556,323,112.261832
1.9155731,378,112.305482
1.1668512,409,112.326367
1.0563225,491,112.348613
0.3716824,423,112.399089
-0.29607546,225,112.43091
0.17237028,183,112.444159
1.4998314,448,112.496256
0.33689815,465,112.545641
0.5190586,359,112.597647
0.60371864,660,112.622979
0.89520717,256,112.623772
0.502053,249,112.685758
1.6892743,490,112.720269
-0.0487203,183,112.763158
1.3697706,423,112.763935
0.29295185,260,112.795302
-0.93226177,550,112.815126
-0.077049635,242,112.945607
1.205437,355,112.95136
0.6420913,311,112.95349
0.40995622,246,112.978329
0.31488335,628,113.018591
0.0031224191,152,113.066332
1.4518987,624,113.092734
1.3082722,456,113.103473
0.8877031,357,113.214219
0.7312367,258,113.21428
1.8971969,383,113.269109
1.8080606,637,113.29327
0.5011128,267,113.296201
0.8387563,277,113.314857
2.5206614,458,115.930724
0.27205008,820,116.089385
0.8444599,444,116.12387
-2.1030462,512,116.20471
0.58407545,233,116.298769
1.77275,752,116.301598
1.0036505,281,116.301639
1.9812938,723,116.358412
1.8334409,806,116.440477
1.1030835,357,116.470702
0.5636373,719,116.474491
1.4431082,304,116.666362
4.162165,1250,116.671303
1.139771,382,116.75583
1.5498402,827,116.91968
2.0389922,786,116.948181
-2.5751033,925,116.996124
0.22153239,457,117.018087
-2.3073418,1238,117.228588
-3.1136446,767,117.245259
0.6798404,406,117.253461
0.06902012,414,117.306535
-3.3620803,1177,117.355944
0.90465045,545,119.930904
0.8112644,703,119.950851
4.2848606,962,119.987975
-0.2713456,420,120.051768
1.334628,386,120.226441
3.3211248,646,120.248361
0.6493318,626,120.286274
0.6311966,579,120.299829
3.120592,767,120.331204
2.1002576,409,120.362061
0.008872986,703,120.48559
1.1794685,662,120.491253
0.15406744,407,120.55291
2.263092,600,120.793342
2.7097783,625,120.876848
2.383716,555,120.944797
0.9098962,559,120.953796
-0.09394952,495,120.96869
0.5898022,940,121.080767
1.6309398,441,121.124363
1.9080482,1146,121.130665
1.1365826,263,121.141927
1.0407445,246,121.152863
1.8036695,375,121.156627
-0.94138193,447,121.457724
4.2689304,1548,123.993981
-1.041471,458,124.003077
1.5497212,505,124.012508
3.437169,527,124.052711
1.7952195,628,124.055991
1.9690385,936,124.161348
1.1793098,260,124.253137
-0.11514599,825,124.267146
0.04701835,393,124.310857
0.23511903,631,124.439871
2.672883,386,124.543111
3.3989403,777,124.590913
0.38812643,245,124.621962
-0.26441395,901,124.730033
4.283728,789,124.751655
-0.36487338,1158,124.863244
0.21549699,749,124.868961
-1.4129744,463,125.099912
-1.8675947,1211,125.173711
2.4823148,740,125.176684
2.5127878,856,125.18336
3.0576658,1085,125.39746
-1.5269904,745,125.418366
-0.5741801,758,125.435374
-0.25918663,986,125.465723
1.283231,289,128.152656
0.98914766,719,128.211576
1.5578003,779,128.255575
-0.18742166,545,128.308582
4.6866736,848,128.317822
2.2917435,567,128.391834
4.323939,1065,128.396211
1.4054521,864,128.571404
1.2768862,478,128.616392
1.7554278,768,128.732684
2.1439347,603,128.772825
2.7922828,784,128.806551
2.2242405,606,128.85664
3.5684052,742,128.871741
2.41448,699,128.923235
1.3461001,683,129.091668
1.2085266,470,129.092448
1.0882052,458,129.124349
-1.5513232,532,129.210513
3.300519,783,129.212012
1.0960687,535,129.277972
0.022813827,559,129.28168
-0.044610098,559,129.346447
1.4760113,275,129.417276
-0.7156309,457,129.465796
1.5895491,314,129.514108
0.99617475,563,129.516393
0.35396695,508,132.221349
3.2573898,721,132.263372
-0.19065033,329,132.297745
0.45193166,532,132.316275
0.8270644,529,132.38284
0.7198093,475,132.463855
1.2552481,417,132.467081
1.0271271,540,132.638838
3.6974359,702,132.682841
0.18719348,527,132.718843
-0.0028231442,591,132.749945
-1.1731192,383,132.75225
1.2817638,434,132.795084
2.9495647,743,132.834726
-0.30577952,599,132.835674
0.14784074,383,133.005285
1.9452896,553,133.061609
0.26239675,462,133.101199
1.6042477,431,133.121322
-1.450012,380,133.124349
2.7006972,684,133.200745
0.23057516,489,133.204159
0.2435212,349,133.318694
-0.51336133,853,133.392519
0.78532076,377,133.402141
1.5572436,641,133.48473
2.3889575,530,133.492446
1.2049074,571,133.54233
2.964561,666,133.694826
0.23492703,416,133.702727
4.0427985,723,136.166094
-1.3965292,347,136.170124
1.4082904,578,136.17608
2.3396366,656,136.32191
-2.585547,497,136.344535
2.0860674,720,136.460611
1.146957,414,136.482405
1.061768,429,136.491775
0.893175,519,136.515345
3.4249964,605,136.587492
1.6122227,543,136.588279
-0.5518187,467,136.674198
2.1412349,534,136.747055
-0.045976683,361,136.787142
-0.8265608,494,136.833335
-0.77057135,518,136.882217
0.56533444,413,136.897165
1.0919045,624,136.954772
1.54478,520,136.979934
2.03593,549,137.086111
1.2119018,452,137.086931
0.979097,459,137.132077
2.1443768,452,137.223179
2.3368342,570,137.263411
0.8138832,434,137.280439
-0.5116696,462,137.327404
1.8555205,652,137.406852
0.74980354,345,137.409767
1.6504842,551,137.534249
1.0191422,648,137.606256
0.85361576,486,137.619537
0.94656247,487,137.678912
2.4226851,449,137.694438
0.23128718,415,137.731054
2.642971,583,137.732746
1.0987685,458,140.181933
0.9675808,472,140.305803
-0.13165548,377,140.320981
0.7435249,363,140.367449
0.72564065,425,140.470133
1.2743711,439,140.517944
1.266361,569,140.543137
0.7504614,519,140.543198
-0.9602622,730,140.573321
2.2361803,459,140.655509
1.5655801,423,140.690431
0.70157367,495,140.696404
-0.8305683,423,140.790064
0.99357057,437,140.90217
0.99372816,496,140.91554
0.64638525,586,140.956779
0.20074429,375,140.97173
2.2026715,588,140.985857
1.8441592,471,141.007312
1.3634838,502,141.073256
1.4282179,561,141.211546
0.98698974,440,141.287141
0.06637679,520,141.292996
0.9485001,454,141.324762
0.5450338,494,141.341477
0.5007383,448,141.343081
1.4313343,587,141.35512
-1.7055583,611,141.529217
1.6291414,420,141.603416
-0.4016794,387,141.610763
2.8669777,594,141.651016
1.4338702,566,144.180515
-0.3948776,496,144.184393
0.73019946,596,144.274463
1.5485079,676,144.32133
0.895035,405,144.385968
1.3250513,594,144.449829
2.4731226,632,144.55999
1.9216707,461,144.622321
-0.5542308,583,144.626065
0.39863563,408,144.628461
3.139924,616,144.648077
1.4900868,758,144.698179
0.9096917,592,144.893953
-0.9794804,737,144.93977
0.083085716,447,144.965043
2.7503572,597,145.095481
1.4155287,735,145.115334
2.9484816,660,145.118221
-0.026014417,662,145.123345
-1.7372378,414,145.273643
2.8263595,778,145.280413
-0.87035906,583,145.373112
2.861401,732,145.441696
1.0700837,524,145.484756
1.7707704,644,145.5955
1.0395987,657,145.613153
-1.1740007,529,145.674655
0.6585674,752,145.678453
1.0828067,470,148.258977
2.8113286,717,148.275372
1.2098887,515,148.336775
0.820979,681,148.348443
-1.0769061,402,148.377512
-0.0092023015,598,148.504015
-0.3102985,365,148.528383
1.1141568,595,148.587677
0.8716119,693,148.656076
1.5778646,521,148.661499
0.2098247,441,148.663732
0.9886532,531,148.741351
0.87111765,491,148.742168
0.7617631,493,148.876513
-0.3134516,505,148.966705
-0.7196708,590,148.973009
0.42898577,472,149.019824
1.7938621,599,149.112485
0.9783652,508,149.125699
-0.39345944,626,149.127253
0.8063911,461,149.219594
3.6741483,727,149.289555
2.4853725,503,149.346725
0.56740624,545,149.371272
3.2851145,726,149.559858
1.9963422,594,149.567568
1.0898814,409,149.592531
1.9922816,650,149.594778
0.12791578,352,149.60727
1.1489756,695,149.643946
2.032568,650,152.155773
-0.10417738,505,152.203065
-0.43891764,608,152.504462
-0.4338807,497,152.577141
1.7064116,691,152.581871
3.3036819,769,152.598568
2.5413375,762,152.620983
2.8213964,845,152.647489
1.4620204,697,152.681367
2.413768,954,152.813173
0.21733972,673,153.154191
0.3941006,712,153.157236
3.0751162,777,153.16153
0.5993043,657,153.176527
0.8167786,892,153.267169
0.9586615,687,153.327885
4.8423038,1208,153.406243
-1.5556904,1115,153.414408
-0.61062884,417,153.473235
1.9107792,659,153.649587
0.28084707,472,156.302554
2.2305863,868,156.34288
3.1503382,723,156.348879
0.60991675,887,156.379289
1.6002016,715,156.404521
1.224716,578,156.446963
1.0050907,477,156.718149
0.8345374,773,156.792597
1.0548717,578,156.868969
-1.3702182,1250,156.925506
-0.34999204,778,156.95587
2.3889136,894,157.003796
2.2015715,910,157.158046
4.055682,1017,157.17232
2.7575707,724,157.338233
1.2340119,838,157.360323
2.1790082,585,157.43665
-0.23630989,724,157.462329
2.0174453,580,157.597789
0.8452076,544,157.760612
5.5859365,1339,160.351365
1.3248382,711,160.353744
4.143067,959,160.355987
1.2416282,699,160.446063
1.7142197,1399,160.484336
1.1700411,964,160.67076
3.477772,835,160.712265
0.23281457,627,160.916619
2.308472,823,160.970946
1.5395752,880,161.010053
0.12900788,174,161.045645
4.2817764,928,161.051615
-0.4676584,764,161.056682
3.0576391,1090,161.068371
1.3892403,635,161.145477
1.5915201,635,161.188371
2.087883,703,161.535678
1.693451,749,161.614056
1.6423594,602,161.632971
0.5185121,661,161.634882
1.8699938,931,161.665178
2.4034638,857,161.68453
4.7980757,988,161.787585
4.277888,1018,164.27506
0.6874357,544,164.544998
1.9696903,691,164.606448
1.0762224,738,164.643055
1.6106001,555,164.65706
3.2749217,929,164.681616
0.66744107,828,164.685928
1.6365395,877,164.771524
1.0275548,859,164.92105
1.6313208,764,165.110861
1.2762852,680,165.14588
-1.1534655,665,165.180025
2.6858835,715,165.21168
2.8914256,836,165.224665
1.3507584,744,165.323551
4.1935163,945,165.357738
2.785513,741,165.470882
1.1932544,741,165.663452
1.5360793,775,165.722087
-1.5672027,903,168.334988
2.4162908,713,168.371802
3.1080148,761,168.374995
1.9575644,1004,168.445939
4.1495514,1017,168.468218
-1.4643551,817,168.567768
1.3916619,563,168.630458
2.421452,871,168.809406
1.6774489,598,168.903624
2.864117,804,168.947305
2.7037246,889,169.048779
1.207203,666,169.074429
4.332182,956,169.103368
1.7615355,897,169.150965
0.3261362,561,169.228471
3.0112321,976,169.3699
3.449738,748,169.463185
1.3224211,811,169.557783
1.119616,736,169.627279
3.105758,657,169.643278
1.5860676,840,169.677384
1.8261003,649,172.331934
1.2618676,893,172.37175
0.16431555,708,172.465071
7.1450715,1291,172.540262
1.1499797,575,172.544142
1.5712191,794,172.620102
3.3469472,855,172.73732
-0.56858814,841,172.779786
3.7116723,780,172.951925
6.0636063,1111,173.153746
0.42938754,526,173.168222
2.3351305,980,173.192836
3.6462271,893,173.206431
4.19152,976,173.266456
5.498763,943,173.327009
1.2700303,996,173.489542
2.905346,769,173.535874
1.2152585,787,173.806496
1.4758916,793,173.825234
3.9209123,873,176.303783
1.245996,920,176.465177
2.9899168,928,176.528659
4.2867746,1176,176.545049
2.315569,744,176.592113
2.1090384,856,176.630509
2.8004942,750,176.873134
3.6460717,908,176.993035
2.0194826,859,176.995313
2.8860044,733,177.032805
1.7240012,651,177.052553
2.652649,590,177.053427
1.8385665,686,177.063152
4.3385057,708,177.180094
0.5830989,664,177.549745
0.9588073,770,177.569148
2.4238448,701,177.577127
1.1685182,780,177.579597
3.2894957,916,177.579643
1.0049835,811,177.667544
3.672604,912,177.71425
1.9787711,861,177.820903
1.468205,692,180.556125
1.2668638,863,180.711257
0.10396075,550,180.721337
2.87445,725,180.743718
-0.5541214,931,180.750618
2.6885602,921,180.752901
2.7163277,858,180.795789
4.6558657,1117,180.896662
2.1154883,929,181.246854
2.2767458,779,181.290791
4.062781,855,181.38217
2.8505418,925,181.442592
0.25241947,971,181.521645
1.0390828,1183,181.635728
2.435435,1063,181.692682
5.4492545,1394,181.762054
1.1081285,606,181.837445
2.1856482,960,184.411747
1.900528,672,184.472315
1.8625232,846,184.526405
1.729461,1072,184.542792
3.1441815,732,184.631116
1.8861258,770,184.71985
2.5714,718,184.749804
4.2008147,871,184.940044
2.4856718,700,184.940908
2.658639,739,185.081936
2.3488128,775,185.126958
2.1377003,899,185.148353
3.0777936,982,185.36981
2.3181157,833,185.375442
2.8046904,606,185.396359
2.3448792,682,185.593029
5.6489315,890,185.607422
1.3031297,647,185.633195
4.086995,1265,185.667281
1.9055938,909,185.804875
0.7833266,662,185.871204
4.1250877,857,188.471921
2.1116228,584,188.564308
2.712134,640,188.572896
0.25302938,969,188.581268
1.1624669,831,188.686173
-1.746949,910,188.731625
3.0930822,729,188.81017
1.1420342,706,189.001454
5.0274935,917,189.018219
3.672074,723,189.109007
0.77932596,580,189.126258
3.2329102,758,189.306897
-0.7180468,1038,189.353049
2.9383924,850,189.451564
2.3721585,1163,189.453899
0.52824736,483,189.470158
1.433083,627,189.488869
3.3285036,697,189.525763
3.9786894,783,189.710496
0.6800862,616,189.811452
3.093686,692,189.820961
1.4756056,576,192.414421
1.7952504,715,192.554836
2.7873607,790,192.649267
5.3192677,900,192.677476
2.1780062,717,192.884731
3.069834,732,192.907502
3.2136214,1274,192.941165
0.9670523,774,193.001301
0.56107455,1019,193.011184
1.5100617,620,193.024864
3.6861413,768,193.256694
1.5873754,898,193.32682
0.803781,609,193.464286
3.8906167,862,193.530776
6.1125207,907,193.582542
2.9468021,875,193.59291
2.2700377,767,193.595771
1.1752878,502,193.625204
0.82790375,894,193.6651
0.8257061,876,196.469543
1.602624,682,196.588865
4.4445815,881,196.619533
0.08821349,755,196.65893
2.274406,742,196.680506
4.690808,962,196.748943
2.237277,1254,197.029517
3.1799226,828,197.095981
1.922766,702,197.207334
1.7491094,1399,197.212681
3.4411907,876,197.248686
3.0081978,910,197.341752
3.7835338,835,197.3826
0.58438385,716,197.57828
3.3211625,1336,197.632706
3.254717,814,197.833462
6.0397644,1001,197.967696
2.2449574,724,200.62331
3.1033912,936,200.726014
2.272771,1281,200.760846
8.207321,1268,200.783935
-7.018173,2080,201.112331
1.4695325,941,201.120373
1.2908202,872,201.274327
3.483813,866,201.429838
6.300926,982,201.462972
6.5321097,1046,201.543423
5.9266667,1773,201.60823
2.2020574,817,201.732712
3.337711,977,204.458871
2.4286327,782,204.466368
-3.5691419,3084,204.467146
6.9156976,1420,204.630702
2.298544,922,204.687864
0.19890839,1205,204.819073
1.6272465,1143,204.920735
0.8834705,532,205.030407
2.9928184,1143,205.045999
1.5063126,1009,205.227096
2.6893404,696,205.340548
-0.41591203,1277,205.419214
5.337852,1022,205.451663
4.540017,1434,205.541322
0.82067406,877,205.678568
-0.21155414,722,205.760701
6.103604,1143,205.769787
4.7509007,1121,205.875085
3.5362403,926,208.526829
1.9974152,538,208.583155
2.7729945,967,208.638341
2.6174679,718,208.814366
1.1426437,1207,208.951104
4.1666102,971,209.118816
2.99421,849,209.178601
2.1938941,725,209.195126
4.169618,1312,209.260466
3.0908284,815,209.739996
4.187043,1272,209.787274
3.261681,879,209.929117
1.5264819,1309,209.950565
14.8389015,2650,209.958958
9.79458,1848,209.995138
2.1144366,1323,212.683117
5.339073,1467,212.806246
2.6257625,1022,213.223246
5.0349016,1455,213.581891
2.9333584,1659,213.689034
10.286576,2015,213.745464
4.582514,1954,213.745521
3.3913512,1374,213.833053
4.4563932,1021,213.987803
8.118831,2471,216.806923
1.2342786,2414,217.019352
2.4908264,1077,217.028826
-2.9381363,1576,217.311235
3.0761101,1041,217.316312
5.4682097,1738,217.595146
1.0913337,1716,217.665686
3.0195584,1091,217.860446
3.0610769,2693,220.734186
6.499052,1564,220.912379
12.230991,2261,220.943657
3.945852,2026,220.978146
7.8624544,1706,221.012417
4.980463,1160,221.153078
1.5068791,1638,221.315945
1.9795334,986,221.648172
0.47271162,1130,221.823318
2.997845,2532,221.921709
5.7346334,1705,222.015497
-1.0225395,965,222.042091
4.1271777,1534,224.589276
3.2206018,1472,224.612271
1.5637008,1422,225.677918
0.34580815,3296,228.625667
-3.3859456,2701,228.675928
15.40761,2351,228.683356
14.10367,2502,228.700698
-2.8029199,3003,229.26994
7.0223784,2959,229.31529
18.342741,3057,229.336333
7.260994,1843,229.564863
8.60305,1999,232.688426
2.1419628,2394,233.014875
4.2849617,1755,233.143136
0.20977569,2906,233.372667
14.949937,2270,233.480796
8.87014,2004,233.578522
-7.4161606,2411,233.655018
0.61248004,953,234.093705
16.330187,4046,234.180266
8.998758,2067,236.740153
6.232091,1511,236.777737
7.814901,1751,236.830918
8.144888,1623,237.246754
3.7484548,866,237.284371
9.225474,1551,237.364294
9.151652,1673,237.383335
2.432086,841,237.458155
1.1008575,1188,237.681633
5.451117,1415,237.931665
-2.3997624,910,238.064244
1.069184,642,238.153808
4.091174,1248,238.222412
4.040398,2044,238.255232
1.3447093,1391,240.744916
6.1361012,1698,241.184773
5.2587357,966,241.248153
2.3748186,1928,241.270814
2.389054,902,241.429933
0.51453704,1318,241.606525
3.5081108,1805,241.745517
6.9159474,1645,241.918522
6.726208,1142,242.10127
-3.4386585,1275,242.13914
8.923273,2012,242.220796
5.313075,1468,244.89284
9.872144,1513,245.085294
7.718874,1629,245.352402
4.077584,1339,245.448083
1.9270707,1675,245.920325
11.347215,2231,245.93898
3.1877778,1164,245.955734
9.450555,1616,245.956601
11.0315895,1886,246.041234
13.248829,2151,249.046762
1.1255281,1608,249.095424
-0.23769459,1990,249.48014
7.3688345,1542,249.745277
6.413046,1706,249.746929
6.5332623,1899,249.926153
1.574482,1415,250.1623
2.1838655,2554,253.108779
-1.464087,1007,253.19539
7.6701655,1536,253.330329
7.0315804,1488,253.556626
1.4863172,674,253.619337
-6.1210027,3345,253.688401
-0.7917346,1156,253.724198
-8.108898,2706,253.780433
11.095126,1971,254.104498
9.273738,1693,254.472551
0.9013015,1808,257.213594
2.6142569,1329,257.215974
14.261947,2215,257.921991
9.363721,1282,258.183235
-1.37921,2736,258.20656
10.441791,2690,258.331216
15.028806,3357,258.610189
12.945328,2134,261.206591
1.926062,3044,261.305427
3.6687574,2910,261.566898
6.682065,1622,261.802015
8.64821,1451,262.284579
4.0296607,2400,262.358959
14.957992,3006,262.554049
3.2719846,1507,265.146621
9.81966,1865,265.150376
2.1879253,1987,265.904074
16.697062,3830,266.318436
10.280319,3483,266.341222
5.811059,1513,266.608767
10.079339,2193,266.827446
-1.8957636,2870,269.9128
-4.8250856,2115,270.353923
-4.4379635,3149,270.531553
1.1900555,1987,270.792197
25.043905,3976,271.010349
3.9411283,2154,271.09619
-2.8628247,1956,274.440521
13.61797,4184,274.650262
8.504257,1426,278.17331
14.695953,4257,278.442569
23.54727,4949,278.52244
11.675486,3445,278.57932
4.4473114,999,281.7402
-6.1670494,4715,281.774542
-3.0913734,4734,282.01254
-7.1444435,1724,282.025636
12.568641,1445,282.160814
13.256971,1614,282.344359
37.132633,4051,282.490601
4.8551173,1164,282.65283
-1.4679098,1396,282.793688
0.6980208,1418,283.226631
2.2597327,1022,285.725007
6.072166,1711,285.766414
14.308672,1979,285.981927
1.7091968,1152,286.131077
7.9683433,1800,286.479765
4.7118096,1377,286.766798
14.685192,1775,287.104998
40.537262,11069,289.774675
8.421719,1858,289.871237
5.654565,3515,289.946176
7.5103655,1737,290.277312
0.5211053,3261,290.747229
14.159807,1859,290.760297
6.0224466,1309,290.871973
7.48384,3132,291.190092
6.0409307,1589,291.28676
4.6032424,1354,293.889394
13.013828,2270,293.8993
2.0637336,797,294.174446
10.204413,2545,294.455893
14.490884,1804,294.608727
7.669869,2098,294.939413
6.4070344,1135,295.030148
8.092055,1897,295.09292
11.997425,1794,295.245628
21.045698,2734,295.29859
5.458188,1574,298.141215
12.735936,2378,298.185239
3.4139707,920,298.429006
3.510918,1054,298.581864
5.563954,1433,298.667321
5.665754,2100,298.685852
10.720228,1672,298.694458
2.4619532,719,298.730159
4.001541,884,298.809946
5.2075567,1136,299.290825
3.5388296,1100,301.988158
3.3163393,1091,302.041826
2.748799,1313,302.169366
1.4792765,1202,302.205294
-7.3255796,2910,302.212106
7.985548,1535,302.342106
13.369091,1776,302.41574
4.0386786,1222,302.693605
4.0903153,779,302.996289
7.448262,1096,303.030217
4.1211066,1130,303.049051
6.2924128,1113,303.175646
11.318501,1626,303.20867
10.189324,1497,303.293567
5.3311734,1057,303.494707
3.5190723,1981,306.058402
6.27343,970,306.475382
-1.3219403,1075,306.522205
3.2441518,1357,306.589847
0.10023916,1613,306.773202
5.810406,1559,306.786587
6.6292377,1150,306.937074
1.8772764,1540,307.042984
8.035614,1248,307.479032
2.2719517,1166,307.530991
1.0868402,1291,307.557624
3.5915556,1414,310.33093
5.705416,1241,310.438538
8.851357,1566,310.589124
8.978261,2880,310.752145
14.354257,2304,311.013265
3.6493742,1133,311.185638
7.0117555,1697,311.212349
11.355771,1824,311.385451
6.070244,1615,314.121562
6.0236864,1541,314.219243
7.608822,2483,314.325829
-0.5055385,909,314.540101
4.7130523,1364,314.682388
11.157228,1939,314.683188
10.167475,2021,315.198431
12.964693,2529,315.38512
4.286136,1591,315.416117
9.588075,2077,318.139486
5.4651275,2019,318.300554
9.59144,1835,318.37791
13.047237,2024,318.655977
7.3671985,2155,318.77041
5.214458,1223,318.807264
7.6270256,2193,319.328573
1.8844506,1342,319.330153
7.6820965,1558,319.336482
5.3159294,2399,322.164872
-2.0533879,1697,322.170366
9.661095,1604,322.386586
-1.4865036,2452,323.114442
8.94783,1753,323.137483
9.163682,2047,323.361342
13.611821,2162,323.451892
13.108856,2925,323.50332
5.208297,1817,323.524264
8.901711,1905,323.597156
3.2242334,1190,326.388981
10.624233,2399,326.565046
8.81308,1831,326.904338
4.6373434,1359,326.916106
5.2529902,1495,327.039281
7.9991755,1474,327.097702
4.3950458,1806,327.110487
7.624945,1929,327.297045
5.326374,1089,330.258099
6.9285326,1574,330.292934
4.7100153,1538,330.610778
15.932714,2422,330.757471
11.186365,1508,330.96228
3.1521504,963,331.014835
10.945192,1829,331.018539
3.9559383,1199,331.156369
7.2705264,2106,331.211036
5.5555496,2536,331.473674
5.8349676,1331,331.599066
7.4737105,1242,331.682115
6.8538914,1191,334.421781
5.77694,1200,334.424996
3.6611104,1347,334.734603
-2.4671695,1966,334.947307
10.9224415,1751,334.982962
5.064175,1173,334.997154
11.776929,1576,335.171454
4.4966683,1137,335.273401
2.5919275,1454,335.519329
10.889374,2106,338.32567
2.6606898,1479,338.393633
4.481276,1257,338.440585
1.6381748,1084,338.536735
6.3908734,1355,338.551377
4.4368873,1032,338.599246
8.610338,1571,338.725244
5.864595,1085,338.883958
6.5182977,1065,339.132527
4.592878,1022,339.324791
5.773642,1102,339.437391
3.0255435,1248,339.484571
6.1433034,1110,339.572137
9.303782,1541,339.609
3.2539272,1607,339.61284
4.1099467,1210,339.802116
3.2057958,951,342.304146
8.096206,1063,342.697302
5.47815,913,342.717525
7.5476584,1355,342.806791
3.5480194,999,342.824454
-1.6836627,1374,342.980317
0.2183876,1272,343.276309
1.4781901,1160,343.599948
14.284811,1832,343.647579
13.384429,2212,343.742759
6.9252048,1276,343.794481
4.601555,1433,346.398436
6.669468,1101,346.61369
10.612967,1962,346.687673
10.147235,1785,346.834088
6.4474397,1173,347.177764
0.88087964,1529,347.253126
10.960311,1523,347.296575
3.1250603,827,347.307739
5.439815,1571,347.426529
7.888207,1469,347.51277
8.216053,1228,347.544452
3.5941718,1106,347.672914
6.813879,1046,350.645322
6.572944,1243,350.751989
10.117882,1202,350.775904
10.295215,1526,350.894408
2.0914946,990,350.977241
8.599213,1403,351.050121
5.6905036,1374,351.103367
1.2118676,1484,351.218708
5.257074,1153,351.627117
4.5159783,1157,351.655555
5.7538733,1564,351.832508
2.7206001,895,351.900467
4.796392,1296,351.960092
9.401443,1500,354.509741
1.9306107,1704,354.810279
4.1830716,1152,354.966021
6.811992,2027,355.102484
7.3198633,1470,355.225559
4.7411633,1306,355.278981
4.6850305,1150,355.287229
-0.9537378,1274,355.319505
6.695782,1166,355.368676
2.3476665,855,355.442307
1.1435887,830,355.720228
7.9279966,1350,355.975027
6.5159473,1054,358.623533
7.257814,1318,358.787478
5.049446,1529,358.939357
9.338153,1631,358.961281
10.518849,1560,359.126418
9.377131,1228,359.157027
6.950912,1877,359.29115
7.564098,1489,359.605289
6.2336164,1337,359.795606
7.0283346,1136,359.81869
6.0510707,958,359.879105
7.9347124,1359,359.963548
3.2177298,975,360.025246
8.900448,1364,362.587207
-1.5428605,2087,362.626076
8.419555,1191,363.113632
7.6038723,1077,363.195452
3.4712305,891,363.286125
-0.30498168,1524,363.44638
6.8128667,1413,363.510452
14.67441,1702,363.520373
7.51767,1284,363.542931
9.424718,2356,363.803565
0.18064085,963,363.840977
2.8113294,836,363.92042
0.58037704,678,363.961123
7.641898,1093,364.023757
5.784393,820,366.598388
3.7048295,1111,366.866848
3.3518343,1544,367.164463
6.183701,1200,367.234424
9.366026,1289,367.60388
11.1610565,1775,367.631769
2.1857686,1527,367.661076
3.5743825,1160,367.7454
9.148531,2361,370.747286
14.203141,2552,370.8481
5.9385824,1292,371.150164
6.1074862,2107,371.332258
9.627167,1461,371.357407
20.29143,2402,371.48505
7.902542,1344,371.848802
14.059269,2381,371.900146
10.74681,1579,371.92391
26.767397,3216,374.983347
3.2609594,2126,375.37417
21.145632,2297,375.482988
14.354198,2668,375.575906
3.785649,957,378.509769
11.506247,2364,378.539491
6.5895643,2434,378.571167
7.524227,1987,378.895381
5.71408,3571,379.012607
14.5953865,3857,379.588062
14.755387,2198,379.638859
17.597126,2467,379.750488
6.5143275,1683,379.803671
3.4498115,1143,379.862199
5.3039675,1650,382.574783
0.9305784,2106,382.596596
15.527078,2317,382.697415
4.2175417,977,382.928559
13.140776,1627,383.846264
13.441318,2080,383.899179
17.085272,2541,383.973579
9.444115,1957,386.553296
23.267601,2946,386.807829
17.275265,2216,387.108629
20.35626,2853,387.357656
11.675502,1318,387.554085
19.99893,3767,387.597648
11.643189,1831,387.831301
13.207372,2300,391.040051
7.813709,2935,391.040127
10.045132,1610,391.063892
12.297452,1539,391.249231
17.437412,2867,391.756985
16.615137,2432,391.870913
5.505877,1241,391.967442
15.510851,2453,394.960313
18.374935,1927,395.637609
3.0479584,710,395.650435
10.702571,2537,395.977969
0.3795117,1162,396.620695
16.923164,2514,399.559308
5.55446,2458,399.611325
11.395537,2776,399.640602
7.5785084,1607,399.698733
18.933426,6755,399.75359
8.985916,1852,400.147646
2.130268,4544,400.240035
13.442055,1791,400.970943
10.759518,1634,403.711489
5.0791965,1092,403.817475
8.157254,1998,403.902459
22.344921,2430,403.968128
4.9245086,1998,403.968202
2.81453,2366,404.17556
6.52783,1715,404.232774
4.0505757,778,404.278943
5.9913635,837,404.403777
4.4542437,859,404.585933
3.47403,1394,404.982388
7.8744345,1359,405.111271
8.598803,1474,405.416079
11.971163,1413,407.983321
7.9155426,1491,408.215059
9.866661,1539,408.63461
9.819144,1267,408.948995
19.789448,3140,409.121497
15.73571,2759,409.126483
16.46213,2965,409.34511
6.899141,1066,409.404325
16.786972,2057,409.484948
12.042943,1780,409.783837
-0.8745889,687,412.670847
3.7407532,745,412.724189
6.340352,1215,412.792827
1.0502732,857,412.970173
7.6286616,817,413.005231
12.916442,1879,413.661844
8.752615,1070,413.840287
14.561981,1787,413.868836
6.605035,1403,413.988498
1.964215,1154,414.123848
16.520334,1598,414.204075
3.6452127,1785,414.233189
8.39946,1669,417.208582
3.2007678,954,417.311196
6.225925,1143,417.326965
6.0259905,1102,417.458992
3.9103293,994,417.776302
3.5130885,1298,417.969149
3.6170855,837,418.110679
-5.655334,1473,418.800205
9.763098,1560,419.033655
6.824009,1306,419.073873
20.70458,2251,421.992728
8.679298,1472,422.035955
18.58495,2679,422.084561
20.761398,3168,422.251787
1.4225054,1205,422.497118
8.856476,2107,422.696988
7.252159,1751,423.425842
13.406877,1832,426.105401
14.159474,1889,426.193899
1.4761484,2032,426.461719
20.191528,3425,427.079281
40.131832,4326,430.492617
19.007858,3596,430.63472
17.02863,3555,431.522444
13.363394,4009,434.645502
15.965344,3588,435.906931
54.378807,6092,439.150243
56.870476,5771,439.483744
22.35955,3135,439.723663
29.159832,7341,439.797327
34.645416,3918,439.804021
43.381596,5282,439.987757
15.716956,9077,440.333808
19.313683,2855,443.260857
9.26706,2067,443.643828
18.085186,1799,444.3399
15.781502,3600,448.004422
11.268129,3671,448.155458
15.9529085,4315,448.701178
34.364502,5136,448.704481
9.893067,4129,448.738074
28.00947,3926,452.229222
21.575499,2854,452.401557
5.5347786,1414,452.72741
45.84809,4430,453.013478
14.802778,3059,453.371508
26.625994,3481,456.567796
6.3926325,1552,456.683614
21.215212,3134,456.837371
25.619663,3192,456.919174
17.781393,2478,457.122311
14.097658,2736,457.175882
4.7336245,2159,457.465874
9.578992,2278,457.916596
8.573202,2621,461.683496
24.3449,3117,461.870514
9.870979,2982,465.294319
6.928454,4935,465.497101
45.957127,5347,465.979223
18.45328,2761,469.684297
35.87916,6490,470.166835
30.010475,3551,470.205677
6.9931216,6986,474.080937
29.171783,3609,474.230234
21.842522,3155,474.537377
6.1741176,1891,474.582853
31.694752,3892,474.70295
18.633528,8095,474.706392
26.078909,2824,474.963727
20.212152,3019,475.577906
11.880548,1972,478.55434
3.9726756,1623,478.921904
12.00317,2093,479.320287
21.305695,2401,479.468752
18.642424,2623,479.632311
19.339468,2303,479.759623
7.7716002,1654,479.830457
7.942395,1895,480.164683
29.927925,4275,483.249765
8.187301,2334,483.456068
9.60896,2101,483.655239
11.546421,1614,483.666068
8.609563,2398,484.234198
16.647793,2449,484.473838
14.460399,2261,484.566177
1.5278575,2869,487.955621
18.477516,3184,488.629036
19.277088,2899,491.595286
21.683008,3450,491.656471
14.549765,2805,491.689618
40.48184,3746,491.703438
26.1263,2840,491.760857
17.292414,2417,492.232598
25.528103,4700,492.588799
26.306345,2621,495.605381
13.97882,2273,495.855129
12.650979,2450,496.177444
4.312209,685,496.239714
10.141945,2936,496.632014
11.818748,3148,496.687101
19.578833,3386,496.900453
26.061573,3262,499.961773
18.938374,2042,500.108389
16.128223,2378,500.649806
23.55539,3972,500.855816
8.213555,3207,501.219057
5.5113134,1781,503.953379
36.884014,3196,504.207923
14.227087,2627,504.450969
8.138058,3613,504.46806
11.600818,3356,504.544531
35.85155,3302,508.549339
37.6081,2846,509.045636
1.295819,2172,509.046519
16.203884,2765,509.647077
23.186457,3887,509.688727
9.920395,2029,512.880506
60.264538,5468,513.262845
11.949467,1772,517.02742
49.148186,5515,517.150427
15.401929,2791,517.289277
57.959675,6076,517.401044
12.329588,1878,517.567956
42.110313,4082,517.939653
30.010937,3405,518.00625
22.897507,2183,521.928502
18.549074,2405,522.298027
33.309742,6781,522.908836
17.93484,3629,522.941345
26.222933,3646,523.170154
14.20063,4199,526.508079
87.71854,7508,541.014998
58.993645,11184,550.478766
151.80261,12344,550.78128
99.61809,14458,553.826133
47.9884,6758,554.802184
91.44259,17116,555.008722
153.80486,14538,555.09762
149.93762,18671,559.131173
21.88036,3089,563.191329
50.004597,5395,563.770899
45.24479,5423,564.359549
64.93315,6777,567.33478
25.26678,5153,567.587941
216.5008,21209,568.3218
27.22604,3513,572.045498
51.40079,6487,580.526239
57.139305,5297,583.579786
60.304512,8983,584.126734
106.03752,9711,587.465474
17.668623,2544,588.123701
119.879654,12767,588.412946
129.16187,15985,588.58381
36.351955,3025,588.972322
95.81345,13296,591.77614
102.00126,15428,591.790785
8.254983,1441,592.113304
50.066193,5276,592.416858
11.965957,1221,592.781023
11.9349985,1707,593.139677
29.688646,3543,596.073946
16.474112,3758,596.727381
21.556238,2987,597.133824
56.86099,6285,600.12783
13.214148,1186,600.20124
46.76723,4651,600.38494
12.267066,3553,600.704999
49.33031,4584,601.178846
21.934937,4175,601.592104
24.242064,4205,604.611186
-2.1620033,2900,605.168717
8.960786,2899,605.348482
5.4908333,2509,605.37279
7.3234696,1865,605.710847
1.8694228,582,605.78975
35.683334,4549,605.853522
13.944233,2142,608.763017
23.9418,4781,609.027024
16.74801,1557,609.396386
-0.7806487,1688,609.570662
16.193249,2342,609.648427
27.605795,2401,612.622903
22.156368,2695,616.564307
5.189343,1991,616.635003
39.629448,3191,616.760221
51.506096,7283,616.869518
23.598103,4316,616.977342
31.935472,5439,620.57632
14.59459,1477,620.579498
42.756367,7830,621.027839
20.661404,5396,621.164782
33.465607,2855,621.203926
17.111639,2648,621.352533
2.3958178,1969,624.568948
17.450056,1469,624.787319
15.913816,1344,624.881016
22.38827,2029,625.073318
19.505762,2658,625.091918
16.074848,3304,629.989862
54.054874,5593,633.819332
70.996796,10031,636.688732
89.092545,10415,637.123509
57.315704,6558,637.240332
57.814495,7282,637.881458
46.465714,4948,641.617647
21.103363,3348,642.043279
114.67957,11761,645.401002
35.716663,3278,646.576208
50.65391,11866,649.355314
53.251102,6101,649.531018
66.59232,5712,649.989501
14.458842,2025,650.595224
52.10316,4755,650.608763
56.517384,8218,653.717809
57.66014,4970,654.123763
17.56123,2835,654.142992
18.55519,2240,654.157086
8.008292,1823,658.203885
39.15864,4457,658.359458
31.486366,3780,659.332758
29.450645,3307,662.95312
16.0891,2451,663.516205
141.72981,14485,664.049584
42.550503,6089,664.306411
29.155306,4603,668.29016
21.902239,2977,668.695061
16.630316,2966,672.585068
52.943855,8862,674.127043
38.75574,5117,677.372037
75.560005,9447,677.874773
28.00027,5055,678.170194
47.934406,7545,678.32638
59.41952,5411,682.963234
4.67285,3042,683.180857
46.458668,3626,683.871629
50.25451,5429,684.123388
76.73989,7266,687.113802
26.227537,3996,687.640141
16.068256,2866,688.488183
51.05801,4787,688.654802
1.991656,1616,688.699192
29.339006,4040,692.954874
86.34115,7450,693.181346
23.87643,3310,693.301469
3.6528974,2509,695.998038
17.386925,2624,696.065634
37.570213,4502,696.078881
9.676803,2857,696.115807
2.4659517,1237,696.493068
2.3114939,552,696.557626
21.433067,2787,700.860208
16.989374,2375,700.865956
20.554989,1959,701.10657
41.616196,8001,701.108861
20.616528,2718,701.180396
21.192959,3079,701.637714
11.910941,3103,702.082167
36.820217,3979,702.147569
5.3438473,1144,702.151086
8.083813,1741,705.127163
7.957294,1855,705.372754
6.128844,1414,706.003476
11.139694,2490,706.083881
15.270247,1475,706.144918
22.74519,3089,706.368803
18.718197,2033,706.673318
12.694903,2857,709.659438
10.595123,2041,710.069936
11.397754,1506,710.200494
12.4220085,2636,710.296338
7.8043437,1524,710.867575
3.37904,2081,710.92035
5.4370575,1126,711.108753
15.693743,2750,711.255915
23.919855,3040,713.90504
21.681871,2804,714.280005
6.2404275,2306,714.454616
10.056007,1741,714.864333
26.999836,2576,714.901528
15.3813925,2097,715.096426
20.717855,2438,718.386315
7.62294,2125,718.397995
11.522041,2301,718.9143
32.980465,3175,719.132514
7.7426205,1812,719.150975
16.372993,1864,719.36699
12.182182,2424,719.562301
-1.2684965,3508,722.811248
5.7850285,1654,722.99127
16.802742,2385,723.063062
9.348511,1778,723.342688
11.222676,1872,723.399897
7.426601,2942,723.524495
8.380089,1752,723.795543
6.146702,2355,724.104361
8.820718,1726,724.319071
10.0898905,1851,727.238317
10.796379,1844,727.300758
14.074237,1490,727.473794
11.688435,2238,727.88149
11.177584,2275,727.968796
13.762662,2587,731.927702
9.613975,3398,732.845813
30.676153,3219,732.93243
28.568933,4148,733.00056
37.79162,4951,735.883342
27.914036,3315,736.016534
13.895488,1568,736.610929
44.38159,5457,737.053983
28.462898,3341,740.765048
27.302088,6191,740.881985
13.219224,3773,741.17351
34.174335,5163,741.207106
32.999844,3608,741.413446
14.617641,3964,744.34729
36.976955,4243,745.156361
16.6781,3790,748.82488
19.938486,4961,749.886297
28.277515,4877,752.700844
40.020363,6761,752.744064
40.48201,5301,753.071139
44.2436,4962,753.42497
23.367914,5621,753.531386
30.333515,4001,757.23386
41.27641,6088,757.754624
30.288845,4284,761.308321
29.723902,4658,761.380591
15.613539,4712,761.692166
28.333496,3816,761.766273
47.445755,5063,762.294919
31.112999,4842,762.474615
13.223169,2125,765.582334
17.641123,2374,765.853448
36.25762,4390,765.888
21.337225,3750,765.901968
7.566189,2341,766.137679
19.69567,2452,766.303133
