#{"t_start": 1774617788.4858, "env_id": "None"}
r,l,t
6.5551424,47,1.460547
8.996007,48,1.461589
10.466077,56,1.46893
0.3605845,56,1.468979
5.0480633,67,1.480908
1.2079494,73,1.488845
7.657989,75,1.491391
6.76872,75,1.49143
-2.5643673,44,1.5162
-2.6695666,75,1.53642
0.07432741,75,1.537435
-0.46875796,75,1.544701
5.1547084,65,1.555414
-3.9120994,75,1.557714
1.2553179,74,1.563014
0.7145396,75,1.566602
-4.3612747,71,1.586012
0.5749716,30,1.592337
-1.6144757,72,1.608185
-7.556973,75,1.61171
-6.3432674,75,1.619242
-0.12104261,75,1.627525
-4.139718,75,1.629587
4.1424174,71,1.63324
0.6703723,49,1.637592
1.0613731,61,1.643044
-0.74539024,52,1.65644
-0.82285595,42,1.668541
-1.5887198,68,1.675017
0.20960319,63,1.686464
-2.7869678,75,1.68941
-5.5332904,65,1.693588
-3.6146472,65,1.698824
0.04414451,49,1.702033
-1.8290255,75,1.713438
-3.0412278,72,1.735629
1.1630919,48,1.739107
-1.2480462,72,1.742785
-0.053421676,64,1.749073
-1.1869179,41,1.75226
-1.9088514,57,1.752295
0.01030916,75,1.757379
1.7771308,75,1.775947
-0.47483346,41,1.781477
0.90236014,47,1.79848
-1.6288675,70,1.807428
0.027241945,57,1.811221
-2.906186,73,1.816793
-1.880003,72,1.825253
1.178252,75,1.832832
-1.1175108,60,1.839276
-4.130813,72,1.845784
-2.1403103,68,1.861983
-1.005192,72,1.8746
0.52442193,75,1.880976
-2.243837,75,1.88675
-4.4603353,75,1.895009
-3.4363887,75,1.903118
-0.70002687,71,1.906158
-1.5248346,75,1.916341
0.2588212,71,1.929784
-2.6409986,68,1.938796
-0.22102058,56,1.93981
-1.8908083,75,1.951177
3.521418,61,1.961752
0.90446407,75,1.964818
1.5516034,75,1.97184
1.1020098,75,1.983994
-6.0142045,75,1.996416
-7.4722342,75,2.004921
-0.5347407,75,2.005943
1.1859312,51,2.006794
-3.8695493,75,2.017022
0.48156607,70,2.025874
-5.4973927,67,2.030393
-0.09836978,45,2.0448
0.22930998,72,2.047787
-0.34308413,49,2.061289
-1.820224,75,2.063387
1.391453,75,2.073102
-3.2611609,75,2.073928
-0.5084368,47,2.089707
-0.9065735,74,2.092508
1.739517,75,2.098054
-1.4977489,46,2.102408
0.1020655,66,2.104394
-1.0719312,53,2.110667
0.071955144,54,2.121662
1.536427,75,2.143325
-1.963375,51,2.146349
1.2956629,75,2.159657
-2.080984,62,2.162576
-9.705776,75,2.162608
-3.8608413,62,2.169487
-0.13466606,75,2.173541
-3.286543,75,2.193534
-0.43143117,50,2.193571
0.120532155,44,2.207608
-2.336144,67,2.210314
-2.645115,55,2.221573
1.3192787,69,2.233229
-0.64738935,75,2.249994
-2.2697628,73,2.251954
0.8100052,54,2.253738
-1.4099152,59,2.259028
-2.0082664,48,2.262491
0.240417,60,2.281947
-0.7350825,75,2.285687
-0.71274126,38,2.286596
-2.5651047,75,2.306653
0.9828554,75,2.323158
-4.6208997,75,2.325352
-2.5567713,69,2.327217
-1.2431476,75,2.330264
-3.6941516,56,2.339474
-1.4805782,74,2.351704
-3.2182448,73,2.354624
0.16595691,56,2.359293
-0.034627974,48,2.368513
0.15327775,55,2.390322
-3.815137,69,2.391298
0.48156363,75,2.394899
-8.360308,75,2.399636
-1.247669,53,2.400611
-0.0079372525,56,2.420651
-2.8470829,75,2.424712
0.64846504,75,2.42891
-1.2961297,41,2.439526
0.45574427,74,2.45935
-0.68989813,75,2.461065
-1.2646648,75,2.464844
-1.5205905,75,2.469103
-1.5894957,63,2.481918
-5.0206056,75,2.4897
-2.2928765,71,2.494491
-0.031725585,45,2.500938
-2.4382546,75,2.508387
-0.5594267,75,2.532624
-8.549633,75,2.536822
0.1198293,70,2.536861
-0.13380289,39,2.541097
-3.4092255,75,2.557525
3.66645,71,2.561724
-5.8074045,75,2.571078
3.1268144,65,2.576117
-3.4518244,64,2.604969
-4.5672426,67,2.610674
-6.0169725,75,2.611761
-2.785849,75,2.615652
-0.561573,56,2.615692
1.3721957,75,2.638679
0.31130177,75,2.647567
-0.92508113,70,2.647608
-2.4009104,48,2.663757
-1.2058091,75,2.679949
-0.24914274,73,2.684554
-1.4705143,75,2.685615
-2.0944674,75,2.690643
-1.8298824,43,2.690681
-3.0322614,55,2.693613
-5.488861,75,2.720923
0.0020944476,43,2.725608
-3.0997708,75,2.735673
0.98597187,54,2.741656
-0.40238482,66,2.742496
-4.844676,68,2.749573
-3.965361,75,2.760568
-3.3205733,75,2.763323
-1.0741957,64,2.780102
2.335481,75,2.794866
-1.4383285,70,2.800662
0.86198586,47,2.804837
-5.2550993,70,2.807978
2.3889892,75,2.811603
-0.84389234,40,2.818369
-1.0285838,75,2.820413
-0.4255913,75,2.835066
-1.0592309,43,2.863221
0.34423995,53,2.88574
1.9869949,67,2.887598
-0.2548316,71,2.909089
-0.60368806,75,2.92647
-2.2151458,70,2.95262
0.71353453,75,2.956843
-3.3033066,73,2.980294
-0.5662159,47,3.002348
-0.7554391,75,3.005834
0.74060243,60,3.007943
-0.9042258,73,3.010961
-3.1708734,74,3.010996
0.35309392,43,3.02689
-2.9198902,75,3.0405
-4.5968237,75,3.043047
-1.3149602,41,3.050082
-2.2192354,53,3.058623
-4.0526776,71,3.072503
-3.0017438,75,3.078928
0.26431155,75,3.084233
-1.9351845,75,3.10007
-2.955386,75,3.113174
-2.325853,75,3.11612
-0.4228028,75,3.122122
1.045769,75,3.130778
-3.9812095,55,3.130816
-3.315282,53,3.133344
-2.7716246,70,3.137765
-1.946031,75,3.173119
-8.7252865,73,3.197853
-2.3338053,65,3.202365
-1.8684608,75,3.209603
2.7846131,63,3.227271
0.27341747,75,3.233627
0.26900715,75,3.233666
-0.45021784,75,3.239726
-1.4018257,43,3.280388
-0.14408293,51,3.309706
-0.9226945,75,3.322222
0.6567685,75,3.354618
-1.848081,54,3.356831
-1.7173998,75,3.383706
-6.110297,75,3.388735
-1.9094527,75,3.388773
-1.1279235,36,3.406823
-2.9192207,75,3.411512
-2.4968698,74,3.424528
0.6063627,69,3.426346
-0.68596697,57,3.429044
0.95274955,64,3.452692
-3.664938,75,3.458855
0.72806865,54,3.458889
-4.1363335,75,3.462665
-0.51470125,56,3.465667
-0.18461138,52,3.474694
-0.78368086,59,3.491111
-4.2830753,75,3.503844
-0.8210533,49,3.515509
0.61455137,53,3.525042
-4.5820436,75,3.532684
0.87398547,75,3.539674
-0.2654759,74,3.543016
0.71963143,68,3.551562
-0.28165287,75,3.569721
-3.6550496,66,3.572129
-1.1438909,52,3.587001
-2.04256,52,3.6169
-1.4058033,75,3.634862
-0.24943241,46,3.635036
2.9377038,56,4.694712
-3.106162,54,4.719155
-0.46649036,75,4.720965
-0.75669754,71,4.732383
0.57816285,49,4.732417
-2.1208358,75,4.744581
0.5574249,75,4.751684
-0.049978673,65,4.752563
-1.5245959,75,4.755298
-0.65819025,36,4.783995
-2.563076,75,4.785643
-1.9866755,75,4.787426
-2.6054835,63,4.788303
-3.5262113,72,4.796299
-0.47331,66,4.802994
-2.9632628,67,4.814448
-1.3436464,75,4.818613
-2.1607392,75,4.850151
0.010249555,75,4.851918
1.0758374,73,4.852752
0.5347028,75,4.853652
0.567681,69,4.857279
-1.4596307,56,4.868878
2.526651,75,4.869801
-0.28254637,75,4.881585
-1.6615694,46,4.895443
-0.7486692,66,4.912964
-2.2528954,74,4.91763
-1.1175082,75,4.92047
-1.4435289,75,4.925874
0.3419931,60,4.937211
1.0163083,75,4.938057
2.6396067,75,4.939061
-0.042285502,48,4.957224
0.14418638,47,4.960586
-0.9864956,73,4.962194
-0.25253376,52,4.973045
1.290696,75,4.988127
0.25250793,40,4.999249
-3.632909,69,5.000135
1.40484,75,5.005825
-1.3594499,75,5.006722
0.7108476,71,5.020329
-0.9863106,75,5.027431
0.63388556,39,5.032998
-0.67950416,70,5.035928
-0.05856663,41,5.043274
3.86052,75,5.055791
-0.09233928,75,5.06677
-6.376905,71,5.069272
0.7330769,38,5.070173
1.0660088,59,5.073983
-1.9654711,48,5.076561
-3.604243,75,5.095218
-0.18311298,74,5.109071
0.3306206,47,5.110778
-1.9067789,63,5.12227
1.019628,75,5.1223
-1.8734713,61,5.127432
-4.428783,67,5.129269
-4.2744875,75,5.142428
-3.1683457,75,5.160621
-1.0231748,64,5.164889
-0.29461342,75,5.175892
1.1425786,57,5.176685
3.0726755,65,5.185431
-6.85097,75,5.187122
-0.3441071,75,5.187139
0.7426725,72,5.20493
-2.2718978,63,5.218845
-5.3124437,71,5.221903
3.2995508,71,5.236982
-1.2486768,75,5.241347
-0.6947218,65,5.243034
-1.8201215,49,5.246651
-1.844276,69,5.246667
1.1778135,75,5.250235
-2.8035498,68,5.277755
4.060116,66,5.278685
-1.8583739,68,5.299565
-2.6061788,68,5.301309
-1.2856871,64,5.301324
-1.323779,75,5.30133
-1.2778018,63,5.304058
-5.8789425,70,5.306787
-0.034184694,65,5.334346
0.7898567,41,5.336864
-8.188886,75,5.342337
0.49246573,56,5.348289
-0.91545224,59,5.352636
1.8156208,75,5.367759
0.40389442,75,5.370927
-0.017366946,75,5.373702
-0.27480254,54,5.383548
-1.1091549,75,5.404879
-4.5775313,75,5.410083
0.7498593,75,5.416034
2.100794,70,5.416065
-2.6445796,61,5.42205
1.6236216,75,5.435734
-2.4557285,75,5.438584
-2.1399512,65,5.439578
0.31434262,62,5.462388
-2.1654515,75,5.468289
-2.4842582,73,5.478203
-7.520979,75,5.480103
2.1356764,75,5.486052
1.8376229,64,5.49193
0.5397407,66,5.497246
2.303321,75,5.50502
0.13908327,51,5.508277
-2.8917596,51,5.532055
-0.7991216,63,5.534684
1.466752,75,5.535488
-0.9397916,75,5.546548
-0.25952777,67,5.550767
-4.8182793,66,5.555192
-2.683535,62,5.558515
-1.7965127,69,5.567428
-0.74777645,49,5.576419
0.8175336,63,5.586007
-1.0405989,62,5.588336
-0.93116754,55,5.598099
0.14407033,57,5.607462
-1.4045706,73,5.609203
0.3471316,75,5.619411
-1.4276264,70,5.628172
0.43865073,72,5.639323
-3.4713004,74,5.65058
-2.7840137,75,5.654073
1.6279228,75,5.664247
0.27712786,53,5.666803
-1.8853672,72,5.673008
0.2600175,75,5.673999
0.05497706,37,5.683332
-2.2219028,75,5.694785
-2.501183,71,5.702235
0.32103094,60,5.719502
0.29694253,75,5.720374
0.1475175,55,5.721377
-1.3484107,75,5.730532
1.7670254,75,5.739919
0.22440338,75,5.749179
-1.0716643,70,5.75575
-0.79250467,75,5.766413
-2.241969,56,5.768244
-1.0894958,58,5.769109
-2.241302,65,5.776821
-2.9285219,56,5.787311
0.8290979,50,5.791521
-3.6143928,75,5.794207
-3.0725873,75,5.82059
-3.5255558,61,5.822602
-4.063433,66,5.826044
1.9141283,75,5.83222
-3.762535,68,5.836531
-0.06386942,70,5.852535
-4.3374295,75,5.852568
-5.9166446,75,5.859638
-0.5700624,52,5.866273
-1.1439135,40,5.871382
2.3502607,61,5.875585
-1.5081792,65,5.88893
-1.2419921,75,5.891513
0.19001043,57,5.903652
-1.9471843,53,5.90768
0.20085466,38,5.910348
-5.7385416,65,5.911341
-3.110484,75,5.935748
-3.9119372,75,5.941251
-1.949093,75,5.95842
-0.697742,75,5.960667
0.9124009,68,5.965793
0.7272843,75,5.974948
1.2551408,75,5.97745
1.388678,75,5.978322
-2.012423,49,5.982895
-6.564858,75,6.000419
-1.276787,66,6.017926
-0.22578728,71,6.019839
0.4994986,46,6.023916
-0.29034042,58,6.02888
-3.626289,75,6.031371
-0.8047211,75,6.041774
-0.93713295,75,6.04513
-0.7425907,60,6.05414
-0.4064207,42,6.056058
-0.5939185,48,6.07235
-0.20834303,65,6.078657
-0.55966234,71,6.087921
-1.905904,47,6.098339
0.18561849,74,6.098372
0.072312474,65,6.100297
0.4361838,75,6.112291
-1.0105245,75,6.120626
-0.36455828,63,6.127911
0.84400576,75,6.143983
-0.15558249,70,6.148558
-0.6677124,63,6.153361
-0.41570437,71,6.160169
-0.53153086,75,6.16531
0.29457724,63,6.167061
2.3050556,75,6.186114
-2.5271807,74,6.192113
-0.39337036,46,6.192985
1.2084858,74,6.208802
-0.6295629,51,6.20974
1.289144,50,6.210647
-4.4733915,74,6.21341
-3.5944836,71,6.222153
-1.0302076,45,6.232883
-4.4780025,73,6.250352
-2.1526291,69,6.252909
0.6638031,75,6.27562
-1.565022,75,6.276433
1.6461596,75,6.277354
-0.8953974,75,6.279949
0.3070382,75,6.288737
-3.74436,73,6.297894
0.068201184,75,6.317464
0.3016786,42,6.317495
-0.25130963,75,6.319978
-1.7352545,64,6.33279
0.8253293,66,6.335329
1.2370038,75,6.344121
1.276225,70,6.351223
-2.1273928,44,6.359408
-0.48170233,72,6.3621
-0.26433718,63,6.374015
-0.20705235,47,6.377418
-7.344924,75,6.384518
0.6549659,75,6.399193
-1.2229893,53,6.409077
-1.0175455,75,6.410721
-2.2092385,74,6.416885
-1.218128,69,6.421508
1.3643465,75,6.440506
-1.2986776,75,6.443876
-2.7787993,56,6.449086
0.1663211,75,6.450701
-2.8328383,75,6.475199
-1.1432123,73,6.475232
1.1290331,63,6.476194
-2.1420655,75,6.48343
-3.0387654,67,7.246326
-1.0334241,72,7.247244
-1.1402478,65,7.251581
-1.1837461,75,7.258446
-0.9333992,61,7.272259
1.9326766,65,7.275851
-0.50046563,72,7.282495
0.017723143,64,7.282517
-0.31976864,51,7.290749
-0.5364144,54,7.294187
0.9044702,59,7.303021
0.8160549,55,7.324526
0.6286507,47,7.324561
1.3713328,75,7.324567
-2.2510386,75,7.338837
0.068666756,54,7.342333
-0.4602191,48,7.345678
0.51591253,75,7.348955
-0.6671393,75,7.35647
-1.312242,54,7.3705
0.6085573,64,7.379027
-2.2671986,64,7.379056
0.6808378,43,7.381919
-0.22738177,62,7.391956
-0.14374265,72,7.405673
-1.3452346,60,7.410092
-1.0957376,75,7.414978
1.0177305,69,7.431584
-0.10310954,65,7.439349
0.16321617,56,7.441043
-3.7054644,75,7.445119
-1.1697662,75,7.445137
0.6268703,38,7.446933
-2.0670495,66,7.461867
-1.2235155,75,7.474375
-1.2393506,42,7.482136
-0.37013575,56,7.490074
-0.036477804,52,7.492738
-0.27221408,75,7.497203
-2.761198,71,7.502066
3.5391338,75,7.512046
1.8430539,75,7.529118
-0.7452613,44,7.530163
-1.4276001,54,7.531053
0.03809607,46,7.534411
0.7816836,75,7.541088
-2.3568728,50,7.555976
-3.8506613,75,7.563473
-0.5278269,74,7.567247
0.017735958,47,7.58215
0.61427146,66,7.586268
-0.42097262,69,7.594553
1.5628891,75,7.595554
0.23281807,75,7.596575
-3.1742878,49,7.599206
-0.7438381,44,7.602439
0.29356503,63,7.622293
-0.21906191,47,7.638756
-2.2199779,75,7.646331
-0.64206433,65,7.649532
-2.4082146,75,7.650381
-6.149658,75,7.658248
-3.3410568,75,7.659162
-0.11464673,75,7.665256
-1.3963528,60,7.6723
1.1188644,49,7.679849
-1.0948088,54,7.694997
0.64548033,67,7.702495
0.45752198,62,7.702517
-0.9482698,48,7.719962
-2.6180353,73,7.719989
0.38919947,66,7.720917
-2.5385818,75,7.722576
-0.06807184,75,7.735332
-0.9026421,75,7.75915
1.236242,67,7.760124
-1.9857585,75,7.767138
-1.1889712,42,7.773063
-0.32072365,59,7.773093
-1.8058708,61,7.773862
-0.2044745,64,7.776445
-1.4194155,75,7.788357
0.9558957,46,7.799612
0.18170255,38,7.806541
-0.4652961,65,7.816554
-1.4667351,61,7.825657
-4.3509054,69,7.827455
-2.5121312,75,7.838772
-0.49320132,75,7.842336
-0.43287417,75,7.854311
0.291659,66,7.857999
-1.5457132,60,7.859867
-0.43734047,49,7.860797
-0.43633154,42,7.876682
-2.7386503,75,7.893756
-0.03125906,58,7.894605
-3.143906,75,7.89548
-2.647429,57,7.910751
0.21146083,67,7.914691
0.51376814,70,7.92078
0.054266512,75,7.928139
1.1962305,61,7.931084
-0.83330935,49,7.954886
2.4281914,71,7.957276
-0.6967342,75,7.959908
-0.8201752,75,7.961749
-0.27288088,56,7.969999
-1.8625729,72,7.978018
-1.2039173,61,7.984204
-2.4828236,75,7.993704
-0.63000846,51,8.001545
-1.1267085,62,8.013222
-0.41609406,73,8.017509
-0.8616253,53,8.023607
-2.3866189,74,8.025348
-1.5253091,47,8.033586
2.1637306,75,8.034435
-0.95736307,75,8.048095
2.0681388,74,8.064335
3.2511766,65,8.068352
-1.6103053,47,8.073338
2.661845,75,8.080665
0.59008545,75,8.087001
1.0007708,75,8.089033
-3.6458676,75,8.098908
-0.86014795,49,8.106936
-3.1647494,46,8.108658
-0.61436903,75,8.112668
-0.71813816,52,8.131859
-0.21665421,75,8.137816
0.6562284,61,8.14145
1.178899,75,8.146315
-0.24687052,48,8.154256
-2.701057,56,8.155204
-2.1926522,73,8.161878
-5.1663294,70,8.168462
1.5306213,49,8.174626
-0.15980506,54,8.188245
0.6460092,47,8.201978
-0.10175449,55,8.202008
-3.7697294,75,8.202881
-0.3804375,75,8.21077
1.3969128,56,8.21662
-2.8399482,75,8.218403
-0.33254674,73,8.236672
0.51449364,52,8.245905
2.330885,75,8.252232
-0.5200024,59,8.252258
-2.1861646,64,8.257321
-0.8857839,58,8.267485
-1.4741461,68,8.268262
-2.8852699,75,8.280292
-0.50944924,50,8.28914
-2.2923834,75,8.300475
-2.2364302,56,8.304727
0.5989548,67,8.308935
0.3251397,75,8.315899
-1.305779,54,8.326193
-1.5360252,72,8.329749
-3.853058,75,8.331691
-0.14486122,53,8.33419
0.23491466,40,8.35058
-0.01746428,75,8.365265
-4.020667,72,8.367514
0.8094863,67,8.367544
0.2428832,52,8.372103
-3.0353541,70,8.391402
-4.24554,66,8.39231
1.8501084,75,8.398307
-1.2267528,51,8.412574
-0.52346754,46,8.412603
-0.70450604,75,8.416888
-2.3939736,63,8.423461
1.8036966,75,8.431992
-1.8916631,66,8.449545
-0.13508755,59,8.449578
-2.6799502,75,8.458463
0.9610337,59,8.464654
2.699519,68,8.476299
-0.7806387,75,8.477976
0.39068538,61,8.484928
-2.2683737,75,8.488815
0.6469705,53,8.495345
-1.7828723,44,8.496263
-2.0911899,71,8.510352
-0.32083285,69,8.522712
2.669706,56,8.532024
-0.91686404,50,8.537659
-2.7220964,75,8.539574
2.0344718,75,8.541322
-3.1605043,72,8.549119
1.6536458,55,8.55696
1.2908921,75,8.558618
-0.028183043,75,8.587487
-1.396326,61,8.592727
-0.00899893,75,8.596973
-0.08014226,74,8.601958
1.1473488,63,8.603528
-3.3954868,75,8.606377
2.333071,75,8.622006
2.2787843,75,8.623939
-0.018337905,40,8.636744
0.2346456,47,8.644441
-0.7714597,72,8.649875
-3.9321442,68,8.655979
0.04041487,75,8.65795
-2.0499632,75,8.671933
-0.28211182,63,8.676637
-1.1413742,65,8.679922
0.20716184,55,8.684227
-0.7561741,41,8.685081
-2.6613119,56,8.692674
-0.89025164,45,8.694357
-2.4335787,75,8.721844
-0.19673106,48,8.725233
0.9220256,64,8.734827
0.75509953,75,8.735646
-1.2386014,75,8.740659
3.0811992,57,8.741528
-0.97434914,75,8.749317
-0.035958827,75,8.758683
-1.3359149,48,8.762826
-1.3176677,51,8.778773
0.096981645,41,8.783863
-2.1733692,53,8.786248
-4.464802,75,8.788732
0.13357347,59,8.790433
-1.3316844,75,8.798224
-0.16191381,75,8.822279
-2.1543472,75,8.826508
1.2606846,45,8.836698
0.18426913,69,8.837606
-1.4920518,57,8.837621
-0.84049284,75,8.847636
-3.1608145,75,8.850268
0.2863329,75,8.8542
-0.09826863,53,8.882704
0.25446206,71,8.882731
0.23721373,40,8.884489
0.49146444,73,8.889293
-3.3484356,65,8.892534
-0.46440396,50,8.897465
1.1754925,75,8.902081
-0.89093375,65,8.90381
0.45482773,38,8.915923
-0.4898125,37,8.916814
0.27966946,75,8.947998
1.43788,61,8.950608
-1.7746971,58,8.954102
-3.710682,75,8.954127
0.645604,45,8.955129
-3.875388,75,8.957651
-3.5269718,75,8.966342
0.88823104,75,8.980839
0.5125059,51,8.990918
1.056472,53,9.001894
0.52118343,66,9.009838
2.0744896,75,9.778961
-0.7839345,75,9.782762
2.0083284,75,9.7839
0.03685677,45,9.784788
-1.879889,75,9.797961
0.78726536,55,9.818253
-0.28386194,75,9.825389
0.25495383,69,9.839625
3.623392,68,9.846704
-1.5020573,75,9.849751
0.38647604,75,9.854055
1.5800385,75,9.854949
-1.979399,62,9.854965
-2.2352018,50,9.885516
1.0066257,75,9.887429
-0.6267637,74,9.892764
1.1248534,45,9.895943
-1.1395012,53,9.902061
-0.47800767,75,9.914926
-3.4032512,75,9.917423
-0.2655201,75,9.922676
0.42310548,68,9.947893
-3.5359793,75,9.952421
-0.27120057,57,9.953347
-0.9167535,73,9.958449
-1.186465,75,9.964684
0.14221174,61,9.973911
-0.23450202,68,9.977068
-1.301144,69,9.986016
1.0661447,51,10.000497
0.79776883,33,10.006503
0.829924,61,10.008182
-4.7123585,69,10.010573
0.7358119,59,10.025345
1.8660573,75,10.025375
-0.76229066,75,10.03023
-0.019580305,75,10.050284
-2.5746279,56,10.05365
1.868075,66,10.056115
0.5630592,68,10.067954
1.06831,75,10.071269
-1.3568223,75,10.089045
-2.7858665,75,10.089077
0.44990897,74,10.093126
-0.6609658,56,10.098461
1.1982148,68,10.115448
-0.13838285,51,10.116422
-2.0213225,75,10.118832
1.1771812,75,10.133594
1.2048954,54,10.135928
-1.3465729,73,10.152548
-0.3007403,75,10.159073
-3.6918523,75,10.164815
-0.40708613,66,10.175368
0.50428945,63,10.175399
2.460268,75,10.182536
0.8200728,47,10.195499
-0.0040379167,69,10.198233
1.594289,75,10.200727
0.41680467,49,10.203142
0.48918998,66,10.22328
0.18374169,41,10.233863
1.7922026,75,10.241062
1.9114801,75,10.241091
-0.11236751,75,10.247918
-0.68435323,61,10.256536
5.011816,66,10.258332
-1.8152614,75,10.261006
-0.6679544,56,10.272147
-0.3967959,64,10.290164
0.9220127,57,10.291142
1.8869429,66,10.299516
0.7688698,48,10.303998
-0.5509946,67,10.307478
-3.3506112,75,10.322573
-0.117625,75,10.324269
0.6599721,60,10.325207
0.8774525,46,10.332023
-1.463269,55,10.355436
-2.602135,75,10.35651
-2.2573445,72,10.362356
-2.2608929,72,10.366904
-1.3350248,49,10.375367
1.5525274,75,10.390095
-1.5567312,75,10.392442
-2.9977567,75,10.393539
0.6579595,54,10.412326
1.7708864,75,10.423904
-0.32470214,75,10.424853
3.1635983,75,10.435113
-2.5549872,75,10.442762
-1.2600062,75,10.456503
2.8259597,75,10.458229
-4.020884,75,10.459137
0.4288299,57,10.473569
-0.72665477,75,10.477071
2.4152246,75,10.488317
-1.5237569,72,10.496989
0.43421906,64,10.498074
-0.7351322,69,10.516209
-1.9534597,66,10.516241
0.6621429,51,10.517935
1.3978803,75,10.522996
1.6163679,75,10.541866
0.1848355,75,10.553055
-1.0204127,75,10.561636
-1.8533534,75,10.562556
-0.615324,57,10.567167
3.5742977,68,10.575379
0.24329245,75,10.581174
-3.5026882,75,10.587755
0.07348013,63,10.597307
3.0298805,75,10.618262
-1.9323013,66,10.619255
-1.6068001,51,10.625534
1.3136125,75,10.627913
-2.0121052,75,10.633322
-0.7140168,75,10.641243
1.0764132,61,10.650378
-0.39019156,73,10.652087
-1.9090164,54,10.666423
-1.6118221,54,10.667331
-0.30765203,70,10.687901
-0.62360233,75,10.694909
-0.37071085,61,10.694938
1.0425442,75,10.699277
-0.9940505,57,10.70099
-1.1898729,70,10.713938
-0.554712,68,10.727215
-1.3062499,71,10.729407
-2.178143,75,10.753157
-1.7799144,62,10.755155
-0.5508866,69,10.755183
4.4227653,75,10.760101
0.49321514,75,10.764237
1.7785968,72,10.776681
0.039111912,67,10.785475
-1.5645585,75,10.794007
0.40122318,69,10.814791
0.47104478,75,10.81829
-1.3826773,75,10.820116
-2.0049489,71,10.822132
-0.9049817,75,10.829882
2.2727256,75,10.842675
0.5142414,75,10.851511
0.85961545,73,10.858446
0.5996504,63,10.874075
-2.6461043,71,10.877549
-2.1848655,54,10.877571
-2.3456802,75,10.886333
-0.087797284,75,10.888303
-3.0194528,68,10.902295
3.1388226,61,10.912635
0.17974633,75,10.917753
-1.6883273,57,10.927953
2.9547067,68,10.9376
0.31685334,74,10.939247
-1.7429671,42,10.939264
-4.435051,61,10.940093
-0.26685816,46,10.951821
-6.0234766,75,10.953572
0.3031866,54,10.963239
-0.13603503,59,10.989027
-0.7570266,75,10.99156
2.0456636,75,11.001445
1.8766351,75,11.003163
0.8826809,75,11.004477
1.0873259,60,11.016345
0.16164231,75,11.017184
-0.34147745,75,11.019123
0.36347866,48,11.036889
0.6196482,43,11.058217
-1.786616,75,11.060728
-3.75141,65,11.06543
-2.955332,64,11.066648
-1.2134972,72,11.075357
-0.26192945,70,11.086081
0.7850147,75,11.092816
2.576969,75,11.110941
1.0314643,70,11.126717
-0.20525369,70,11.132716
-2.5873685,75,11.133699
-1.671437,75,11.13958
1.7659585,75,11.148053
-0.58598405,65,11.149809
-0.6409694,58,11.149828
-3.301311,75,11.179039
4.65521,70,11.188794
-1.0394673,64,11.193849
-0.5416611,75,11.198083
-4.9912972,75,11.198988
-0.36344656,66,11.202963
3.9846182,65,11.203829
-0.6075862,75,11.212461
-3.630713,66,11.235651
-0.5720871,56,11.242844
0.28013736,63,11.243647
-0.31747764,68,11.264262
-0.8422775,75,11.264298
1.5138128,75,11.265293
0.56520927,75,11.26955
5.446957,69,11.27415
-0.7486249,64,11.300309
-0.6772612,75,11.30199
0.73955613,43,11.302006
-3.5591302,75,11.308711
4.4891224,70,11.324607
-1.3781476,64,11.32868
-0.9359981,75,11.329531
-1.9059292,75,11.333753
1.321773,46,11.33879
-2.154275,75,11.365844
2.326389,75,11.365875
2.103619,75,11.372467
-4.347157,65,11.384948
0.5482434,75,11.388939
-1.5318193,63,11.393145
-3.128149,75,11.393167
0.029760897,75,11.398804
-0.10506809,75,11.433022
0.3206972,75,11.433056
-0.19616015,74,11.439982
-0.6990872,67,11.447624
-1.9468071,67,11.450976
0.4823044,70,11.458072
-3.1859872,75,11.463863
1.2491174,75,11.469247
0.57148206,63,11.492244
-1.8242528,63,11.499361
0.17384201,75,11.504556
-1.4229603,73,11.517003
-0.40425843,75,11.522407
-0.557756,75,11.530199
-1.5328457,66,11.532203
-0.44294405,75,11.535083
0.5582932,56,11.546189
1.7064567,75,11.57005
-3.317166,75,11.57451
0.028505087,47,11.577788
1.8509555,75,11.585744
0.23739982,75,11.590773
-2.648851,75,11.59773
-0.5645622,58,11.597763
0.07969779,75,11.600055
-0.051373303,61,12.42725
0.91077065,71,12.440346
1.1556826,75,12.447966
1.8947467,75,12.457789
-0.18688893,64,12.461634
0.63487697,75,12.464293
-0.8911418,75,12.471187
1.8222244,75,12.473084
0.3640213,58,12.482001
3.9803793,72,12.50969
0.67252403,61,12.515438
-2.8443754,71,12.516276
1.1106043,63,12.522014
1.0734432,56,12.522906
3.3748674,70,12.525678
0.82472163,75,12.541427
1.8914566,75,12.550154
-0.2689512,51,12.554685
0.52315587,57,12.576848
1.0960431,75,12.582355
0.70494896,75,12.583241
4.351669,71,12.585722
0.12399876,75,12.589926
-1.213453,59,12.594502
1.3775744,57,12.60144
2.0630145,75,12.622078
-0.44128376,59,12.637685
0.9812617,75,12.64307
2.2358294,75,12.648586
-0.5263334,75,12.649535
0.79341334,75,12.656262
3.068057,75,12.660901
1.9202998,75,12.667889
0.51790917,68,12.681796
0.6722184,41,12.684368
-0.08864501,61,12.691981
-2.951931,53,12.696156
-0.027628481,50,12.70119
1.6730454,75,12.710125
-2.046399,75,12.728275
0.085708916,43,12.736133
1.4408375,75,12.736167
1.7673092,75,12.751109
2.698234,75,12.753708
2.234043,75,12.760918
2.3762739,75,12.770492
2.942505,75,12.778942
-0.4325397,59,12.789257
1.8441842,75,12.796545
-0.36111397,74,12.802333
0.6129068,49,12.804265
2.2372217,75,12.816926
-0.033526897,75,12.819714
0.15179336,75,12.835754
1.99316,75,12.845013
0.27084577,49,12.846183
2.4769897,75,12.855712
-0.47299984,43,12.858292
0.3527305,75,12.863582
1.9869313,75,12.871126
0.6569512,54,12.883555
1.9959244,75,12.883581
0.83349764,59,12.896708
-0.6433988,64,12.901748
0.9805217,63,12.912596
-0.5371721,61,12.915595
0.84805715,75,12.920518
1.6470132,75,12.935125
3.6994822,66,12.940875
-1.1575826,75,12.949289
1.6929961,75,12.963237
0.7525308,57,12.96764
1.129565,75,12.96931
-0.7070428,73,12.979673
2.3435729,75,12.989593
0.38952512,43,12.989628
0.74732125,53,12.990534
2.0934465,75,13.006464
-0.076527834,55,13.021275
0.6141521,66,13.030027
3.2993972,75,13.035059
2.4959202,75,13.050752
1.244214,75,13.060709
-1.8729362,75,13.06074
0.23214078,75,13.061788
2.8947906,66,13.068249
-2.2119057,59,13.076221
0.78867376,54,13.08384
1.391341,63,13.087367
1.1677783,75,13.115655
1.7228644,65,13.116613
3.056308,70,13.120692
-1.9057915,73,13.124087
2.13436,75,13.13194
-0.924255,75,13.139874
2.4035196,75,13.147914
1.885474,75,13.151174
1.3774098,61,13.167772
-0.9185432,58,13.170303
0.010804832,74,13.179475
-0.62590027,70,13.183325
1.1274866,69,13.189929
-1.2736578,53,13.191656
0.9405638,75,13.20261
0.2151776,52,13.213517
0.40801907,75,13.213541
0.53165156,54,13.224483
0.25680798,70,13.22614
0.002944231,37,13.23318
-0.36798,75,13.246162
-1.8214533,69,13.247973
3.6975536,73,13.252942
1.8013911,48,13.265352
-1.2179716,62,13.266228
0.45579296,58,13.275384
0.36040282,75,13.27711
1.161897,50,13.296488
2.6934881,75,13.298288
0.06190586,39,13.299289
2.1180046,75,13.311061
-1.2526282,75,13.312812
4.7388,62,13.319393
4.121417,68,13.335509
3.0557318,72,13.33723
0.23356831,52,13.342697
0.8889599,75,13.361014
-0.6121302,75,13.363718
0.7181234,75,13.376103
1.1909621,75,13.377955
-3.4620578,75,13.384695
0.80922425,71,13.397396
3.1389265,75,13.40255
1.8047376,75,13.407817
3.0464911,66,13.418265
0.10171485,75,13.428574
0.4910831,75,13.44049
-0.0234645,75,13.442128
0.51754373,43,13.444532
2.493334,75,13.44903
0.5571889,58,13.452341
0.26095366,75,13.461638
1.1164722,75,13.482012
-3.149041,56,13.488317
0.4077958,75,13.492664
1.0951378,75,13.506613
-0.10990775,75,13.509131
-2.256518,72,13.510896
-0.013345659,60,13.513805
-0.44952735,75,13.51729
1.1231327,52,13.538746
3.0964131,75,13.548019
0.6328955,75,13.553894
0.010600716,58,13.563941
0.50291526,65,13.567876
0.21499306,75,13.572764
0.06571472,75,13.575311
0.46604002,75,13.583195
1.3080299,67,13.597428
0.71108747,61,13.60169
-0.9188734,75,13.619661
0.05195886,55,13.620548
-1.1459091,71,13.629635
3.108603,75,13.629663
-2.2608707,75,13.639656
-1.0158342,75,13.646448
-0.06410432,54,13.646465
-1.1822792,75,13.659637
0.9804817,65,13.673782
2.159883,59,13.678957
0.52299005,73,13.681738
1.0407392,47,13.686898
0.5851503,56,13.686925
1.7955118,75,13.693455
-0.016825914,60,13.698673
2.7982213,72,13.722711
-0.018313944,49,13.729642
0.6689986,60,13.738922
-0.2880185,75,13.73895
-0.68412054,74,13.743099
1.3935416,75,13.746277
1.4208381,59,13.748957
-1.995167,75,13.757904
0.585529,75,13.787442
0.6500632,57,13.788376
0.06142044,62,13.792546
-2.018768,75,13.794402
3.5430877,65,13.799683
0.44888383,62,13.802952
-1.566679,75,13.81152
0.8992826,75,13.823861
2.7046318,75,13.853036
3.6884792,75,13.853971
0.3884564,75,13.858312
-2.6154256,75,13.860118
-2.2318854,66,13.861129
2.03374,75,13.865621
-0.31424606,75,13.877884
-0.92596716,75,13.889848
-2.7389767,61,13.907952
-0.8536697,59,13.911199
-0.6275863,75,13.920763
1.5756693,75,13.926627
0.95328015,75,13.927556
2.1401992,75,13.932563
1.7924533,66,13.936452
0.5783244,49,13.950168
0.65691996,48,13.952915
2.32735,75,13.955754
1.7300093,75,13.985972
0.10115981,75,13.991829
-0.64305097,75,13.992786
0.96062595,75,13.997705
-0.40875518,75,14.001895
-1.951228,64,14.009112
1.0619597,65,14.01253
2.0716596,75,14.016039
-0.83940166,59,14.04495
0.39903665,70,14.047654
0.85861784,71,14.054065
-0.64913917,75,14.063136
0.38741213,75,14.06735
0.006504357,68,14.068146
1.2397754,75,14.07785
3.3449056,75,14.08143
0.7941181,51,14.090016
-0.015122771,45,14.094291
-1.0329953,54,14.111219
0.75610256,75,14.113886
-0.015600562,75,14.13377
2.6179676,75,14.134562
1.0553987,65,14.135378
-1.6099811,71,14.143616
0.22728813,75,14.154606
2.6287925,75,14.159031
3.4940372,75,14.174797
-0.7416899,75,14.177172
2.4708555,64,14.187775
1.3340511,67,14.191223
0.10022384,75,14.199206
0.40241343,75,14.962731
2.831793,75,14.974824
1.5581565,75,14.979193
0.73560584,75,14.995499
1.5055656,75,14.998391
1.6313587,70,15.003961
-0.23243037,47,15.003985
1.3396623,75,15.011541
0.62630326,73,15.017636
1.7714202,75,15.040292
1.0724678,75,15.044612
4.6132746,75,15.060844
2.8591216,75,15.063398
5.268824,65,15.068173
2.4262295,75,15.068996
1.6155711,75,15.069009
3.2079296,72,15.079811
2.1664667,75,15.10363
1.1510227,75,15.108247
1.4508296,68,15.118261
2.0300202,67,15.119945
2.9577289,72,15.130961
3.0974245,75,15.132685
3.4202385,75,15.133558
1.0488403,67,15.137752
0.6490563,58,15.15453
-0.604879,60,15.160984
2.9751203,61,15.174776
1.3399117,75,15.184959
1.3012142,75,15.197263
2.9864802,75,15.198984
-3.139107,75,15.199881
2.9201882,75,15.203943
0.11919087,61,15.214491
2.7236114,75,15.220298
0.9759704,75,15.238631
2.6254926,75,15.248759
2.676222,64,15.251137
-1.0891472,65,15.253735
0.095621526,67,15.260548
-0.24683036,58,15.263193
1.812672,75,15.263209
-2.3363557,73,15.281827
2.2338634,75,15.302599
0.61633307,48,15.304615
2.8095615,75,15.313715
1.025126,75,15.316178
2.7359443,75,15.318743
0.29783326,67,15.31876
3.3809478,75,15.327993
2.8510218,75,15.348257
0.57531095,61,15.358497
0.98508626,75,15.368376
2.688244,75,15.378627
3.5716166,73,15.379543
1.1722989,75,15.384194
2.3651106,75,15.384223
1.9192092,75,15.394
0.3590051,71,15.409501
2.9290586,61,15.411159
-2.1546884,62,15.422565
2.9678078,75,15.444197
1.7453581,75,15.445032
1.7268903,74,15.448803
4.9676886,75,15.449755
1.418776,75,15.458966
0.39813,70,15.470323
1.711348,75,15.476368
-0.17219597,75,15.487347
3.5356047,67,15.507461
1.33721,73,15.508368
1.7266152,75,15.511013
1.3186648,75,15.515472
4.0447655,70,15.520289
1.9891524,75,15.536107
-0.568155,72,15.539735
1.9450326,75,15.553795
2.282001,75,15.574984
-0.0011070371,75,15.575946
3.3616729,73,15.576807
1.2349808,63,15.577772
1.436149,75,15.583197
2.4898078,75,15.60565
2.118541,75,15.609522
0.6882784,68,15.617312
0.40601027,63,15.634662
1.0347354,73,15.642153
2.033235,75,15.64475
4.1644955,75,15.646523
1.1044102,75,15.651942
-0.13204342,75,15.673274
5.094544,75,15.676791
2.6564214,75,15.684898
2.1369812,65,15.70083
-2.1766405,75,15.702706
1.8564479,65,15.703792
0.1738885,73,15.712885
1.2276721,75,15.719979
0.3302344,53,15.724924
1.773113,75,15.740357
4.386521,75,15.751407
-0.7384991,68,15.760123
3.4768338,69,15.762864
1.8327051,75,15.769337
1.4338765,75,15.778228
0.45841217,68,15.779249
0.50609314,75,15.790082
2.3555355,63,15.795508
-3.2169333,75,15.81696
4.315066,73,15.824181
2.3226073,75,15.828462
0.17858762,58,15.82948
-0.21860325,75,15.834795
0.34314448,58,15.84058
3.2023892,75,15.842955
2.459682,75,15.860467
4.778691,70,15.877878
2.5669522,61,15.882773
2.6162157,75,15.890046
3.0067792,75,15.894257
-0.38975155,75,15.900245
-0.6598801,71,15.903144
2.5098777,75,15.909186
2.6155593,75,15.926153
3.1638823,75,15.943706
2.794753,75,15.94802
2.6663938,70,15.955147
2.423749,75,15.955177
2.14597,70,15.963543
-0.15164247,75,15.965288
1.8265498,75,15.973641
0.7110894,70,15.986034
1.6633142,63,16.00106
0.99278176,75,16.006949
-0.29092443,75,16.01791
0.6358998,75,16.01794
0.72575885,54,16.018971
1.528292,75,16.026554
1.6525474,75,16.028186
0.6522973,67,16.043949
0.91087806,75,16.0667
1.9902815,75,16.072805
0.23535162,72,16.082049
1.9842036,75,16.083944
2.8730173,75,16.083969
-3.0716562,75,16.093101
1.2059971,75,16.09475
2.0497746,75,16.109264
-1.3044467,62,16.120353
-0.3934406,69,16.132414
0.9529931,68,16.142806
2.3035946,75,16.147351
2.100859,75,16.149115
2.2886775,75,16.157855
0.8708323,75,16.159699
4.250123,71,16.171387
0.8615501,66,16.177856
0.07898378,75,16.197577
-0.121919155,75,16.207876
-0.14116481,75,16.21201
2.4416554,75,16.2139
-0.96630466,75,16.223046
-0.99098384,60,16.223078
2.0727286,75,16.224753
0.7230062,75,16.24332
0.41852432,59,16.25882
1.4873149,75,16.26272
1.2912059,75,16.276845
2.2287982,75,16.278484
-2.014914,75,16.286858
2.0958626,75,16.28688
3.1006138,75,16.288821
1.0669601,75,16.306233
0.39529258,60,16.312907
3.662911,70,16.317963
0.63948214,58,16.336927
2.7338958,75,16.339402
1.279522,75,16.340996
3.6287491,67,16.342637
2.1307015,75,16.349471
1.1083157,43,16.353513
2.169233,75,16.368513
0.28900886,71,16.37182
0.34708148,53,16.386855
4.4087987,68,16.396055
2.8871298,75,16.399974
1.4087394,75,16.404292
0.7008359,75,16.413121
2.4863946,75,16.417473
3.635308,74,16.432336
0.7770833,54,16.434334
2.1501157,75,16.437056
1.5158144,52,16.449994
1.3077575,71,16.461829
4.699729,75,16.461864
0.6596595,63,16.471938
3.5527408,69,16.472844
0.18624765,40,16.484134
0.7105417,75,16.497049
1.019263,73,16.497085
-1.9802611,71,16.497918
0.96009636,69,16.520623
-0.6883597,74,16.524928
0.6767035,63,16.526708
1.1981411,75,16.536108
1.9215478,75,16.548542
-0.9682761,60,16.548578
0.14807796,75,16.561799
0.33308792,75,16.563064
1.2196748,74,16.585782
1.1269178,75,16.590926
1.8601385,75,16.592792
2.3387036,70,16.598257
1.9579237,63,16.604086
3.6745071,75,16.614439
-2.2187295,73,16.626223
1.483855,75,16.628667
1.7108546,68,16.649753
3.3998153,75,16.65061
1.485179,75,16.657393
1.837928,75,16.662936
1.8085946,75,16.668999
0.2562828,75,16.679519
2.6988697,75,16.691007
1.2914174,75,16.693513
-0.42491332,54,16.697846
1.5019574,52,16.708756
0.84813946,75,16.716233
1.8554673,75,16.723807
0.7604192,62,16.734671
4.067827,75,16.735585
0.2335268,61,17.508198
-0.87618077,75,17.518013
-0.25955427,72,17.522182
-0.23757434,66,17.527384
2.1854358,71,17.538667
-0.9599223,75,17.549965
1.4592987,75,17.560698
1.5774738,75,17.561564
0.7766781,75,17.573978
0.43580794,75,17.583326
3.512884,66,17.584994
3.8963892,75,17.587504
0.37264496,73,17.602082
1.1917145,75,17.615174
3.155034,75,17.625983
2.1525126,75,17.626897
3.578845,53,17.634845
4.431803,75,17.64003
3.6707888,71,17.648198
2.2529368,75,17.649902
1.1693845,63,17.658336
0.7502462,70,17.677893
2.222523,63,17.68307
2.5256445,75,17.692645
0.74853456,72,17.698026
2.746996,75,17.706465
3.277189,75,17.714352
-0.9689771,75,17.716032
0.92365515,75,17.724493
0.89474136,75,17.743019
0.4705825,75,17.748392
-1.2535124,67,17.751033
1.8902044,75,17.763074
2.1287594,75,17.770689
2.544613,75,17.778333
4.7899632,75,17.780066
1.7474477,70,17.784501
2.8810124,67,17.800138
0.457412,61,17.802772
2.6547065,75,17.812001
1.0101742,75,17.826736
1.9064114,75,17.83426
0.053837955,70,17.837557
3.0717027,75,17.843105
1.1471608,75,17.847217
3.903061,58,17.851464
-1.6926275,75,17.863272
1.2083385,75,17.875603
1.2470157,65,17.881785
3.2235065,65,17.890183
2.7908864,75,17.903578
0.8899868,75,17.910788
2.4091825,75,17.915891
-0.46063864,75,17.920791
1.2841647,75,17.934537
1.9007921,73,17.945266
2.3397841,75,17.953715
3.5583658,75,17.961861
2.6406436,75,17.973985
1.9120848,75,17.980228
0.8276394,75,17.984748
4.5435185,75,17.988995
-0.43829396,62,18.001015
2.1023622,75,18.001831
1.3375397,63,18.009803
1.9886128,75,18.028306
0.46745235,64,18.030903
4.7749486,69,18.041717
-0.50704825,75,18.051256
0.124801695,75,18.055648
3.909092,73,18.066706
3.41612,75,18.067625
2.632237,75,18.076827
0.5149007,65,18.092507
3.1018758,69,18.093419
3.025586,72,18.109701
0.91052765,75,18.122645
1.4462154,75,18.127507
2.5701718,75,18.138938
1.0375284,75,18.140137
3.6263444,59,18.147993
2.4381135,75,18.149805
2.6595888,75,18.162892
1.7625668,75,18.17897
2.5084102,63,18.18106
0.66953176,67,18.189685
3.4924555,56,18.191832
2.6156287,75,18.20856
-0.04144019,66,18.210361
1.4007311,75,18.216827
2.1475983,75,18.231986
0.846526,47,18.232892
2.6978621,73,18.248652
4.3526287,75,18.248689
1.0682514,54,18.259322
2.9449687,75,18.260185
3.3348246,75,18.276658
3.9097607,75,18.284663
3.7667727,64,18.290382
2.5110102,75,18.300749
1.931009,75,18.316017
1.4808401,75,18.31606
3.3600879,75,18.326624
1.1989127,75,18.327645
1.8178179,75,18.343165
0.43744475,66,18.343196
4.297901,75,18.356672
4.5499063,75,18.366943
2.2157936,63,18.371294
3.1743498,75,18.382268
2.5437222,75,18.392487
3.3926213,75,18.393402
1.9562888,75,18.409529
3.0468233,75,18.409565
2.3461277,75,18.423707
2.1570015,75,18.43377
2.424527,75,18.438067
0.9426529,37,18.442417
0.35965216,59,18.446034
1.351924,75,18.449078
2.822264,68,18.45335
1.5379081,75,18.476423
0.24220991,62,18.488904
1.6071771,75,18.489929
1.9735907,71,18.5009
2.024671,75,18.508696
0.84697956,75,18.51226
3.499414,74,18.514314
2.5356352,75,18.519402
1.1802971,67,18.535536
1.7556727,75,18.555006
1.5816933,75,18.556135
1.0614042,57,18.563145
2.6370215,66,18.567812
3.2448304,75,18.567846
2.4841232,75,18.581938
2.1652145,75,18.587101
1.0036061,75,18.604054
2.6098151,68,18.616785
2.006708,75,18.624734
1.9819432,75,18.631422
1.6708934,75,18.635572
3.5207338,75,18.635596
2.5177674,56,18.637211
5.1276007,75,18.648744
0.37592745,56,18.652862
2.6503904,70,18.678319
4.5925064,67,18.690096
0.12827641,75,18.690132
2.7262478,63,18.690947
0.4349442,75,18.701173
3.4961052,75,18.702997
1.1989255,75,18.714166
2.027571,75,18.71869
1.9076024,48,18.731368
3.8515015,75,18.74358
0.7757582,49,18.745287
2.3782363,75,18.75525
1.9450086,75,18.756194
1.6500452,75,18.766414
2.5017407,74,18.778483
3.4209514,75,18.783979
0.80007625,46,18.796059
2.5762796,75,18.796979
1.7039126,75,18.809257
2.777393,75,18.811078
2.7853694,75,18.821042
3.8872802,75,18.832109
-1.1344461,75,18.844226
2.1785667,75,18.84977
5.109621,72,18.859189
2.1576216,75,18.862875
1.253467,56,18.869963
3.5069482,75,18.875619
1.314193,75,18.877352
2.0753403,75,18.898136
2.055366,75,18.910112
0.9579268,75,18.916359
3.0616057,70,18.925389
2.1903403,75,18.926465
2.0913012,68,18.931277
0.22718227,72,18.941646
2.495697,75,18.942585
0.7012751,75,18.96557
1.2017791,73,18.976591
2.8288713,75,18.983659
2.3129773,75,18.993122
3.4313786,75,18.994075
2.487434,75,18.998508
1.6349161,75,19.008465
2.9530704,75,19.009335
-1.5219386,75,19.03209
2.1533916,75,19.043059
0.7706779,75,19.049939
-1.3377488,73,19.057166
1.1451728,75,19.058094
2.5042744,74,19.062438
2.2917075,75,19.073253
1.6177404,75,19.074196
3.0974998,75,19.096091
2.2333944,75,19.106232
-0.46738297,75,19.112909
3.132827,75,19.120876
1.579829,75,19.121806
1.2140617,75,19.126415
0.9610761,75,19.137601
2.186286,75,19.138459
1.4499214,75,19.160898
2.7412343,75,19.171812
3.5357113,73,19.177027
0.07328236,71,19.183366
-0.25823882,75,19.187737
3.8325517,61,19.191309
1.8284634,75,19.192221
1.300396,75,19.204261
1.8057091,75,19.227091
1.5975659,71,19.234507
1.1433253,75,19.24312
1.9046842,64,19.248372
2.6417685,75,19.249372
1.2580595,75,19.253777
1.0286968,75,19.257199
3.831325,71,19.267028
-0.37055212,66,19.28499
1.1406951,75,19.299594
1.2045145,72,19.305594
1.0632266,60,19.305622
2.764344,72,19.311286
0.8374948,75,19.313209
0.67707545,56,19.314854
3.601407,69,19.316581
2.3338041,75,20.122962
-0.089972496,49,20.127091
1.8104067,75,20.137559
4.7072506,63,20.141058
2.3712993,75,20.143644
1.9095259,75,20.143665
1.7451136,75,20.1529
3.5503516,75,20.154864
2.8379598,69,20.18132
2.846058,75,20.190456
3.993011,67,20.200083
1.3094537,75,20.20097
1.0475049,75,20.204294
1.741996,75,20.206976
3.4598482,64,20.207007
3.3452935,75,20.218013
4.3776727,67,20.239715
3.4005399,60,20.252229
2.0452228,74,20.254855
3.201458,60,20.259105
3.8046343,70,20.261739
4.025687,72,20.267402
2.4143083,75,20.272863
-1.0064354,74,20.282952
3.7706475,75,20.30395
3.5837777,61,20.304867
1.6836982,75,20.318965
0.32506675,68,20.319758
1.8173313,75,20.323122
3.6753502,68,20.324816
2.6867821,75,20.335778
3.4064565,75,20.346045
3.3036296,75,20.367338
0.95770967,75,20.368253
4.5178385,67,20.379726
6.067233,73,20.381577
2.1348922,75,20.382451
1.6393197,75,20.388052
1.924821,75,20.398853
3.4750433,73,20.407034
4.521686,57,20.414691
2.8699949,75,20.430026
4.8119698,68,20.435889
4.3092875,71,20.441117
3.864501,75,20.443493
3.4360642,75,20.450505
2.6178687,71,20.457789
3.4736643,75,20.469604
3.5408194,75,20.47758
2.6940012,62,20.482657
3.9023182,60,20.487019
2.930084,73,20.502992
3.8256512,75,20.507293
4.7990932,73,20.512289
2.853367,75,20.521975
2.3698225,75,20.533761
2.2578158,75,20.541362
3.1924796,75,20.546273
2.705284,75,20.551074
3.7345195,70,20.56325
1.8160002,75,20.571983
3.367357,60,20.573872
4.397354,75,20.577057
0.45088744,65,20.589845
3.3084824,75,20.606442
3.275931,75,20.611773
2.4153988,72,20.613736
1.0201998,65,20.620911
4.6332636,65,20.629267
3.5630357,75,20.639525
0.82514125,75,20.642794
5.2858105,75,20.655537
2.1268435,70,20.667842
2.9786983,71,20.675686
2.1215248,75,20.677443
2.210887,75,20.685705
2.1538272,75,20.694846
2.7344813,75,20.705619
3.3005352,75,20.709102
4.288394,66,20.714301
1.1403048,75,20.738537
3.5525167,72,20.746659
3.2398446,72,20.751107
4.449083,75,20.762397
3.1420646,75,20.771114
3.4820733,73,20.779587
2.897741,75,20.784779
2.1673505,75,20.78982
3.8176236,69,20.803849
2.841332,63,20.805733
2.8483076,75,20.814287
3.5349815,64,20.81683
3.3044024,63,20.833247
2.543881,75,20.834968
1.9153551,75,20.849209
1.2752278,55,20.85323
1.3546776,75,20.854209
2.7423925,75,20.869594
2.8172948,75,20.87979
4.4319477,75,20.882464
1.9782467,75,20.898277
2.136509,75,20.900047
4.3324256,64,20.908448
3.1674144,75,20.913564
2.6942935,75,20.91864
4.4486,75,20.933328
4.3796997,75,20.943225
1.8568497,75,20.945803
2.8454542,73,20.960447
3.2451906,75,20.963892
5.338171,69,20.967499
2.807893,75,20.97789
3.3550699,75,20.983335
3.2673488,74,20.997186
2.3893385,75,21.007724
3.8102674,75,21.010175
1.4818321,73,21.023181
3.6610365,75,21.027867
1.9522758,75,21.03124
1.8857745,75,21.041103
3.9938784,75,21.046288
3.692733,68,21.053733
3.1746247,75,21.071313
4.3110833,75,21.07427
3.4366841,56,21.076117
2.7644885,64,21.087039
4.0336113,75,21.088076
0.048279583,75,21.106947
1.6485454,75,21.112438
2.2755475,72,21.117856
2.595828,72,21.135653
-0.19381446,60,21.140228
1.4425764,75,21.141169
4.4055037,75,21.142766
1.7223701,75,21.154353
1.788157,68,21.167026
3.2547483,75,21.178169
3.4097571,75,21.183098
1.7665031,70,21.195801
4.7866864,66,21.196863
3.3863504,71,21.202003
3.0039172,75,21.207387
2.4819849,69,21.213135
2.8590438,64,21.221827
3.026438,75,21.243012
3.1910157,71,21.244774
2.1449146,75,21.260901
4.3068895,75,21.261946
4.0720816,69,21.261969
2.692473,75,21.272185
3.2186234,71,21.274743
3.1804664,75,21.286999
3.929409,60,21.2969
3.5967655,70,21.30418
3.3501506,70,21.322914
2.8815506,75,21.326471
3.3476543,75,21.32735
1.6354795,75,21.337301
2.5064805,75,21.340058
2.7065144,75,21.351848
1.1679573,75,21.362766
2.4916525,75,21.370042
3.8546705,63,21.383476
2.9371948,75,21.389501
1.4477316,75,21.392769
2.5922267,69,21.39892
2.8004522,75,21.406378
1.5056301,75,21.418128
3.9149537,75,21.427306
1.8967831,74,21.433223
2.400589,71,21.44353
2.324128,75,21.452655
0.4266135,66,21.454396
2.1863298,75,21.456063
2.5381792,75,21.469875
0.3940289,63,21.471622
3.719864,75,21.491668
3.1884508,75,21.497667
2.3475711,75,21.508322
3.065222,75,21.517899
2.6997075,75,21.51949
3.0503557,75,21.521241
3.0196652,75,21.534406
3.6444361,75,21.536301
2.7347782,75,21.557854
3.0282886,75,21.564792
3.7661498,67,21.573257
0.92861825,59,21.576708
2.3018804,75,21.595114
3.2736151,75,21.597541
1.518106,75,21.612712
1.649264,75,21.614983
2.5387878,75,21.638449
4.4034047,70,21.64094
3.1802971,75,21.649699
2.5191689,73,21.650722
1.2628798,45,21.658083
0.054851174,75,21.668701
1.615413,75,21.67029
0.17229736,75,21.688098
1.221838,65,21.702363
3.052852,75,21.710327
3.9709413,70,21.716035
2.1427324,75,21.721332
2.9906564,67,21.721362
0.71437746,75,21.73935
2.4697444,75,21.741819
3.7150798,68,21.752241
2.0398376,75,21.773494
1.9331925,75,21.780588
-0.2327689,75,21.785995
1.9395876,70,21.786942
3.8962436,75,21.791672
2.6186655,68,21.803379
4.3862047,71,21.808615
3.2148955,65,21.813329
2.7368026,75,21.841813
1.1823156,75,21.848789
4.1523376,71,21.851597
0.6647991,75,21.854193
3.7737548,75,21.859858
-0.4253355,65,21.862558
2.797403,75,21.876692
1.8240017,75,21.881724
1.7992007,75,22.750569
1.0684724,75,22.758437
0.7942345,75,22.761444
2.346749,75,22.765295
2.564896,68,22.76749
2.554574,75,22.771108
2.9356775,63,22.776653
4.452607,75,22.792281
2.791014,56,22.820428
3.5892818,75,22.823715
3.4256775,75,22.831088
1.4952123,75,22.833948
5.164902,62,22.835742
2.4916637,75,22.836597
2.7259176,75,22.842463
3.1273112,73,22.861368
3.1980505,75,22.892135
2.8235252,75,22.894732
2.694426,64,22.894755
0.9879764,75,22.901911
4.3638315,75,22.906792
4.991073,74,22.906825
3.4121704,75,22.912969
5.063216,74,22.932372
0.8996522,47,22.950473
3.2881474,64,22.954605
3.636734,75,22.961954
5.97997,75,22.964635
2.1743872,75,22.972406
3.0433934,75,22.977174
3.7102165,70,22.979182
2.2485983,72,23.000029
2.967908,75,23.020709
3.5948033,75,23.024795
3.2555459,75,23.03167
5.014361,75,23.034456
5.254529,70,23.037195
1.4732823,75,23.046437
3.4831507,75,23.048953
2.5528674,75,23.06949
4.282306,75,23.091553
4.130184,75,23.095024
3.4561443,70,23.097951
2.7689984,60,23.105632
2.244307,75,23.105674
3.979444,75,23.108379
2.537952,75,23.11792
5.3061423,69,23.134457
4.452053,56,23.149879
1.7488787,75,23.16042
3.5676384,59,23.162115
4.2290096,73,23.162138
4.2777305,56,23.168363
2.6648088,75,23.174167
4.137592,75,23.174199
1.7338166,75,23.201429
3.7916303,62,23.204847
1.2309668,70,23.223572
3.6911538,62,23.224588
2.9785504,75,23.229519
4.126148,75,23.229551
2.5865738,69,23.23572
1.6791124,75,23.241089
3.5927873,66,23.265565
3.6573408,75,23.270171
4.960646,67,23.292588
2.7227402,75,23.293527
3.2230735,75,23.294417
2.2973163,75,23.299836
3.1826339,75,23.306608
4.3600116,75,23.312793
3.0738804,67,23.330962
2.7497728,75,23.343195
2.639453,63,23.354757
4.635243,58,23.356781
3.437047,75,23.364626
1.18128,75,23.366358
3.8495374,75,23.377913
4.2355533,75,23.383926
2.9835382,75,23.401075
4.7903595,73,23.412887
4.496491,75,23.426725
4.25503,66,23.428645
2.8193483,75,23.428671
4.5137987,75,23.439566
1.6154981,75,23.452347
3.683793,75,23.457724
2.6658463,75,23.474744
3.408704,59,23.484289
4.7840295,75,23.484329
3.040535,75,23.49792
3.4625576,75,23.499919
3.2915716,75,23.509478
3.3503928,75,23.521315
2.2808058,75,23.526656
3.4122088,63,23.532359
3.1301398,75,23.553477
2.50625,75,23.553517
3.0981529,72,23.565676
4.8284683,75,23.566607
2.879958,71,23.575084
2.692638,75,23.590125
5.3030324,75,23.596009
3.3412387,75,23.601585
3.6712132,73,23.619991
3.4465249,75,23.622362
3.6840482,74,23.632982
2.577824,75,23.634886
3.9897325,75,23.64334
4.0452323,61,23.656399
4.89783,67,23.656436
3.3802924,75,23.658354
3.3291876,75,23.688888
2.8491888,75,23.690769
1.5275629,75,23.701547
3.8639717,73,23.701585
3.8382723,71,23.707909
3.8956437,70,23.720068
1.1224706,75,23.72432
5.188772,75,23.726113
4.519098,66,23.748343
5.463511,75,23.758751
3.8069055,71,23.765547
2.2028794,66,23.767221
3.4399178,75,23.769087
3.7410989,66,23.77998
3.6923814,67,23.787135
4.621151,75,23.792391
3.1363711,62,23.803834
3.1542597,62,23.821078
2.5492105,75,23.826248
2.1180296,47,23.835024
3.5580928,75,23.835057
3.036713,75,23.836825
4.1600256,75,23.847986
3.5676591,75,23.8556
4.3689346,75,23.872448
3.273228,59,23.879724
2.837678,74,23.889447
4.0859566,71,23.901818
1.2966166,75,23.903962
4.078842,75,23.903983
3.216137,75,23.916637
4.258426,69,23.918635
2.4129405,75,23.941447
3.725869,73,23.946866
1.9687486,52,23.951577
1.5051311,75,23.958853
3.6213894,65,23.962227
4.5718427,67,23.965872
3.1386561,75,23.986482
3.002794,75,23.988447
2.788294,61,24.000133
1.0592861,48,24.00882
3.7108998,75,24.019746
3.1461,65,24.022517
1.4117706,75,24.025533
3.0384092,75,24.038971
4.904919,62,24.047623
3.6022897,75,24.062073
2.8858662,69,24.067253
2.4552288,75,24.08119
4.2648287,69,24.088698
2.4737244,75,24.092468
2.8910847,75,24.096761
0.41702437,69,24.104931
3.458527,72,24.115757
3.723316,73,24.130802
4.290737,75,24.136848
3.4525988,68,24.14472
2.8897612,63,24.150275
4.4731007,75,24.157763
1.8897219,75,24.165616
3.066047,75,24.173843
5.129861,73,24.182999
1.9521021,75,24.198858
3.569074,74,24.204015
4.245866,66,24.204045
3.6707702,61,24.2128
4.2221823,75,24.218382
4.0946655,75,24.233245
5.974231,75,24.240731
1.7036769,75,24.249405
3.7542744,75,24.267021
5.172274,71,24.26873
3.1121497,64,24.270565
3.0887783,75,24.272374
2.0795107,70,24.281827
4.533704,75,24.300581
4.178256,66,24.300621
3.7868552,75,24.317482
3.154278,60,24.319942
3.838201,63,24.326519
3.669724,69,24.334486
3.031641,75,24.336243
4.3824334,75,24.348694
4.0480704,75,24.369963
2.7468507,75,24.370035
3.9012253,75,24.386836
3.3923457,75,24.389567
2.942083,75,24.396723
3.2219849,58,24.40314
4.2426305,75,24.40409
1.8974621,75,24.405852
1.9281416,75,24.438717
4.1606603,75,24.438758
4.013275,73,24.454124
3.4569986,75,24.458608
5.0810895,61,24.45967
3.4715006,61,24.461506
2.4168267,75,24.465521
2.5948558,75,24.47179
4.3580155,60,24.494111
3.4926298,66,24.499725
3.7147813,75,24.523579
5.11439,68,24.524558
3.0994081,75,24.528202
3.7544768,75,24.529195
2.711671,75,24.535359
3.5060062,70,24.53716
4.454154,71,24.560166
2.2146091,75,24.569064
3.1834579,55,24.580426
4.9860477,75,24.592916
3.6511397,75,24.593875
4.0529647,75,24.597716
4.0048103,70,24.601387
4.136794,75,24.603912
4.0547943,75,24.628871
3.5349803,75,24.637889
0.30123496,52,24.641178
5.0191383,75,24.649132
4.780395,70,25.532522
3.459695,75,25.533449
3.3209348,75,25.541116
4.0222154,75,25.543794
1.2380316,45,25.553367
3.7074933,75,25.570059
3.471866,67,25.572992
3.1631,64,25.581629
4.939467,64,25.596133
5.186881,75,25.608075
3.9747798,70,25.611798
5.7663493,72,25.617163
5.274157,65,25.620071
4.185984,68,25.639141
3.7312396,64,25.646068
4.930077,74,25.647234
4.4074335,71,25.667693
3.8642826,60,25.670442
3.4907105,67,25.673941
4.303533,57,25.675942
5.491076,73,25.688064
4.963854,68,25.706346
4.175214,69,25.713918
4.815342,72,25.717685
3.9295015,75,25.741773
4.5858645,69,25.741817
3.0351095,75,25.744383
4.0857573,57,25.744411
4.612779,73,25.747355
3.7106664,58,25.762708
4.479184,75,25.787482
3.7729585,75,25.791256
4.260292,65,25.810356
4.3945704,69,25.811313
4.383336,75,25.814355
3.2947946,75,25.814389
3.8886614,75,25.81696
4.9237704,73,25.833776
4.541992,60,25.850669
5.7065334,75,25.861155
5.071233,66,25.877969
3.8197062,69,25.880988
4.4492507,67,25.882092
3.8119235,75,25.883086
4.9311533,75,25.884047
4.555265,69,25.899804
4.129554,67,25.915851
4.269771,68,25.927263
4.8616457,75,25.953905
4.3537893,74,25.9564
5.348686,75,25.95845
3.2804303,75,25.959274
3.7541192,75,25.960188
3.8185437,75,25.976371
4.943826,72,25.986413
6.240873,73,26.000397
3.3641646,64,26.018173
3.906504,64,26.020807
4.796218,69,26.022313
3.0325537,75,26.032148
3.5258603,75,26.033224
3.6365933,66,26.041308
1.2238405,75,26.058651
4.8740115,75,26.071878
4.4510818,63,26.07865
5.76253,71,26.089185
5.289178,75,26.092022
4.5596633,66,26.09549
3.3680508,60,26.097654
3.6819649,75,26.103266
4.189942,69,26.126282
2.3198805,75,26.143977
5.774069,71,26.147638
4.094694,65,26.152542
4.8647532,64,26.154508
5.643764,67,26.162887
3.2632146,75,26.168312
2.6527283,75,26.175701
4.8793364,71,26.193639
4.677212,55,26.197358
4.852782,63,26.212353
5.4591565,74,26.217747
5.494751,75,26.225583
4.6819305,75,26.233682
4.0987315,75,26.239256
2.1945658,70,26.241866
5.3000846,74,26.26215
4.0820594,75,26.266363
4.2805,65,26.27713
3.5306067,75,26.280488
3.5621421,64,26.283702
3.9055057,74,26.301676
3.3964033,73,26.307048
2.8903096,75,26.311264
4.2751703,59,26.317749
5.5072684,74,26.334786
5.2035904,71,26.343391
4.444897,75,26.351718
4.8710637,75,26.354559
4.6639953,61,26.359077
4.189559,75,26.376296
0.22717899,47,26.378938
5.270305,75,26.380949
5.9908276,73,26.385689
3.6573496,62,26.401752
4.6392527,67,26.414486
3.471906,70,26.426447
4.0360904,75,26.426486
4.097143,68,26.443972
4.3792353,62,26.444953
1.4937046,75,26.448363
4.207173,75,26.453048
4.828966,73,26.473246
4.716249,75,26.48769
4.647004,75,26.497729
4.83945,75,26.497761
4.680875,65,26.509927
4.3080416,75,26.515447
4.1979036,75,26.51634
4.262583,75,26.522906
5.725695,75,26.539843
4.0936913,75,26.552634
3.8582175,75,26.562451
3.9521427,75,26.562484
3.5270128,75,26.574268
5.2042713,69,26.574299
3.6964982,75,26.580097
4.7047124,75,26.58749
1.8748767,58,26.590196
1.4464371,50,26.596769
5.4168525,66,26.621406
4.5666056,75,26.629118
4.140589,67,26.634168
4.7374034,73,26.639523
4.0423675,75,26.646962
4.2574024,68,26.650164
3.5435553,75,26.653532
3.697105,75,26.662506
4.249017,75,26.684684
4.9836535,75,26.692315
3.7377822,75,26.697123
5.29784,74,26.701192
4.5205526,75,26.710201
4.7096324,75,26.715037
3.9573963,72,26.715974
5.248937,75,26.726903
4.5003233,75,26.750708
4.939005,75,26.758631
4.637033,75,26.763588
5.9119115,71,26.76452
4.1054807,59,26.767261
3.6488464,75,26.776415
4.758779,72,26.777274
4.0001354,75,26.791741
5.145069,74,26.815018
3.684404,75,26.823882
4.655078,68,26.823914
4.263452,75,26.828816
4.4682946,75,26.832438
4.6087747,69,26.836707
4.5835238,75,26.842808
3.7037973,75,26.857744
3.676251,71,26.876572
4.7605333,74,26.888348
4.052411,75,26.889301
3.8490531,69,26.892824
5.0106583,75,26.894576
5.0638056,67,26.895384
3.9490244,75,26.908421
4.0966053,75,26.923476
3.842119,75,26.942419
3.888666,63,26.950457
5.7840962,71,26.950489
5.8770123,75,26.955199
5.0403886,75,26.958835
4.8185334,75,26.960414
5.5186424,72,26.971925
4.9470387,75,26.989776
3.4619098,54,26.997631
4.662426,71,27.004537
3.9192655,75,27.015314
4.373047,75,27.019131
4.6976805,75,27.022564
4.245681,73,27.022598
4.4474187,70,27.029878
3.6141396,75,27.049111
4.525014,65,27.055708
5.087806,73,27.055736
3.6440039,66,27.067122
5.3827305,75,27.078268
3.5673802,75,27.081674
4.7762938,75,27.081703
5.4076085,75,27.08952
3.9554107,66,27.101374
2.761575,61,27.103551
4.9334993,75,27.114018
4.493838,66,27.118314
4.3357244,70,27.132369
3.3906207,73,27.137488
4.088047,75,27.139067
3.0308337,75,27.147082
5.069246,69,27.154844
4.7764215,75,27.161883
4.7589893,75,27.173674
4.229615,75,27.17731
4.008189,66,27.189528
3.3336997,75,27.191069
3.6332762,75,27.198468
3.890267,75,27.205642
2.8667898,74,27.212249
5.773289,69,27.215204
4.2848473,75,27.229977
3.4731786,75,27.233665
3.200862,71,27.242913
4.791098,71,27.244572
4.7551312,75,27.254806
4.6322846,70,27.258445
4.016958,63,27.263251
4.8211274,68,27.264063
5.6319585,75,27.28736
4.2401524,75,27.291136
5.177271,67,27.29402
5.074257,75,27.301339
4.185141,70,27.310901
3.380776,75,27.310912
5.198662,72,27.317322
3.9164164,75,27.320267
3.7846413,75,27.342972
2.8794975,75,27.347084
4.0514235,75,27.350143
4.0480037,70,27.353959
3.9092124,58,28.027116
4.6202903,72,28.0318
3.823004,62,28.033544
4.0924788,75,28.034455
4.590885,63,28.05776
2.7619114,75,28.070417
3.619514,75,28.073444
5.2916274,75,28.077328
5.0612063,64,28.082418
3.7394788,73,28.082433
5.7849946,73,28.088344
5.885023,75,28.088359
5.0025773,74,28.112818
5.075732,75,28.126707
4.2639956,63,28.130051
5.9496684,75,28.13008
3.675101,75,28.133822
3.918603,70,28.135365
4.775743,73,28.1439
6.1232457,75,28.145412
3.7560482,57,28.156566
3.9183564,65,28.175915
4.27097,65,28.184208
2.3011122,75,28.186529
4.247031,75,28.186543
4.9935794,74,28.189474
4.792798,71,28.198409
5.1297555,75,28.199868
3.8287866,67,28.206637
5.450444,75,28.231568
4.799025,62,28.232328
4.0448976,65,28.234583
4.1302004,74,28.23917
4.411928,71,28.242238
4.252646,63,28.246652
6.0427155,72,28.252003
3.758879,75,28.262147
4.5078497,68,28.282234
4.8779373,72,28.285952
4.3676558,61,28.287547
5.038795,67,28.289123
4.6614165,75,28.290665
5.073892,75,28.302883
5.0205803,75,28.307953
3.7299156,75,28.318374
3.8757236,64,28.33646
4.4501834,75,28.338117
5.268837,75,28.342432
5.0674734,75,28.343972
4.0470037,73,28.345409
5.015463,71,28.355668
5.1326866,75,28.363667
5.1182013,75,28.37393
4.561074,75,28.392085
4.716785,75,28.39359
5.3496423,75,28.3976
5.6986704,75,28.399104
5.709687,75,28.400602
4.894818,75,28.410773
4.9174514,75,28.418758
5.031638,73,28.428036
5.1674867,63,28.441045
4.199495,62,28.447104
3.3383055,64,28.447122
4.540477,75,28.448872
3.7819653,75,28.45452
4.331191,75,28.467507
3.5596135,75,28.47568
4.7783875,75,28.484534
5.247391,75,28.497041
4.8474646,75,28.503231
5.0947013,75,28.503257
4.882766,75,28.504719
5.1507106,69,28.505507
4.6568146,68,28.518539
3.6211402,57,28.518567
3.9591439,75,28.540709
4.606495,65,28.552033
4.6479816,74,28.552802
5.1073685,65,28.554274
5.225953,75,28.559703
4.6994033,75,28.561255
4.47285,62,28.564875
4.9472556,75,28.57428
3.941418,65,28.589355
4.191729,57,28.596918
4.3676295,63,28.599863
4.3036013,65,28.600626
4.379571,65,28.607951
5.138831,75,28.617109
4.368117,75,28.620867
5.012133,75,28.630469
3.8214185,65,28.638249
5.325026,75,28.653592
5.8987093,75,28.65649
4.9501543,75,28.657281
3.5942054,75,28.665071
2.11214,75,28.673961
3.8613467,70,28.673983
3.619709,62,28.677954
5.158811,75,28.696828
3.50925,64,28.7041
3.7783237,73,28.713712
4.2603936,75,28.716391
5.0669274,75,28.724181
5.261334,73,28.731708
5.145556,75,28.733198
4.208004,75,28.736954
2.9266996,65,28.747159
3.6132317,62,28.751627
5.156291,75,28.772069
4.9085684,75,28.774568
4.9992414,71,28.778916
2.5191514,65,28.787957
4.7552056,75,28.790362
5.1182227,75,28.792242
4.2815776,67,28.804584
4.2308726,75,28.806191
3.6507053,53,28.829929
4.245372,75,28.831417
5.040141,75,28.833813
5.3369727,75,28.838417
4.1434617,75,28.848728
3.3857534,75,28.850579
4.1610885,66,28.857092
4.951671,70,28.85858
4.7878857,75,28.886156
4.139936,71,28.886951
4.5903535,75,28.887671
5.2431755,68,28.889242
5.16651,73,28.905051
5.2194786,75,28.905081
4.8839912,70,28.910909
4.0596743,75,28.91309
5.898504,75,28.942378
5.6017537,72,28.94338
4.4556184,75,28.943398
4.5176163,75,28.944181
3.8454735,59,28.955703
4.719585,75,28.961546
4.659016,75,28.96156
5.2662716,75,28.97047
4.5754375,75,28.999963
5.01855,75,29.000809
4.537861,75,29.000822
5.7838755,75,29.0016
5.422257,69,29.008715
4.3835206,72,29.017225
4.0118337,75,29.019653
5.214637,74,29.02761
3.808474,64,29.05075
3.2652378,70,29.054614
2.6834521,75,29.057693
5.5373626,75,29.058654
4.7348814,75,29.06645
2.6171184,70,29.073113
5.0889034,75,29.074575
3.7491837,75,29.084151
3.8050947,75,29.107332
4.0643144,75,29.111007
3.144184,62,29.112502
4.8257794,75,29.114046
4.112931,75,29.114819
3.7227533,65,29.122728
5.354662,74,29.127814
3.8145509,75,29.140514
3.6993742,63,29.16318
5.4846897,75,29.164646
5.441185,73,29.168522
5.792351,71,29.168544
5.3881464,75,29.16855
5.419374,75,29.180316
4.8259597,73,29.184115
3.6824324,75,29.197306
4.4708104,65,29.21123
4.8057895,75,29.21987
5.003526,75,29.223723
4.978646,75,29.22374
4.002491,75,29.223746
5.246538,75,29.236255
4.892425,75,29.239925
4.6831827,70,29.249544
4.7877192,68,29.261841
5.7514954,75,29.276083
5.4057274,72,29.277801
5.1519103,74,29.279283
5.226743,75,29.280064
5.144589,75,29.291879
3.8465838,75,29.295767
4.8106937,75,29.305641
4.975026,75,29.318699
4.5911984,65,29.328074
4.9150786,67,29.330398
4.7786007,75,29.332699
4.457989,73,29.332719
4.9781823,75,29.347811
4.5983534,75,29.351512
4.725202,75,29.361095
4.8411927,75,29.373682
5.0036883,66,29.376723
4.1537333,65,29.380432
3.9130478,68,29.382814
4.8439946,75,29.385836
5.3775563,75,29.403449
5.4847846,75,29.407197
4.106745,65,29.409699
4.991787,71,29.42719
5.0242286,75,29.433275
2.639811,75,29.437296
4.244011,75,29.439509
4.27523,75,29.442472
5.02661,74,29.459558
4.3447666,72,29.461841
4.60614,75,29.466154
3.944135,75,29.483107
4.3466883,68,29.487498
4.017771,75,29.489022
4.450983,75,29.495503
4.9196396,75,29.498526
4.452702,71,29.512562
4.3535204,75,29.517808
3.2643917,75,29.522332
5.7035193,72,29.537181
4.7068057,72,29.541745
4.646955,70,29.541762
3.0265582,67,29.548712
3.8476424,75,29.551854
5.2646,75,30.21632
4.9304147,75,30.222029
4.0688725,75,30.226584
4.2881675,68,30.23622
4.6221595,75,30.245876
5.3473506,75,30.245903
4.9457994,67,30.246773
5.1927834,75,30.256079
5.611742,72,30.271132
5.023667,75,30.279089
4.252651,75,30.283443
4.4466276,75,30.29301
5.813141,75,30.302581
5.497768,75,30.3026
5.1949854,75,30.303437
4.983266,75,30.312324
4.6467648,75,30.327659
4.681275,73,30.333487
4.6540947,72,30.337172
4.8549333,75,30.349407
5.028644,75,30.36009
5.254459,75,30.360127
5.871384,75,30.360943
4.6996145,75,30.369803
5.4658513,70,30.380722
4.3073487,72,30.388678
5.274881,75,30.394832
3.6556334,67,30.400675
4.4959536,71,30.413256
5.209116,75,30.416157
4.6336775,75,30.416959
5.025957,75,30.426121
5.6940403,75,30.437677
4.6625953,75,30.444925
3.847084,71,30.447954
4.741246,75,30.456891
4.4212947,75,30.469609
5.2239604,75,30.472685
4.018511,75,30.473553
4.8029075,75,30.482819
4.197057,75,30.495383
4.0608687,75,30.50376
4.909445,75,30.506794
4.2820544,75,30.515744
5.232348,75,30.528486
4.8424516,75,30.531459
3.3584259,75,30.532266
4.2044296,65,30.533839
5.0484576,75,30.552523
3.859854,67,30.557294
4.763789,75,30.560285
4.9671655,75,30.572356
3.3900561,57,30.574605
4.488036,71,30.582211
5.6143003,75,30.588804
4.6203685,75,30.590321
4.715271,67,30.607163
4.2215157,75,30.608692
4.685784,75,30.616026
5.0684557,75,30.628368
5.505242,73,30.629149
3.6080308,75,30.638241
5.228759,70,30.642529
5.8627706,75,30.644728
4.7590995,73,30.662234
5.360619,73,30.66379
5.498347,75,30.672598
5.092252,72,30.682736
5.062507,75,30.684325
5.373057,71,30.690934
5.219992,72,30.696218
5.13537,75,30.700977
4.8591475,68,30.714505
4.6676555,70,30.714533
4.8394427,71,30.726079
4.760381,75,30.739148
4.6474404,75,30.740671
4.709446,75,30.747229
5.1028795,75,30.752329
4.5536823,75,30.756811
4.3712425,72,30.768692
5.5849357,75,30.771149
4.3155327,75,30.78242
4.05317,75,30.795565
4.9949408,75,30.797121
5.3331046,75,30.803812
4.7983727,71,30.806347
5.0474358,75,30.813731
5.3300214,75,30.824716
4.393249,75,30.826886
5.3236203,75,30.837917
4.8014956,75,30.851123
5.569851,75,30.852672
4.8767548,75,30.859209
4.1112733,73,30.860036
5.177719,72,30.866511
4.9752,75,30.879661
4.410657,75,30.881918
4.928847,75,30.893453
4.8590603,73,30.90549
4.81069,75,30.908422
4.4765863,75,30.915109
4.954071,75,30.915895
4.7809515,75,30.922808
3.9141865,69,30.934515
4.8781385,75,30.936752
4.910437,75,30.950577
4.4514885,69,30.958244
3.4789665,73,30.964724
4.491385,75,30.973475
4.248389,74,30.973502
4.623518,73,30.979494
3.454034,64,30.984654
4.7842913,75,30.995105
5.561772,75,31.008911
5.220738,75,31.016736
5.1866245,72,31.020745
3.6516485,68,31.026121
4.996744,75,31.031416
4.1139026,67,31.031436
4.7831616,69,31.037788
4.4291935,75,31.052792
5.2408175,75,31.06596
4.883765,75,31.073179
4.759365,75,31.07688
4.8630486,75,31.082141
4.273014,75,31.087371
3.9567194,75,31.087382
4.7024097,75,31.093623
5.174772,70,31.104796
4.489536,75,31.122634
4.612798,75,31.130202
4.162022,75,31.133838
4.815395,75,31.138886
5.665752,75,31.144442
3.8254411,75,31.144472
4.390628,75,31.150275
4.9449515,75,31.161808
3.2909262,60,31.167689
4.6458416,75,31.18585
4.055315,75,31.189427
4.340922,65,31.19232
5.7169347,73,31.19317
4.570779,72,31.197546
4.1519885,75,31.205496
4.8692765,75,31.216482
3.958123,75,31.222433
4.1641827,75,31.241583
4.483856,75,31.245273
5.203851,75,31.248501
3.1729488,75,31.249472
5.6720366,74,31.253567
3.7395515,75,31.262315
4.2043943,75,31.274049
4.6256986,75,31.280223
5.626309,75,31.299998
5.051298,66,31.300034
5.011753,69,31.303129
4.5592194,75,31.303905
5.0535836,73,31.309567
5.314686,74,31.319404
4.395169,75,31.331322
4.3305874,75,31.337143
3.909296,73,31.354803
5.0486,75,31.35635
4.594464,73,31.357935
2.6954103,75,31.360246
3.48362,75,31.366412
4.4808435,75,31.376433
4.267684,73,31.387035
4.0772038,75,31.394443
4.7096343,66,31.408037
4.139343,73,31.410357
3.30913,75,31.413365
4.894934,75,31.417021
5.0047235,75,31.423205
5.0600295,75,31.433084
4.979481,75,31.443403
4.2818484,75,31.451123
5.072984,66,31.457688
4.0732083,75,31.46649
5.325743,75,31.469339
4.892539,75,31.473024
5.023302,75,31.47886
4.637629,75,31.488495
5.224359,72,31.496851
4.694742,75,31.506919
5.4070773,75,31.513497
4.559362,66,31.515826
4.678399,67,31.519894
3.492126,63,31.526835
4.472698,75,31.529924
4.823456,72,31.54357
5.2337685,71,31.551218
3.435276,66,31.55782
4.3322225,70,31.568073
4.7134957,69,31.569608
4.983211,75,31.577578
3.9625087,75,31.584861
4.6907506,75,31.587807
5.3061647,75,31.600786
4.287467,75,31.608029
2.7238157,75,31.613878
5.0475187,73,31.622381
5.0691648,74,31.624926
4.565591,75,31.634201
4.509113,67,31.637829
3.6374352,74,31.639986
5.316134,75,31.656883
4.947275,74,31.6642
4.439754,71,31.668035
3.890675,64,31.673172
4.941079,70,31.675763
4.7951565,75,31.691469
4.5460424,68,31.692328
5.1195455,75,31.695523
4.6268854,75,31.714763
4.939741,68,31.720394
3.952637,75,31.721902
5.3777885,75,31.730784
4.869173,75,31.733102
3.4970317,65,31.740532
5.3326693,75,31.748849
5.354333,75,31.75201
3.4883683,67,32.412576
4.522231,75,32.413362
4.8634644,75,32.420104
4.943269,71,32.429277
4.555676,75,32.430099
5.47218,75,32.439738
4.556496,75,32.447993
5.333264,75,32.451474
5.1728992,75,32.469888
5.797515,75,32.470659
3.9006343,67,32.471462
4.9142933,75,32.485828
4.454739,75,32.486616
5.7721367,75,32.496555
5.297686,75,32.504664
4.668105,75,32.507741
4.416827,69,32.522261
5.176978,70,32.523746
5.508648,75,32.528157
5.2588177,75,32.54204
5.188623,75,32.542834
4.3229795,75,32.552404
5.0843587,75,32.561798
4.5953155,75,32.564712
5.1579866,75,32.578849
5.023956,75,32.580517
4.2124853,75,32.584997
4.5326853,73,32.598158
5.2952127,75,32.598935
4.5857353,75,32.609128
5.348433,75,32.617087
4.410382,75,32.620091
5.6160216,75,32.635395
4.2644706,75,32.636961
4.8068905,75,32.64131
4.646223,75,32.654742
3.4148088,75,32.655551
5.4215255,75,32.665893
3.8755887,75,32.67396
5.6024814,75,32.676955
5.3749766,75,32.69086
3.4918077,75,32.692359
5.210859,74,32.696146
4.942892,75,32.710435
5.413415,75,32.711245
4.9194765,70,32.71823
4.488968,75,32.75744
5.2028713,71,32.757529
3.7798812,75,32.7753
5.1625004,75,32.776917
5.072003,75,32.781093
4.3922124,75,32.795889
3.8813632,75,32.796689
4.481466,75,32.803223
4.6981716,75,32.81511
5.246381,75,32.815134
5.140836,74,32.83134
5.212691,75,32.833584
4.51075,75,32.837571
4.745186,75,32.851486
4.460856,75,32.852308
4.8141274,71,32.855889
4.2837563,75,32.870355
5.7726455,75,32.870372
4.4031086,75,32.88777
5.24459,75,32.889965
5.3387556,75,32.893749
4.285596,75,32.907609
5.3268223,75,32.908374
5.1942825,75,32.912084
5.2780557,73,32.925886
4.344434,75,32.927428
4.457972,75,32.943859
3.9965613,75,32.946169
5.3794007,75,32.949842
4.6479964,75,32.964093
4.9562616,75,32.964891
3.7565825,75,32.968791
5.2218695,75,32.982246
5.5679173,75,32.983962
4.7778563,75,33.000198
5.1399455,75,33.00242
5.2333317,75,33.006143
5.547267,72,33.018702
5.535967,75,33.020284
5.8272977,75,33.025538
4.439687,75,33.040249
5.13131,75,33.04184
4.733106,75,33.059186
5.356248,74,33.060789
4.6086907,75,33.065735
5.0123434,74,33.078701
5.0298266,75,33.08091
5.056607,73,33.083835
4.324095,75,33.099685
4.1085677,75,33.101664
5.3908644,75,33.121315
4.7751207,75,33.122942
5.2529287,75,33.129198
3.1292434,66,33.135717
5.0360236,75,33.147901
5.854577,75,33.151603
4.4450436,70,33.165112
3.825959,75,33.171371
4.5495815,75,33.189819
4.5728254,75,33.191453
3.733697,75,33.196305
5.21334,75,33.202199
5.062737,75,33.211952
5.388617,73,33.213601
4.390519,75,33.227583
4.0742393,74,33.232049
5.383617,75,33.250053
4.834656,75,33.251667
4.4423523,75,33.256343
4.666009,75,33.26176
4.214703,74,33.270198
4.3968554,75,33.272743
5.1807485,75,33.286147
4.856214,75,33.290991
4.8028016,75,33.309162
4.9749594,75,33.310684
4.9201016,74,33.314693
4.983643,75,33.321458
3.9173646,75,33.330088
5.0927205,75,33.33238
5.114035,75,33.345962
4.3448725,75,33.35041
3.8665776,68,33.364506
4.913019,75,33.368982
5.0071244,75,33.374179
4.5485563,68,33.375055
5.0595813,75,33.389657
4.429296,75,33.3919
4.614313,75,33.404889
3.8661728,75,33.409711
5.04361,75,33.423679
5.1453824,75,33.427847
4.675973,75,33.433103
4.1200805,75,33.434003
4.231074,65,33.44281
5.127631,75,33.448769
4.80434,75,33.463838
4.666652,75,33.46849
5.3731604,75,33.482217
5.130056,75,33.485992
4.5548186,75,33.491376
4.0224385,75,33.492324
4.975564,75,33.500661
5.1524,75,33.5062
4.786989,72,33.519071
5.2420783,75,33.525751
5.0372972,75,33.539177
5.3125405,75,33.54323
4.8455186,75,33.548434
4.2029376,75,33.549206
4.2269583,75,33.557574
4.545955,74,33.562106
4.3739963,75,33.575564
4.8507986,75,33.58225
4.8152127,75,33.595444
3.475466,75,33.599448
4.5697427,71,33.602485
4.297307,75,33.604672
4.976065,75,33.614075
4.3119364,75,33.618531
4.293949,75,33.631937
4.890821,75,33.638702
4.061441,75,33.652304
3.8224146,65,33.65386
5.645956,75,33.656088
4.222816,75,33.658998
4.790436,75,33.670275
5.0113144,75,33.674832
4.9254813,75,33.688698
4.569484,75,33.695788
4.9566364,75,33.709159
4.788858,75,33.710744
4.5004516,75,33.7131
5.312522,75,33.716215
5.443289,75,33.72762
4.4871216,75,33.732192
5.7897973,73,33.745499
3.4117513,67,33.747774
4.267448,75,33.767265
5.1253004,75,33.76907
4.471315,75,33.771362
4.142399,75,33.77428
4.5903187,75,33.785375
5.034794,75,33.789839
5.0392957,75,33.802121
4.9010487,75,33.804405
4.9723787,75,33.824
4.612715,75,33.825633
5.317942,75,33.82802
5.0621257,75,33.83103
4.888367,75,33.842566
4.163135,75,33.847161
4.3265915,75,33.859307
3.802649,75,33.861564
4.292601,68,33.875769
4.3308663,75,33.882578
4.3889856,69,33.883373
4.9511123,75,33.884883
4.796608,69,33.894942
4.7938976,75,33.904059
5.063382,75,33.915656
5.234256,75,33.917894
4.3362465,75,33.931714
4.611746,72,33.935997
4.3962584,75,33.938938
4.0018272,75,33.940534
4.3185186,72,33.947842
4.5876765,75,33.959332
4.1291647,70,33.970268
5.0027018,75,33.971759
4.002387,66,33.981348
4.31383,75,33.992853
5.3513303,75,33.99588
4.955221,75,33.997378
4.426237,75,34.0049
3.9810305,75,34.677642
5.044999,75,34.688848
5.468271,75,34.690513
5.7334127,75,34.701317
4.261471,75,34.71224
4.2175283,75,34.715344
5.206621,75,34.716861
4.210165,75,34.724497
4.502135,75,34.735712
4.312201,75,34.746361
4.2566066,75,34.747861
5.1151395,75,34.758339
5.1303415,73,34.768151
4.6909637,75,34.77274
4.7701507,75,34.774299
4.2957163,75,34.781569
4.919539,75,34.793288
5.0899525,75,34.803287
5.671309,75,34.804844
4.8186955,75,34.814451
4.5337834,75,34.823875
4.4713297,75,34.828366
4.915613,75,34.829855
4.378579,75,34.837313
4.8253717,75,34.848057
4.28986,75,34.858581
4.7407484,75,34.860126
4.712898,75,34.869662
4.944421,75,34.879187
4.1915994,75,34.883487
4.2267656,75,34.88502
4.8990293,75,34.892514
5.0600104,75,34.903952
4.4401155,75,34.914136
5.070944,75,34.915623
4.8512845,75,34.925787
4.57403,75,34.935199
5.072254,75,34.939673
4.856027,75,34.941224
4.4151344,75,34.948443
4.390529,75,34.959273
3.9510827,75,34.969505
4.519442,75,34.970971
5.1918445,75,34.980493
4.552988,75,34.989993
5.327703,75,34.994296
4.4290247,75,34.995963
4.6515813,75,35.00327
5.042728,75,35.014943
4.7656155,75,35.026673
5.0994587,75,35.028207
4.707691,75,35.037995
4.774069,75,35.047512
5.033959,75,35.052401
4.839843,75,35.053899
4.1162887,75,35.061873
4.312795,75,35.073249
5.1011806,75,35.084175
3.7491987,75,35.085714
4.464023,75,35.09519
5.1784463,75,35.104894
4.0282693,75,35.10925
3.9370272,75,35.110724
4.9867425,75,35.118634
4.114786,75,35.130601
4.3610935,75,35.141075
4.841796,75,35.142902
4.9790764,75,35.15264
5.4059153,75,35.162354
4.1447835,75,35.166945
4.411321,75,35.168697
4.960324,75,35.176018
4.1775684,75,35.187194
4.348489,75,35.19775
5.039824,75,35.199258
5.192658,75,35.208689
4.38329,75,35.218199
5.356164,75,35.22294
5.519805,75,35.224483
5.0463324,75,35.232077
5.342857,75,35.243663
4.426069,75,35.25471
4.537119,75,35.256188
4.8286767,75,35.265974
4.822718,75,35.275533
4.8358264,75,35.280161
4.9703817,75,35.281702
4.470502,75,35.289001
4.5974016,75,35.300162
4.440516,75,35.310552
5.2079287,75,35.312074
5.1903934,75,35.322386
4.8453045,75,35.332057
5.0713,73,35.335166
4.771477,75,35.338282
5.095893,75,35.346448
4.7100153,75,35.359815
4.926103,75,35.37073
4.410467,75,35.372298
5.164541,75,35.38179
5.0581613,75,35.39182
4.400092,75,35.395007
4.343162,75,35.39851
4.7905574,75,35.406521
5.6189036,75,35.419574
5.4719887,75,35.433278
4.257873,75,35.436205
4.553437,75,35.447056
4.9739428,75,35.457541
4.744438,75,35.460776
4.4729557,75,35.463831
4.648172,75,35.471432
4.5180035,75,35.482976
4.55998,73,35.492904
4.070818,75,35.496043
4.6899333,75,35.506081
4.7100616,75,35.516352
5.248512,75,35.520042
4.0498495,75,35.522947
3.7391982,75,35.530772
4.203341,75,35.542092
3.9036834,75,35.55122
4.5359335,75,35.554453
5.05099,75,35.564085
4.7901044,75,35.573755
4.1646366,75,35.576769
5.161329,75,35.579742
5.3085933,75,35.587962
4.206557,75,35.599355
5.4565744,75,35.608249
4.679068,75,35.611225
5.050059,75,35.620669
4.573794,75,35.630533
4.576072,75,35.633561
4.217321,75,35.636577
3.9718077,75,35.643826
4.9203854,75,35.655013
5.1914377,75,35.66381
4.790064,75,35.666762
4.108291,75,35.676408
5.0181284,75,35.685925
4.155243,75,35.689014
4.624264,75,35.692386
5.409642,75,35.699676
4.6608605,73,35.709173
4.990005,75,35.720334
4.742997,75,35.723299
5.1837196,75,35.733192
4.1877213,75,35.742694
5.039837,75,35.745695
4.2147126,75,35.748602
4.134882,75,35.755919
3.918975,75,35.766173
3.9919,75,35.77681
4.887726,75,35.779992
5.1234446,75,35.789918
4.5866175,75,35.799257
4.279702,75,35.802262
5.34269,75,35.805524
5.076278,75,35.813277
4.461707,75,35.822661
4.222344,75,35.832814
4.5937033,75,35.835771
4.394209,75,35.845101
4.371463,75,35.85493
4.4013925,75,35.857806
5.2251377,75,35.861152
5.236561,75,35.86838
4.6710997,75,35.878473
4.15398,75,35.888797
4.8334546,75,35.892011
5.3236666,75,35.902383
3.7800767,75,35.912196
4.71313,75,35.915461
4.501928,75,35.918456
4.627774,75,35.92579
3.9764237,75,35.935673
4.320941,75,35.946174
4.3080864,75,35.94906
5.0314193,75,35.959734
4.7999244,75,35.969943
4.6921067,75,35.972919
4.693926,75,35.97619
5.138804,75,35.984373
4.9724755,75,35.994251
5.2022953,75,36.004901
4.127037,75,36.007977
4.1221414,75,36.018003
4.609661,75,36.028523
3.7971241,75,36.031488
4.95937,75,36.034536
3.7051606,71,36.039145
4.334931,75,36.051906
5.3278813,75,36.062603
5.2940617,75,36.065803
4.8534207,75,36.07565
3.6671214,75,36.085922
5.03169,75,36.089483
5.0334005,75,36.092868
3.655712,75,36.0976
3.5743654,75,36.110251
4.734643,75,36.121975
4.8962903,75,36.125075
4.024271,75,36.135506
3.8857217,75,36.145978
4.4759226,75,36.148934
4.492108,75,36.152237
4.619987,75,36.156992
5.255507,75,36.170056
5.0295486,75,36.180215
4.417442,75,36.183286
4.041855,75,36.193013
3.4814794,75,36.202865
4.7976813,75,36.205899
3.681918,71,36.205914
4.490533,75,36.213607
4.4976897,75,36.22635
4.058924,75,36.237072
4.897179,75,36.240082
4.8305616,75,36.909437
5.029825,75,36.919212
4.1612763,75,36.922098
4.161074,75,36.92211
4.5557675,75,36.929386
4.4095984,75,36.942
3.9513597,75,36.952297
5.123081,75,36.955583
4.2467732,75,36.965021
4.4869003,75,36.974641
4.5616646,75,36.977532
4.4407926,75,36.977547
3.7013276,69,36.980478
3.5104823,75,36.99848
4.701217,75,37.008644
4.6182985,75,37.011645
4.6662135,75,37.021186
4.536741,75,37.031876
4.4254913,75,37.035047
4.6380496,75,37.035067
4.5739017,75,37.037921
4.9290004,75,37.05593
4.9971733,75,37.066793
4.7508545,75,37.069739
4.687212,75,37.079326
4.3401184,75,37.088825
4.047051,70,37.091009
4.702303,75,37.091814
4.2281857,75,37.091823
4.675154,75,37.111549
4.520442,75,37.122027
4.180197,75,37.12495
4.4751053,75,37.13447
4.1742945,75,37.14417
4.7128305,75,37.146584
4.372778,75,37.147412
4.8637204,75,37.147423
4.154924,75,37.168393
5.599779,75,37.178709
4.492507,75,37.181779
4.4308844,75,37.191504
4.621532,75,37.201644
4.5817547,75,37.203844
4.6979384,75,37.204823
4.758727,75,37.204839
5.243556,75,37.225221
4.908525,75,37.235507
4.419067,75,37.238596
5.012018,75,37.248083
4.8018475,75,37.25763
4.7840524,75,37.25984
4.9355454,75,37.260783
4.1593275,75,37.260799
4.458341,75,37.281371
4.646549,73,37.290761
5.113633,75,37.295495
4.8782773,75,37.305374
4.062284,75,37.314948
3.3864102,75,37.317178
3.8787875,75,37.317963
4.681391,75,37.317973
4.713175,75,37.337843
3.6580677,75,37.347115
5.1723385,75,37.351505
4.815067,75,37.361355
4.7094564,75,37.371212
4.3193927,75,37.373411
4.452645,75,37.37418
4.3369455,75,37.374189
4.323211,75,37.3939
4.1369257,75,37.402884
4.66585,75,37.407384
5.395146,75,37.41708
5.1770105,75,37.426948
4.33164,75,37.429188
4.4555955,75,37.429982
4.740777,75,37.429994
5.3028326,75,37.449722
4.6220984,75,37.458381
5.2696877,75,37.462813
4.769012,75,37.472296
3.7482247,75,37.48175
4.612337,75,37.483923
3.9755905,75,37.484755
4.88972,75,37.484765
4.3223286,75,37.506125
5.2780757,75,37.515352
5.0091233,75,37.520208
3.6071517,75,37.529757
4.760998,75,37.539332
5.1484756,75,37.541631
4.0282617,75,37.542561
5.036703,75,37.542578
4.8303714,75,37.562966
4.9224167,75,37.572034
3.8241158,75,37.576509
4.450825,75,37.586644
4.5756516,75,37.596841
4.499305,75,37.599135
4.493309,75,37.599909
4.1097965,75,37.599921
4.259148,75,37.620972
4.1521673,75,37.63047
4.177029,75,37.635461
4.7412777,75,37.645376
4.7249994,75,37.655708
4.16875,75,37.658109
4.6800528,75,37.659025
4.677403,75,37.659044
3.9527495,75,37.680841
4.5577264,75,37.690625
4.5500565,75,37.695507
5.296871,75,37.705709
4.978126,75,37.715493
5.000047,75,37.71784
4.708343,75,37.718683
4.457857,75,37.718694
3.9677715,75,37.739236
5.332624,75,37.748539
4.8179736,75,37.75305
4.401942,75,37.762985
4.6912856,75,37.773016
4.646382,75,37.775351
4.166205,75,37.776166
3.5188262,75,37.776181
4.276582,75,37.796302
3.0738635,75,37.805164
4.3337927,75,37.809875
4.404401,75,37.819498
4.3312535,75,37.829388
4.2914324,75,37.831564
3.9254673,75,37.832396
4.7218075,75,37.832406
4.4016795,75,37.852752
4.480149,75,37.861409
4.870296,75,37.866023
5.069487,75,37.875678
5.383814,75,37.885276
4.664206,75,37.887469
5.034085,75,37.888327
4.864567,75,37.888337
4.190101,75,37.909203
4.2644825,75,37.918631
4.8017645,75,37.922971
4.7485886,75,37.932478
4.651719,75,37.942507
4.246557,75,37.94483
4.5928884,75,37.945679
3.7328858,75,37.94569
4.8210735,75,37.96523
3.9740279,75,37.973981
4.8510966,75,37.978328
4.00154,75,37.988261
4.581675,75,37.997934
4.7768755,75,38.000249
4.978114,75,38.001104
4.5018206,75,38.001118
4.6326447,75,38.021152
3.7099166,75,38.030214
4.155594,75,38.035582
3.8985245,75,38.045005
4.7754817,75,38.055265
4.8442345,75,38.057447
4.5435786,75,38.058293
3.8350458,75,38.058303
4.406109,75,38.078141
4.533152,75,38.08717
4.4784584,75,38.092231
3.6690576,75,38.101842
3.80335,75,38.111488
4.841067,75,38.114021
4.923113,75,38.114856
4.5343738,75,38.114871
4.133452,75,38.134759
4.3224697,75,38.143623
5.130473,75,38.147999
4.7829146,75,38.157989
4.177942,75,38.168
4.1444454,75,38.170179
4.242049,75,38.170936
4.2784534,75,38.170946
4.4212728,75,38.190892
4.921871,75,38.199646
4.7147307,75,38.204063
4.725835,75,38.213633
4.5948086,75,38.223125
4.418375,75,38.225291
4.50656,75,38.22613
4.843618,75,38.22614
4.5563955,75,38.246344
3.9521635,75,38.255626
3.8678777,75,38.260018
4.078239,75,38.269405
4.2973833,75,38.279221
4.789,75,38.281418
4.6887555,75,38.282183
4.530019,75,38.282192
4.905209,75,38.303373
4.294154,75,38.312415
4.702607,75,38.317181
4.783336,75,38.326695
4.918781,75,38.336347
4.7804275,75,38.338593
4.378488,75,38.339455
3.7372975,75,38.339464
4.153905,75,38.359939
3.698382,75,38.369332
4.153885,75,38.373709
4.9065657,75,38.383464
4.330887,75,38.39312
4.7677794,75,38.395644
3.5827603,75,38.396496
4.501348,75,38.396508
3.7774646,75,38.416297
4.4617167,75,38.425602
4.768945,75,38.430174
4.432676,75,38.439842
4.842134,75,39.148227
4.6442204,75,39.151074
4.2624183,75,39.152003
3.9504898,75,39.152019
3.5483744,75,39.174148
3.593091,75,39.184042
4.4375696,75,39.188598
4.983447,75,39.198446
5.00244,75,39.208452
4.341203,75,39.210839
4.529286,75,39.211657
4.1086726,75,39.211679
4.422602,75,39.232438
4.529104,75,39.241596
3.8141763,75,39.245993
3.7586963,75,39.255892
3.8521137,75,39.265814
4.1716814,75,39.267987
4.8111935,75,39.268795
3.7281919,75,39.268804
4.574585,75,39.289783
4.521558,75,39.299083
4.4897013,75,39.303604
4.932638,75,39.313314
4.1271224,75,39.322944
3.7092676,75,39.325401
4.328131,75,39.326287
4.130879,75,39.326304
4.189848,75,39.346646
4.675582,75,39.356595
4.6909866,75,39.361429
4.609411,75,39.371623
4.0301495,75,39.381406
5.144007,75,39.384003
4.5086904,75,39.384831
3.959568,75,39.384844
4.1130867,75,39.404794
3.628136,75,39.413533
4.579469,75,39.417845
4.6149693,75,39.428482
4.1612167,75,39.438296
3.9961486,75,39.440455
4.8384204,75,39.441238
4.658276,75,39.441247
4.1453857,75,39.461293
3.9360418,75,39.470198
4.854286,75,39.474651
4.2921185,75,39.484774
4.482765,75,39.495101
4.455961,75,39.497271
4.8215294,75,39.49805
4.509635,75,39.498059
4.222663,75,39.518221
4.513833,75,39.527117
4.8158455,75,39.531516
4.40226,75,39.541276
3.706479,75,39.550898
4.6975937,75,39.55314
4.062263,75,39.553955
5.170053,75,39.553965
4.1043634,75,39.575152
4.862092,75,39.584658
4.22252,75,39.589115
4.2586055,75,39.598651
5.2463183,75,39.6082
4.307839,75,39.610451
4.9852023,75,39.611234
4.6013966,75,39.611243
4.5386,75,39.631307
4.3836904,75,39.640296
4.8573794,75,39.644747
4.6420717,75,39.655025
4.654492,75,39.664624
4.019272,75,39.66691
4.614833,75,39.667779
4.6665735,75,39.667794
4.5508275,75,39.68726
4.684721,75,39.696109
4.719466,75,39.700944
3.976262,75,39.710136
4.400665,75,39.71979
4.2280326,75,39.721938
3.5450025,75,39.722702
4.9575396,75,39.722711
4.646559,75,39.742404
5.1644225,75,39.751137
3.3299127,75,39.755657
4.215581,75,39.765148
4.1574445,75,39.775151
4.872112,75,39.777534
4.536642,75,39.778424
4.4758267,75,39.778438
3.8239439,75,39.800179
3.6835167,75,39.80974
4.065076,75,39.814462
3.4260297,75,39.825283
4.0525346,75,39.835383
4.134595,75,39.837648
4.285684,75,39.838518
4.7965746,75,39.838534
5.100283,75,39.859688
4.3681245,75,39.868908
3.8894641,75,39.873333
5.126215,75,39.883804
4.000204,75,39.895192
4.9003525,75,39.897379
4.4250965,75,39.898183
4.287469,75,39.898195
4.433577,75,39.919163
4.526687,75,39.928098
4.9918547,75,39.932705
3.1458635,75,39.942471
4.37763,75,39.95232
5.421612,75,39.954587
4.0390844,75,39.955415
4.407641,75,39.955426
3.101795,75,39.975847
4.666286,75,39.98521
4.0222926,75,39.989552
3.6756365,75,39.9989
3.9975455,75,40.008574
4.4806223,75,40.010788
4.639433,75,40.011591
4.8449445,75,40.0116
4.5898185,75,40.032045
4.217069,75,40.040981
4.8237233,75,40.045435
4.668487,75,40.055133
4.957604,75,40.064709
4.2084684,75,40.066963
4.303476,75,40.067803
4.695003,75,40.067813
3.8236978,75,40.087435
4.304079,75,40.09671
4.6164017,75,40.101821
4.3531947,75,40.11129
4.1313744,75,40.121245
4.582736,75,40.123463
4.7120953,75,40.124234
3.881273,75,40.124244
4.93087,75,40.143941
4.531398,75,40.15274
4.9301395,75,40.157937
4.3072276,75,40.168131
3.6733623,75,40.177502
4.608584,75,40.179751
4.638282,75,40.18064
3.9958477,75,40.180651
3.9824886,75,40.200963
4.641567,75,40.21003
4.7759953,75,40.214446
4.3058634,75,40.224585
3.8618152,75,40.234717
4.3456335,75,40.236903
3.809898,75,40.237733
4.6874204,75,40.237743
4.7833796,75,40.257668
3.9910011,75,40.266386
4.4350348,74,40.270055
4.31086,75,40.28043
3.2657292,75,40.290677
4.496602,75,40.293453
3.6384516,75,40.294324
4.629689,75,40.294336
4.6074185,75,40.314501
4.175189,75,40.323337
5.152819,75,40.327156
3.2264395,75,40.337373
4.825979,75,40.347009
4.1313024,75,40.349253
4.178334,75,40.350044
4.0797777,75,40.350054
4.7024994,75,40.370844
3.8460207,75,40.3796
4.217238,75,40.383359
5.035206,75,40.393496
4.1256347,75,40.403312
4.49215,75,40.405524
4.099842,75,40.406355
4.816518,75,40.406365
4.360125,75,40.42652
4.2859564,75,40.43579
4.409988,75,40.439433
4.3000135,75,40.450114
4.1917734,75,40.459854
4.5729456,75,40.46237
3.55023,75,40.463189
4.071967,75,40.4632
4.659234,75,40.48273
4.3725176,75,40.491752
4.9139056,75,40.495722
4.2308817,75,40.506633
3.991612,75,40.517055
3.545811,75,40.519602
4.460676,75,40.520403
3.7056787,75,40.520414
4.386704,75,40.540016
4.463391,75,40.548816
5.04446,75,40.552556
4.3863354,75,40.563427
5.0289803,75,40.573606
3.970358,75,40.575813
4.19107,75,40.576606
3.6277769,75,40.576616
5.271451,75,40.597169
4.379073,75,40.606205
4.634652,75,40.610018
3.850331,75,40.62044
4.5903654,75,40.630306
4.223074,75,40.632964
3.7013183,75,40.633816
4.6096864,75,40.633833
4.174109,75,40.654019
4.7902493,75,40.663461
4.885782,75,40.667189
4.4661565,75,40.677482
3.4697244,75,40.687242
4.576372,75,40.689659
4.081024,75,40.690587
4.130883,75,40.690601
4.4438033,75,41.364928
4.0239487,75,41.3744
3.997268,75,41.378176
3.6541333,75,41.388987
5.2166147,75,41.398699
4.8209004,75,41.401004
3.889826,75,41.401851
4.47311,75,41.401862
4.4102345,75,41.422386
4.4442725,75,41.431646
4.3403044,75,41.435698
4.6294465,75,41.446169
4.5294905,75,41.456413
3.6645043,75,41.45867
4.716958,75,41.459507
3.9938757,75,41.459517
4.420644,75,41.47933
4.3320603,75,41.492856
4.6469407,75,41.503343
4.639533,75,41.512976
4.6413646,75,41.515337
4.5877247,75,41.516112
4.7020745,75,41.516121
4.4965987,75,41.535725
7.150307,145,41.540935
4.4035473,75,41.548194
4.94791,75,41.558692
4.990204,75,41.568701
5.0525727,75,41.570899
4.6358047,75,41.571694
4.2306514,75,41.571707
3.6080997,75,41.591964
4.213072,75,41.59744
4.369689,75,41.604794
5.114889,75,41.615954
4.8783684,75,41.625349
4.6988826,75,41.627628
4.308652,75,41.628401
5.167303,75,41.62841
4.5978093,75,41.648192
3.8881211,75,41.653427
4.430489,75,41.660632
5.272456,75,41.670694
4.130483,75,41.680854
4.337047,75,41.683333
4.560872,75,41.684194
3.8940997,75,41.684207
3.7390075,75,41.704768
4.04347,75,41.709846
4.9674892,75,41.717396
4.0181856,75,41.727759
4.6262417,75,41.740231
3.7282574,75,41.741068
4.5783534,75,41.741081
4.2224493,75,41.762194
4.586298,75,41.767357
3.794844,75,41.774905
3.9329467,75,41.785168
3.9058924,75,41.796957
6.938399,154,41.797852
4.2453938,75,41.797866
4.305446,75,41.797873
4.3311853,75,41.81764
3.6839123,75,41.822886
4.669491,75,41.830592
4.9034567,75,41.841257
3.8999963,75,41.853829
4.2708974,75,41.854695
4.496506,75,41.854707
4.558793,75,41.854714
4.8432903,75,41.874592
4.66399,75,41.880084
4.4712634,75,41.88745
4.1527443,75,41.897964
4.2859883,75,41.90982
4.5348096,75,41.91069
3.1144605,75,41.910701
4.904181,75,41.910708
4.7537847,75,41.930479
4.066539,75,41.93586
3.6970687,75,41.943321
4.6852746,75,41.953612
4.6212387,75,41.966228
4.331068,75,41.967136
4.5167527,75,41.967151
4.468663,75,41.967158
4.0710297,75,41.987862
3.9022498,75,41.993491
3.6841512,75,42.000821
4.5684304,75,42.011632
4.242303,75,42.023834
4.587334,75,42.024691
4.306518,75,42.024705
4.3638,75,42.024713
3.6482573,75,42.045057
4.2418623,75,42.050262
4.130785,75,42.057928
4.209583,75,42.069188
4.2876573,75,42.081476
4.4187922,75,42.082296
3.951502,75,42.082306
4.3153715,75,42.10402
4.1200743,75,42.109231
3.5170798,75,42.116873
6.8033147,127,42.123228
4.036542,75,42.127934
4.9728627,75,42.140409
4.281292,75,42.141337
3.9949577,75,42.141359
4.0082207,75,42.163545
4.867209,75,42.169277
4.809885,75,42.176728
4.464641,75,42.183099
4.892274,75,42.187556
4.3394284,75,42.199812
3.6454287,75,42.200655
3.8134618,75,42.200666
4.0498524,75,42.221641
4.502237,75,42.227161
3.457188,75,42.234758
4.4417114,75,42.240649
4.750269,75,42.245028
4.115658,75,42.257016
4.010253,75,42.257802
4.586093,75,42.257817
4.467187,75,42.277886
3.3486307,75,42.283441
4.3336883,75,42.291121
4.5294333,75,42.297009
3.8413758,75,42.301495
4.569213,75,42.313222
4.200795,75,42.314018
4.600694,75,42.314028
4.161828,75,42.33418
4.212707,75,42.33929
3.8841722,75,42.346582
4.5802655,75,42.352475
4.5673556,75,42.357055
4.471915,75,42.368848
4.074185,75,42.369708
4.3389907,75,42.369718
4.084629,75,42.38979
3.5436454,75,42.394877
3.731383,75,42.402262
4.441444,75,42.408409
4.476315,75,42.41464
4.4505296,75,42.427823
4.537178,75,42.428686
3.7133117,75,42.428698
4.5893207,75,42.449229
4.0829735,75,42.454935
4.6646976,75,42.462205
3.8603604,75,42.468156
4.4201612,75,42.472566
5.0465565,75,42.484325
4.433518,75,42.485111
4.43854,75,42.485126
3.6474698,75,42.5063
5.1975636,75,42.51144
4.4269333,75,42.51925
4.0904145,75,42.525011
4.8161044,75,42.529307
4.153706,75,42.540875
3.629503,75,42.54169
5.056062,75,42.5417
4.4566975,75,42.561588
4.391392,75,42.567012
3.7197344,75,42.574484
3.8421519,75,42.580748
5.2729726,75,42.586132
4.130582,75,42.597887
3.57704,75,42.598737
4.0005474,75,42.598751
4.3053513,75,42.619187
4.921188,75,42.632357
3.6679804,75,42.638575
3.618126,75,42.643386
3.845743,75,42.655921
4.781954,75,42.656741
4.962456,75,42.656752
6.344021,120,42.659692
3.755044,75,42.676654
5.0789094,75,42.688905
4.6717706,75,42.695354
3.6763356,75,42.700164
4.3275385,75,42.711954
4.55243,75,42.712761
4.27829,75,42.712773
3.905294,75,42.715884
4.0360994,75,42.733248
4.847519,75,42.745766
3.7641783,75,42.751544
4.3270216,75,42.75609
4.206963,75,42.768977
4.815873,75,42.769807
4.0260606,75,42.769821
3.528024,75,42.772749
4.422365,75,42.790101
4.8142295,75,42.802601
4.8474655,75,42.80875
3.7493596,75,42.813234
4.3395734,75,42.82574
4.2988296,75,42.826616
4.5266623,75,42.826639
4.8427176,75,42.829709
4.590769,75,42.846558
4.1477594,75,42.859522
4.5904512,75,42.865368
4.525171,75,42.869824
3.700254,75,42.881757
4.091004,75,42.882549
3.4767916,75,42.882558
3.797933,75,42.885568
4.1821675,75,42.903806
4.2001753,75,43.598649
4.1609364,75,43.606672
3.209191,75,43.612207
4.20379,75,43.626771
3.9605956,75,43.627878
3.1700563,75,43.627904
4.7120895,75,43.631254
4.2802334,75,43.652303
3.7943716,75,43.666774
3.3978248,75,43.673408
4.983371,75,43.67867
4.6928906,75,43.691053
4.429378,75,43.691969
4.2139735,75,43.691995
4.382408,75,43.695434
4.1035447,75,43.714626
3.8226779,75,43.728975
4.093202,75,43.736005
3.760056,75,43.741037
4.3826733,75,43.756285
4.6202703,75,43.757232
4.8883576,75,43.757253
4.4505134,75,43.761065
4.488572,75,43.781278
3.9439065,75,43.795637
3.470532,75,43.80314
3.9280581,75,43.809889
4.1689796,75,43.82439
3.7652347,75,43.825384
3.6814713,75,43.825414
3.3522236,75,43.829261
3.9132926,75,43.848852
5.1397457,75,43.863849
4.3436317,75,43.870755
4.861505,75,43.876491
4.2235065,75,43.889679
4.5898895,75,43.890534
4.173764,75,43.890553
3.9058018,75,43.893669
4.615703,75,43.912154
3.553531,75,43.926595
5.09975,75,43.933434
4.185831,75,43.93881
3.970465,75,43.954029
4.479066,75,43.954889
4.4353185,75,43.954907
4.0267277,75,43.977382
4.042774,75,43.991861
4.4400845,75,43.998768
5.0875316,75,44.004373
5.193587,134,44.008382
4.5065784,75,44.019529
4.3145804,75,44.020694
3.2649896,75,44.043243
2.548659,112,44.05163
4.421575,75,44.057104
4.061689,75,44.064698
4.6119804,75,44.069618
4.793016,75,44.084635
4.5406365,75,44.106182
6.162466,124,44.114261
3.7271543,75,44.1143
4.576353,75,44.120574
5.977803,127,44.126026
4.2613215,75,44.126819
4.5774093,75,44.131429
4.6559772,75,44.145727
4.4954867,75,44.167663
3.9293835,75,44.17531
4.0518527,75,44.175342
4.5942836,75,44.18112
4.3566236,75,44.187038
3.8388505,75,44.187843
4.7312303,75,44.192168
4.277482,75,44.205453
4.3573117,75,44.228158
4.3505354,75,44.236683
4.284446,75,44.236719
4.005769,75,44.24224
4.3696,75,44.248138
3.5398793,75,44.254527
4.4219923,75,44.269577
5.049177,75,44.295622
4.760651,75,44.305523
6.690728,138,44.308177
4.24233,75,44.31159
4.674821,75,44.318336
2.1854088,91,44.320542
4.093117,75,44.324681
4.4849386,75,44.339362
4.278884,75,44.3619
3.7132757,75,44.371398
4.1801157,75,44.373856
4.5867205,75,44.37714
4.474319,75,44.383503
4.709868,75,44.389218
4.3655963,75,44.402431
3.5555415,75,44.424714
4.673812,130,44.430317
3.9659739,75,44.434006
4.7433596,75,44.436644
4.3051615,75,44.439752
4.4414496,75,44.445397
3.5853677,75,44.450633
4.6901994,75,44.463728
4.336519,75,44.484858
3.4786637,75,44.489583
3.4877155,75,44.492965
4.810545,75,44.495328
3.3186738,75,44.498261
3.9130445,75,44.504087
4.2447186,75,44.509794
4.09695,75,44.523826
4.686347,75,44.545221
4.847989,75,44.549634
3.8944845,75,44.552717
4.808923,75,44.555227
3.5250297,75,44.558271
4.3167434,75,44.563778
4.123916,75,44.582849
2.7480013,113,44.60086
4.266458,75,44.605338
3.597995,75,44.611137
4.829098,75,44.614387
4.0484858,75,44.616736
3.2985232,75,44.62045
4.1428914,75,44.626346
4.667423,75,44.645428
3.2915516,75,44.663405
4.959377,75,44.668281
3.8217657,75,44.673072
4.6896286,75,44.676725
3.7391515,75,44.679937
4.981481,75,44.683723
4.0374465,75,44.689881
3.3625274,75,44.70946
4.8314776,75,44.726418
4.1335554,75,44.731204
3.7400177,75,44.735743
4.0291443,75,44.739004
4.102903,75,44.741478
4.558878,75,44.74519
3.5917604,75,44.750568
4.2936425,75,44.786454
3.033398,75,44.791008
4.3639684,75,44.795896
4.516954,75,44.799043
4.337962,75,44.801528
3.2918446,75,44.805092
3.812553,75,44.811308
10.042124,169,44.846814
5.103792,75,44.848509
4.35893,75,44.853788
3.458957,75,44.858224
4.6294575,75,44.86157
4.4470143,75,44.864045
4.274259,75,44.867253
3.796026,75,44.873568
4.9138665,75,44.908221
3.8945432,75,44.909936
3.0778608,75,44.915191
4.3702693,75,44.920255
3.2148137,75,44.923354
4.2024274,75,44.92561
4.4483366,75,44.928887
3.6539564,75,44.934163
3.9345083,75,44.968817
3.583158,75,44.970454
3.6054835,75,44.975085
4.188236,75,44.980029
3.9293928,75,44.983036
4.398806,75,44.985367
3.4203794,75,44.988376
4.5165133,75,44.993807
4.233593,75,45.027874
3.9877117,75,45.029595
4.1842337,75,45.034613
3.8583667,75,45.039765
4.128131,75,45.042975
4.167282,75,45.04558
3.7741923,75,45.048719
4.241442,75,45.054187
4.618761,75,45.089629
4.372805,75,45.0912
3.3794932,75,45.096356
4.0394917,75,45.102006
4.0151176,75,45.105569
4.1582294,75,45.116745
5.781245,126,45.150141
4.7100267,75,45.152678
3.5814342,75,45.154354
3.510168,75,45.158836
4.378636,75,45.163585
8.481097,141,45.165395
4.202522,75,45.167274
4.884104,75,45.210731
4.0386257,75,45.213103
2.8363478,75,45.214577
3.662158,75,45.219781
4.230873,75,45.225266
2.9546413,75,45.22715
5.9604526,136,45.228743
4.12626,75,45.228758
4.309593,75,45.272551
4.2922645,75,45.274834
3.4181223,75,45.276518
4.2116895,75,45.281545
4.089057,75,45.286124
4.918777,75,45.287962
3.9715402,75,45.289614
3.6265795,75,46.032969
4.934172,75,46.035377
3.7981648,75,46.036851
2.7604334,139,46.041314
4.1533465,75,46.042098
3.8375793,75,46.046696
4.6906967,75,46.048347
3.917649,75,46.0499
3.4565253,75,46.097344
4.6567683,75,46.101679
3.4279118,75,46.102665
3.8668463,75,46.107406
3.7628722,75,46.109107
3.5159266,75,46.110719
3.5518844,134,46.143582
4.7481694,75,46.162148
3.7310698,75,46.166066
2.9542954,75,46.166947
3.1461284,75,46.172034
3.7860134,75,46.173585
4.4101577,75,46.175049
9.06292,179,46.183518
4.7121806,75,46.206198
4.7642813,75,46.224412
4.1695805,75,46.228735
3.418027,75,46.229536
2.9996133,75,46.234747
4.0479183,75,46.236443
4.604677,75,46.237999
4.180022,75,46.246253
3.7828152,75,46.26875
4.1694555,75,46.287028
3.8414526,75,46.291154
3.642052,75,46.292055
3.9452987,75,46.29686
4.079939,75,46.298586
4.0559707,75,46.300273
4.602501,75,46.308666
4.1475945,75,46.329744
3.3855333,75,46.34741
4.311779,75,46.351688
3.3616543,75,46.35276
4.102867,75,46.359651
3.4613874,75,46.361249
3.3951268,75,46.370211
4.066069,75,46.391252
6.8307695,132,46.403383
4.3884478,75,46.408025
4.345918,75,46.412446
3.6852126,75,46.413284
5.0209637,75,46.419937
4.0896955,75,46.421707
3.941063,75,46.430406
3.7185295,75,46.451885
4.1378813,75,46.463436
3.8465683,75,46.46825
4.2457557,75,46.472082
3.7132647,75,46.473003
4.300782,75,46.480213
3.7073946,75,46.481789
3.7818415,75,46.49105
4.4660463,75,46.511623
4.1448994,75,46.523961
4.4535203,75,46.528899
3.944116,75,46.532878
3.8306906,75,46.540331
3.9001563,75,46.541895
3.7740834,75,46.550175
3.7540295,75,46.572335
6.2405314,136,46.582649
4.21979,75,46.584226
3.877614,75,46.588742
3.78529,75,46.59257
4.364212,75,46.600154
3.821728,75,46.60195
3.4762611,75,46.611637
4.396246,75,46.63563
3.3172097,75,46.647026
3.8321574,75,46.654536
3.8523462,75,46.658324
3.2815874,75,46.666178
4.0210447,75,46.667906
4.530359,75,46.678051
2.9034233,75,46.703069
7.3139606,143,46.709633
3.8335328,75,46.713842
3.7148426,75,46.720511
4.287043,75,46.7244
4.367245,75,46.731873
3.9520721,75,46.733619
3.9877825,75,46.742331
3.9529903,75,46.764923
3.8729224,75,46.772575
3.9803855,75,46.777199
4.4985795,75,46.784802
3.7699754,75,46.788781
3.9866955,75,46.795922
4.027041,75,46.797468
3.8555634,75,46.805742
4.5040307,75,46.828568
4.114361,75,46.835156
3.7591777,75,46.838977
3.506342,75,46.845851
3.544619,75,46.857264
4.661991,75,46.858793
4.871876,75,46.868199
2.6569195,108,46.877562
3.4651742,75,46.889758
4.4250984,75,46.896663
4.614828,75,46.901171
3.759554,75,46.907393
3.4444954,75,46.919315
3.7376373,75,46.920858
4.078797,75,46.930127
3.4561954,75,46.9388
3.7081196,75,46.951646
4.7389235,75,46.95908
3.643962,75,46.963452
3.7825475,75,46.97062
3.4740298,75,46.981676
4.2335825,75,46.983225
4.658147,75,46.991823
3.371086,75,47.000731
3.685096,75,47.014461
4.272502,75,47.021183
4.178439,75,47.025119
3.0695815,75,47.031537
3.8467221,75,47.042235
3.91186,75,47.043808
3.8803554,75,47.052212
3.8983064,75,47.060555
3.8774202,75,47.073936
3.825846,75,47.091745
4.289309,75,47.103678
3.6791077,75,47.105231
3.9954991,75,47.113586
3.9934013,75,47.122842
4.4593296,140,47.134133
4.3752656,75,47.135801
3.2675283,140,47.138095
4.535762,75,47.153207
3.8979533,75,47.165024
3.4291625,75,47.166816
4.000124,75,47.17515
4.3532286,75,47.183579
4.051945,75,47.194299
4.3330507,75,47.196068
4.9709735,75,47.198367
4.491407,75,47.212164
4.5423155,75,47.223237
3.9662194,75,47.224928
3.5519476,75,47.234814
3.6869483,75,47.24351
4.0578356,75,47.254739
3.8111477,75,47.25627
4.589898,75,47.258486
3.880766,75,47.273141
2.649167,75,47.285814
3.4470053,75,47.287934
4.1689734,75,47.297329
3.320515,75,47.306362
3.5212128,75,47.317565
4.3920054,75,47.3193
3.8302853,75,47.321684
4.001154,75,47.335502
3.9235218,75,47.347164
4.170714,75,47.348696
3.8567412,75,47.357821
4.519051,75,47.366825
3.7481804,75,47.380527
3.7716184,75,47.382788
4.457305,75,47.396697
2.3178744,105,47.402376
4.3618712,75,47.40969
3.3719068,75,47.417931
4.216071,75,47.427119
4.9085517,75,47.439627
3.895677,75,47.441843
4.621911,75,47.456612
5.848096,141,47.460952
3.8032136,75,47.462731
4.523078,75,47.469842
3.5315745,75,47.478703
3.6929662,75,47.487049
3.4420896,75,47.500436
3.7436316,75,47.503095
4.020818,75,47.521976
4.1406183,75,47.523697
4.3127475,75,47.530815
4.3571086,75,47.539589
4.5058403,75,47.548241
4.1808124,75,47.562584
8.177645,143,47.574036
4.060573,75,47.584515
3.67231,75,47.586249
3.7652905,75,47.593731
4.2764654,75,47.602894
4.178945,75,47.612291
3.9862535,75,47.626356
4.7423644,75,47.637763
10.10838,169,47.643742
4.563658,75,47.647439
4.24807,75,47.64915
3.332485,75,47.656232
4.001211,75,47.665262
4.099689,75,47.674533
3.4619339,75,47.688058
4.3231974,75,48.403374
4.7573757,75,48.410717
4.168728,75,48.413852
3.7094557,75,48.415571
4.234229,75,48.423548
3.9310102,75,48.432249
4.080115,75,48.441268
3.867187,75,48.455581
4.324984,75,48.466854
3.804397,75,48.474139
3.5389495,75,48.477545
3.4796557,75,48.479161
4.2971287,75,48.495841
4.245078,75,48.50548
3.4657333,75,48.518626
4.4086084,123,48.526884
4.557672,75,48.530751
3.4546428,75,48.537151
4.685136,75,48.540457
3.765994,75,48.557587
4.170253,75,48.566071
3.3458931,75,48.578119
3.0332212,128,48.582815
3.6319938,75,48.586028
3.7229974,75,48.588952
3.029892,75,48.594831
3.9391887,75,48.597813
2.3452265,75,48.615381
3.5155818,75,48.624679
3.6244423,75,48.637665
5.3386154,75,48.642154
4.3438807,75,48.64511
3.9510303,75,48.65529
4.2962923,75,48.658251
4.2028484,75,48.684323
5.9688735,129,48.691447
3.2318485,75,48.696948
3.3355272,75,48.701817
4.385028,75,48.704887
4.1680207,75,48.714007
4.2534466,75,48.71759
4.930561,132,48.720757
4.487173,75,48.741804
4.0131683,75,48.748283
3.583434,75,48.753489
4.4444838,75,48.758189
4.562917,75,48.7615
4.3317575,75,48.770903
4.130376,75,48.77386
4.5076284,75,48.776821
3.8518944,75,48.798752
4.5966954,75,48.805342
4.0123134,75,48.810526
4.375961,75,48.81516
4.6134872,75,48.818264
4.5624,75,48.827712
3.6032305,75,48.83364
3.4215715,75,48.856057
4.7064133,75,48.868353
4.787293,75,48.87287
4.0495825,75,48.884939
4.355775,75,48.891066
3.709406,128,48.903742
2.8879647,172,48.90529
3.5537496,118,48.908996
4.223884,75,48.913359
4.7327023,75,48.925672
4.1634817,75,48.930101
4.2637153,75,48.941843
4.2759614,75,48.948178
3.834802,75,48.960605
4.4749813,75,48.962155
3.8536267,75,48.965766
4.3649235,75,48.970583
4.5472527,75,48.982289
4.104675,75,48.986748
3.4830241,75,48.99875
4.1118174,75,49.004713
3.4549904,75,49.016685
3.5863268,75,49.018214
3.959946,75,49.022413
3.9394116,75,49.027592
4.0370903,75,49.040097
3.7960749,75,49.044447
4.326549,75,49.056601
4.26923,75,49.063115
3.4049675,75,49.075309
4.0194654,75,49.076972
4.568853,75,49.081107
3.4587247,75,49.086834
3.5679436,75,49.100978
2.5105352,75,49.105529
3.4592485,75,49.123773
4.698666,75,49.136425
3.5516047,75,49.137993
4.181993,75,49.141968
3.9140537,75,49.146904
6.368622,117,49.1506
3.2075868,75,49.159479
4.0066414,75,49.164277
3.7916434,75,49.194849
3.5586102,75,49.196341
3.421524,75,49.199973
3.2386467,75,49.204583
4.483852,75,49.20845
8.010059,122,49.218324
3.7680638,75,49.253306
4.153326,75,49.258417
3.8441865,75,49.263135
4.5610223,75,49.267007
4.0274763,75,49.277581
6.818219,149,49.279855
4.8945003,129,49.295665
10.49941,190,49.306254
4.002305,75,49.310962
4.1105933,75,49.316057
3.661424,75,49.324361
4.514777,75,49.33434
4.3325205,75,49.336658
6.689885,128,49.360421
3.3403432,75,49.362649
2.8013692,75,49.36695
3.6256685,75,49.372415
2.8696938,75,49.380787
3.8106375,75,49.390589
2.7055473,126,49.391473
3.3347843,75,49.392975
4.0884576,75,49.420076
4.457738,75,49.424852
3.9095643,75,49.430372
4.019056,75,49.448699
3.6455312,75,49.449518
5.2803288,149,49.476439
7.3486824,126,49.479602
3.9574957,75,49.479624
3.8029692,75,49.483995
4.6639605,128,49.493148
4.058145,75,49.507692
3.9894435,75,49.508477
3.4447823,75,49.534222
7.5080233,134,49.535145
3.8711934,75,49.538085
3.2188826,75,49.538129
3.200506,75,49.544005
4.207147,75,49.568205
3.4983623,75,49.569027
3.6355667,124,49.590792
4.1280203,75,49.593793
3.4096782,75,49.594542
3.4977965,75,49.596945
4.2447257,75,49.601473
3.6276467,75,49.6247
3.9932718,75,49.625493
4.7936206,138,49.644559
4.380515,75,49.647981
3.9170086,75,49.652051
3.6521835,75,49.659044
3.9886022,75,49.682197
3.93769,75,49.682985
3.5465457,75,49.702905
3.9015658,75,49.70586
7.9721866,146,49.705881
3.6792219,75,49.70959
4.4364405,162,49.721498
2.9660487,103,49.738649
3.6615617,75,49.740928
3.8712358,75,49.741682
3.6548152,75,49.763927
3.6404402,75,49.763958
4.7596354,75,49.767604
4.241956,75,49.778668
3.2335827,113,49.789512
4.5326467,75,49.795717
4.12694,75,49.797929
4.7031894,75,49.798669
3.891609,75,49.821053
2.9399958,75,49.821085
3.6999214,75,49.824694
4.2700596,75,49.835769
3.949319,75,49.845936
4.0822983,75,49.852204
4.072008,75,49.854412
3.87645,75,49.855188
3.6050642,75,49.876523
3.3202455,75,49.876545
3.2422671,75,49.89158
4.679237,75,49.901881
4.3098655,75,49.907638
3.6851175,75,49.909813
4.4277983,75,49.910573
7.2786193,133,49.923088
4.0998893,75,49.932663
3.8121464,75,49.948009
4.1484227,75,49.966036
3.7975996,75,49.96859
4.5456576,75,49.969446
4.3132033,75,49.982004
4.0125813,75,49.990996
4.7780905,135,50.650801
4.4964747,75,50.651754
10.6802,185,50.664423
3.5289872,75,50.669669
3.4476519,75,50.672714
4.163456,75,50.686227
3.972276,75,50.695997
3.3623803,75,50.710246
4.2888517,75,50.711041
4.075544,75,50.72205
4.774323,75,50.727433
4.6451216,75,50.730612
4.750356,75,50.743434
8.080881,171,50.745837
3.0258627,75,50.752356
3.0108852,75,50.766668
4.2875004,75,50.767556
3.7314932,75,50.778516
3.2775319,75,50.784194
4.469364,75,50.787166
4.046229,75,50.799819
3.6883059,75,50.802252
4.589493,75,50.809088
3.6639996,75,50.823739
4.7853265,75,50.835746
4.777935,75,50.840751
4.605446,75,50.843682
3.7799456,75,50.857071
4.1340585,122,50.859377
4.3765163,75,50.859391
4.3036857,75,50.892635
3.9432878,75,50.901652
7.5198736,133,50.910816
4.123317,75,50.914783
3.1325731,75,50.917042
3.389024,75,50.917057
6.4609256,151,50.939139
3.7557094,75,50.94965
5.617461,147,50.952884
3.5787637,75,50.959325
3.880126,75,50.968358
4.123911,75,50.971999
3.7622948,75,50.97441
4.1183906,75,50.974429
3.7824361,75,50.99854
3.752293,75,51.008835
4.3022175,75,51.012169
3.9575267,75,51.017335
4.093248,75,51.026496
4.011169,75,51.03016
3.2512598,75,51.032534
4.082897,75,51.032552
3.704556,75,51.055287
5.0712094,75,51.065722
4.3597207,75,51.068743
4.768547,75,51.073892
3.5045078,75,51.083025
4.3363214,75,51.086818
4.379782,75,51.089073
4.8424444,75,51.089087
3.7416198,75,51.111233
3.6576946,75,51.121579
2.702332,75,51.124778
3.5861902,75,51.129939
3.9619284,75,51.138671
4.3654165,75,51.142776
4.231532,75,51.145299
4.1691494,75,51.145319
3.624144,75,51.16871
4.386912,75,51.181964
4.0596714,75,51.18745
3.6171443,75,51.19671
2.6778412,75,51.200381
4.3936095,75,51.202605
7.707961,131,51.220874
3.2517443,75,51.225396
3.499844,75,51.238786
3.4366732,75,51.243927
6.822684,135,51.247695
4.298613,75,51.253323
3.6036997,75,51.257064
3.385457,75,51.259269
3.4657261,75,51.277921
4.1295576,75,51.295429
4.096058,75,51.300606
4.4366198,75,51.304224
3.9846826,75,51.309277
3.3539865,75,51.313307
4.23215,75,51.315609
6.4782023,126,51.319985
4.346794,75,51.333659
3.605353,75,51.350963
3.5624068,75,51.356828
4.459286,75,51.361324
4.0393515,75,51.366684
4.6445093,75,51.370516
4.085082,75,51.377633
3.250794,75,51.392329
3.2897844,75,51.410646
3.6929214,75,51.416038
3.7336566,131,51.416831
3.937075,75,51.425432
3.4184887,75,51.429555
2.9029863,75,51.437102
3.8498342,75,51.452425
3.7656145,126,51.460975
4.6136036,75,51.470029
4.3125186,75,51.475207
4.341933,75,51.475973
3.8210893,75,51.484001
3.8179834,75,51.48771
4.3500385,75,51.495037
3.8609004,75,51.509325
3.9732516,75,51.518474
3.619813,75,51.527162
4.029335,75,51.532781
3.858285,75,51.533721
4.2992506,75,51.541734
3.6715755,75,51.545347
4.207081,75,51.551817
3.5391586,75,51.566693
4.7061205,75,51.574944
3.3707132,75,51.584376
3.7499514,75,51.58969
3.2397323,75,51.590616
4.2151985,75,51.598876
4.337238,75,51.609139
3.3043542,75,51.623301
4.1101727,75,51.631701
3.9173748,75,51.640782
7.5929465,133,51.646126
3.7869773,75,51.646152
3.0970025,75,51.656025
4.2335343,75,51.666415
6.769058,118,51.679681
3.908603,75,51.680457
3.0160086,75,51.688533
3.7743604,75,51.697512
3.7593994,75,51.70337
4.7145524,75,51.703409
4.0001554,75,51.712053
3.7588446,75,51.722692
3.769033,75,51.736233
4.0844955,75,51.737058
4.405742,75,51.753809
4.1858096,75,51.759206
4.1986046,75,51.75923
3.782688,75,51.768865
3.81205,75,51.779036
6.033877,136,51.791499
3.6685739,75,51.793072
3.5838084,75,51.793874
3.110505,75,51.825201
4.192024,75,51.836197
3.968817,75,51.848058
4.21172,75,51.849875
3.4318407,75,51.85076
8.427454,145,51.863892
4.7731457,139,51.864641
8.004351,146,51.869818
4.426411,75,51.881855
3.826266,75,51.892219
4.1171656,75,51.904392
3.6258376,75,51.905925
3.7551198,75,51.906719
4.438315,75,51.9199
4.1142993,75,51.920738
3.3610654,75,51.92612
4.2685747,75,51.937698
3.628112,75,51.948156
4.5056353,75,51.960628
3.7765615,75,51.962866
3.8317773,75,51.976604
3.8258042,75,51.977355
3.6065688,75,51.982732
3.6807373,75,51.994492
3.9043493,75,52.004887
3.3077817,75,52.016744
3.932607,75,52.019078
3.656972,75,52.033459
3.3281755,176,52.038689
4.059879,75,52.039437
3.500963,75,52.052223
4.2359104,75,52.062743
4.181762,75,52.074658
4.6057124,75,52.077308
5.1333146,140,52.083823
4.17999,75,52.090458
4.1632695,75,52.095828
4.633399,75,52.096584
3.3933024,75,52.108455
4.0091834,75,52.118939
4.3387027,75,52.130802
3.123644,75,52.133052
3.468199,75,52.139719
3.8487496,75,52.146956
3.0867276,75,52.152558
3.5933266,75,52.153345
3.31775,75,52.166541
3.7157142,75,52.176773
4.727343,75,52.191754
4.447863,75,52.198833
3.1891918,75,52.848631
4.5109425,75,52.854375
3.657632,75,52.855224
3.22415,75,52.867203
3.2226734,75,52.878506
7.442603,149,52.89043
3.7698488,75,52.900261
3.600889,75,52.906812
3.0224884,75,52.912599
4.1746216,75,52.92466
6.526982,143,52.945152
6.495084,121,52.947626
3.5780003,75,52.964996
4.1025467,75,52.971474
4.7845616,131,52.979806
3.163619,75,52.984015
3.3835347,75,53.003305
3.3091235,75,53.005826
3.155568,75,53.022285
5.2854805,161,53.02387
4.494053,75,53.028473
9.880509,190,53.036607
3.800497,75,53.041074
2.8921282,75,53.061491
3.344717,75,53.063739
4.1397734,75,53.082669
4.484205,131,53.082714
4.0628953,75,53.089201
4.0345597,75,53.097036
3.7927558,75,53.102351
3.2885754,75,53.123
2.7873085,75,53.125429
6.569191,134,53.131667
4.2310185,75,53.143202
3.3884075,75,53.149072
3.6730943,75,53.157235
3.5342288,75,53.162693
3.5468352,75,53.184437
3.790357,75,53.18686
3.7159066,75,53.193213
6.5177436,145,53.200255
4.2582397,75,53.204067
3.3608804,75,53.210585
4.1143446,75,53.218553
3.958868,75,53.223833
3.752964,75,53.255349
4.5076513,75,53.267002
4.212459,75,53.273287
3.8400292,75,53.281602
6.0026426,140,53.299644
7.3517566,144,53.305623
6.791408,136,53.312996
4.0614896,75,53.317286
3.9730513,75,53.328445
3.892079,75,53.334516
3.6452742,75,53.342477
3.836575,75,53.360033
7.9636383,169,53.362303
4.1977496,75,53.365537
3.37146,75,53.376789
4.157314,75,53.38811
3.3229592,75,53.42052
2.8934877,75,53.423068
3.3584878,75,53.426711
8.515488,150,53.433878
3.5519643,75,53.437733
7.1889253,136,53.452285
7.935374,151,53.456095
3.34987,75,53.481154
4.4316196,75,53.486435
3.8429065,75,53.494375
3.870989,75,53.498036
4.568306,155,53.513376
5.8596835,128,53.526599
3.0697737,75,53.541176
4.2554474,75,53.547366
3.1015756,75,53.554369
3.7213995,75,53.558416
7.3185987,140,53.564376
6.721113,141,53.569491
4.385844,75,53.573424
4.729265,75,53.585996
3.0887303,75,53.601466
3.4444482,75,53.614458
3.119137,75,53.618302
2.9877472,75,53.629472
4.10898,75,53.633986
3.5433953,75,53.646165
3.9564843,75,53.661146
9.7085285,151,53.66774
3.9459352,75,53.67372
8.327227,151,53.684462
3.5605023,75,53.688841
4.3478723,75,53.693165
4.182553,75,53.720997
7.142785,133,53.724034
3.5340853,75,53.726964
4.078413,75,53.748633
4.683093,130,53.749417
4.46804,75,53.780588
3.8049567,75,53.784279
4.4456286,75,53.78764
8.70708,159,53.800649
5.43793,158,53.818586
10.920643,191,53.836199
3.1111681,75,53.839487
6.92692,121,53.844836
3.3112247,75,53.845651
6.2760777,130,53.850811
3.94244,75,53.858153
3.4241798,75,53.876373
3.103408,75,53.898379
5.435603,150,53.901432
3.1804068,75,53.9037
4.0131593,75,53.904515
4.5503936,75,53.909716
3.5961392,75,53.917031
7.291817,138,53.944234
3.878414,75,53.956124
4.574899,75,53.959031
3.6027539,75,53.961308
4.2729993,75,53.962124
3.8619177,75,53.967291
3.6758332,75,53.97459
4.187264,75,53.999793
6.1618886,170,54.006338
4.3851514,75,54.011531
3.2334628,75,54.014495
3.0050054,75,54.016664
3.4058793,75,54.017457
3.7065568,75,54.030919
3.3510067,75,54.056329
4.0558906,75,54.068418
4.1204205,75,54.071304
3.2496364,75,54.073567
3.920888,75,54.074341
3.206271,75,54.086973
6.335074,135,54.108152
3.2098246,75,54.112574
3.4128406,75,54.124828
3.7490296,75,54.128253
4.291063,75,54.131365
8.262096,227,54.138033
3.8884475,75,54.144491
4.3730493,75,54.164882
2.9357972,75,54.169856
6.1057105,143,54.182354
2.8199058,75,54.185663
4.847675,75,54.188652
3.8087518,75,54.195506
3.1540513,75,54.201313
3.4867911,75,54.227205
5.6806283,140,54.231567
3.2651649,75,54.239126
3.605431,75,54.242271
3.79734,75,54.24524
3.531117,75,54.251863
2.9995604,75,54.257942
8.172234,135,54.267903
3.9082186,75,54.289937
4.1913266,75,54.297686
4.294165,75,54.31124
3.7740471,75,54.31711
3.9530447,75,54.32655
6.4492726,132,54.328833
3.0443041,121,54.336035
3.2670703,75,54.347313
3.3220406,75,54.354926
3.4589777,75,54.367248
4.012799,75,54.373335
4.5435762,75,54.383107
3.4343705,75,54.385599
8.1834755,186,54.387794
4.1036673,75,54.392108
4.1567645,75,54.40308
4.256495,75,54.410719
4.30845,75,54.423412
3.8845255,75,54.42959
4.2989516,75,54.44163
4.321517,75,54.443882
3.744086,75,54.448809
3.308978,75,55.101549
3.1733193,75,55.109249
6.9482884,119,55.114835
3.2345057,75,55.128795
3.1150043,75,55.147652
3.8433094,75,55.159178
7.0212536,132,55.165913
3.4950833,75,55.16677
3.9945474,75,55.172127
3.9472892,75,55.186481
7.864694,134,55.188725
7.433545,139,55.190234
3.4549642,75,55.205279
3.4057107,75,55.216618
3.1360533,75,55.225147
3.6738808,75,55.230388
3.3824108,75,55.244084
3.6831646,75,55.275334
6.026921,119,55.28215
4.2510343,75,55.288224
9.16976,162,55.291272
3.52583,75,55.302075
7.8240404,152,55.32211
6.1466656,135,55.328431
10.536449,183,55.329275
3.1479073,75,55.332325
3.968015,75,55.340008
2.9407725,75,55.346468
3.7896302,75,55.349415
3.7020502,75,55.35986
3.2978852,75,55.379475
3.7909267,75,55.385529
4.0385823,75,55.386327
3.9654748,75,55.389246
4.138281,75,55.402342
3.4396067,75,55.405243
3.3271897,75,55.415974
3.4473588,75,55.437337
3.5204604,75,55.443251
3.496518,75,55.444014
3.9629226,75,55.447011
3.891227,75,55.460192
2.7315307,75,55.463325
3.1315331,75,55.473876
9.917435,187,55.482808
3.9561691,75,55.494561
4.0302963,75,55.500977
4.0940714,75,55.503991
3.1934395,75,55.516541
3.4283442,75,55.519613
4.183225,75,55.530075
6.9131737,126,55.538045
3.8082771,75,55.538067
3.8815272,75,55.550212
3.2966025,75,55.557154
4.1597233,75,55.560442
3.7568822,75,55.573171
2.9831092,75,55.57612
3.9761493,75,55.586352
3.901359,75,55.594479
2.8620248,75,55.594494
4.2856207,75,55.606202
3.87408,75,55.612944
3.608211,75,55.616025
4.217566,75,55.643307
3.50316,75,55.664894
3.3901613,75,55.671534
6.6782913,131,55.676322
4.4681153,123,55.689401
4.2084317,75,55.703005
6.6590996,143,55.705945
3.5099962,75,55.723519
3.5428805,75,55.730486
11.669101,207,55.732713
4.5827646,75,55.734966
7.160769,165,55.744847
4.059774,75,55.747785
4.454487,75,55.759816
3.3351645,75,55.762728
3.101705,75,55.779594
3.2774546,75,55.786693
4.4798393,75,55.788886
4.169699,75,55.804722
2.9673667,75,55.818041
5.127677,122,55.829954
2.925436,75,55.840468
4.339652,75,55.847807
3.0653915,75,55.850497
4.2475414,75,55.866256
7.3252225,132,55.86822
3.8983717,75,55.880211
4.1338124,75,55.901938
4.229104,75,55.908904
3.892766,75,55.911174
3.705575,75,55.926785
4.1632795,75,55.928449
13.105452,234,55.930938
6.6718373,139,55.94138
3.5721788,75,55.960755
3.1152806,75,55.967833
3.8723645,75,55.970355
3.8854885,75,55.985551
3.9088194,75,55.987091
3.5748646,75,55.989309
3.2097178,75,55.999992
8.55272,160,56.00523
3.3840072,75,56.018486
3.4939742,75,56.025662
3.9482508,75,56.028083
4.032401,75,56.043363
4.077245,75,56.044928
4.252243,75,56.04723
3.8856854,75,56.06223
3.7043235,75,56.075792
3.9817958,75,56.084652
6.9460826,130,56.0998
4.0647764,75,56.100896
3.7039158,75,56.105043
3.549951,75,56.122181
2.8515356,75,56.135549
3.3125114,75,56.145024
3.983165,75,56.160134
3.9207973,75,56.160982
9.899841,177,56.164007
3.991373,75,56.180303
5.711405,190,56.192711
3.380923,75,56.193587
3.484053,75,56.202935
3.0421495,75,56.21807
6.4073377,144,56.21811
4.055733,75,56.218918
3.538734,75,56.222072
4.095963,75,56.238731
3.8227015,75,56.250514
3.874815,75,56.251509
3.2642903,75,56.275008
3.3787897,75,56.275052
3.550682,75,56.276069
3.8106372,75,56.279173
2.8632329,75,56.309076
3.776613,75,56.334498
4.202088,75,56.334541
3.293322,75,56.335339
4.461004,75,56.338221
5.569917,178,56.341294
4.370454,75,56.368373
7.4232335,171,56.372388
3.5402622,75,56.393794
3.3921437,75,56.393832
3.362417,75,56.394675
4.340044,75,56.398138
3.4652507,75,56.432431
3.9633045,75,56.453752
4.3111033,75,56.45379
3.7624137,75,56.454562
4.1712427,75,56.45748
12.929804,270,56.464151
3.435626,75,56.490295
3.56223,191,56.49186
9.677086,171,56.503868
3.8086998,75,56.512974
3.7728472,75,56.516483
3.382357,75,56.523445
3.6066265,75,56.54916
4.0685587,75,56.55065
6.3664722,131,56.555095
3.8751705,75,56.561398
8.030058,144,56.565375
3.0228412,75,56.571076
3.2319398,75,56.574005
3.4997575,75,56.580542
4.5090957,75,56.606169
3.7482243,75,56.607796
3.9408977,75,56.612831
3.1483216,75,56.619024
4.4514484,75,56.623051
3.4974155,75,56.628602
3.9084976,75,56.631571
3.6327596,75,56.638427
3.9177732,75,56.664
4.2419057,75,56.665569
4.2509904,75,56.670074
3.1468844,75,56.676502
4.448499,75,57.325974
3.5725932,75,57.331331
4.105096,75,57.334468
3.2920911,75,57.341264
3.6124864,75,57.3666
3.2062654,75,57.36813
3.4295776,75,57.372808
3.7046258,75,57.382575
4.4375587,75,57.387886
3.1362534,75,57.390929
2.990926,75,57.397743
3.9647841,75,57.422585
3.9669874,75,57.424361
7.7414064,141,57.428435
3.1067567,75,57.429255
3.044638,75,57.438991
3.7461848,75,57.444047
3.3994062,75,57.447099
4.303293,75,57.454102
4.263342,75,57.479359
3.599688,75,57.48083
3.4110947,75,57.484488
3.6572464,75,57.48526
4.56668,75,57.495653
4.074099,75,57.500807
3.518705,75,57.503834
3.4111443,75,57.510389
3.770988,75,57.535815
3.5481822,75,57.537319
3.3918242,75,57.541065
3.6152437,75,57.541992
3.7381663,75,57.551659
4.1066213,75,57.55697
3.8983274,75,57.560255
3.902703,75,57.566812
3.909287,75,57.594328
2.708786,75,57.598421
3.1287417,75,57.599226
3.4573574,75,57.618282
3.345057,75,57.625793
4.1794763,75,57.653727
2.5237145,75,57.657335
3.6737025,75,57.658164
7.245548,131,57.658948
6.631106,143,57.662745
9.283499,170,57.667107
3.4808028,75,57.675975
4.0053196,75,57.682588
3.9982772,75,57.71067
3.891566,75,57.714828
4.0626965,75,57.715621
3.1058059,75,57.716408
3.4293175,75,57.720196
4.090156,75,57.724689
3.8442097,75,57.73365
3.304647,75,57.740287
2.874583,75,57.772312
4.498246,75,57.773241
4.1139727,75,57.774054
3.3997443,75,57.777804
3.5460923,75,57.782401
2.7156062,75,57.798349
8.271051,150,57.825048
5.550464,120,57.825086
3.624258,75,57.828769
3.283319,75,57.829569
3.5996473,75,57.830326
4.215178,75,57.83405
4.3819113,75,57.838553
3.516438,75,57.854934
3.764873,75,57.881865
3.6923354,75,57.881904
3.7985682,75,57.885683
3.8570368,75,57.8865
4.2429376,75,57.887388
3.9798503,75,57.891301
4.1708713,75,57.896001
3.446568,75,57.912016
3.9954576,75,57.938896
3.6461256,75,57.938933
3.2081697,75,57.944136
3.269445,75,57.944979
3.4713113,75,57.948724
4.1785455,75,57.95383
4.1286607,75,57.998521
3.6991777,75,57.998559
7.044062,148,58.000984
4.000714,75,58.003199
3.1377387,75,58.003998
3.5730531,75,58.008227
3.9813352,75,58.012878
8.064825,169,58.046838
3.1883206,75,58.061702
3.5726247,75,58.061749
4.0992694,75,58.064392
3.3991396,75,58.066958
4.046582,75,58.067911
3.6454575,75,58.071657
3.506078,75,58.111183
6.370509,129,58.123724
3.4743762,75,58.126417
3.884553,75,58.126455
2.9561694,75,58.128845
3.9407058,75,58.131292
3.8041952,75,58.132239
3.5924652,75,58.136812
3.528654,75,58.187839
2.7740922,75,58.190188
3.4477193,75,58.190206
4.318245,75,58.192644
3.0892906,75,58.194979
3.5245237,75,58.195792
3.685038,75,58.200245
6.426049,144,58.232859
3.0817592,75,58.249541
3.6075542,75,58.252453
3.2007432,75,58.252495
4.024959,75,58.255032
2.6550715,75,58.257407
3.684451,75,58.25818
3.897776,75,58.262365
3.3204134,75,58.295887
3.8613217,75,58.312071
3.1283336,75,58.314584
3.216311,75,58.314608
3.1109684,75,58.316993
3.7401533,75,58.320321
3.2864723,75,58.32418
2.6398952,75,58.356944
7.237731,140,58.372401
3.2503214,75,58.373275
4.0941124,75,58.375603
4.1844125,75,58.378125
4.26272,75,58.381349
3.1231995,75,58.385981
3.2919912,75,58.418677
3.4113579,75,58.433916
3.6153135,75,58.435057
3.439258,75,58.437467
2.8785062,75,58.439712
3.8014276,75,58.442827
3.6273994,75,58.446853
8.640181,178,58.460412
3.3841248,75,58.496387
3.7777083,75,58.497277
3.872416,75,58.499666
3.2626688,75,58.502779
3.9874048,75,58.50602
3.4961393,75,58.509864
3.262967,75,58.522703
6.4032497,157,58.548154
4.0545673,75,58.558913
3.6355038,75,58.562051
4.257285,75,58.564792
2.9209547,75,58.572569
4.184922,75,58.609338
6.1571174,138,58.609381
3.2900941,75,58.619924
3.3176246,75,58.622515
4.294583,75,58.624981
7.1548395,147,58.626358
7.124752,127,58.627568
3.8811617,75,58.633502
4.253465,75,58.671296
3.408998,75,58.67135
3.4996083,75,58.682987
3.5592024,75,58.68594
4.53151,75,58.688244
4.286433,75,58.695891
3.61469,75,58.735466
3.666575,75,58.735508
7.18345,132,58.737026
3.3906288,75,58.74626
3.6418445,75,58.748576
3.7639947,75,58.75136
3.741717,75,58.759354
8.897434,181,58.778994
3.97158,75,58.797385
3.575154,75,58.797436
2.927381,75,58.798949
3.5261083,75,58.810609
4.167777,75,58.813082
4.103653,75,58.820069
3.3630505,75,58.838655
3.7191865,75,58.858059
3.8658013,75,58.859652
7.1664014,149,58.8674
3.0209556,75,58.870538
4.060008,75,58.872859
3.5538383,75,58.880658
3.9073277,75,58.899396
3.7182689,75,58.919489
3.767183,75,58.929537
3.2882838,75,58.932503
3.708134,75,58.934876
8.010491,175,58.939507
3.4219563,75,58.962091
5.677296,131,59.682025
3.906083,75,59.697082
3.5386696,75,59.706969
3.98336,75,59.710104
3.236756,75,59.712766
4.535307,75,59.718575
8.819714,148,59.719447
3.899746,75,59.740721
4.2265186,75,59.759373
3.7248452,75,59.768882
4.405915,75,59.772071
3.3307562,75,59.774333
4.1581497,75,59.779144
3.7849622,75,59.780046
3.8539093,75,59.800743
7.4103947,150,59.805748
3.812559,75,59.820538
3.4117184,75,59.830088
3.6616187,75,59.833198
3.5802476,75,59.835847
3.709419,75,59.840284
3.0206711,75,59.841056
3.826523,75,59.861605
3.6837926,75,59.86617
3.5562177,75,59.889684
3.1974056,75,59.895365
3.8707283,75,59.899948
3.5256834,75,59.900738
3.0646174,75,59.922057
7.3950853,142,59.934686
3.899614,75,59.950829
7.442499,150,59.954574
3.3936138,75,59.957219
3.291627,75,59.962405
3.918351,75,59.96318
6.4492564,132,59.973669
4.122721,75,59.983535
3.6111147,75,59.99515
3.4539027,75,60.011872
3.2554805,75,60.014964
3.366051,75,60.01728
3.407872,75,60.04479
3.405757,75,60.057291
3.3758702,75,60.073958
4.1733427,75,60.076966
7.1654305,148,60.082881
8.982717,148,60.096509
7.2558794,176,60.107594
3.8393176,75,60.107634
3.1842418,75,60.119702
6.4800944,137,60.130677
4.474627,75,60.135499
3.485406,75,60.145054
4.133348,75,60.170808
3.9654546,75,60.183465
4.2198286,75,60.195238
7.7258234,144,60.198576
4.1092057,75,60.208633
8.184133,140,60.212656
7.294819,143,60.226954
4.018844,75,60.233073
4.257534,75,60.245444
5.9226494,140,60.253942
4.07153,75,60.257054
3.9996293,75,60.271006
3.728002,75,60.27504
2.9639018,75,60.295849
3.5414536,75,60.316136
7.877851,143,60.317073
3.441181,75,60.334006
3.146889,75,60.33827
3.8273225,75,60.381357
3.5850904,75,60.387624
8.148434,184,60.388644
8.825342,168,60.393741
6.814628,136,60.43199
10.084881,191,60.463487
3.8887386,75,60.50638
3.6754904,75,60.507652
3.0113025,75,60.508897
3.980831,75,60.515247
6.7125273,154,60.53351
3.4539447,75,60.538037
11.155235,187,60.556309
3.6269798,75,60.572518
4.166689,75,60.573446
4.5437202,75,60.578786
3.9829712,75,60.597174
3.5045395,75,60.601561
3.6463392,75,60.619016
8.419621,143,60.627976
3.98932,75,60.634744
3.5902684,75,60.635702
8.571358,185,60.63805
3.9965703,75,60.640372
3.8158426,75,60.658608
3.7140274,75,60.663238
3.7094321,75,60.681206
3.6444068,75,60.689965
3.9053805,75,60.696843
4.0551543,75,60.697639
3.5714667,75,60.700784
3.7102695,75,60.703347
4.014985,75,60.721639
3.9403982,75,60.7268
3.604477,75,60.761443
3.3411984,75,60.764934
3.0066478,75,60.76822
3.3153243,75,60.78953
3.8192844,75,60.795124
7.4524975,143,60.82899
3.804123,75,60.834399
7.538189,170,60.836037
4.100425,75,60.837746
4.318334,75,60.840359
3.9250374,75,60.859227
3.60715,75,60.864372
3.870439,75,60.900455
4.3677897,75,60.904489
9.985775,238,60.905364
4.000254,75,60.906933
3.9895086,75,60.926373
8.4169445,146,60.965288
3.8534954,75,60.967237
4.439862,75,60.970795
3.8120959,75,60.971626
9.906416,177,60.985089
3.9249933,75,60.991597
6.8725767,147,60.994389
3.9817755,75,61.02921
4.26243,75,61.030987
3.602196,75,61.049434
7.749186,170,61.054819
3.1629002,75,61.058904
4.175929,75,61.094532
3.986487,75,61.096353
8.730835,151,61.101535
6.232053,132,61.105567
3.6024492,75,61.113924
4.270883,75,61.119235
9.462238,191,61.134931
4.1086736,75,61.160933
3.1816525,75,61.166169
3.1779914,75,61.170894
2.9192312,75,61.180032
2.6562092,75,61.186042
6.389479,155,61.195045
3.612576,75,61.202089
6.0811844,131,61.209592
3.3964899,75,61.22966
2.7410572,75,61.235296
2.745418,75,61.239394
3.7622879,75,61.247313
3.9587963,75,61.253232
3.930703,75,61.261456
3.7806396,75,61.268584
4.0044975,75,61.276473
3.9610279,75,61.29431
3.5169625,75,61.305183
3.487898,75,61.329386
3.7202444,75,61.335963
3.8858912,75,61.344348
7.6956215,152,61.369931
3.9387302,75,61.372168
2.8085544,75,61.394764
3.4215214,75,61.401711
10.547697,183,61.409001
6.746925,130,61.410344
5.764021,178,61.410415
4.3353996,75,61.434807
2.830306,75,61.437148
7.13738,131,61.457825
3.975716,75,61.459962
3.7431595,75,61.466531
3.7736497,75,61.473781
4.316316,75,61.47461
2.754425,75,61.474626
3.751769,75,62.227422
3.9229267,75,62.230113
3.6655326,75,62.250207
3.8119173,75,62.251871
3.5546818,75,62.258187
3.3841352,75,62.266213
2.865606,75,62.266251
3.0438902,75,62.293442
3.4190264,75,62.315157
3.448894,75,62.330954
8.396563,169,62.345253
3.37888,75,62.35579
4.8954844,117,62.356665
4.8755307,129,62.358668
3.5788052,75,62.378072
8.321122,191,62.388011
3.3422232,75,62.407836
3.7091668,75,62.420795
3.7056804,75,62.422501
11.401972,193,62.430233
6.1149817,129,62.438982
3.8555,75,62.441427
4.025381,75,62.452036
3.2840486,75,62.471022
7.8085012,145,62.478136
3.8254511,75,62.484103
3.7854364,75,62.491102
3.3409038,75,62.499385
3.2627318,75,62.502057
4.2817273,75,62.511184
7.191487,143,62.535749
3.3094532,75,62.53663
3.8670778,75,62.543225
3.2396686,75,62.550528
3.9285102,75,62.563143
3.7225275,75,62.572702
7.184954,138,62.582128
3.695971,75,62.598619
2.8779159,75,62.604836
4.0467024,75,62.612488
3.9133952,75,62.624494
3.699136,75,62.634644
8.995983,178,62.644599
3.9454217,75,62.660789
4.237055,75,62.674161
3.8174157,75,62.707089
11.220991,226,62.722897
4.365053,75,62.722942
6.19676,125,62.727586
3.7842393,75,62.73727
11.338047,209,62.755991
3.73883,75,62.772427
7.911681,180,62.787179
3.771362,75,62.788755
3.0723598,75,62.802818
3.565114,75,62.836592
13.389301,281,62.843922
3.615873,75,62.852569
6.875035,152,62.861249
3.4318647,75,62.869523
8.848249,171,62.873141
2.6660705,75,62.913378
6.0429053,171,62.917558
2.8719053,75,62.921882
3.3592925,75,62.929536
7.410999,150,62.9313
3.498543,75,62.938287
3.385282,75,62.948125
3.8577297,75,62.981801
3.1228147,75,62.985984
3.2675035,75,62.989509
4.023296,75,62.997455
2.9716458,75,62.99915
3.3311093,75,63.013117
6.2815733,149,63.015757
2.7379105,75,63.045804
3.3418677,75,63.052617
3.7367904,75,63.077528
5.158355,199,63.111265
5.6372676,143,63.119637
3.818389,75,63.14135
7.5175443,148,63.142367
8.206172,189,63.147357
9.974867,206,63.174343
3.2122796,75,63.175159
3.295937,75,63.183402
9.025615,171,63.192891
7.149553,174,63.202429
4.227067,75,63.205836
2.5812154,75,63.206723
4.0974627,75,63.211837
3.0798008,75,63.237711
3.8640087,75,63.238554
3.3725305,75,63.245685
4.084742,75,63.25505
3.5373592,75,63.267759
3.1893241,75,63.268747
3.220643,75,63.303176
6.6127877,179,63.35606
3.4012098,75,63.369205
7.4960446,141,63.369249
6.4274745,135,63.372947
8.213817,172,63.386689
11.703738,212,63.392734
6.109826,159,63.405455
5.491315,167,63.413358
3.0682912,75,63.418901
3.7984538,75,63.43176
3.3610876,75,63.431802
3.9103148,75,63.436364
4.2130804,75,63.455681
3.7456918,75,63.467931
3.4562962,75,63.47547
3.9558344,75,63.481868
3.219946,75,63.495863
3.6628077,75,63.521453
4.0546293,126,63.541522
6.491258,141,63.559878
3.9759479,75,63.563149
11.119265,231,63.587167
3.3637378,75,63.58898
3.5223505,75,63.608562
2.868386,75,63.624667
6.7129145,179,63.626686
3.1319537,75,63.62835
10.590124,186,63.645986
3.187884,75,63.651532
8.246277,203,63.654799
3.3690815,75,63.672693
3.5151868,75,63.691877
3.0069358,75,63.694014
3.9950273,75,63.712636
4.5561566,145,63.715217
3.6294122,75,63.721107
3.0321498,75,63.738748
3.8051448,75,63.757931
3.927059,75,63.760339
2.9189663,75,63.778248
8.073318,169,63.799517
3.3946974,75,63.803649
8.784788,211,63.808497
3.839557,75,63.823388
3.2367609,75,63.825415
6.974989,138,63.841017
3.3543015,75,63.843257
2.8190784,75,63.865236
3.025,75,63.869355
8.182945,178,63.870138
2.871222,75,63.874096
3.235027,75,63.889124
3.3622127,75,63.890989
2.6280541,75,63.9076
3.806679,75,63.936798
6.323732,135,63.963328
4.0921345,75,63.974538
3.619069,75,64.785118
7.876583,145,64.785165
5.14938,171,64.801917
9.590229,182,64.806524
2.9643667,75,64.820919
8.197807,189,64.837143
10.067184,193,64.842295
2.993793,75,64.866535
3.382196,75,64.902042
3.9304361,75,64.906878
10.012014,192,64.911131
3.2707515,75,64.930958
7.925681,177,64.936529
4.217963,156,64.954487
8.720617,201,64.956874
3.4348972,75,64.964276
2.980316,75,64.973924
10.283734,216,64.990943
3.0604148,75,64.993286
6.7654457,138,65.021123
2.7621806,75,65.054873
2.4463143,75,65.057224
7.20332,151,65.063673
7.526726,153,65.08263
3.3432035,75,65.085003
7.9859285,176,65.112494
5.004323,188,65.115387
10.879457,190,65.133135
7.336287,144,65.174572
3.162799,75,65.177269
9.041131,156,65.193327
5.6291795,132,65.195425
2.1969209,75,65.195466
9.153538,178,65.230238
3.663571,75,65.2392
3.1543417,75,65.257855
9.066202,195,65.275173
3.3628597,75,65.30373
6.7263494,170,65.341069
7.539811,227,65.370755
3.3653734,75,65.371598
12.222753,245,65.406344
8.911599,204,65.410219
3.3998275,75,65.436685
13.812925,445,65.438461
10.352156,226,65.45785
7.955435,210,65.461307
3.636032,75,65.472546
6.2173734,134,65.526462
9.588163,181,65.529163
11.146118,214,65.529199
3.2596717,75,65.537548
7.005742,143,65.582111
9.201299,171,65.582156
2.5382645,75,65.588808
3.5835838,75,65.591253
3.0207665,75,65.59127
2.9249678,75,65.644704
7.479118,136,65.650301
12.741314,254,65.653658
3.5354328,75,65.654431
8.959555,239,65.658977
3.7785838,122,65.693224
7.587405,143,65.701406
3.0661318,75,65.716205
2.992383,75,65.721441
8.726461,172,65.732853
6.7621665,138,65.765973
4.043183,75,65.780473
5.2541747,162,65.790352
2.8977919,75,65.797658
8.889604,183,65.799968
2.7022426,75,65.863796
6.506774,122,65.901336
11.227141,237,65.924524
9.254983,187,65.926259
11.238199,263,65.926283
10.756654,297,65.947183
4.3308496,200,65.952654
3.2475967,75,66.018048
15.157078,276,66.029503
8.156468,175,66.054101
6.73084,161,66.066326
9.403151,177,66.077569
13.612333,255,66.083061
3.2776637,75,66.092363
6.3603325,169,66.093413
3.8066614,75,66.128802
3.1638017,75,66.154669
5.713071,268,66.155576
3.6278234,75,66.155592
6.557782,170,66.162162
7.2224355,130,66.163037
3.5649264,75,66.218937
6.0830736,177,66.227948
3.047768,172,66.229473
7.931282,171,66.274074
7.3397555,140,66.274982
5.464347,169,66.305731
9.401425,211,66.334826
8.335593,171,66.36295
5.763592,121,66.375018
11.176911,260,66.38171
11.043371,195,66.390854
6.6847906,142,66.393475
9.580592,200,66.39685
3.0136042,75,66.396879
2.7422996,75,66.45541
3.6878586,75,66.460544
10.108334,197,66.470901
6.2797036,129,66.471865
6.6126447,123,66.486935
7.4258285,181,67.276727
9.4464245,215,67.286656
6.323596,129,67.298831
6.2777047,119,67.301279
10.818454,211,67.30486
4.936546,130,67.31042
8.854498,169,67.329004
2.957927,75,67.350811
2.811007,75,67.371085
5.954124,182,67.37198
6.431108,148,67.428237
7.5810366,160,67.467502
5.006692,139,67.4727
5.7854567,155,67.504915
11.803265,274,67.511737
8.897867,190,67.532814
15.096802,296,67.565777
3.2616985,75,67.569493
11.407118,327,67.582725
7.918728,180,67.620641
2.8386853,75,67.629828
12.97612,264,67.654574
6.8112803,172,67.680408
12.408384,230,67.70777
2.622308,75,67.716408
8.877845,178,67.719911
12.234222,297,67.723729
10.644975,205,67.756934
3.4732432,75,67.780577
3.2646997,75,67.789407
7.3816285,188,67.790288
9.985828,201,67.851783
7.983348,160,67.856926
4.799571,127,67.866607
9.8068,205,67.88355
5.6916876,129,67.901223
6.0637684,140,67.902394
14.798477,347,67.918411
6.7073827,153,67.921858
3.1106048,75,67.932555
5.5509396,118,67.95697
2.7075038,75,67.969887
5.8161774,140,67.982141
4.6310024,136,68.005508
5.583746,120,68.024158
2.9460766,75,68.034431
5.360213,122,68.039888
3.2958286,75,68.045131
9.327187,182,68.07827
6.0589542,145,68.079901
3.6798868,75,68.085725
13.065914,253,68.119202
3.4492304,75,68.143196
2.8310242,75,68.151114
6.8920684,173,68.18076
8.098648,178,68.196187
3.1299508,75,68.206367
8.404912,201,68.209784
2.7135427,75,68.243312
15.987526,299,68.25712
4.3474827,127,68.257152
7.991472,177,68.270093
3.3544805,75,68.308013
4.0253468,141,68.316467
6.2706895,144,68.332478
2.4309647,75,68.334592
7.127757,152,68.336494
3.303271,75,68.373267
9.055113,164,68.400827
6.602281,137,68.433794
2.715476,75,68.436481
4.844214,133,68.448339
10.253552,230,68.455212
10.244489,471,68.481608
8.022423,179,68.488985
2.922179,75,68.512049
7.1399665,147,68.562697
5.609547,135,68.571108
2.998887,75,68.576918
14.523929,287,68.578919
10.776382,204,68.60785
8.960434,177,68.64115
10.766968,212,68.663949
13.540357,327,68.678536
8.042209,170,68.70713
9.160725,174,68.719415
8.576372,171,68.754171
10.854064,212,68.757711
4.477275,155,68.774252
10.230176,230,68.775971
6.3947363,140,68.784696
5.5510736,149,68.806614
3.314198,75,68.837763
5.6512704,167,68.86234
12.040352,230,68.903781
6.8861346,148,68.909148
7.3364987,150,68.933879
6.457949,132,68.948837
10.404663,226,68.949641
6.232966,146,68.985912
10.824044,248,68.985949
8.156635,181,69.8069
6.768291,143,69.814921
7.403205,200,69.817763
14.647235,418,69.855857
9.439554,213,69.87751
12.57979,251,69.893263
11.452339,215,69.916579
2.7095497,75,69.943149
13.256183,267,69.960454
5.7128954,117,69.991138
9.840541,230,70.003121
8.308626,165,70.050733
15.1356,309,70.073376
15.060545,310,70.076667
8.655686,168,70.094735
12.97217,339,70.134878
6.862196,142,70.164839
13.934104,324,70.204349
13.043765,286,70.221938
2.4467583,75,70.226431
9.328565,197,70.236557
11.1737175,254,70.279635
19.510796,454,70.372126
7.996746,183,70.372198
5.591873,130,70.386652
14.637079,308,70.386695
10.326369,209,70.397149
18.248297,384,70.407036
10.45802,214,70.410717
3.0897844,75,70.432064
14.615802,304,70.452478
3.041664,75,70.468564
5.57736,139,70.500042
2.4395485,75,70.51286
8.490898,194,70.529707
8.120336,165,70.531275
6.629179,166,70.634706
12.820891,275,70.656549
14.4577875,339,70.661807
7.4103947,164,70.664217
12.66571,289,70.702741
10.307194,235,70.703572
21.90979,415,70.747336
14.653027,282,70.756892
6.104175,155,70.779931
8.404098,165,70.794291
8.274415,169,70.840729
11.332999,286,70.866307
6.104458,145,70.876558
14.854345,342,70.942512
13.580019,297,70.945292
7.808082,216,70.95849
7.07221,166,70.978529
7.3881235,161,70.999422
10.78817,255,71.005228
6.96665,160,71.008689
21.693882,431,71.09787
8.14493,181,71.103415
5.5831537,137,71.112694
11.297768,238,71.134144
9.515255,209,71.142341
8.534604,183,71.142359
10.441366,254,71.144737
8.493595,186,71.153671
4.805534,130,71.213717
7.6840296,168,71.228505
4.7882223,119,71.235428
5.613611,130,71.243615
6.361364,156,71.25633
8.812196,201,71.259573
6.2944674,137,71.337796
11.713803,252,71.344263
8.974716,243,71.345935
7.835735,190,71.395662
9.877498,243,72.068198
9.923085,216,72.068243
4.1552525,127,72.084862
13.572178,297,72.088563
11.146098,277,72.120147
10.740629,246,72.179412
7.5345306,167,72.201438
12.055537,291,72.208657
8.747013,278,72.2567
10.085871,216,72.261241
8.767163,187,72.26919
8.678558,176,72.349177
15.665699,330,72.349222
18.98629,402,72.388777
2.7115488,75,72.408654
3.040828,75,72.446597
13.13861,315,72.45105
11.635219,265,72.478374
13.769314,306,72.498114
12.070196,301,72.499051
11.28577,250,72.545573
7.392513,164,72.607651
22.675608,567,72.627372
10.334528,193,72.698894
13.013611,283,72.723598
15.928919,360,72.736425
10.641108,236,72.797998
15.587225,376,72.798902
18.039497,451,72.806823
16.420385,537,72.836369
10.939994,231,72.912694
10.349235,273,72.921633
16.473904,386,72.940785
10.480766,204,72.965181
2.8444917,75,72.973307
2.5818493,75,73.001392
12.379353,330,73.005613
16.632027,334,73.087785
10.550221,303,73.100754
7.37849,202,73.103257
7.2166743,183,73.138546
8.74628,211,73.153303
19.351887,434,73.17828
5.415707,133,73.1964
11.016653,235,73.211405
12.451405,278,73.250684
6.2403994,223,73.284105
5.8516846,143,73.297738
8.7894945,201,73.323779
5.2089095,193,73.36113
6.3194027,145,73.375765
16.383257,359,73.405189
12.583959,261,73.434981
1.9870756,75,73.441306
8.041344,185,73.445343
6.104023,150,73.452712
4.5913587,118,73.461806
14.242026,381,73.462702
8.450212,213,73.480467
7.221147,166,73.545507
4.7894344,145,73.584276
7.684402,179,73.590589
11.327035,251,73.646054
13.423678,341,74.455192
9.052408,205,74.47475
11.975511,389,74.491362
17.346788,431,74.544871
13.082334,319,74.58223
20.719624,484,74.61023
6.377245,162,74.615592
13.159731,313,74.631972
9.603469,257,74.682317
5.70374,171,74.768602
11.127191,272,74.785834
13.004327,321,74.899106
10.229144,252,74.909147
15.974267,366,74.909191
8.036193,208,74.95586
9.152609,202,74.967925
25.857002,553,74.982127
19.696163,441,75.029728
4.728046,202,75.089875
23.512503,947,75.094725
5.7254004,156,75.095567
11.428964,278,75.150059
7.8127437,366,75.244748
11.927171,287,75.248838
10.121029,229,75.311767
9.122329,260,75.334804
19.033829,417,75.354185
12.290436,306,75.438933
17.523483,387,75.458258
23.120525,538,75.529887
13.346241,311,75.597139
16.06374,387,75.601064
11.214195,277,75.607126
13.172251,319,75.624753
17.90577,463,75.668981
9.45416,262,75.670767
6.301899,165,75.743501
8.739132,337,75.756361
8.314331,200,75.848541
6.2222643,182,75.904224
14.936663,503,75.970717
16.634285,403,75.978576
4.946044,128,76.0164
7.388153,237,76.055116
7.315118,200,76.153086
21.604261,497,76.190587
11.524145,278,76.211762
27.246723,703,76.989897
17.94177,784,76.997693
6.8189483,176,77.011647
12.941217,302,77.02388
18.749247,1019,77.188933
13.075022,320,77.193127
10.1549425,240,77.216617
12.070755,273,77.230937
21.26123,520,77.346585
18.370897,412,77.378078
24.629408,812,77.425623
21.800436,507,77.427876
14.052216,327,77.47785
10.697702,315,77.505208
6.2437205,156,77.514349
17.128054,420,77.580717
11.233218,281,77.589562
19.831076,477,77.602795
4.613265,139,77.634839
6.3351736,171,77.743204
14.18026,368,77.749391
7.7622848,184,77.766896
19.811407,462,77.833674
7.769602,193,77.911136
17.368032,455,77.982688
28.48106,674,78.095399
32.1879,721,78.109036
9.151121,259,78.208609
14.134199,354,78.220717
5.0125933,133,78.225533
18.231163,552,78.229993
4.187044,680,78.230743
15.280831,547,78.243164
14.147305,495,78.264643
5.830814,166,78.387218
13.661757,368,78.415855
12.203173,308,78.492501
14.292443,332,78.495638
15.707041,386,78.566655
17.477678,413,78.578111
14.595554,387,78.600187
10.775016,250,78.604131
17.678867,438,78.61
10.96367,247,78.710228
5.199075,144,78.725353
20.659592,523,79.568324
8.551399,216,79.610581
15.490009,368,79.622341
9.787419,256,79.630214
18.11128,453,79.656181
22.662369,551,79.667488
17.536592,482,79.724805
19.523827,607,79.801502
10.760619,258,79.83387
14.426106,355,79.875807
14.763641,350,79.960935
4.3273587,127,79.985959
20.748787,505,80.067371
17.73492,409,80.079472
29.94666,676,80.215048
13.531264,385,80.301351
11.682053,277,80.315723
24.16501,652,80.375215
27.529354,653,80.406731
11.679934,330,80.500803
31.848925,1046,80.581072
9.032501,241,80.615928
16.000265,385,80.634679
8.512337,231,80.838908
26.660944,661,80.891158
15.129696,380,80.94752
28.848993,1111,80.957799
23.583408,681,81.092239
9.139617,255,81.109918
33.513996,851,81.113489
40.239567,1190,81.120217
24.594109,672,81.164887
9.218188,245,81.168445
13.091015,320,81.223826
4.9725924,158,82.025846
25.138031,725,82.186131
25.344746,954,82.669681
46.072983,1188,82.875536
36.915737,1028,83.091047
41.25539,1233,83.105993
41.668533,1324,83.106892
55.295097,1618,83.229694
33.094093,1651,83.28781
12.561311,324,83.375106
15.403474,417,83.472439
34.77531,1135,83.65968
18.611448,518,83.734051
20.442928,584,83.734984
71.134674,2284,84.601204
19.203526,538,84.650546
54.885517,1457,85.088574
2.0791974,75,85.156994
33.598373,1646,86.054594
65.27108,3084,90.154925
-22.562199,5212,90.646686
-99.027985,6515,92.400012
37.08088,2588,95.786001
-53.2178,6969,99.392587
11.315814,920,101.146882
-65.79017,12519,101.703982
-769.30005,14182,102.554021
0.64466125,75,102.626357
60.10965,5392,103.593375
4.035118,2887,106.860242
4.0553465,5263,109.083064
97.221115,13450,109.37115
21.887993,2223,109.845949
-594.9561,20061,110.11597
10.913763,1195,110.256981
1.9372255,178,110.292009
-225.0528,21310,110.777898
0.15531935,4114,114.840208
-108.58038,9140,115.328818
1.2094432,140,115.452705
-12.36678,3963,115.505957
-40.98211,4560,115.668556
-9.578752,4030,116.040522
1.7013091,181,116.20143
8.927647,1057,117.128674
4.850353,1834,117.874646
13.5375805,1659,117.880356
-7.619723,2900,121.291108
-43.997128,5783,122.311213
-10.063362,3220,122.327843
1.0564941,137,122.434489
6.687037,1024,123.364636
-68.854385,5292,123.440914
7.934254,1948,124.904762
5.7420726,1443,125.616313
0.53563887,75,125.689297
4.2573676,2028,126.159031
4.6899443,1342,126.291221
3.8782918,633,126.379281
0.49179202,75,126.451646
-144.94069,8717,128.254523
-416.0598,13995,128.813203
0.42992556,75,128.885021
2.171922,422,129.294353
-1004.2597,21557,129.332261
3.5061996,2290,129.370549
2.2775197,2542,131.607862
-0.1766614,2030,132.178644
3.353296,632,132.21996
-1083.0619,36549,132.345977
-137.04361,8116,132.392388
3.0873306,840,133.810858
-62.48372,5317,134.166562
-54.152237,5603,134.167593
3.6560984,872,134.656576
-1.9924312,1741,134.85124
1.4808115,267,134.914557
-1.234848,1990,134.96441
0.43067145,75,135.03412
-3.337868,2186,135.319269
-32.942467,4467,135.385563
2.5048444,1313,135.422055
0.43686563,75,135.458437
3.4354339,1227,136.805883
-3.1417515,2052,136.853034
0.37216994,75,136.921276
-50.37628,5463,136.979813
0.91858697,162,137.064151
-2.273876,1584,137.068554
-0.6920616,1594,137.646748
-3.021967,1795,137.695409
0.45058838,75,137.762364
-2.2717044,2273,137.852866
2.8388178,1016,137.881222
2.283286,403,138.860322
5.444171,1201,138.872809
0.42717895,75,138.93842
0.4252242,75,139.005224
1.5375893,1218,139.481258
2.2251391,1857,140.278459
-0.09829846,1786,140.625555
0.4192567,75,141.431618
-6.721436,2042,141.446899
-30.796453,4317,141.54469
0.4261182,75,141.610431
-21.78146,3818,141.714823
0.3960653,75,141.781719
-3.297484,2758,141.84406
0.3910709,75,141.909943
-38.35052,3903,142.046996
3.0717757,1189,142.070169
0.45406783,75,142.136405
0.4472342,75,142.203
3.7721937,772,142.29821
0.45983908,75,142.366387
2.8047807,1300,142.612757
0.4455393,75,142.681641
0.41070703,75,142.749488
7.0101476,1534,142.809357
0.43192115,75,142.816091
0.47259864,75,142.875354
0.3871669,75,142.882888
3.2758608,1131,142.932564
0.42586786,75,142.950162
-11.932354,3107,143.01461
0.3645126,75,143.080258
2.7531927,1523,143.147221
2.1314814,367,143.198881
1.7597712,329,143.973993
0.39097273,75,144.000098
0.39762458,75,144.039828
0.41828808,75,144.065618
0.44393632,75,144.131485
5.567145,1538,144.478353
0.4395089,75,144.544173
4.448148,2036,144.60561
0.4120614,75,144.611223
0.32951704,75,144.680702
5.286482,1030,144.734369
0.44454885,75,144.749189
3.2012544,2468,145.152869
4.647645,1605,145.565506
6.128716,1329,146.531136
3.8761325,730,146.539158
3.4624045,2170,146.555227
0.3768454,75,146.603758
0.2734371,75,146.619617
0.44386056,75,146.669134
0.47900796,75,146.735807
0.42218676,75,146.804178
4.671988,775,146.993116
0.4580949,75,147.060808
0.44763392,75,147.126949
5.273965,1875,147.141955
0.39706466,75,147.19428
3.1461868,756,147.204398
0.41432333,75,147.208957
-7.4186964,2762,147.24215
0.41524065,75,147.262038
2.8650095,517,147.267428
0.43182734,75,147.271992
0.42834508,75,147.276582
0.45424592,75,147.327294
0.36409083,75,147.332959
3.5900743,805,147.338082
0.44856292,75,147.341588
0.38087058,75,147.392217
0.4857372,75,147.397837
0.3425257,75,147.403308
0.29404375,75,147.458496
0.4499606,75,147.463755
0.32121778,75,147.468703
0.39566106,75,147.529036
0.41857406,75,147.534183
0.37290668,75,147.599005
1.6769671,334,147.63182
0.46372062,75,147.664726
8.49898,2650,147.839038
0.450533,75,147.906325
4.9374213,1141,148.280796
4.664562,798,149.082039
0.45216694,75,149.086528
0.41247335,75,149.148489
0.35486925,75,149.214486
0.4011372,75,149.281809
0.3880732,75,149.347092
0.38658375,75,149.413357
0.38150457,75,149.480077
5.918191,1510,149.534342
-13.109774,4948,149.539006
0.3246689,75,149.546447
0.47467726,75,149.601288
0.38886663,75,149.605862
0.3915804,75,149.613327
0.28973636,75,149.668374
0.40638587,75,149.673072
0.33709887,75,149.680957
0.45083484,75,149.738994
0.37564817,75,149.743861
0.37556088,75,149.751339
0.4650036,75,149.807491
0.33250424,75,149.811975
0.3538179,75,149.819181
0.33398002,75,149.875329
0.43792617,75,149.880244
0.36210585,75,149.887283
0.42939448,75,149.944163
0.27716014,73,149.947455
0.4356733,75,149.956539
0.44423607,75,150.016361
0.47133535,75,150.025098
0.39142013,75,150.08431
0.44426978,75,150.093713
0.33812657,75,150.152485
0.46135065,75,150.161485
5.1990347,1227,150.190142
0.35361987,75,150.222222
0.33114347,75,150.230846
0.46696448,75,150.257887
0.29987338,75,150.288207
2.859914,2258,150.289359
0.33227783,75,150.297213
0.44698757,75,150.324411
0.44064882,75,150.352987
0.2860485,75,150.353964
0.41491365,75,150.361686
2.1259034,2211,150.382602
0.47272128,75,150.387578
0.40782815,75,150.416456
0.45554107,75,150.417386
0.4604808,75,150.425476
0.33132336,75,150.446741
0.35373002,75,150.451859
0.36753446,75,150.48114
0.46799684,75,150.482079
0.37593728,75,150.489999
0.33847952,75,150.510728
0.40705186,75,150.516077
0.44063428,75,150.544729
0.43179855,75,150.545646
3.450967,2145,150.557373
0.31374407,75,150.574877
0.32100776,75,150.579616
0.3544535,75,150.610648
0.35585895,75,150.622556
0.31374913,75,150.640336
0.3716381,75,150.64528
0.44959974,75,150.675606
0.3677651,75,150.687017
0.35669363,75,150.705506
0.46758068,75,150.710591
0.46053246,75,150.740832
0.37279558,75,150.75198
4.230264,937,150.769223
0.4587215,75,150.770123
2.1226847,327,150.772016
0.46092626,75,150.775204
0.25281072,68,150.799684
1.8991529,311,150.813952
0.3127752,75,150.81643
0.40210864,75,150.834491
0.3344021,75,150.836193
0.37355947,75,150.839973
8.2669115,3244,150.854196
0.46235406,75,150.863744
0.4287814,75,150.878338
0.38888228,75,150.881045
0.47391236,75,151.638821
0.46548608,75,151.640619
0.450983,75,151.643934
0.44334635,75,151.66811
0.39769801,75,151.682254
0.3351072,75,151.684732
0.47191852,75,151.702302
0.41913503,75,151.704235
0.4064904,75,151.731133
0.2538395,66,151.737885
0.35830668,75,151.765758
0.42551714,75,151.767657
0.4801238,75,151.794509
0.43080756,75,151.801707
0.85572886,146,151.808976
0.40984228,75,151.830296
0.30596247,75,151.859921
0.36211216,75,151.866997
1.9877719,322,151.869552
0.30762842,75,151.873851
0.33718777,75,151.895263
0.26195642,75,151.92381
0.36331075,75,151.930649
0.39949965,75,151.933205
0.35285905,75,151.937357
0.35434946,74,151.958031
0.26970097,75,151.988075
0.47569066,75,151.997873
0.41799057,75,152.002025
0.27375224,75,152.023094
2.9586296,631,152.050249
0.35668346,75,152.053598
0.31129414,71,152.059823
0.39081633,75,152.067991
0.40005654,75,152.088263
0.45311192,75,152.118172
0.40592146,75,152.123802
0.29492295,75,152.132443
0.37664694,75,152.154356
0.3832396,75,152.19039
0.3462307,75,152.198307
0.40509766,75,152.218959
0.49915665,75,152.265136
0.30913863,75,152.286658
0.40488487,75,152.332267
0.30663818,75,152.353674
0.37901765,75,152.398344
0.27955818,75,152.418699
1.6751362,275,152.433486
0.26192063,70,152.458355
0.40379494,75,152.483487
0.45226035,75,152.497922
0.45339146,75,152.522334
0.36702013,75,152.547917
0.4744231,75,152.561825
0.45868853,75,152.587143
0.3314133,75,152.627602
0.31191528,75,152.654021
0.31804574,75,152.72019
5.1060743,835,152.781823
0.39390147,75,152.785908
0.34405202,75,152.848412
0.4237584,75,152.852659
0.37774253,75,152.917958
0.8366376,140,152.969728
0.31286344,68,152.976445
0.27192706,62,153.031172
0.30932087,75,153.035933
0.47116455,75,153.100224
0.33033192,75,153.104973
0.3279591,75,153.16638
7.1542287,1760,153.181407
0.3159049,75,153.232318
0.40064874,75,153.246928
0.4054024,75,153.297307
0.32714403,75,153.311793
0.37193182,75,153.365904
0.42442483,75,153.379852
0.3223031,75,154.186288
0.38175824,75,154.253726
0.37987983,75,154.319412
6.7589707,1219,154.379714
0.30526146,70,154.381514
6.102947,1181,154.426743
1.9859347,349,154.443401
0.32344466,75,154.446002
0.48819855,75,154.4478
0.36611575,75,154.492936
0.3394444,75,154.50872
0.37779915,75,154.511274
0.3338861,75,154.512959
0.41809037,75,154.557312
0.41991705,75,154.573024
0.37843233,75,154.575587
0.3922626,75,154.577348
0.4209551,75,154.621874
0.40954572,75,154.636732
0.4014003,75,154.639657
0.38503695,75,154.641293
0.36805832,75,154.686644
0.37222254,75,154.702102
0.29825148,75,154.704763
0.34837124,75,154.706572
0.40937695,75,154.752132
0.4059102,75,154.768018
0.4617354,75,154.770908
0.32513204,75,154.773043
5.6797323,1089,154.817696
0.45577973,75,154.820548
0.4177254,75,154.836247
0.30931035,75,154.839092
0.40792993,75,154.840786
4.135098,2475,154.860622
0.34056094,73,154.882405
0.32879764,75,154.886697
0.48647732,75,154.90177
0.35330284,75,154.904382
0.36936608,75,154.906178
0.33012095,75,154.925155
0.3708375,75,154.946681
0.35163495,75,154.950809
0.4496375,75,154.96647
0.40096468,75,154.969227
0.34958637,75,154.970803
0.36979285,75,154.9897
-0.28996104,2410,154.99131
0.34676522,75,155.01082
0.46598232,75,155.015217
0.48007676,75,155.030251
0.47691712,75,155.033099
0.43434113,75,155.034935
0.29740393,75,155.053492
0.31658965,74,155.054347
0.3201503,75,155.074669
0.4041101,75,155.078994
0.4449798,75,155.094235
0.28649533,75,155.096831
0.35191077,75,155.098648
0.41426829,75,155.117768
0.41784906,75,155.118562
0.47325605,75,155.138607
0.3029365,75,155.14316
0.37554193,75,155.157949
0.4590402,75,155.160416
0.407346,75,155.16211
0.32035094,75,155.181161
0.41068843,75,155.182037
0.3416937,75,155.202239
0.40249246,75,155.206921
0.29013318,67,155.21941
0.39817837,75,155.221954
0.46685195,75,155.224377
0.47761115,75,155.243851
0.32777315,75,155.244663
0.32253155,71,155.261515
3.5145576,3143,155.267649
0.47291616,75,155.269357
0.4536047,75,155.282284
0.29264328,69,155.282316
0.3285076,75,155.284727
0.42920986,75,155.308239
0.33117747,75,155.324435
0.31421778,75,155.330927
0.47531292,75,155.332688
0.48150715,75,155.345677
0.33896977,75,155.345717
0.44458812,75,155.348574
0.27652028,75,155.373228
0.36888966,75,155.390264
0.40473998,75,155.396564
0.26741585,75,155.398519
0.35694936,75,155.411625
0.33581966,75,155.411655
0.36297205,75,155.414241
0.44953907,75,155.438176
0.30952844,75,155.455002
0.35285893,75,155.461158
0.34104955,75,155.462844
0.38287702,75,155.475721
0.44558138,75,155.475751
0.3125105,75,155.47816
0.3528534,75,155.501319
0.27525574,72,155.515057
0.35612956,75,155.523362
0.38461208,75,155.525127
0.34226397,75,155.53762
0.32246548,75,155.53765
0.45288825,75,155.540237
0.4661923,75,155.563981
0.4451042,75,155.578168
0.43556243,75,155.586732
0.43721953,75,155.588459
0.28565013,61,155.589347
0.44518584,75,155.601075
0.34838364,75,155.603493
0.31465784,74,155.626193
0.3978072,75,155.641074
0.2944273,75,155.64945
0.41784546,75,155.651139
0.47126198,75,155.651988
0.4309817,75,155.663947
0.44562584,75,155.666441
0.37074926,75,155.689195
0.41931444,75,155.704305
0.26843175,63,155.705155
0.38199416,75,155.712717
0.34453613,75,155.714356
0.36381757,75,155.727273
0.33403006,75,155.729867
0.36494127,75,155.752621
0.41361594,75,155.767514
0.33499014,75,155.768417
0.4358979,75,155.776038
0.3106941,75,155.777765
0.3499854,75,155.790298
0.44054633,75,155.792802
0.35833603,75,155.816178
0.28374064,72,155.828321
0.31328097,74,155.831038
0.44031698,75,155.839904
0.31414008,75,155.841511
0.3743267,75,155.854328
0.35288206,75,155.857074
0.38781428,75,155.880059
0.46039605,75,155.893085
0.3964721,75,155.895588
0.34995118,75,155.903881
0.33289745,75,155.905641
0.38100195,75,155.917739
0.41418168,75,155.920152
0.3899236,75,156.689695
0.2604936,65,156.694273
0.4625838,75,156.706096
0.352541,75,156.714257
0.3626033,75,156.715998
0.48069286,75,156.728393
0.4295677,75,156.731219
0.21819572,58,156.744504
0.39269376,75,156.758598
0.44646445,75,156.77362
0.4045163,75,156.782287
0.4587989,75,156.784156
0.40267414,75,156.797789
0.331821,75,156.80055
0.37673366,75,156.814414
0.4747832,75,156.824459
0.44810408,75,156.840189
0.3250753,74,156.847943
0.42170638,75,156.850524
0.46536994,75,156.863907
0.31860477,75,156.866554
0.45626438,75,156.879189
0.39951593,75,156.889888
0.33852857,75,156.905346
0.39816257,75,156.912649
0.3124788,75,156.91522
0.403407,75,156.927719
0.45351994,75,156.93054
0.30651802,75,156.943277
6.425987,1118,156.947728
0.32859397,75,156.953555
0.3505777,75,156.968791
0.4419414,75,156.979752
0.43680334,75,156.992153
0.39702755,75,156.994711
0.41449848,75,157.007235
0.33688012,75,157.011639
0.45227465,75,157.01749
0.37911698,75,157.043038
0.3832222,75,157.056218
0.4164868,75,157.058705
0.35575846,75,157.072129
0.2984505,72,157.074272
0.3658169,75,157.083015
0.34161383,75,157.108775
0.46459666,75,157.12582
0.40157196,75,157.138775
0.39138034,75,157.14057
0.3872814,75,157.149315
0.38028502,75,157.174881
0.4100947,75,157.190271
0.2980698,75,157.20339
0.36753303,75,157.20522
0.4269088,75,157.213875
0.3299772,75,157.239829
0.454528,75,157.2549
0.28145954,75,157.268158
0.41260976,75,157.269881
0.36675283,75,157.278453
0.43027505,75,157.306097
0.42306405,75,157.321447
0.4629214,75,157.3355
0.4392431,75,157.337364
0.32221308,68,157.340249
0.48203897,75,157.413044
0.2743286,69,157.430889
0.3486668,75,157.450582
0.3782248,75,157.452382
2.6989026,405,157.46134
0.3249043,75,157.487383
0.5049071,75,157.497502
0.41310105,75,157.515602
0.29073742,75,157.525504
0.3155605,75,157.551814
0.31741327,74,157.56155
0.3719966,75,157.58042
0.30862036,70,157.586706
0.40785524,75,157.61708
0.34338164,75,157.626604
0.4783202,75,157.645287
0.39000854,75,157.65127
0.4863766,75,157.681951
4.22798,831,157.684573
0.393438,75,157.691697
0.36773518,67,157.703843
0.31451365,75,157.717143
0.37929836,75,157.747964
2.1949377,343,157.750537
0.33525383,75,157.750557
0.39238173,75,157.7573
0.3724111,75,157.76933
0.41993088,75,157.782212
0.45101067,75,157.812628
0.3642112,75,157.81533
0.40062165,75,157.815351
0.2662536,75,157.822092
0.32593858,75,157.833675
0.41650426,75,157.876719
0.41331327,75,157.879537
0.40390897,75,157.879566
0.43332326,75,157.886525
0.41495734,75,157.898213
0.89336926,146,157.907586
0.29973894,70,157.936501
0.40363774,75,157.943554
0.29417378,75,157.943586
0.4376835,75,157.950383
0.39725897,75,157.962432
0.3384349,75,157.972307
0.40384287,75,158.001483
0.42875645,75,158.00883
0.4222787,75,158.008865
0.39209083,75,158.015706
0.4129102,75,158.02859
0.48300248,75,158.038499
0.38730127,75,158.067113
0.3601236,75,158.073955
0.36520776,75,158.073989
0.44732118,75,158.080444
0.2850502,75,158.09261
0.419348,75,158.102234
0.39855668,75,158.131406
0.43722177,75,158.138182
0.3999371,75,158.138212
0.4552379,75,158.14508
0.447459,75,158.156834
0.47789,75,158.165819
0.40817073,75,158.194803
0.4868822,75,158.201757
0.44515517,75,158.20179
0.26041114,75,158.220472
0.50533813,75,158.22994
0.34993595,75,158.258914
0.4791015,75,158.266227
0.39290032,75,158.26626
0.37976524,75,158.284808
0.45013043,75,158.294002
0.37282106,75,158.322047
0.43530524,75,158.329007
0.4948896,75,158.329033
0.3663348,75,158.347762
0.27154303,68,158.351088
0.4221019,75,158.386339
0.384982,75,158.392929
0.35993716,75,158.392956
0.44845766,75,158.41145
0.3961346,75,158.414958
0.46374288,75,158.449206
0.29374927,72,158.453456
0.46031407,75,158.455976
0.41532093,75,158.474432
0.40995812,75,158.478163
0.3805923,75,159.246097
0.32615015,75,159.250678
0.36736494,75,159.253508
2.584565,443,159.254398
0.3763037,75,159.273066
8.334974,1340,159.275726
0.42947778,75,159.276672
0.46672145,75,159.311899
0.41228786,75,159.316187
0.39138466,75,159.31853
0.43211558,75,159.319406
0.35165784,75,159.33746
0.3839871,75,159.339942
0.45688432,75,159.340924
0.4357344,75,159.375768
0.29789558,71,159.380197
0.40826198,75,159.380236
0.4287296,75,159.382951
0.44117984,75,159.40241
0.39872822,75,159.405266
0.42243892,75,159.442126
0.42632136,75,159.446441
0.51823217,75,159.446475
0.46332866,75,159.449105
0.3692668,75,159.468299
0.40773904,75,159.470754
0.37812638,75,159.50656
0.36171123,75,159.510696
0.3903645,75,159.510726
0.41917735,75,159.513448
0.46493256,75,159.532038
0.3394795,75,159.534598
0.436619,75,159.570308
0.3636191,75,159.574605
0.3659709,75,159.574628
0.39971018,75,159.577036
0.48342863,75,159.595621
0.35620472,75,159.598324
0.4476965,75,159.633448
0.4829725,75,159.637807
0.34436306,75,159.637831
0.39672136,75,159.640375
0.42132205,75,159.659147
0.42885944,75,159.661715
8.761257,2257,159.69716
0.41531658,75,159.697201
0.43680134,75,159.701387
0.44736364,75,159.701409
0.3643201,75,159.703999
0.36081687,75,159.722281
0.4119032,75,159.724761
0.3779245,75,159.75981
0.35218465,75,159.759841
0.35790288,75,159.763701
0.41130868,75,159.763719
0.35670853,75,159.766193
0.40246445,75,159.785031
0.3466255,75,159.787608
0.43917102,75,159.823431
0.48445243,75,159.823468
0.37373936,75,159.827487
0.4042191,75,159.827509
0.31797272,75,159.830142
0.45096785,75,159.849155
0.36426148,75,159.85165
0.45022482,75,159.889092
0.28599173,75,159.88913
0.35433125,75,159.893429
0.44776142,75,159.893459
0.4199691,75,159.896053
0.44559413,75,159.916229
0.296354,75,159.918929
0.4571462,75,159.956259
0.40134743,75,159.956294
0.33887404,75,159.96077
0.51122624,75,159.960806
0.45401955,75,159.963551
0.36687306,75,159.983145
0.47865644,75,159.985663
0.33179295,75,160.02113
0.47664142,75,160.021166
0.39863616,75,160.025485
0.3868714,75,160.025511
0.44795352,75,160.027878
0.32697323,75,160.04724
0.37235278,75,160.049873
0.43654868,75,160.085879
0.3410893,75,160.085914
0.39008877,75,160.090246
0.45815435,75,160.090269
0.43872952,75,160.092782
0.38032547,75,160.11178
0.31193274,75,160.114666
0.44530052,75,160.150241
0.38741148,75,160.150323
0.39993283,75,160.154933
0.3807862,75,160.154977
0.3882585,75,160.157391
0.4012999,75,160.17591
0.48930258,75,160.178853
0.3483265,75,160.215264
0.34444308,75,160.219608
0.37567857,75,160.219636
0.35867584,75,160.222318
0.43354288,75,160.241087
5.956021,1048,160.242807
0.45930028,75,160.24359
0.35155764,75,160.27979
0.31505445,75,160.284144
0.31799638,75,160.284174
0.43839478,75,160.286825
0.45115045,75,160.305839
0.40819007,75,160.307422
0.43399748,75,160.30828
0.44277167,75,160.343072
0.40570298,75,160.347231
0.46737,75,160.347252
0.37562925,75,160.349817
0.42611673,75,160.368307
0.45468456,75,160.369861
0.3323846,75,160.370743
0.4194606,75,160.405711
0.43954885,75,160.410013
0.3814062,75,160.410039
0.36656255,75,160.412648
0.38125744,75,160.431322
0.39002568,75,160.433019
0.3117577,75,160.433908
0.4357642,75,160.47042
0.4391869,75,160.474643
0.3770276,75,160.474673
0.42728162,75,160.477136
0.40362096,75,160.495767
0.39787108,75,160.497494
0.46910816,75,160.498432
0.43127152,75,160.533609
0.38224936,75,160.537765
0.38468254,75,160.537789
0.37790662,75,160.540212
0.3597956,75,160.558119
0.3528192,75,160.559787
0.43713698,75,160.560584
0.3388153,75,160.596293
0.3699868,75,160.600594
0.43213508,75,160.600618
0.44639695,75,160.603092
0.3075795,70,160.619648
0.3218868,72,160.620634
0.39463863,75,160.621638
0.36174726,75,160.659622
0.41048706,75,160.663975
0.34837154,75,160.664008
0.3940855,75,160.666356
0.42572245,75,160.682834
0.4709466,75,160.683791
0.31338635,75,160.684761
0.49098668,75,160.722654
0.45679146,75,160.726823
0.46735373,75,160.726847
0.39662594,75,160.72936
0.4325356,75,160.746162
0.40490845,75,160.747077
0.4065567,75,160.747964
0.3880942,75,160.785671
0.40222812,75,160.790159
0.4309225,75,160.790186
0.36034322,75,160.792967
0.45994884,75,160.810223
0.4058779,75,160.811264
0.44820222,75,160.812465
4.7535625,818,160.844821
0.48192185,75,160.850711
0.34787917,75,160.854743
0.45519602,75,160.854765
0.4300967,75,160.857343
0.36079824,75,160.874354
0.39650926,75,160.875197
0.37463397,75,160.908755
0.4386263,75,160.914473
0.4277094,75,160.918564
0.4034651,75,160.918583
0.4376171,75,160.92115
0.38135213,75,160.938534
0.4490598,75,160.93947
0.3998754,75,160.972111
0.3904769,75,160.977799
0.4558333,75,160.982158
0.34948033,75,160.982186
0.4242165,75,160.984776
0.45828867,75,161.744202
0.4638904,75,161.745149
0.4490872,75,161.777837
0.40368152,75,161.783785
0.4281185,75,161.787917
0.44181767,75,161.787942
0.45387164,75,161.790556
0.35470954,75,161.807416
0.5034719,75,161.808359
0.4067602,75,161.841585
0.3532187,75,161.847273
0.47317073,75,161.851471
0.42233086,75,161.851504
0.43060428,75,161.854082
0.47360456,75,161.871687
0.44037014,75,161.872674
0.47145525,75,161.905747
0.41690978,75,161.911842
0.42787486,75,161.916442
0.37895966,75,161.916477
0.42817155,75,161.919126
2.8119652,442,161.930851
0.48729482,75,161.93592
0.4254851,75,161.936915
0.4270366,75,161.969723
0.45682204,75,161.975642
0.45699057,75,161.979907
0.4146589,75,161.979931
0.43216857,75,161.982628
0.41647932,75,161.994413
0.43515623,75,161.999728
0.4922567,75,162.00074
0.45201916,75,162.033449
0.44736177,75,162.040116
0.44371578,75,162.044241
0.45721814,75,162.044263
0.36795342,75,162.046931
0.49983284,75,162.058844
0.45431042,75,162.063938
0.47994238,75,162.064783
0.47089103,75,162.096927
0.40823105,75,162.102991
0.48514953,75,162.107411
0.43993706,75,162.107445
0.47593093,75,162.110021
0.45080414,75,162.121982
0.36761874,75,162.126843
0.47304758,75,162.127756
0.43680906,75,162.161115
0.46265805,75,162.167291
0.45230836,75,162.172179
0.47887525,75,162.172214
0.37639743,75,162.174665
0.46062067,75,162.186245
0.4009483,75,162.191309
0.50532234,75,162.192412
0.4940696,75,162.224818
0.47405636,75,162.230607
0.43319178,75,162.234782
0.40577376,75,162.234803
0.41042495,75,162.237375
0.4661078,75,162.249357
0.39713573,75,162.254122
0.4477293,75,162.255004
0.32626423,75,162.287892
0.41242257,75,162.293813
0.4061928,75,162.298046
0.4334692,75,162.300737
0.3111169,75,162.312629
0.4797014,75,162.318111
0.4414227,75,162.319054
0.46502182,75,162.353567
0.4938507,75,162.360412
0.37212318,75,162.365242
0.4770181,75,162.368282
0.4459626,75,162.381352
0.44567895,75,162.386959
0.4338228,75,162.387918
0.44323495,75,162.427947
0.46615544,75,162.434732
0.4224928,75,162.43961
0.35607785,75,162.442146
0.49884954,75,162.45393
0.4925443,75,162.459087
0.38280436,75,162.460104
0.43084,75,162.494496
0.47549966,75,162.500736
0.46728593,75,162.50624
0.49905187,75,162.508802
0.44344485,75,162.520973
0.37988472,75,162.525999
0.42541358,75,162.526921
0.4539069,75,162.558757
0.4797855,75,162.564526
0.37809142,75,162.568748
0.35080543,75,162.571348
0.4398436,75,162.582872
0.46916702,75,162.587956
0.456043,75,162.588871
0.45450473,75,162.621883
0.386723,75,162.627352
0.48746136,75,162.631576
0.32251757,75,162.634161
0.4246073,75,162.645892
0.4377966,75,162.651034
0.4596947,75,162.651902
0.3387888,75,162.684927
0.5006692,75,162.690736
0.42636943,75,162.694842
0.43182388,75,162.697398
0.42123377,75,162.709489
0.37285364,75,162.714428
0.3866663,75,162.715301
0.4935743,75,162.74846
0.4942083,75,162.75427
0.45015812,75,162.758785
0.43836787,75,162.76129
0.46800327,75,162.773647
0.46135303,75,162.778527
0.47710335,75,162.779495
0.452209,75,162.81404
0.46871373,75,162.819984
0.46357143,75,162.824382
0.40360638,75,162.826866
0.4789373,75,162.838748
0.4708419,75,162.843527
0.36561134,75,162.844488
0.45023355,75,162.87765
0.44866222,75,162.883564
0.44033664,75,162.888071
0.45788318,75,162.8906
0.42155233,75,162.902645
0.42493963,75,162.908058
0.39850238,75,162.90899
0.4631259,75,162.942662
0.32352284,75,162.948627
0.44241366,75,162.952936
0.43998402,75,162.955371
0.44210696,75,162.967286
0.47959885,75,162.973264
0.43236443,75,162.974247
0.43784788,75,163.00703
0.39947236,75,163.013282
0.45462292,75,163.017584
0.4230783,75,163.020437
0.42698127,75,163.033086
0.3363317,75,163.038467
0.428274,75,163.039335
0.4836003,75,163.072046
0.3543568,75,163.07822
0.4314139,75,163.082705
0.48383972,75,163.085468
0.39923054,75,163.097365
0.45168257,75,163.103188
0.46410608,75,163.104261
0.46409902,75,163.13657
0.45673138,75,163.142447
0.3908091,75,163.146644
0.47837704,75,163.148942
0.5011358,75,163.160839
0.48212484,75,163.165786
0.43010718,75,163.166678
0.4316619,75,163.199728
0.44951272,75,163.205495
0.45333338,75,163.209913
0.49442977,75,163.212497
0.4139189,75,163.224596
0.4594209,75,163.229501
0.40766025,75,163.230405
6.718252,1155,163.235553
0.39214116,75,163.263942
0.36433023,75,163.27424
0.46045107,75,163.276865
0.3913515,75,163.288739
0.41591802,75,163.294307
0.43517622,75,163.295189
0.45773506,75,163.300282
0.49601516,75,163.327505
0.39765698,75,163.33771
0.39927354,75,163.340583
0.5253773,75,163.352279
0.37692496,75,163.357666
0.45435268,75,163.358591
0.4556721,75,163.363623
0.43208268,75,163.391473
0.38223487,75,163.402094
0.41792625,75,163.404703
0.37487614,75,163.416826
0.46823835,75,163.422182
0.48393774,75,163.423106
0.4180769,75,163.42783
0.52181804,75,163.456462
0.40943855,75,163.466635
0.4557036,75,163.469023
0.49310234,75,163.48097
0.49436292,75,163.486117
0.39755708,75,163.486915
0.4801504,75,163.491838
0.38561884,75,164.269492
0.44791102,75,164.280028
0.43314615,75,164.282534
0.45343852,75,164.294512
0.4871327,75,164.299402
0.46875724,75,164.300292
0.4777611,75,164.305569
0.4702799,75,164.333932
0.44721416,75,164.344109
0.44607395,75,164.346725
0.47971204,75,164.358534
0.4580703,75,164.363598
0.42109925,75,164.364523
0.47615105,75,164.369408
2.9505818,504,164.38522
0.43864846,75,164.3966
0.4964549,75,164.406904
0.4326639,75,164.409302
0.464906,75,164.420875
0.40811795,75,164.425758
0.48137596,75,164.426712
0.40039805,75,164.431549
0.4865902,75,164.447646
0.46271777,75,164.470305
0.41059023,75,164.473131
0.40021917,75,164.48572
0.44544196,75,164.490745
0.42894888,75,164.491562
0.5023564,75,164.496602
0.4055204,75,164.513615
0.46511835,75,164.539269
0.49147445,75,164.550995
0.49394506,75,164.556246
0.42907026,75,164.557143
0.4511406,75,164.562361
0.47530252,75,164.578313
0.4827372,75,164.603066
0.47412586,75,164.615057
0.42499122,75,164.620087
0.40723404,75,164.620958
0.451527,75,164.626084
0.46383226,75,164.642436
0.45589903,75,164.66709
0.4208798,75,164.678747
0.5173064,75,164.683611
0.45764378,75,164.6845
0.4868116,75,164.689696
0.48147,75,164.706133
0.5025749,75,164.741723
0.46639886,75,164.747209
0.41723138,75,164.748134
0.4263401,75,164.753287
0.42930403,75,164.769647
0.45066902,75,164.805533
0.49840653,75,164.810664
0.4184072,75,164.811587
0.48937923,75,164.816656
0.48483235,75,164.832724
0.4148247,75,164.871791
0.47865635,75,164.877244
0.48951358,75,164.878228
0.4308963,75,164.883222
0.4651109,75,164.901334
0.4040258,75,164.939667
0.47293937,75,164.94653
0.36491907,75,164.947485
0.4912364,75,164.952632
0.46037695,75,164.969377
0.46396005,75,165.006315
0.46043795,75,165.011336
0.43187416,75,165.012273
0.49461907,75,165.017145
0.4021714,75,165.033092
0.44811246,75,165.070258
0.4900674,75,165.075613
0.42513478,75,165.076508
0.37346178,75,165.082233
0.47528887,75,165.098557
4.6602135,732,165.105423
0.44493014,75,165.135163
0.41970128,75,165.140302
0.46469238,75,165.141233
0.4786156,75,165.146306
0.51466817,75,165.162289
0.4808203,75,165.169124
0.4875884,75,165.198504
0.4960938,75,165.203269
0.48523667,75,165.204234
0.47118264,75,165.209437
0.48074624,75,165.225315
0.43127617,75,165.231968
4.3721375,677,165.251623
0.48056507,75,165.261778
0.48193917,75,165.267036
0.4968466,75,165.26788
0.49898985,75,165.272964
0.37930515,75,165.288797
0.43633908,75,165.295132
0.4749025,75,165.314438
0.43562868,75,165.324301
0.40804893,75,165.32949
0.504114,75,165.330449
0.49953303,75,165.335555
0.43304586,75,165.352202
0.5064751,75,165.358932
0.5164698,75,165.378494
0.47016782,75,165.388398
0.43924296,75,165.393317
0.37653333,75,165.394136
0.49366686,75,165.399455
0.47939414,75,165.416727
0.46384633,75,165.423456
0.496682,75,165.442955
0.5026468,75,165.453048
0.45004705,75,165.458524
0.47527972,75,165.459565
0.42118487,75,165.465355
0.5059195,75,165.481141
0.45159882,75,165.487608
0.46858194,75,165.506804
0.42665425,75,165.516645
0.39405304,75,165.521586
0.40050393,75,165.522522
0.45701048,75,165.543692
0.36169225,75,165.550298
0.49166,75,165.569854
0.48882666,75,165.580122
0.4856155,75,165.585137
0.43915042,75,165.586081
0.42285642,75,165.607672
0.43359882,75,165.614376
0.3417945,75,165.633717
0.45973164,75,165.643812
0.48408717,75,165.64886
0.45907372,75,165.649669
0.4744753,75,165.670495
0.36471626,75,165.677197
0.4041919,75,165.696757
0.49015766,75,165.707141
0.4438814,75,165.712233
0.4218276,75,165.713173
0.43643522,75,165.734397
0.4217431,75,165.740922
2.3434021,345,165.756207
0.47271505,75,165.759982
0.49062258,75,165.770178
0.4653687,75,165.775422
0.44641367,75,165.776263
0.49081168,75,165.797069
0.47916904,75,165.803549
0.50092906,75,165.81922
0.46665132,75,165.82342
0.45912728,75,165.833673
0.37296906,75,165.83938
0.42595083,75,165.840245
0.5000669,75,165.861568
0.50597215,75,165.868383
0.42565396,75,165.883164
0.4722962,75,165.887259
0.45827106,75,165.897276
0.48065525,75,165.90249
0.46320486,75,165.903352
0.47567618,75,165.92433
0.46356183,75,165.931276
0.41354898,75,165.946458
0.46463588,75,165.950594
0.4307473,75,165.960453
0.43984032,75,165.965917
0.50690514,75,165.966911
0.40857992,75,165.988455
0.46110168,75,165.995399
0.4198783,75,166.744316
0.46172386,75,166.749086
0.40986642,75,166.759862
0.4367616,75,166.764806
0.42073867,75,166.76576
0.5274007,75,166.788788
0.32331944,75,166.79608
0.5048495,75,166.812222
0.44292122,75,166.816537
0.47420263,75,166.827243
0.4744462,75,166.833636
0.48142138,75,166.853444
0.40385342,75,166.859497
0.481305,75,166.873266
0.47731268,75,166.877224
0.49671167,75,166.886898
0.46622595,75,166.892616
0.45686463,75,166.912101
0.49854535,75,166.918285
0.48605633,75,166.931929
0.4527263,75,166.935763
0.43169028,75,166.945504
0.45166203,75,166.950888
1.4826223,231,166.954735
10.916307,2157,166.966578
0.4631412,75,166.969587
0.46626374,75,166.975484
0.464472,75,166.989022
0.4962929,75,166.992711
0.46427378,75,167.001715
0.40026176,75,167.007337
0.44014466,75,167.011074
0.4799369,75,167.023258
0.4968475,75,167.026273
0.430591,75,167.032389
0.4840586,75,167.045459
0.451528,75,167.049218
0.5002108,75,167.057881
0.48170698,75,167.063164
0.46569297,75,167.066887
0.49620023,75,167.078622
0.49851978,75,167.081633
0.49414307,75,167.087769
0.35595047,75,167.100885
0.4772642,75,167.104858
0.4064641,75,167.113982
0.4783214,75,167.119041
0.49343434,75,167.122804
0.45899153,75,167.134437
0.46635225,75,167.137309
0.49262586,75,167.143204
0.43686137,75,167.156498
0.45545903,75,167.160152
0.4129719,75,167.168811
0.48539677,75,167.173887
0.48746428,75,167.177467
0.4757057,75,167.189009
0.4916971,75,167.192339
0.48478565,75,167.198615
0.48084244,75,167.211468
0.47297877,75,167.215202
0.41710377,75,167.223993
0.4672165,75,167.229034
0.47342148,75,167.232708
0.49463272,75,167.244532
0.45350337,75,167.247536
0.51101685,75,167.253607
0.44150925,75,167.266683
0.43165988,75,167.270562
0.4461627,75,167.28016
0.4161816,75,167.285429
0.4458411,75,167.289624
0.50619775,75,167.301592
0.48316306,75,167.304867
0.4468016,75,167.310696
0.4596419,75,167.323802
0.43927518,75,167.327502
0.50970227,75,167.336304
0.48238823,75,167.341448
0.42544773,75,167.345804
0.4823814,75,167.358676
0.46933246,75,167.367777
0.45023578,75,167.381964
0.42501146,75,167.38606
0.4992315,75,167.395478
0.5182449,75,167.40071
0.45156056,75,167.404602
0.45880553,75,167.418202
0.4864539,75,167.428084
0.47505975,75,167.441801
0.48823327,75,167.44548
0.45291194,75,167.455585
0.49696022,75,167.460844
0.5046712,75,167.464561
0.47848755,75,167.476457
0.4246034,75,167.485124
0.4742932,75,167.498507
1.6487103,264,167.508932
0.4972884,75,167.512356
0.43551925,75,167.517457
0.43523803,75,167.521118
0.5153986,75,167.533911
0.4788052,75,167.542719
0.5044224,75,167.555949
0.47418788,75,167.565748
0.43789473,75,167.568732
0.51065034,75,167.574011
0.42010453,75,167.577617
0.49360046,75,167.589426
0.4983037,75,167.598564
0.48158577,75,167.612006
0.4582235,75,167.62235
0.45942816,75,167.625434
0.5115007,75,167.63052
0.48826858,75,167.634311
0.45294848,75,167.645843
0.4153956,75,167.65488
0.41804457,75,167.667873
0.49095502,75,167.67776
0.47390077,75,167.681209
0.4602563,75,167.686609
0.5223462,75,167.690333
0.4851233,75,167.702455
0.41537875,75,167.711589
0.45073837,75,167.725185
0.370135,75,167.735278
0.37685367,75,167.738295
0.4020275,75,167.743987
0.4690123,75,167.747705
0.45882174,75,167.759952
0.5034087,75,167.769099
0.511355,75,167.782566
0.5011732,75,167.792055
0.4764834,75,167.795057
0.4338362,75,167.800516
0.4513688,74,167.803565
0.45084894,75,167.816178
0.4874437,75,167.825122
0.41285568,75,167.838666
0.4129718,75,167.848237
0.4783972,75,167.851143
0.38228646,75,167.856402
0.4717249,75,167.859476
0.4429404,75,167.871976
0.44218358,75,167.881421
0.42325592,75,167.905716
0.42692438,75,167.908607
0.43034884,75,167.913984
0.462322,75,167.917045
0.45518273,75,167.929489
0.47646633,75,167.938683
0.4554313,75,167.962936
0.49962673,75,167.965937
0.45572418,75,167.971178
0.47180244,75,167.974261
0.47795132,75,167.987004
0.44747797,75,167.995764
0.44759107,75,168.019598
0.48660016,75,168.022696
0.44746685,75,168.028065
0.46325934,75,168.031193
0.4938585,75,168.044153
0.44563627,75,168.053346
0.45065868,75,168.077113
0.4294448,75,168.080149
0.46922216,75,168.085279
0.48196155,75,168.088246
5.9779015,853,168.092059
0.4669034,75,168.100722
0.5222508,75,168.109586
2.623257,388,168.132613
0.49303517,75,168.132646
0.4725617,75,168.135597
0.493334,75,168.14112
0.4756686,75,168.144079
0.5059325,75,168.148074
0.46607205,75,168.157379
0.49178004,75,168.166325
0.43148297,75,168.189457
0.44879645,75,168.189494
0.4805136,75,168.192448
0.42977226,75,168.198041
0.48886013,75,168.201187
0.458197,75,168.204836
0.45303333,75,168.214092
0.45886675,75,168.223008
0.43645814,75,168.246114
0.44218674,75,168.246153
0.42875135,75,168.249093
0.43315592,75,168.254223
0.35745916,75,168.257177
0.4868164,75,168.26085
0.48643857,75,168.269538
0.46606565,75,168.278604
0.5196312,75,168.930851
0.511812,75,168.930899
0.5155761,75,168.93394
0.49944422,75,168.939074
0.47336364,75,168.942156
0.49817812,75,168.945805
0.47867176,75,168.954846
0.44095767,75,168.963617
0.40274888,75,168.986777
0.43451434,75,168.986815
0.45476472,75,168.989822
0.51303357,75,168.995019
0.51326615,75,168.99814
0.4744189,75,169.001741
0.4444843,75,169.020722
0.46237808,75,169.044115
0.4706481,75,169.044152
0.47640646,75,169.047559
0.45089826,75,169.052888
0.44217446,75,169.055936
0.45273536,75,169.06001
0.50663096,75,169.078049
0.50906587,75,169.10112
0.46569142,75,169.101154
0.4990861,75,169.104499
0.48510867,75,169.109638
0.44316375,75,169.112595
0.46294203,75,169.11621
0.49242902,75,169.133746
1.6689848,247,169.141454
0.52059567,75,169.157759
0.5201753,75,169.157796
0.44976562,75,169.160796
0.50477207,75,169.166172
0.49668834,75,169.169373
0.47614256,75,169.173348
0.46901387,75,169.190469
0.4723349,75,169.197849
0.48308498,75,169.213608
0.49535027,75,169.213646
0.441409,75,169.2166
0.5089339,75,169.222005
0.40441898,75,169.224929
0.4816571,75,169.228613
0.47224063,75,169.246888
0.48654312,75,169.254083
0.5038025,75,169.269791
0.49232772,75,169.269819
0.46907428,75,169.272896
0.50766635,75,169.27876
0.48676506,75,169.281731
0.49406785,75,169.285609
0.46272054,75,169.303604
0.43814892,75,169.31117
0.49245438,75,169.326483
0.48974755,75,169.326505
0.46165115,75,169.329464
0.42559502,75,169.334509
0.46843436,75,169.337401
0.43992156,75,169.341025
0.4791989,75,169.358681
0.50029206,75,169.365941
0.5046517,75,169.38124
0.4466016,75,169.381258
0.46829373,75,169.384206
0.5060001,75,169.389354
0.4942818,75,169.392298
0.4477264,75,169.395982
0.47743145,75,169.414049
0.4530566,75,169.421569
0.49658406,75,169.436656
0.453604,75,169.436672
0.48825988,75,169.439698
0.5079809,75,169.444837
0.50210327,75,169.44791
0.5171985,75,169.451564
0.44677094,75,169.469269
0.4855604,75,169.476616
0.5010104,75,169.491787
0.5154094,75,169.491803
0.4572903,75,169.494702
0.51094294,75,169.499838
0.5140634,75,169.50324
0.48787344,75,169.506938
0.4418835,75,169.524332
0.47285673,75,169.531573
0.48511577,75,169.547376
0.47309664,75,169.547409
0.48195177,75,169.550355
0.50535136,75,169.555506
0.46111187,75,169.558365
0.51062,75,169.562006
0.5018454,75,169.579732
0.44150746,75,169.586899
0.47423273,75,169.602239
0.47812194,75,169.602255
0.4637486,75,169.60524
0.4915851,75,169.610576
0.4734623,75,169.613643
0.49849832,75,169.617227
0.47000885,75,169.635459
0.4864981,75,169.643127
0.5064379,75,169.658704
0.50366026,75,169.658734
0.47732216,75,169.661758
0.42931134,75,169.66698
0.44446382,75,169.670015
0.5167539,75,169.673867
0.41916066,75,169.692619
0.4698526,75,169.700623
0.4718017,75,169.717015
0.5108724,75,169.71705
0.46265426,75,169.720174
0.4637717,75,169.725396
0.5118409,75,169.728476
0.45489895,75,169.732244
0.46066839,75,169.750584
0.4988938,75,169.758097
0.44528255,75,169.774525
0.4981494,75,169.774562
0.46003842,75,169.777548
0.46529114,75,169.782625
0.4392122,75,169.785585
0.4997958,75,169.789218
0.44871974,75,169.807643
0.491238,75,169.831031
0.50195366,75,169.831066
0.49052274,75,169.834067
0.4557759,75,169.839734
0.51311916,75,169.842665
0.4789261,75,169.846304
0.48936084,75,169.864113
0.47172064,75,169.887259
0.47983074,75,169.887293
0.47046748,75,169.890376
0.4955544,75,169.895437
0.48535913,75,169.898444
0.446682,75,169.902336
0.40040064,75,169.921013
0.48807254,75,169.944485
0.4719226,75,169.944518
0.5005829,75,169.947855
0.49917358,75,169.953219
0.4917538,75,169.956237
0.457246,75,169.95999
0.44195497,75,169.978106
0.51099974,75,170.001315
0.45656458,75,170.001349
0.50812477,75,170.0043
0.5122725,75,170.009729
0.49721423,75,170.012807
0.48813,75,170.016407
0.48118886,75,170.034384
0.48573226,75,170.057714
0.46831548,75,170.057748
0.5214816,75,170.060743
0.42055503,75,170.066096
0.48053315,75,170.069019
0.47907758,75,170.072737
0.5133078,75,170.090934
0.49051997,75,170.113921
0.4862827,75,170.113951
0.46597907,75,170.122676
0.48077148,75,170.125625
0.5006178,75,170.129568
0.5283762,75,170.14748
0.4898789,75,170.170623
0.5110613,75,170.170652
0.42764735,75,170.178775
0.49622688,75,170.181728
0.52817583,75,170.185309
0.48900908,75,170.203741
0.49191412,75,170.227355
0.47515273,75,170.227388
0.45475492,75,170.236056
0.49429435,75,170.239449
0.483405,75,170.243192
0.50273174,75,170.261322
0.43760878,75,170.284576
0.48532286,75,170.284597
0.45865873,75,170.29279
0.4619088,75,170.295949
0.4201575,75,170.29963
0.4509502,75,170.317467
0.47035888,75,170.34123
0.42878678,75,170.341263
0.39115655,75,170.349994
0.44342405,75,170.353342
0.464939,75,170.357237
0.39737198,75,170.375471
0.44831932,75,170.399415
0.4991852,75,170.39945
0.5000811,75,170.408037
0.50243163,75,170.411053
0.44655567,75,170.414761
0.47563145,75,170.432285
3.428564,513,170.44927
0.47486767,75,170.455152
0.5152319,75,170.455177
0.5025848,75,170.463632
0.4878551,75,170.466881
0.50250286,75,171.14498
0.4504131,75,171.16356
0.44397226,75,171.170522
0.5132824,75,171.170566
0.50220126,75,171.179351
0.4856827,75,171.182507
0.48983312,75,171.204795
0.5176195,75,171.223503
0.5046862,75,171.22945
0.4729671,75,171.229471
0.49621147,75,171.238219
0.49104193,75,171.241444
0.49625948,75,171.282267
0.5008442,75,171.289213
0.46422857,75,171.297695
0.5171627,75,171.300815
0.4260319,75,171.340169
0.49202535,75,171.347011
0.47730693,75,171.355839
0.4997609,75,171.358844
0.4449842,75,171.398868
0.47324097,75,171.413467
0.4884338,75,171.416671
0.45922506,75,171.456804
0.4585979,75,171.47173
0.46746522,75,171.475314
0.49304214,75,171.516288
0.5005498,75,171.531747
0.47322017,75,171.535056
0.4744089,75,171.575716
0.48717713,75,171.590255
0.5010329,75,171.593425
8.159303,1559,171.611269
0.45389175,75,171.63401
0.5040163,75,171.64902
0.48728448,75,171.652075
0.5210025,75,171.66987
0.45981258,75,171.692221
3.5781267,641,171.705714
0.44359872,75,171.706517
0.4954786,75,171.709579
0.51238495,75,171.749389
0.45099506,75,171.76355
0.48521852,75,171.764385
0.49136972,75,171.767368
0.53094184,75,171.809565
0.48935837,75,171.823676
0.48827422,75,171.824567
0.49207056,75,171.82791
0.47690868,75,171.869652
0.49757597,75,171.884593
0.48663518,75,171.885515
0.4688197,75,171.888731
0.5203029,75,171.931829
0.46737248,75,171.945565
0.44042504,75,171.946439
0.42523327,75,171.949511
0.5016814,75,171.989528
0.45710278,75,172.003892
0.50132567,75,172.004699
0.5129027,75,172.007879
0.5074144,75,172.048956
0.4605921,75,172.062462
0.47278094,75,172.063273
0.4815094,75,172.066406
0.50581026,75,172.107104
0.42849976,75,172.121263
0.4820591,75,172.125187
0.4868806,75,172.165395
0.95888686,145,172.176913
0.4677813,75,172.180302
0.5031001,75,172.225161
0.42035857,75,172.236401
0.4348467,75,172.239564
0.47465807,75,172.284156
0.4802537,75,172.295276
0.46396682,75,172.298287
4.950209,802,172.302333
0.4975161,75,172.342077
0.5211595,75,172.35344
0.40663427,75,172.356718
0.46036032,75,172.360414
0.5194587,75,172.399947
0.50758755,75,172.414658
0.4592877,75,172.418856
0.4602241,75,172.460011
0.52670795,75,172.474239
0.5183975,75,172.478589
0.52299285,75,172.521906
10.124731,1857,172.529723
0.46696684,75,172.53583
0.46609023,75,172.539891
0.44267464,75,172.581223
0.50544715,75,172.58887
0.46981016,75,172.595096
0.45064038,75,172.598909
0.50993335,75,172.640123
0.47621393,75,172.647911
0.5157016,75,172.658588
0.51559883,75,172.700134
0.48067635,75,172.707791
0.48127463,75,173.390808
0.5071333,75,173.398479
0.49157488,75,173.450932
0.45412385,75,173.458656
0.5085559,75,173.510516
13.35455,2100,173.516681
0.45160508,75,173.518235
0.49525893,75,173.569804
0.5283803,75,173.576231
0.46084982,75,173.577704
0.4224374,75,173.629071
0.46102774,75,173.636282
0.50457746,75,173.638181
0.48847118,75,173.688292
0.4843574,75,173.694747
0.5176984,75,173.747445
0.5056627,75,173.754025
0.52962565,75,173.807314
0.5079792,75,173.814298
0.4568257,75,173.868384
0.49563634,75,173.874924
0.48447645,75,173.929138
0.4908881,75,173.935735
0.5032672,75,173.990383
0.46706957,75,173.996807
10.175575,1616,174.041681
0.5161666,75,174.050655
0.5076832,75,174.057182
3.198021,541,174.071924
0.47611272,75,174.102353
6.822047,1026,174.110012
0.44155648,75,174.110923
0.4242633,75,174.117389
0.47161216,75,174.132554
0.50548714,75,174.163526
0.5129539,75,174.172071
0.4811075,75,174.17304
0.54416764,75,174.179517
0.49119014,75,174.193685
0.4610435,75,174.223225
0.48636445,75,174.230827
0.48104587,75,174.23173
0.51056993,75,174.238731
0.5222964,75,174.252424
0.49059874,75,174.281756
0.49043706,75,174.290556
0.41958517,75,174.291384
0.51217157,75,174.297415
0.47873372,75,174.311652
0.44916403,75,174.340823
0.51295775,75,174.348527
0.5006152,75,174.349418
0.4752398,75,174.355772
0.44196916,75,174.369937
0.49276525,75,174.399469
0.49039355,75,174.407745
0.48481047,75,174.414811
0.47991312,75,174.428694
0.4855247,75,174.467334
0.45025694,75,174.474468
0.46664712,75,174.488708
0.5094624,75,174.534992
0.5136773,75,174.55019
0.44994578,75,174.595923
0.44340137,75,174.609925
0.52291286,75,174.655283
0.44159362,75,174.71623
0.4697655,75,174.777558
21.544958,3590,174.829901
0.44967896,75,174.837299
0.50366586,75,174.889269
0.48600015,75,174.896795
5.366211,736,174.938746
0.44330686,75,174.948497
0.44282988,75,174.957167
0.48965475,75,174.99916
0.5047932,75,175.648083
0.4926694,75,175.656774
0.4860723,75,175.70943
0.49844202,75,175.717799
0.4712623,75,175.769656
0.5205802,75,175.829495
15.933868,2821,175.879785
0.48974797,75,175.889766
0.5211369,75,175.939992
0.4699282,75,175.950007
0.4542343,75,175.999006
0.45310065,75,176.009798
0.46106794,75,176.058293
0.5067274,75,176.069311
0.49573702,75,176.118681
0.4869051,75,176.129732
0.46562934,75,176.178479
0.5102461,75,176.240103
6.15217,916,176.452215
7.0228534,1107,177.026641
0.46354726,75,177.086747
10.501175,1530,178.334026
16.462692,3292,178.335675
0.45250005,75,178.395806
0.50136817,75,178.456956
0.5115182,75,178.519061
0.48356563,75,178.580142
0.5326972,75,178.641896
0.4608293,75,178.703499
0.4696736,75,178.765461
0.48312512,75,178.826753
0.48360747,75,178.88671
0.50400186,75,178.946804
0.48822433,75,179.006618
7.4321423,1092,180.553116
17.18516,6683,180.556027
0.51263195,75,180.615272
0.46810177,75,180.675691
0.49206203,75,180.73667
0.49898896,75,180.79746
0.51612246,75,180.860641
0.47278142,75,180.921242
0.46845725,75,180.982688
0.4902533,75,181.045663
0.46364203,75,181.106491
0.4556486,75,181.168174
0.5232204,75,181.228874
0.5014018,75,181.289453
0.50941736,75,181.350273
0.46243382,75,181.412102
0.50231194,75,181.473804
0.51589876,75,181.53386
0.43123737,75,181.594765
0.50963044,75,181.655671
0.5059136,75,181.717116
0.48643786,75,181.777507
0.4774446,75,181.837553
40.285244,8420,183.91726
62.5164,10448,186.391728
0.45305765,75,186.450794
0.5042273,75,186.510723
0.4466928,75,186.570907
0.45403942,75,187.257227
0.5210566,75,187.318387
0.4865326,75,187.379639
28.497368,12886,190.015382
0.49241972,75,190.077429
0.45666546,75,190.137932
11.438292,9534,190.925011
0.49505118,75,190.988718
0.4561152,75,191.049816
0.45262754,75,191.110225
0.4939428,75,191.171989
0.4471335,75,191.873122
0.49357083,75,191.932449
0.5266299,75,191.990944
-26.873575,9079,192.463879
0.44736925,75,192.52415
9.724298,1313,194.219885
0.49698925,75,194.280132
0.45090753,75,194.340089
0.4771712,75,194.399739
0.42394876,75,194.459401
-2.9055507,17923,197.422335
0.41312736,75,197.48184
13.317749,19046,197.4842
0.45595205,75,197.540179
0.43520683,75,197.598336
6.595173,18122,204.256632
0.4925482,75,204.316915
-8.3073435,18933,211.034763
0.5358838,75,211.093814
0.4823494,75,211.154818
3.5194006,519,211.573086
0.45246392,75,211.632295
32.069286,14574,213.705055
11.204392,2163,214.607931
0.5171851,75,214.668565
0.52064073,75,214.727847
-242.93446,25136,215.150249
0.48767498,75,215.210483
54.273945,9817,215.327982
0.49653763,75,215.390189
0.51724553,75,215.451067
0.5189812,75,215.510563
0.4595757,75,215.570505
0.53042567,75,215.630907
0.50985795,75,215.690128
0.51931846,75,215.749888
0.528783,75,215.809414
0.536046,75,215.869689
0.5381289,75,215.929437
0.54168046,75,215.990086
14.871487,2628,217.040513
0.48912495,75,217.099982
0.51611865,75,217.158805
-1.0834825,3360,219.922059
0.50063366,75,219.983805
0.50689536,75,220.043434
0.5693738,75,220.10238
0.4655709,75,220.161602
0.5326512,75,220.220466
0.5408278,75,220.280367
0.5269596,75,220.338923
0.5463021,75,220.398952
0.5652895,75,220.459955
5.0034904,5078,220.515393
0.51281846,75,220.519555
0.50515455,75,220.574506
0.4910477,75,220.578507
0.5361063,75,220.634037
0.47950345,75,220.638022
38.514763,24064,220.646646
0.5396159,75,220.693106
0.46928343,75,220.705873
0.5561311,75,221.391614
0.50527143,75,221.452698
0.5330379,75,221.513448
0.47024623,75,221.574819
0.5081849,75,221.633916
0.5058327,75,221.693191
0.51612276,75,221.75128
0.5253202,75,221.809544
0.52996194,75,221.868812
0.5645162,75,221.927218
0.5141577,75,221.986484
0.51934195,75,222.046743
0.5026918,75,222.107959
0.56464696,75,222.168456
-144.2279,41775,224.664577
0.53924143,75,224.724984
0.52024364,75,224.784854
0.5084021,75,224.844936
0.4805232,75,224.905333
-0.22655064,3804,224.940262
0.49213713,75,224.965092
0.4988525,75,224.999183
0.53520745,75,225.025195
0.49609065,75,225.059356
0.5133503,75,225.085035
-167.5721,11092,226.739561
0.44963637,75,226.799939
0.528332,75,226.859596
0.5334952,75,226.919992
-149.60255,34064,229.640842
0.50063777,75,229.706131
0.50755984,75,229.771256
-60.06369,8154,230.073683
0.46672958,75,230.141029
0.49504814,75,230.936422
0.50009334,75,231.004624
0.5095882,75,231.071598
0.48088998,75,231.137555
0.4777019,75,231.203715
0.45944744,75,231.270693
2.8982658,4117,234.912944
0.435027,75,234.979494
0.39782274,75,235.044488
0.45069912,75,235.110098
0.4592598,75,235.178671
-0.5477086,3561,235.189727
0.42361948,75,235.244216
0.4504859,75,235.254914
0.48116532,75,236.049762
0.47519234,75,236.06064
0.42911,75,236.117159
0.47260916,75,236.128157
-384.43994,16122,236.149475
0.4701659,75,236.184829
0.4855165,75,236.195174
0.4296889,75,236.216677
0.44733074,75,236.251091
0.4781347,75,236.26184
0.47598147,75,236.282058
0.43911514,75,236.316389
0.4749994,75,236.326974
0.47125942,75,236.348065
0.44993317,75,236.382265
0.4537384,75,236.413102
0.3673624,75,236.447105
0.42538622,75,236.478529
0.471011,75,236.513396
0.49167258,75,236.54495
0.4940183,75,236.612164
0.4601557,75,236.679275
0.44920796,75,236.745972
0.3470774,75,236.812312
0.4526425,75,236.878668
0.46001413,75,236.94396
0.47132516,75,237.011955
0.44049323,75,237.079641
0.41439426,75,237.145956
-99.406685,9347,238.882598
0.44372705,75,238.948952
0.42594597,75,239.016472
0.40461892,75,239.082854
0.45996064,75,239.149564
0.43197605,75,239.220294
0.47499663,75,239.291975
0.45046794,75,239.359428
0.4162163,75,239.427719
-13.01914,5239,242.660215
5.874961,3108,242.952786
0.35006976,75,243.752406
0.43657544,75,243.817793
0.3096476,75,243.884269
-309.9138,14842,243.910249
0.36743093,75,243.949613
0.4112298,75,244.014944
0.40070102,75,244.081567
0.39086282,75,244.1472
-322.25256,16829,246.426072
-93.17423,9601,247.799483
0.34661064,75,247.864904
0.33893633,75,247.931681
0.36517602,75,247.997636
3.9635112,1469,250.040037
0.275016,75,250.106257
0.29186684,75,250.172268
0.29954463,75,250.237823
0.28203434,75,250.303778
0.3483862,75,250.372428
0.31792223,75,250.437047
0.36561507,75,250.501918
0.3700597,75,250.567847
0.3638225,75,251.363964
0.3515753,75,251.430621
-164.85596,11935,252.156649
0.34465533,75,252.22262
0.33066398,75,252.288056
0.32031426,75,252.353117
-775.9599,24728,252.369972
0.29069144,75,252.418453
0.2828712,75,252.435711
0.3287169,75,252.483316
0.22171903,75,252.500969
0.31798542,75,252.547629
0.29235503,75,252.565604
0.3589987,75,252.614689
0.3357108,75,252.63181
0.32522777,75,252.679122
-1469.3457,47292,252.688907
0.3028037,75,252.696548
0.3144702,75,252.754673
0.34595066,75,252.762785
0.28299382,75,252.818681
0.31458396,75,252.826821
0.34121114,75,252.883779
0.30549294,75,252.891715
0.3283973,75,252.948642
0.34102523,75,253.013888
0.32190293,75,253.079633
-48.73997,7948,253.852076
0.2659663,75,253.862315
0.28935412,75,253.919198
0.31037146,75,253.928209
0.27402714,75,253.984817
0.22010109,75,253.994291
0.3371984,75,254.049337
0.28813416,75,254.058952
0.28916758,75,254.116967
0.34540907,75,254.126569
0.3173093,75,254.183684
0.2784974,75,254.193261
4.2605925,1210,254.672545
0.2835393,75,254.737528
0.2931875,75,254.803288
0.33037895,75,254.868472
0.25509772,75,254.936028
0.33396697,75,255.009768
0.2465374,75,255.075975
0.29160616,75,255.143671
0.24770735,75,255.212841
3.4436035,1216,255.277793
0.29108414,75,255.280705
0.35963753,75,255.345729
0.32327402,75,255.34853
0.2782356,75,255.412941
0.34401906,75,255.479716
3.0628357,1913,256.628333
2.3187015,504,256.665991
0.32955372,75,256.69374
0.28508538,75,256.731136
0.32451478,75,256.759414
0.32889205,75,256.796652
0.26997322,75,256.824092
0.33196077,75,256.861502
0.23549196,75,256.888734
0.3205616,75,256.925428
0.24984825,75,256.953
0.3343574,75,256.989526
0.32769206,75,257.01774
0.25603512,75,257.057136
0.35570398,75,257.086196
0.30994153,75,257.126025
0.31595245,75,257.154053
0.26833186,75,257.192993
0.31344235,75,257.22049
0.30780524,75,257.259127
0.3072215,75,257.287138
0.31052563,75,257.324796
0.3521272,75,257.352434
0.34142682,75,257.390358
0.3406827,75,257.418647
0.30308834,75,257.45657
0.29929444,75,257.484429
0.24799278,75,257.521917
0.34103408,75,257.549105
0.29654652,75,257.586217
0.29030547,75,257.614214
0.27052498,75,257.653193
0.3083678,75,257.68127
0.33607686,75,257.719181
0.32928395,75,257.747111
0.31795684,75,257.784474
0.2887987,75,257.812043
0.31424558,75,257.848545
0.2720922,75,257.877117
0.30687058,75,257.914146
0.32502705,75,257.941809
0.3000367,75,257.979086
0.3319152,75,258.007709
0.3215161,75,258.044586
0.29579672,75,258.072244
0.2730992,75,258.109586
0.29470712,75,258.138353
0.26440033,75,258.175759
0.29402572,75,258.203743
-134.51665,11767,258.926909
0.32369494,75,258.964426
0.315868,75,258.99228
0.29659545,75,258.993291
0.27912346,75,259.029421
0.29983985,75,259.056538
0.27394474,75,259.057581
0.28080368,75,259.09316
0.29343423,75,259.119848
0.34417018,75,259.12086
0.26661804,75,259.157265
0.27100405,75,259.18508
0.30631036,75,259.186035
0.28358802,75,259.223616
0.2999443,75,259.25102
0.2922091,75,259.25195
0.3104949,75,259.2883
0.25086787,75,259.316427
0.30240616,75,259.317442
0.28539228,75,259.354455
0.272421,75,259.383173
0.2719018,75,259.384149
0.30388555,75,259.419918
0.23984313,75,259.447856
0.3100917,75,259.448912
0.2094757,75,259.487398
0.33382186,75,259.515457
0.31874052,75,259.516374
0.30628094,75,259.552768
0.2806567,75,259.58118
0.30288377,75,259.582207
0.27425632,75,259.619459
0.30900872,75,259.648284
0.3217135,75,259.649224
7.2356334,3251,259.664292
0.32103318,75,259.685493
0.22687674,75,259.712607
0.25363198,75,259.713453
0.27659643,75,259.728376
0.30951947,75,259.749396
0.28445712,75,259.776278
0.34101787,75,259.777145
0.29708022,75,259.792561
0.31672868,75,259.813375
0.28477648,75,259.840535
0.3387741,75,259.841465
0.31232405,75,259.856352
0.32897297,75,259.87759
0.32076642,75,259.904964
0.26896867,75,259.905873
0.29027635,75,259.921102
0.33036163,75,259.942683
0.30410358,75,259.970602
0.31582722,75,259.97154
0.32254675,75,259.986107
0.3391575,75,260.008871
0.30661196,75,260.036633
0.3283757,75,260.037497
0.29921183,75,260.051808
0.26022413,75,260.07436
0.28531864,75,260.101833
0.23998794,75,260.102714
0.2703574,75,260.117754
0.36093193,75,260.138818
0.26746875,75,260.166103
0.27495354,75,260.167105
0.30135563,75,260.181659
0.28864264,75,260.203043
0.31255558,75,260.231027
0.2924767,75,260.232039
0.2501753,75,260.247128
0.3465481,75,260.268529
0.29909348,75,260.296121
0.2539543,75,260.297041
0.2868862,75,260.311171
0.2850499,75,260.333147
0.27407974,71,260.3572
0.28571102,75,260.36163
0.3249573,75,260.3762
0.31674978,75,260.397899
0.24278288,75,260.422178
0.29907113,75,260.426633
0.29193678,75,260.441003
0.28923598,75,260.46278
0.2917795,75,260.486739
0.29030916,75,260.491223
0.31971315,75,260.505907
0.21542776,75,260.527303
0.27977788,75,260.551357
0.27718523,75,260.55582
0.3131645,75,260.570279
0.3190277,75,260.591824
0.3148996,75,260.615924
0.27988073,75,260.620326
0.28291875,75,260.635003
0.308469,75,260.657069
0.27968112,75,260.68139
0.3080276,75,260.68567
0.24679247,75,260.70059
0.3302226,75,261.454972
-207.59274,14697,261.462653
0.31128335,75,261.478958
0.27668756,75,261.483041
0.2930266,75,261.498102
0.281816,75,261.519116
0.31368715,75,261.526819
0.28286946,75,261.543261
0.30519226,75,261.547351
0.3261592,75,261.562282
0.22547677,69,261.578423
0.3002309,75,261.591315
0.28678656,75,261.60799
0.23106992,75,261.612254
0.30055392,75,261.626545
0.3199868,75,261.642888
0.32986766,75,261.655953
0.3380233,75,261.672459
0.2897896,75,261.677007
0.34662247,75,261.691276
0.25301433,75,261.707653
0.28761685,75,261.720963
0.28109673,75,261.736711
0.26535532,75,261.741365
0.31028086,75,261.755789
0.24983539,72,261.769287
0.32653427,75,261.785466
0.26780838,74,261.800651
0.31450987,75,261.805979
0.27355653,75,261.820636
0.26051766,75,261.835041
0.2944793,75,261.850439
0.27458507,75,261.866381
0.34579265,75,261.871522
0.28383684,75,261.886337
0.2941339,75,261.90016
0.32868752,75,261.915254
0.29868189,75,261.931194
0.27383983,75,261.936188
0.34462744,75,261.950459
0.33444148,75,261.963929
0.31069344,75,261.979859
0.33534226,75,261.995199
0.29062125,75,262.000412
0.2821477,75,262.014852
0.27570638,75,262.028831
0.24431291,75,262.044149
0.32140955,75,262.0594
0.32601267,75,262.064594
0.25774673,75,262.079793
0.26036316,75,262.093395
0.26270095,75,262.10867
0.26121274,75,262.124239
0.3089914,75,262.129508
0.31682155,75,262.144413
0.26148233,75,262.158913
0.31688637,75,262.174379
0.32671037,75,262.189871
0.24171147,75,262.195113
0.27982894,75,262.209209
0.26940733,75,262.222293
0.27378055,75,262.237903
0.3178711,75,262.253108
0.3512441,75,262.258159
0.28433412,75,262.273072
0.29291928,75,262.286632
0.3025698,75,262.302757
0.2890586,75,262.318229
0.31882128,75,262.323145
0.27605298,75,262.337852
0.30872503,75,262.351164
0.31859407,75,262.367387
0.24842395,75,262.382409
0.24241848,75,262.387057
0.28873032,75,262.401216
0.29221365,75,262.414775
0.29330215,75,262.430023
0.25949812,75,262.445293
0.26905024,75,262.450253
0.2601125,75,262.464575
0.31136242,75,262.477897
0.31096283,75,262.49285
0.2870038,75,262.508365
0.27049607,75,262.513669
0.29426757,75,262.52814
0.28486615,75,262.54206
0.28623444,75,262.558081
0.3065087,75,262.573458
0.3261399,75,262.580779
0.32028675,75,262.595632
0.30370095,75,262.60972
0.27700338,75,262.625402
0.28966427,75,262.640725
0.2653711,75,262.646223
0.24211286,75,262.661308
0.26364315,75,262.675301
0.2728695,75,262.69072
0.26609528,75,262.706017
0.31893182,75,262.711123
0.2683705,75,262.725251
0.27659303,75,262.739244
0.29606098,75,262.754484
0.27661067,75,262.769265
0.25374055,75,262.774327
0.30204293,75,262.7887
0.26394653,75,262.802654
0.27941537,75,262.817899
0.33070093,75,262.833854
0.28293315,75,262.838573
0.28073892,75,262.853338
0.26621372,75,262.867443
0.26851568,75,262.882795
0.28223366,75,262.898422
0.26034886,75,262.90359
0.29241768,75,262.917816
0.26158607,75,262.931638
0.29542264,75,262.94661
0.28581718,75,262.961604
0.32706806,75,262.966644
0.2633333,75,262.980996
0.26574767,75,262.994919
0.27247885,75,263.010334
0.28219077,75,263.026048
0.27198085,75,263.030908
0.28684813,75,263.045195
0.2534676,75,263.058731
0.28965265,75,263.073789
0.29280925,73,263.086866
0.28720877,75,263.094166
0.3192639,75,263.108851
0.3210731,75,263.122438
0.3268789,75,263.138243
0.26928014,75,263.15137
0.30326682,75,263.158418
0.33362496,75,263.172861
0.25735447,75,263.186293
0.3263551,75,263.934988
0.23749441,75,263.949407
0.3138519,75,263.956653
0.2870546,75,263.97063
0.29981107,75,263.985014
0.28498086,75,264.00028
0.2907261,75,264.01383
0.29860273,75,264.020855
0.29505482,75,264.035841
0.32226753,75,264.049579
0.21658072,66,264.057083
0.29388866,71,264.07516
0.2999911,75,264.085496
0.28617582,75,264.099568
0.257276,75,264.113056
-20.94309,8924,264.114776
0.3051929,75,264.120715
0.2681461,75,264.13833
0.26579684,75,264.148276
0.2652466,75,264.162797
0.30233544,75,264.176434
0.262202,75,264.178162
0.31899732,75,264.183974
0.26502705,75,264.201754
0.25193256,75,264.211864
0.32871392,75,264.22649
0.27600545,75,264.23966
0.35056445,75,264.241436
0.31188226,75,264.247454
0.3093986,75,264.264952
0.18099187,57,264.273975
0.2922869,75,264.274884
0.3192078,75,264.302571
0.2907609,75,264.30426
0.2828367,75,264.310128
0.31174752,75,264.328196
0.268749,75,264.337211
0.2764185,75,264.338125
0.27832988,75,264.365943
0.2984413,75,264.367639
0.2940874,75,264.373467
0.27306825,75,264.391714
0.2816438,75,264.401208
0.31457424,75,264.402027
0.27905548,75,264.42986
0.2465185,75,264.431643
0.3135032,75,264.437576
-48.12544,10734,264.449806
0.29438964,75,264.455611
0.2776035,75,264.4652
0.28666842,75,264.4661
0.26150292,75,264.494175
0.24142557,75,264.495935
0.29778415,75,264.501904
0.2595931,75,264.51338
0.25210777,75,264.519309
0.29460105,75,264.528487
0.25236937,75,264.529396
0.31919348,75,264.556461
0.29724693,75,264.558284
0.34071916,75,264.56407
0.32575887,75,264.575986
0.27923977,75,264.58195
0.30900243,75,264.591558
0.3063366,75,264.592499
0.29579082,75,264.620954
0.32545385,75,264.622788
0.29837406,75,264.629002
0.2935375,75,264.640974
0.24430513,75,264.647365
0.3349059,75,264.657235
0.27300453,75,264.658151
0.273788,75,264.686079
0.29601428,75,264.687985
0.33131,75,264.694098
0.29361534,75,264.705531
0.32940704,75,264.711359
0.33260292,75,264.720794
0.32343313,75,264.72163
0.28302103,75,264.749328
0.28113273,75,264.751124
0.32986352,75,264.757163
0.3491437,75,264.76899
0.27789822,75,264.775
0.25185788,75,264.784743
0.26365936,75,264.78557
0.34750816,75,264.814907
0.2543146,75,264.816515
0.27022317,75,264.82305
0.31153518,75,264.834888
0.3167973,75,264.840605
0.29362118,75,264.850063
0.2808316,75,264.851114
-201.3705,15205,264.861071
0.3027913,75,264.878737
0.3155084,75,264.880448
0.2591574,75,264.886444
0.23995464,75,264.898823
0.21109731,75,264.904785
0.34560463,75,264.913979
0.25783038,75,264.915032
0.25847918,75,264.925072
0.2323347,67,264.937442
0.29832458,72,264.940239
0.26599225,75,264.950217
0.27378944,75,264.962105
0.2450126,75,264.968046
0.26991352,75,264.977417
0.32873356,75,264.978402
0.26895207,73,264.987059
0.31375715,75,265.001935
0.28371385,75,265.004596
0.33258703,75,265.014814
0.29371512,75,265.026545
0.30001777,75,265.032199
0.23094141,75,265.041201
0.30788955,75,265.042087
0.33811775,75,265.050647
0.3121718,75,265.064934
0.32553875,75,265.067583
0.2786661,75,265.0777
0.3275016,75,265.089531
0.28554475,75,265.095368
0.30611578,75,265.104446
0.30833408,75,265.10529
0.2989404,75,265.113904
0.2857717,75,265.128224
0.326675,75,265.130701
0.3173034,75,265.140561
0.2952255,75,265.151847
0.30199158,75,265.157847
0.3277054,75,265.166983
0.30509847,75,265.167811
0.2720037,75,265.176237
0.27087852,75,265.190964
0.25585827,75,265.193394
0.28435254,75,265.203503
0.28312114,75,265.215463
0.33602646,75,265.221654
0.25792164,75,265.230702
0.2917314,75,265.231512
0.2516488,75,265.239769
0.31734028,75,265.254371
0.27055436,75,265.25714
0.27229416,75,265.267193
0.3212427,75,265.278822
0.29202506,75,265.284634
0.28814647,75,265.294079
0.33342883,75,265.294909
0.27241045,75,265.303076
0.29308602,75,265.317521
0.28832072,75,265.320071
0.26163974,75,265.330197
0.34620133,75,265.341807
0.2526048,75,265.34752
0.31658465,75,265.356802
0.27110243,75,265.357793
0.3350014,75,265.366286
0.28434712,75,265.380581
0.31697154,75,265.383272
0.25889695,75,265.393059
0.29813138,75,265.404577
0.28485775,75,265.410477
0.33111072,75,265.419715
0.29442394,75,265.420614
0.29820773,75,265.428797
0.3267046,75,265.442778
0.2920175,75,265.445425
0.28103563,75,265.455542
0.33410418,75,265.46695
0.26872626,75,265.472769
0.33264348,75,265.481839
0.28313324,75,265.482712
0.28397012,75,265.490987
0.30319524,75,265.50481
0.2703368,75,265.507345
0.30217776,75,265.517258
0.28197274,75,265.52924
0.23461959,75,265.535127
0.28818688,75,265.544664
0.2982465,75,265.545609
0.32070088,75,265.5541
0.2950321,75,265.568812
0.33627322,75,265.571347
0.28249505,75,265.581589
0.28325385,75,265.593349
0.3082706,75,265.599228
0.34058982,75,265.608251
0.31909972,75,265.609171
0.26411095,75,265.617319
0.3037181,75,265.631047
0.2882821,75,265.63374
0.33470306,75,265.643902
0.2813275,75,265.655703
0.30098233,75,265.661851
0.27026904,75,266.403212
0.2658748,75,266.404136
0.24630801,75,266.412481
0.265211,75,266.427224
0.26579875,75,266.429717
0.29645598,75,266.439585
0.3007771,75,266.451587
0.30044866,75,266.457389
0.32695273,75,266.466343
0.19109607,75,266.467163
0.25929448,75,266.475599
0.28910935,75,266.489874
0.29119158,75,266.492696
0.2979654,75,266.50283
0.33066654,75,266.51505
0.29813525,75,266.521264
0.2530671,75,266.530604
0.2291097,75,266.531464
0.31941164,75,266.53977
0.2776113,75,266.554701
0.30681908,75,266.557421
0.3183535,75,266.567413
0.3014782,75,266.579397
0.29346323,70,266.581218
0.27001595,75,266.594698
0.2790258,75,266.595486
0.2886537,75,266.603641
0.284536,75,266.617913
0.27932793,75,266.620626
0.2557029,75,266.630485
0.30281368,75,266.641842
0.28799677,75,266.643597
0.30027896,75,266.656744
0.3283453,75,266.65762
0.27804384,75,266.66615
0.26856756,73,266.678863
0.25960708,75,266.682965
0.3264589,75,266.693492
0.29911575,75,266.705242
0.3061031,75,266.706969
0.2957226,75,266.720674
0.2382063,75,266.721475
0.27782372,75,266.730012
0.28728637,75,266.742548
0.3331632,75,266.746708
0.2948366,75,266.757117
0.31306484,75,266.768579
0.288259,75,266.770238
0.2577444,75,266.783424
0.27332845,75,266.784439
0.2605033,75,266.792887
0.21536368,68,266.803868
0.3007771,75,266.805586
0.33081245,75,266.819149
0.26634318,75,266.831284
0.32790613,75,266.833138
0.2901263,75,266.846495
0.29811037,75,266.847312
0.29865846,75,266.855784
0.3274978,75,266.867141
0.3124022,75,266.868885
0.3044973,75,266.883053
0.2321851,75,266.894664
0.2893877,75,266.89625
0.3101175,75,266.910031
0.30024698,75,266.910951
0.26265347,75,266.919209
0.31840926,75,266.930119
0.26748055,75,266.931827
0.2619336,75,266.945259
0.29157916,75,266.956986
0.27359998,75,266.958716
0.25508165,75,266.972271
0.2756482,75,266.973128
0.21410976,75,266.981353
0.3119871,75,266.992148
0.2877947,75,266.993883
0.27276206,75,267.007977
0.29756916,75,267.019566
0.31719956,75,267.0215
0.26850447,75,267.035135
0.27081233,75,267.035967
0.32405674,75,267.04474
0.3052593,75,267.056458
0.34676963,75,267.05833
0.27064443,75,267.073902
0.24846071,72,267.084707
0.2672174,75,267.085622
0.2735752,75,267.101448
0.3406443,75,267.1023
0.295893,75,267.11091
0.26249447,75,267.122195
0.28133905,75,267.123974
0.28964654,75,267.138269
0.29516566,75,267.14937
0.2771634,75,267.150154
0.30182108,75,267.165326
0.3322461,75,267.166314
0.3146804,75,267.174443
0.29742455,75,267.185695
0.28718144,75,267.187482
0.32345027,75,267.201692
0.31233943,75,267.212643
0.30244455,75,267.213421
0.31005117,75,267.228649
0.30549675,75,267.229578
0.25158986,75,267.237679
0.32377613,75,267.248878
0.27130875,75,267.250636
0.2747226,75,267.264678
0.29361612,75,267.275746
0.33950707,75,267.276642
0.23194702,75,267.291159
0.3048377,75,267.292015
0.27387396,75,267.300319
0.2864872,75,267.310942
0.33127862,75,267.312728
0.257802,75,267.326814
0.35319272,75,267.337449
0.3308194,75,267.338402
0.3268835,75,267.353077
0.26847056,75,267.35396
0.2692997,75,267.362242
0.2909576,72,267.370585
0.2786944,75,267.374877
0.2572169,75,267.389379
0.31012827,75,267.400483
0.3101154,75,267.401466
0.30444217,75,267.416857
0.30449653,75,267.417794
0.24419442,75,267.426479
0.32665455,75,267.435004
0.3408339,75,267.439247
0.25970268,72,267.450891
0.32030368,75,267.464115
0.32600158,75,267.464958
0.26955816,75,267.479706
0.31417194,75,267.480529
0.29951146,75,267.488832
0.28704482,75,267.497078
0.29288244,75,267.501297
0.2633126,67,267.506175
0.29262626,75,267.526608
0.30932626,75,267.527582
0.32286203,75,267.542375
0.290921,75,267.543201
0.32126105,75,267.551456
0.2979812,75,267.559978
0.32895035,75,267.564247
0.23091057,75,267.569327
0.294685,75,267.589083
0.29223105,75,267.589975
0.23723845,75,267.604557
0.31780615,75,267.605499
0.30489478,75,267.613622
0.2566928,75,267.62202
0.29911068,75,267.626416
0.31290847,75,267.631072
0.32903627,75,267.650645
0.2621395,75,267.651549
0.31805617,75,267.666275
0.26574388,75,267.667178
0.33300674,75,267.675601
0.28867084,75,267.683781
0.3502458,75,267.688014
0.24477607,75,267.693204
0.30161983,75,267.713116
0.28595984,75,267.714049
0.28858653,75,267.729667
0.28868112,75,267.730617
0.28100017,75,267.738826
0.2680015,75,267.747223
0.32092303,75,267.751776
0.28232223,75,267.757097
0.2930233,75,267.777729
0.2815302,75,267.778745
0.20943797,75,267.793613
0.3077819,75,267.794436
0.30210742,75,267.80289
0.33279684,75,267.811024
0.31176373,75,267.815181
0.27683657,75,267.820571
0.26148063,75,267.841723
0.26130548,75,267.842523
0.28456172,75,267.858003
0.26982075,75,267.858903
0.26212242,75,267.867176
0.27665743,75,267.876079
0.31547934,75,267.880138
0.30227,75,267.885227
0.28074336,75,267.905614
0.26593104,75,267.906523
0.28571284,75,267.921808
0.28749517,75,267.922731
0.24227661,75,267.931302
0.34516653,75,267.940377
0.32190382,75,267.944697
0.33713433,75,267.949968
0.32364142,75,267.970265
0.31862226,75,267.971117
0.2712487,71,267.983336
0.26840255,75,267.987491
0.2494876,68,267.990013
0.2703451,75,268.003733
0.27313673,75,268.008161
0.28526133,75,268.01317
0.28078005,75,268.033527
0.3218969,75,268.03445
0.26235592,75,268.046041
0.30047747,75,268.050075
0.28094587,75,268.052651
0.24120246,75,268.066957
0.26923525,75,268.071169
0.2991859,75,268.076229
0.28256837,75,268.096679
0.27352488,75,268.097551
0.29455462,75,268.109378
0.26720288,75,268.113818
0.3059437,75,268.116357
0.26941705,75,268.85937
0.30045983,75,268.863946
0.29431438,75,268.86893
0.2718491,75,268.889695
0.28099728,75,268.89062
0.31178957,75,268.902212
0.28573382,75,268.906419
0.23587371,75,268.909037
0.23499434,75,268.923688
0.26406607,70,268.923722
0.28050974,75,268.933095
0.30502555,75,268.952987
0.26788437,75,268.953944
0.3217895,75,268.965267
0.2796613,75,268.969606
0.29176986,75,268.972153
0.32776964,75,268.986321
0.23678717,75,268.98635
0.30186248,75,268.995346
0.31772077,75,269.017492
0.3079693,75,269.018499
0.22847192,75,269.030721
0.31252614,75,269.034973
0.27620056,75,269.037381
0.31011486,75,269.051624
0.2955634,75,269.051657
0.3291601,75,269.060719
0.3174238,75,269.080382
0.30115238,75,269.081169
0.29998302,75,269.093174
0.28972885,75,269.097124
0.3021651,75,269.099653
0.31606048,75,269.113623
0.3231306,75,269.113648
0.28181046,75,269.122485
0.29973972,75,269.141994
0.25858948,75,269.142875
0.2723552,75,269.154196
0.33871773,75,269.158318
0.28391072,75,269.160858
0.30918378,75,269.174598
0.30015826,75,269.174627
0.32842052,75,269.183952
0.33165622,75,269.20419
0.29673016,75,269.205141
0.30101302,75,269.216988
0.27025226,75,269.221427
0.34584492,75,269.224114
0.31885993,75,269.238766
0.3305167,75,269.2388
0.2929864,75,269.248231
0.2557823,69,269.262896
0.30479267,75,269.268569
0.29805285,75,269.280231
0.30107936,75,269.284433
0.2797632,75,269.286988
0.30365267,75,269.301656
0.29361087,75,269.301691
0.2456947,75,269.310499
0.35299772,75,269.325942
0.3241152,75,269.332511
0.29207614,75,269.344217
0.2704597,75,269.348165
0.33814073,75,269.350774
0.27457112,75,269.365327
0.28332815,75,269.365364
0.33274314,75,269.374609
0.31275702,75,269.38957
0.34739035,75,269.39516
0.28802603,75,269.406448
0.27956238,75,269.410595
0.32016098,75,269.413119
0.24932626,75,269.427289
0.32026318,75,269.427319
0.27084628,75,269.436133
0.28526264,75,269.451487
0.29039705,75,269.457101
0.3310144,75,269.468646
0.3363478,75,269.472833
0.32053038,75,269.475407
0.30469775,75,269.489769
0.2904333,75,269.489798
0.3405433,75,269.499027
0.3034345,75,269.514459
0.31800902,75,269.52061
0.29691896,75,269.532835
0.32592735,75,269.536901
0.28085947,75,269.539572
0.2528204,75,269.554356
0.30716,75,269.554388
0.3248965,75,269.563646
0.28307727,75,269.579045
0.31434593,75,269.585386
0.31684634,75,269.597508
0.292863,75,269.601723
0.32886,75,269.604153
0.26503238,75,269.618621
0.31602424,75,269.618658
0.27508906,75,269.628062
0.30263856,75,269.643495
0.3280268,75,269.649846
0.26062614,75,269.662001
0.26955843,75,269.666203
0.30272505,75,269.668627
0.33105487,75,269.682485
0.29949778,75,269.682515
0.29009297,75,269.692163
0.31624544,75,269.70711
0.23031339,75,269.713077
0.3198696,75,269.72513
0.27205056,75,269.72941
0.333393,75,269.731836
0.290376,75,269.746306
0.29447544,75,269.746337
0.25948292,75,269.755531
0.33169103,75,269.770364
0.29886276,75,269.776226
0.32535434,75,269.788
0.27232325,75,269.792325
0.286245,75,269.794929
0.3053426,75,269.809076
0.3144605,75,269.809106
0.33804625,75,269.817768
0.27162996,75,269.832955
0.25533503,75,269.838541
0.29136208,75,269.850254
0.30415612,75,269.854435
0.28566182,75,269.856919
0.2989847,75,269.870927
0.29168418,75,269.870956
0.2771109,75,269.88001
0.30304354,75,269.895094
0.32059896,75,269.901241
0.31518227,75,269.912972
0.30086926,75,269.917317
0.29267827,75,269.919833
0.2813169,75,269.93368
0.3042917,75,269.933718
0.28288704,75,269.94291
0.25962946,73,269.956336
0.29629794,75,269.963738
0.31002456,75,269.97538
0.3101868,75,269.979817
0.33516556,75,269.982405
0.3323821,75,269.996762
0.28928182,75,269.996791
0.26209858,75,270.00579
0.33377755,75,270.018798
0.2576143,75,270.026521
0.31242013,75,270.037686
0.33677435,75,270.042127
0.2947837,75,270.044719
0.2914898,75,270.058853
0.32328126,75,270.058883
0.30638084,75,270.067839
0.30357236,75,270.08075
0.26132968,75,270.088483
0.2713446,75,270.099965
0.3168777,75,270.103964
0.29025224,75,270.106415
0.32797417,75,270.12079
0.27793637,75,270.120818
0.28064215,75,270.129914
0.29597026,75,270.143068
0.28778562,75,270.150499
0.2940502,75,270.162089
0.34662995,75,270.166311
0.2776759,75,270.168896
0.26753354,75,270.183445
0.31477252,75,270.183476
0.27312642,75,270.192458
0.29306838,75,270.205568
0.28721914,75,270.212982
0.28534052,75,270.225103
0.26826203,75,270.229339
0.29104677,75,270.232037
0.33295864,75,270.246397
0.30223083,75,270.246426
0.25675362,75,270.255673
0.30397573,75,270.269048
0.31743875,75,270.276632
0.31460533,75,270.28812
0.2702188,75,270.29244
0.27215728,75,270.294889
0.26206917,75,270.308794
0.27063072,75,270.308826
0.2355074,75,270.318126
0.3091608,75,270.331475
0.23008804,75,270.338771
0.31716084,75,270.349989
0.2981766,75,270.354164
0.25287962,75,270.356705
0.30281088,75,270.371134
0.31124255,75,270.371168
0.25398752,75,270.380701
0.2861106,75,270.393972
0.3467103,75,270.401351
0.32369414,75,270.412922
0.3198171,75,270.417045
0.2623797,75,270.419603
0.3231248,75,270.434176
0.32819545,75,270.43421
0.339589,75,270.443332
0.30633456,75,270.457202
0.32201824,75,270.465075
0.28056732,75,270.476537
0.31056768,75,270.480703
0.29550153,75,270.483223
0.27096966,68,270.491973
0.34673363,75,270.497983
0.32847077,75,270.50733
0.27967563,75,270.52084
0.26044634,75,270.528459
0.28100738,75,270.539988
0.32266772,75,270.544444
0.28016204,75,270.546913
0.30267647,75,270.555769
0.31798315,75,270.561644
0.28414294,75,270.570848
0.33014175,75,271.312166
0.32748297,75,271.320459
0.29190436,75,271.332593
0.3027524,75,271.336547
0.29139462,75,271.33908
0.26782864,75,271.347128
0.29725003,75,271.353044
0.33083937,75,271.362198
0.2823615,75,271.375482
0.3202724,75,271.383353
0.31044114,75,271.395391
0.32168528,75,271.399484
0.3199816,75,271.402023
0.2980482,75,271.410406
0.33577672,75,271.415957
0.30563027,75,271.424947
0.316886,75,271.437932
0.29529804,75,271.445521
0.3016633,75,271.457038
0.30873594,75,271.461331
0.34065425,75,271.463753
0.30760905,75,271.472085
0.32120034,75,271.47792
0.28667116,70,271.482816
0.2828985,75,271.500399
0.34329626,75,271.507934
0.29870233,75,271.519738
0.32197207,75,271.523706
0.34271914,75,271.526313
0.30590838,75,271.53446
0.32736742,75,271.54017
0.32662603,75,271.545127
0.30145943,75,271.562365
0.3555526,75,271.5698
0.2636999,75,271.581437
0.3310997,75,271.585636
0.2984294,75,271.58807
0.29832926,75,271.5964
0.2987618,75,271.602286
0.29412133,75,271.607553
0.34661147,75,271.624857
0.29936662,75,271.632272
0.3079609,75,271.643949
0.2855375,75,271.648372
0.32104194,75,271.650965
0.27880055,75,271.659245
0.2997777,75,271.665289
0.32370117,75,271.67024
0.29537046,75,271.687505
0.32806897,75,271.695
0.31275776,75,271.706255
0.31743196,75,271.71045
0.33215496,75,271.71316
0.27317864,75,271.721807
0.33280098,75,271.727965
0.29382354,75,271.733281
0.29973918,75,271.751025
0.31654742,75,271.758876
0.31003195,75,271.770164
0.29972205,75,271.774288
0.30148804,75,271.776886
0.31732407,75,271.785337
0.3424453,75,271.791331
0.30733722,75,271.796541
0.29453984,75,271.813912
0.30834875,75,271.821299
0.29970363,75,271.833131
0.28042352,75,271.837277
0.28428435,75,271.839792
0.28509328,75,271.848182
0.3225202,75,271.853984
0.2913918,75,271.859033
0.31459042,75,271.876373
0.29891604,75,271.883758
0.24910414,75,271.895635
0.3070992,75,271.899821
0.2732985,75,271.902339
0.32053462,75,271.910562
0.34186906,75,271.916524
0.3216795,75,271.921627
0.2956832,75,271.939785
0.28420424,75,271.947924
0.32275632,75,271.960284
0.3123483,75,271.964215
0.3253555,75,271.966761
0.28770417,75,271.975432
0.27809244,75,271.98191
0.29000694,75,271.987011
0.31814912,75,272.004754
0.3411095,75,272.012525
0.3265322,75,272.024289
0.3024253,75,272.02893
0.28527474,75,272.031618
0.2860221,75,272.040207
0.34523323,75,272.046498
0.3013025,75,272.051929
0.32295159,75,272.06956
0.3076397,75,272.077296
0.31610736,75,272.0887
0.3147925,75,272.09282
0.32369977,75,272.095359
0.29927492,75,272.103742
0.31762356,75,272.109375
0.31713203,75,272.114301
0.267352,75,272.132314
0.30770195,75,272.140042
0.28603128,75,272.151271
0.3244784,75,272.155553
0.32213488,75,272.158176
0.25856876,75,272.166543
0.31420147,75,272.172239
0.31442535,75,272.177278
0.30596852,75,272.195285
0.3154229,75,272.20262
0.3242552,75,272.21429
0.29423568,75,272.218455
0.2959112,75,272.220918
0.32949325,75,272.229457
0.32164297,75,272.235457
0.33215863,75,272.240397
0.26507053,75,272.258343
0.30206427,75,272.266047
0.30820173,75,272.278014
0.3016862,75,272.282164
0.27161616,75,272.284694
0.30706796,75,272.293343
0.28155684,75,272.299178
0.33413765,75,272.304016
0.29858756,75,272.321443
0.32310492,75,272.328767
0.28006813,75,272.340732
0.30937362,75,272.344852
0.2859518,75,272.347179
0.35042304,75,272.355382
0.30050617,75,272.361495
0.2831368,75,272.36649
0.258611,75,272.383902
0.31800342,75,272.391455
0.29416242,75,272.402762
0.31309092,75,272.407123
0.30431286,75,272.409697
0.33893606,75,272.418138
0.31136715,75,272.424249
0.3009545,75,272.429262
0.2517787,75,272.446595
0.30986476,75,272.454113
0.31017894,75,272.465643
0.2911068,75,272.469589
0.30970293,75,272.472039
0.32522509,75,272.480168
0.3293041,75,272.486086
0.3175799,75,272.49127
0.3264444,75,272.508696
0.31921625,75,272.51656
0.2888775,75,272.528473
0.29447332,75,272.532607
0.3168537,75,272.53523
0.3369879,75,272.543656
0.2699407,75,272.54933
0.29907563,75,272.554456
0.29312077,75,272.572234
0.2713193,75,272.579875
0.29659766,75,272.591541
0.28719684,75,272.595685
0.33395544,75,272.598087
0.32501122,75,272.606515
0.3189773,75,272.612085
0.30811322,75,272.617174
0.30612624,75,272.634707
0.3124383,75,272.641726
0.30432624,75,272.653612
0.33841556,75,272.657861
0.3068237,75,272.660514
0.30445337,75,272.66869
0.2748206,72,272.671912
0.31333533,75,272.679349
0.27454397,75,272.696863
0.29916131,75,272.704548
0.32571718,75,272.716943
0.270223,71,272.717848
0.31463993,75,272.72326
0.32641235,75,272.731839
0.27674925,75,272.735361
0.3026704,75,272.743126
0.3012563,75,272.760564
0.2622057,75,272.767725
0.27590623,75,272.779377
0.2838498,75,272.780284
0.32327285,75,272.786028
0.31615317,75,272.798099
0.34104177,75,272.801618
0.31405842,75,272.809659
0.29988256,75,272.828088
0.29839313,75,272.836044
0.3152756,75,272.848238
0.27706608,75,272.849127
0.30817953,75,272.854885
0.31933382,75,272.863112
0.2971425,75,272.866665
0.32984933,75,272.874308
0.32083285,75,272.892117
0.29319584,75,272.899991
0.3162014,75,272.911295
0.30404684,75,272.91221
0.27869442,75,272.918261
0.31696063,75,272.926671
0.30047888,75,272.929865
0.31557474,75,272.937402
0.31732163,75,272.954749
0.29359686,75,272.962182
0.33152243,75,272.974385
0.29063186,75,272.975299
0.29817,75,272.981464
0.334622,75,272.99023
0.29627073,75,272.993805
0.26018736,75,273.001578
0.33590814,75,273.018997
0.26785585,75,273.026429
0.30383387,75,273.763781
0.27020243,75,273.764729
0.34263748,75,273.770518
0.30442107,75,273.778895
0.3090353,75,273.782374
0.30214268,75,273.789763
0.32812905,75,273.807009
0.3189039,75,273.814544
0.3435156,75,273.825795
0.31004834,75,273.826671
0.32596767,75,273.83238
0.28755805,75,273.84063
0.16824195,75,273.843886
0.28166527,75,273.851731
0.3379914,75,273.869148
0.32676953,75,273.876804
0.26346216,75,273.888492
0.31724104,75,273.889424
0.3323074,75,273.895422
0.30054528,75,273.903442
0.2884519,75,273.906855
0.30760768,75,273.914405
0.32771596,75,273.931918
0.30962408,75,273.9394
0.2687792,75,273.950681
0.30498883,75,273.95154
0.33891025,75,273.957698
0.337603,75,273.966118
0.34115094,75,273.969632
0.3315614,75,273.977135
0.29502144,75,273.995275
0.288612,75,274.002764
0.34444815,75,274.014735
0.31866086,75,274.015573
0.30424806,75,274.021803
0.279043,75,274.030495
0.24756503,75,274.033937
0.3116343,75,274.041343
0.31606892,75,274.058663
0.30434152,75,274.065982
0.30774525,75,274.077424
0.26457068,75,274.078214
0.31173164,75,274.083883
0.33286086,75,274.092406
0.3119222,75,274.095785
0.2957665,75,274.103231
0.2511127,66,274.120943
0.2874908,75,274.120976
0.3373289,75,274.139925
0.33465466,75,274.140834
0.3248779,75,274.146556
0.310516,75,274.154752
0.30867788,75,274.158234
0.3027228,75,274.165683
0.27420226,75,274.183171
0.34790984,75,274.183197
0.32447922,75,274.202386
0.3268907,75,274.203235
0.3220148,75,274.20927
0.27553076,75,274.217687
0.2611989,72,274.218645
0.30427337,75,274.228895
0.290688,75,274.246924
0.30752456,75,274.24696
0.299592,75,274.267806
0.27806753,75,274.268604
0.2842938,75,274.274536
0.3417259,75,274.282373
0.3555999,75,274.283198
0.26022372,75,274.293504
0.28456855,75,274.310775
0.2882526,75,274.310807
0.3164582,75,274.330129
0.3179919,75,274.331043
0.31909686,75,274.336822
0.2497047,75,274.345419
0.3221213,75,274.346254
0.31929758,75,274.356397
0.33789474,75,274.3744
0.3394538,75,274.374435
0.2692514,75,274.394639
0.2887341,75,274.395579
0.344797,75,274.40152
0.31194615,75,274.410468
0.30914447,75,274.411331
0.33614185,75,274.421591
0.32233834,75,274.43969
0.32664427,75,274.439729
0.24846926,75,274.458878
0.29752257,75,274.459865
0.32988754,75,274.465997
0.3130046,75,274.474421
0.27445322,75,274.475403
0.30520308,75,274.485176
0.29991052,75,274.502883
0.34793317,75,274.502916
0.30285192,75,274.523117
0.32799283,75,274.523937
0.36122766,75,274.529679
0.28842118,75,274.537926
0.35025388,75,274.538883
0.30121183,75,274.549066
0.29052323,75,274.566833
0.30123112,75,274.566865
0.2669324,75,274.585812
0.28698692,75,274.586723
0.31685558,75,274.592582
0.3326067,75,274.600504
0.35869828,75,274.601289
0.31552467,75,274.611136
0.3023016,75,274.628365
0.32033727,75,274.628392
0.34123656,75,274.64734
0.29320717,75,274.648199
0.32427913,75,274.654119
0.29062337,75,274.662368
0.3094662,75,274.66328
0.3505898,75,274.672815
0.31346878,75,274.690382
0.31533927,75,274.690411
0.3319725,75,274.709161
0.27959108,75,274.709971
0.3342451,75,274.715969
0.3210598,75,274.724366
0.31652534,75,274.725284
0.33749768,75,274.735539
0.30885658,75,274.753645
0.3465668,75,274.753677
0.28173336,75,274.773051
0.28421643,75,274.773966
0.31399474,75,274.77995
0.2948927,75,274.788534
0.32890555,75,274.789458
0.28908235,75,274.799493
0.31615877,75,274.816687
0.2813624,75,274.816717
0.29099038,75,274.835358
0.31680778,75,274.836169
0.29358292,75,274.842141
0.28737983,75,274.850575
0.2790273,75,274.851432
0.31925595,75,274.861485
0.31952876,75,274.879067
0.30169314,75,274.8791
0.32431692,75,274.898574
0.31676406,75,274.899403
0.3106865,75,274.904925
0.29106572,75,274.913718
0.28001764,75,274.914801
0.28183526,75,274.924797
0.31822848,75,274.942395
0.33830237,75,274.942429
0.32092336,75,274.96131
0.2744508,75,274.962154
0.30173692,75,274.967856
0.3172801,75,274.976276
0.30329627,75,274.977196
0.29715744,75,274.98724
0.3279545,75,275.004622
0.30237764,75,275.004653
0.2792855,75,275.02291
0.2973646,75,275.023883
0.32515228,75,275.029577
0.28990185,75,275.037654
0.28375307,75,275.038477
0.3157113,75,275.048584
0.26392576,75,275.066031
0.32040632,75,275.066062
0.27627048,75,275.08475
0.3225551,75,275.085639
0.27957425,75,275.091382
0.29540953,75,275.099445
0.33712453,75,275.100221
0.33143133,75,275.110145
0.29864776,75,275.12791
0.34663165,75,275.127946
0.3352702,75,275.14685
0.32400954,75,275.147693
0.29325297,75,275.153744
0.25987363,75,275.162292
0.31291687,75,275.163196
0.30906639,75,275.172961
0.3343408,75,275.190467
0.27408653,75,275.190497
0.31399322,75,275.210165
0.32860863,75,275.211057
0.3002292,75,275.21686
0.30900323,75,275.225216
0.32461017,75,275.226229
0.31827542,75,275.236201
0.3301542,75,275.254166
0.31766215,75,275.254197
0.32123655,75,275.273306
0.28515047,75,275.27424
0.24283971,75,275.280198
0.30425912,75,275.288565
0.29889348,75,275.289388
0.3033408,75,275.299424
0.31724688,75,275.31662
0.30456272,75,275.31665
0.29448956,75,275.336024
0.3105479,75,275.336855
0.3353337,75,275.342811
0.34309456,75,275.351223
0.294347,75,275.352212
0.34051934,75,275.362182
0.35020193,75,275.379845
0.3210644,75,275.379878
0.29164383,75,275.399815
0.337752,75,275.400693
0.32404992,75,275.406977
0.31279358,75,275.414766
0.31104973,75,275.415642
0.26012784,75,275.426545
0.33079118,75,275.443993
0.3223511,75,275.444032
0.32478467,75,275.463681
0.3136452,75,275.464561
0.31474507,75,275.470304
0.29477787,75,276.208407
0.32379892,75,276.209445
0.299793,75,276.2197
0.29068914,75,276.238046
0.3194666,75,276.238085
0.32842657,75,276.257747
0.2785487,75,276.258662
0.29859698,75,276.264778
0.32473007,75,276.27366
0.29854608,75,276.274729
0.33160728,75,276.285013
0.2821349,75,276.302601
0.33908108,75,276.302634
0.28446394,75,276.321695
0.32022095,75,276.322593
0.32984668,75,276.328956
0.26729953,75,276.33748
0.32140705,75,276.338424
0.36112195,75,276.348508
0.29498166,75,276.365497
0.29955512,75,276.365529
0.32206333,75,276.384921
0.2980687,75,276.385838
0.33998066,75,276.39167
0.31863627,75,276.400141
0.2921473,75,276.401057
0.25848857,75,276.41114
0.3398201,75,276.428692
0.31818086,75,276.428729
0.29476172,75,276.448261
0.32722634,75,276.449209
0.33031765,75,276.455151
0.34034833,75,276.463754
0.34478664,75,276.464679
0.32330889,75,276.474706
0.321824,75,276.492419
0.34244895,75,276.492451
0.2900371,75,276.511309
0.33041424,75,276.512288
0.29705036,75,276.518325
0.32158154,75,276.526495
0.29055944,75,276.527354
0.2662804,75,276.537428
0.31822243,75,276.554962
0.3188043,75,276.554992
0.34464127,75,276.574512
0.3261469,75,276.575373
0.32977343,75,276.581793
0.33873978,75,276.590155
0.30831283,75,276.591056
0.33163604,75,276.601342
0.2691163,75,276.619912
0.31896627,75,276.619948
0.35731053,75,276.639291
0.25383908,75,276.640201
0.32617262,75,276.646651
0.33586502,75,276.65528
0.27948555,75,276.656227
0.351993,75,276.666287
0.33408928,75,276.683377
0.29021728,75,276.683405
0.33453766,75,276.702597
0.30554506,75,276.703409
0.28362888,75,276.709342
0.30235565,75,276.717741
0.3468268,75,276.718747
0.31596252,75,276.729101
0.31764093,75,276.746386
0.34849745,75,276.746418
0.33267063,75,276.766155
0.29547054,75,276.76705
0.30686256,75,276.772789
0.33746797,75,276.781393
0.3218125,75,276.782352
0.33135355,75,276.792271
0.34522608,75,276.809802
0.28232092,75,276.809841
0.29062498,75,276.830584
0.3052601,75,276.831482
0.3176147,75,276.83748
0.3295277,75,276.846318
0.31887078,75,276.847256
0.34077525,75,276.858025
0.3097971,75,276.876029
0.3014555,75,276.876066
0.31518027,75,276.896042
0.31975967,75,276.896938
0.31409538,75,276.903191
0.32753593,75,276.911915
0.32518503,75,276.913149
0.2901212,75,276.923426
0.3210464,75,276.941722
0.25186944,75,276.941761
0.3042617,75,276.960679
0.2962832,75,276.961549
0.29480135,75,276.967257
0.34093866,75,276.975586
0.28570208,75,276.976505
0.3089594,75,276.986948
0.27169588,75,277.004466
0.28312224,75,277.004497
0.30134493,75,277.023831
0.28119415,75,277.024686
0.26804954,75,277.030322
0.33220118,75,277.038685
0.3345298,75,277.039671
0.33190426,75,277.049768
0.2858028,75,277.067665
0.3170282,75,277.067692
0.31310847,75,277.086706
0.30690908,75,277.087648
0.32248503,75,277.093854
0.32359424,75,277.102009
0.32110614,75,277.102909
0.3358336,75,277.113222
0.31972903,75,277.131633
0.26011503,75,277.131668
0.3270721,75,277.150897
0.3072998,75,277.151756
0.31131637,75,277.157768
0.26982492,75,277.166016
0.28233662,75,277.166889
0.33238655,75,277.176896
0.34697905,75,277.194536
0.31614205,75,277.19457
0.31589034,75,277.213713
0.32699534,75,277.214633
0.3417612,75,277.22044
0.3262272,75,277.228734
0.3241146,75,277.22953
0.31922835,75,277.239651
0.3331737,75,277.257083
0.3097755,75,277.257111
0.30721575,75,277.276333
0.2917084,75,277.277168
0.2833486,75,277.282991
0.2882853,75,277.291596
0.334424,75,277.292519
0.32335666,75,277.302473
0.30263716,75,277.320571
0.33239052,75,277.320607
0.33578277,75,277.339783
0.31681943,75,277.340777
0.3355905,75,277.346461
0.2936973,75,277.354676
0.3025832,75,277.355571
0.27111942,75,277.365536
0.2954408,75,277.383528
0.29215333,75,277.383562
0.3112577,75,277.403186
0.3156888,75,277.404114
0.32583714,75,277.409875
0.31484172,75,277.418222
0.29044062,75,277.419238
0.3443116,75,277.429571
0.3018377,75,277.447447
0.32394597,75,277.447481
0.29195786,75,277.46641
0.29800004,75,277.467291
0.33258918,75,277.47333
0.29349774,75,277.481713
0.3403608,75,277.482597
0.31719294,75,277.492932
0.33313912,75,277.510461
0.28508526,75,277.510494
0.33833736,75,277.529779
0.2953805,75,277.530681
0.3445525,75,277.536444
0.30617794,75,277.545171
0.31336385,75,277.546026
0.31649742,75,277.556323
0.29428953,75,277.573839
0.274225,75,277.573872
0.25460213,75,277.592922
0.3234718,75,277.593781
0.3315705,75,277.599471
0.27687898,75,277.607996
0.31282577,75,277.608888
0.33462748,75,277.618627
0.31381598,75,277.636587
0.30838367,75,277.63662
0.3213075,75,277.656656
0.31096926,75,277.657636
0.31065625,75,277.663772
0.3323909,75,277.672151
0.31042528,75,277.673071
0.26803732,75,277.682808
0.32712495,75,277.700747
0.29840416,75,277.70078
0.31462187,75,277.719753
0.3227088,75,277.720564
0.2780228,75,277.726544
0.33075926,75,277.734684
0.2690018,75,277.735627
0.3171142,75,277.745626
0.30177182,75,277.763266
0.33650133,75,277.763297
0.31929967,75,277.783306
0.26128805,75,277.784161
0.259862,75,277.789832
0.29520366,75,277.798694
0.2874623,75,277.799501
0.33912596,75,277.809716
0.34210125,75,277.827024
0.34109765,75,277.827055
0.33149225,75,277.846184
0.31051287,75,277.847185
0.3055716,75,277.853189
0.31190953,75,277.861595
0.2958419,75,277.862532
0.3238088,75,277.872487
0.3228815,75,277.8897
0.2827889,75,277.889732
0.359933,75,277.908924
0.33431298,75,277.909782
0.29823264,75,277.916306
0.32708496,75,277.92461
0.3100687,75,277.925395
0.30631483,75,277.935465
0.3360106,75,278.688194
0.3460819,75,278.688294
0.321102,75,278.707318
0.2989997,75,278.708197
0.30972987,75,278.714261
0.34874094,75,278.72298
0.32430708,75,278.723887
0.3276914,75,278.734448
0.27660647,75,278.75207
0.31991482,75,278.752106
0.30899847,75,278.771312
0.303617,75,278.772156
0.27482918,75,278.777987
0.31236395,75,278.787086
0.34113815,75,278.787904
0.3326531,75,278.79772
0.29727107,75,278.815181
0.31303012,75,278.81521
0.2906959,75,278.834506
0.30089056,75,278.835358
0.31567037,75,278.840838
0.28483495,75,278.84929
0.34331322,75,278.850141
0.34364003,75,278.86025
0.3124359,75,278.878066
0.32331702,75,278.878101
0.31801695,75,278.89721
0.31831074,75,278.898097
0.27051562,75,278.904215
0.33487996,75,278.913023
0.31528777,75,278.913946
0.3351425,75,278.924193
0.3240601,75,278.941875
0.26903164,75,278.941912
0.3159305,75,278.961147
0.29723856,75,278.961945
0.2789234,75,278.967625
0.30504817,75,278.975875
0.3263601,75,278.976779
0.30817685,75,278.987025
0.29707155,75,279.004359
0.3156704,75,279.00439
0.34854433,75,279.023759
0.33159256,75,279.02465
0.3493671,75,279.030347
0.35106933,75,279.038633
0.33215898,75,279.039429
0.3193008,75,279.050415
0.35462123,75,279.068133
0.33878338,75,279.068164
0.33119676,75,279.086719
0.31006333,75,279.087703
0.31126547,75,279.093595
0.31934842,75,279.101883
0.33491573,75,279.102724
0.33414218,75,279.112823
0.33849746,75,279.130063
0.27600282,75,279.130094
0.3283862,75,279.148459
0.33206028,75,279.149274
0.32671106,75,279.155303
0.31206775,75,279.163841
0.34103924,75,279.164744
0.315481,75,279.174674
0.32721686,75,279.192383
0.3287701,75,279.192411
0.33404058,75,279.210954
0.33317503,75,279.211814
0.3229668,75,279.217559
0.29630482,75,279.226036
0.32979283,75,279.226957
0.3302036,75,279.236848
0.2717739,75,279.254013
0.27964976,75,279.254042
0.35543573,75,279.272527
0.33646604,75,279.273363
0.32865486,75,279.27936
0.31699988,75,279.287822
0.28564894,75,279.288799
0.34238186,75,279.299113
0.300304,75,279.317393
0.3387089,75,279.317428
0.34073368,75,279.336539
0.34556827,75,279.337512
0.32091665,75,279.343341
0.340597,75,279.351712
0.3455452,75,279.352653
0.2898186,75,279.363009
0.2829124,75,279.380892
0.30212677,75,279.380924
0.3399497,75,279.400867
0.30205312,75,279.401749
0.3176623,75,279.407708
0.27774757,75,279.416174
0.3231207,75,279.417019
0.32060373,75,279.42736
0.29326588,75,279.444885
0.33004805,75,279.44492
0.33073092,75,279.463995
0.3277351,75,279.464883
0.29918015,75,279.470978
0.34121513,75,279.479689
0.32370317,75,279.480577
0.31080443,75,279.490795
0.3504516,75,279.508617
0.32345146,75,279.508663
0.31576398,75,279.527961
0.3212656,75,279.528814
0.32604855,75,279.534817
0.31955615,75,279.543383
0.20188892,75,279.544211
0.34000233,75,279.554249
0.32498905,75,279.572116
0.34364474,75,279.572151
0.2929086,75,279.59147
0.30733952,75,279.592383
0.34387907,75,279.598272
0.34144136,75,279.606301
0.3180282,75,279.607265
0.3316142,75,279.617293
0.31308976,75,279.635894
0.329736,75,279.635928
0.3377634,75,279.655329
0.3265845,75,279.656224
0.36234796,75,279.66208
0.29674724,75,279.670358
0.30121714,75,279.671274
0.29510057,75,279.681503
0.31574774,75,279.69887
0.31041697,75,279.698908
0.3415428,75,279.718197
0.28846204,75,279.719067
0.34058657,75,279.724706
0.30614468,75,279.733041
0.30367342,75,279.733896
0.32403275,75,279.74419
0.3386795,75,279.762114
0.3002644,75,279.762146
0.31212023,75,279.781049
0.3064697,75,279.782
0.31261948,75,279.78795
0.32608178,75,279.796312
0.29403082,75,279.797273
0.33492908,75,279.807569
0.33105597,75,279.82555
0.30747348,75,279.825584
0.2882051,75,279.844799
0.3457404,75,279.845643
0.3258258,75,279.851682
0.27471805,75,279.860393
0.3108008,75,279.861331
0.29532242,75,279.871179
0.32921475,75,279.888762
0.3397156,75,279.888794
0.32721364,75,279.907462
0.35837275,75,279.908372
0.34739292,75,279.914045
0.35554108,75,279.922664
0.3309637,75,279.923523
0.32678428,75,279.933797
0.33392763,75,279.951162
0.3172608,75,279.951193
0.33001602,75,279.970377
0.3023423,75,279.971184
0.30809614,75,279.97702
0.31242162,75,279.985585
0.28973722,75,279.986485
0.32503998,75,279.996541
0.3454681,75,280.013767
0.34589517,75,280.013795
0.30622646,75,280.032567
0.36578894,75,280.033377
0.33418292,75,280.039063
0.29136416,75,280.047611
0.3162743,75,280.048425
0.28916892,75,280.058249
0.311273,75,280.075371
0.28414744,75,280.075405
0.3373398,75,280.094384
0.34137374,75,280.095291
0.28126502,75,280.101242
0.29469624,75,280.109469
0.34534547,75,280.110393
0.2967895,75,280.120561
0.3090349,75,280.137885
0.3323484,75,280.137916
0.3175318,75,280.157165
0.33896986,75,280.158048
0.29504916,75,280.163794
0.3116063,75,280.172241
0.29745448,75,280.173078
0.34165618,75,280.183304
0.3079504,75,280.200541
0.31992543,75,280.200572
0.32160363,75,280.219562
0.31851166,75,280.220425
0.33603528,75,280.226518
0.29814887,75,280.234835
0.28055763,75,280.235653
0.32254818,75,280.24569
0.34368864,75,280.262996
0.3097416,75,280.263025
0.23126909,75,280.281533
0.3168479,75,280.282392
0.31199825,75,280.288461
0.312874,75,280.297192
0.34477133,75,280.298113
0.32027814,75,280.308177
0.32218328,75,280.326224
0.3490145,75,280.326257
0.32868397,75,280.346158
0.3506868,75,280.347042
0.33000606,75,280.352969
0.30096653,75,280.361484
0.35642377,75,280.362415
0.2707481,75,280.372948
0.3575776,75,280.391008
0.32120684,75,280.391043
0.308298,75,281.163753
0.31208432,75,281.164789
0.32054412,75,281.170707
0.33084106,75,281.180009
0.32393047,75,281.180959
0.2911136,75,281.191301
0.3012533,75,281.209044
0.33626336,75,281.209078
0.34714004,75,281.2282
0.33478287,75,281.229006
0.29518765,75,281.235008
0.32045245,75,281.243209
0.33970967,75,281.244161
0.35319656,75,281.254191
0.2815954,75,281.270679
0.2973616,75,281.27071
0.33492714,75,281.289429
0.35922328,75,281.290217
0.31222317,75,281.296198
0.3246608,75,281.304414
0.32596985,75,281.305345
0.32824987,75,281.315198
0.34104526,75,281.33286
0.3208954,75,281.33289
0.33988306,75,281.352077
0.3448581,75,281.352934
0.34304655,75,281.358963
0.29286504,75,281.367377
0.36958465,75,281.368168
0.33322588,75,281.378345
0.32283247,75,281.396091
0.28293443,75,281.396126
0.2818895,75,281.414643
0.34431872,75,281.415488
0.2797025,75,281.421615
0.30055845,75,281.43009
0.32630002,75,281.430993
0.3123098,75,281.441042
0.3293867,75,281.4585
0.323862,75,281.458533
0.3251666,75,281.477798
0.28734946,75,281.478638
0.3398408,75,281.484426
0.33036745,75,281.493041
0.33013558,75,281.493855
0.35908833,75,281.503955
0.3056043,75,281.521566
0.359829,75,281.521598
0.3391869,75,281.540609
0.32268003,75,281.541597
0.32135004,75,281.54746
0.34818375,75,281.55614
0.33573797,75,281.557055
0.32305494,75,281.566985
0.3220392,75,281.584905
0.31773382,75,281.584932
0.34303066,75,281.603919
0.3174368,75,281.604797
0.30704924,75,281.610742
0.3328837,75,281.619094
0.3187344,75,281.620007
0.33201542,75,281.630381
0.3538974,75,281.648273
0.35755652,75,281.648304
0.23218504,75,281.667379
0.35372204,75,281.668259
0.32643175,75,281.674191
0.3176153,75,281.682372
0.34047025,75,281.683169
0.35222843,75,281.693195
0.31018347,75,281.710533
0.30365556,75,281.710563
0.2906881,75,281.72977
0.28611863,75,281.730679
0.35081625,75,281.736698
0.340572,75,281.74505
0.35994726,75,281.746151
0.34464166,75,281.756354
0.34485537,75,281.77383
0.35858786,75,281.793407
0.31577513,75,281.794244
0.31385246,75,281.800673
0.3245371,75,281.809859
0.30038303,75,281.810888
0.33065853,75,281.82137
0.30747822,75,281.839687
0.318779,75,281.859677
0.34899396,75,281.8606
0.33442456,75,281.866685
0.32921004,75,281.874959
0.31815332,75,281.875991
0.31137452,75,281.885938
0.34429124,75,281.90338
0.34622872,75,281.922625
0.34476593,75,281.92359
0.34264532,75,281.929615
0.33320528,75,281.937838
0.31378135,75,281.93875
0.2962895,75,281.948973
0.34203115,75,281.966638
0.32255524,75,281.985887
0.33424324,75,281.986731
0.31874242,75,281.992705
0.34119394,75,282.001259
0.29973862,75,282.002184
0.32224408,75,282.012058
0.3124557,75,282.029722
0.30492964,75,282.049721
0.33460572,75,282.05062
0.31571254,75,282.056479
0.32923245,75,282.065393
0.33563527,75,282.066475
0.3452832,75,282.076237
0.32117912,75,282.093938
0.31308687,75,282.113727
0.28448257,75,282.114676
0.3379835,75,282.120707
0.28568342,75,282.129558
0.32398018,75,282.130483
0.35284376,75,282.140919
0.34695265,75,282.158339
0.3249561,75,282.17713
0.31636092,75,282.177989
0.31791013,75,282.184122
0.34378913,75,282.192571
0.3180912,75,282.193386
0.24944143,75,282.203251
0.31683043,75,282.221287
0.3066908,75,282.240467
0.36306572,75,282.241344
0.3222658,75,282.247399
0.35814258,75,282.255774
0.3178963,75,282.256721
0.3104391,75,282.267234
0.34087732,75,282.284732
0.3531578,75,282.303861
0.310083,75,282.304848
0.31886122,75,282.310697
0.3315893,75,282.319279
0.33680555,75,282.320194
0.33165526,75,282.330279
0.34464037,75,282.347887
0.33197773,75,282.366935
0.34796223,75,282.367879
0.3216823,75,282.373717
0.2962269,75,282.382339
0.3266855,75,282.383198
0.33817723,75,282.393244
0.32308948,75,282.411517
0.32516605,75,282.432024
0.33873704,75,282.432883
0.3027285,75,282.439001
0.31614035,75,282.447797
0.33701625,75,282.448676
0.3562011,75,282.458904
0.33090785,75,282.476233
0.3424006,75,282.495184
0.3485322,75,282.496199
0.3384267,75,282.502005
0.34852898,75,282.510497
0.31498456,75,282.511466
0.34477153,75,282.521998
0.3515344,75,282.539172
0.33643743,75,282.558058
0.32150328,75,282.559003
0.3512802,75,282.564762
0.3549002,75,282.573067
0.32572246,75,282.573975
0.29815692,75,282.584154
0.34043735,75,282.601828
0.3526401,75,282.620867
0.3283679,75,282.621767
0.36089128,75,282.627393
0.3397727,75,282.635703
0.32692537,75,282.636564
0.34093314,75,282.646567
0.29986694,75,282.663609
0.3344978,75,282.682341
0.34701335,75,282.683205
0.28708735,75,282.68906
0.3349156,75,282.697333
0.3210688,75,282.698283
0.33404982,75,282.708076
0.31811804,75,282.725097
0.33377895,75,282.743979
0.3559182,75,282.744835
0.2947136,75,282.750457
0.37412325,75,282.758762
0.31314746,75,282.759681
0.32567775,75,282.769696
0.33524787,75,282.787065
0.3123988,75,282.806079
0.3168369,75,282.80692
0.31299108,75,282.81301
0.36369517,75,282.821417
0.3113668,75,282.822339
0.3174157,75,282.832441
0.33104742,75,282.85047
0.33902508,75,282.870808
0.31307685,75,282.871748
0.33626768,75,282.877566
0.35077608,75,283.615059
0.35882524,75,283.615917
0.33255944,75,283.626196
0.31500483,75,283.643487
0.35067934,75,283.663017
0.36731365,75,283.663878
0.32432637,75,283.669724
0.34766677,75,283.677801
0.33786097,75,283.678712
0.34383,75,283.688994
0.34387836,75,283.706734
0.31135905,75,283.726254
0.3211144,75,283.7272
0.3335733,75,283.733251
0.3355032,75,283.741704
0.34316495,75,283.7427
0.34287843,75,283.752403
0.3234541,75,283.770298
0.32492295,75,283.789277
0.32131678,75,283.790218
0.3316457,75,283.796043
0.35316598,75,283.804209
0.33546436,75,283.805142
0.33705667,75,283.815589
0.3044759,75,283.833192
0.33362055,75,283.852607
0.3374375,75,283.853524
0.27578378,75,283.859514
0.33286038,75,283.868207
0.31743526,75,283.868998
0.2959761,75,283.879291
0.3493551,75,283.896691
0.29956517,75,283.916238
0.2870579,75,283.917144
0.34522462,75,283.922688
0.34440047,75,283.931311
0.33777803,75,283.932284
0.34482053,75,283.942773
0.30714503,75,283.960545
0.35011408,75,283.979629
0.30190244,75,283.980469
0.34376433,75,283.986595
0.3247474,75,283.995538
0.33967325,75,283.996472
0.2994881,75,284.006409
0.3313233,75,284.023843
0.3185917,75,284.043133
0.33687395,75,284.044034
0.31152543,75,284.049801
0.34209222,75,284.058206
0.3389976,75,284.059025
0.3625759,75,284.06919
0.28631163,75,284.086592
0.30077106,75,284.105895
0.35944754,75,284.106851
0.32229045,75,284.112389
0.25327384,75,284.120855
0.3244589,75,284.121774
0.3656321,75,284.132296
0.30193263,75,284.149673
0.32952213,75,284.168545
0.31507438,75,284.169466
0.35021162,75,284.175243
0.32824925,75,284.183895
0.34263468,75,284.184764
0.28300944,75,284.194635
0.29360673,75,284.211594
0.32832712,75,284.23101
0.30219492,75,284.231884
0.34547636,75,284.237828
0.33658662,75,284.246809
0.32652855,75,284.247806
0.33367282,75,284.258206
0.33592033,75,284.27636
0.34294346,75,284.296273
0.32901627,75,284.297151
0.30301055,75,284.303193
0.3458039,75,284.311907
0.3253336,75,284.312963
0.23828232,75,284.323587
0.32972252,75,284.341848
0.3354389,75,284.361808
0.32949135,75,284.362691
0.3506708,75,284.368357
0.29995048,75,284.376667
0.32015252,75,284.377504
0.2795749,75,284.38746
0.32770473,75,284.405232
0.32386968,75,284.42432
0.34351873,75,284.425233
0.33022177,75,284.431126
0.2886673,75,284.439567
0.34054086,75,284.440405
0.31312114,75,284.450757
0.32653284,75,284.468886
0.3030925,75,284.487934
0.33206812,75,284.488796
0.31583428,75,284.494773
0.32535318,75,284.502983
0.31187505,75,284.503819
0.33026558,75,284.513962
0.34884906,75,284.531283
0.3219288,75,284.55046
0.29979628,75,284.551381
0.3469661,75,284.557549
0.34422496,75,284.5662
0.3732888,75,284.567173
0.33544138,75,284.576917
0.33214957,75,284.594751
0.32248124,75,284.614066
0.27192646,75,284.614899
0.30211833,75,284.62057
0.33015868,75,284.629015
0.35724106,75,284.629812
0.31353837,75,284.639649
0.30019838,75,284.65727
0.29812205,75,284.67668
0.35669217,75,284.677567
0.3422529,75,284.683181
0.3657694,75,284.691962
0.3384575,75,284.692826
0.348839,75,284.702662
0.28775248,75,284.720086
0.32918242,75,284.739211
0.32612407,75,284.740076
0.31825063,75,284.745785
0.31518734,75,284.754203
0.3067973,75,284.755115
0.36052155,75,284.765468
0.29855126,75,284.783
0.3387336,75,284.802352
0.33976415,75,284.803227
0.31714705,75,284.80958
0.33399868,75,284.817779
0.34442458,75,284.818791
0.33853838,75,284.829328
0.34645987,75,284.847125
0.32706356,75,284.866853
0.33175167,75,284.867727
0.33826372,75,284.873409
0.32529855,75,284.881573
0.34756353,75,284.882438
0.31000796,75,284.89299
0.35640097,75,284.910492
0.330486,75,284.929794
0.3011516,75,284.930675
0.35249877,75,284.936471
0.33528325,75,284.945176
0.32399002,75,284.94611
0.2783645,75,284.956523
0.3557774,75,284.973963
0.33582947,75,284.993295
0.33360547,75,284.99425
0.3344766,75,285.000227
0.30104136,75,285.008623
0.34587243,75,285.009644
0.3303759,75,285.019879
0.32306486,75,285.037999
0.3473607,75,285.057127
0.29068133,75,285.058028
0.3092526,75,285.063798
0.34416503,75,285.072152
0.2994564,75,285.072995
0.32893974,75,285.082937
0.3244714,75,285.100443
0.35464495,75,285.119694
0.31748772,75,285.120553
0.35547808,75,285.126351
0.32391006,75,285.134777
0.34084022,75,285.135621
0.34720534,75,285.1453
0.34580997,75,285.162602
0.33345306,75,285.181642
0.320171,75,285.182528
0.35493976,75,285.188233
0.30657676,75,285.196598
0.31402093,75,285.197468
0.3333376,75,285.207468
0.31986517,75,285.22472
0.34074038,75,285.243902
0.37085962,75,285.244712
0.33222246,75,285.250458
0.33986452,75,285.258729
0.31945938,75,285.259539
0.3366967,75,285.269384
0.3467458,75,285.286912
0.34644374,75,285.305795
0.3124455,75,285.30666
0.34010002,75,285.31263
0.3007334,75,285.321156
0.34353384,75,285.322114
0.32194918,75,285.332274
0.28090775,75,286.08923
0.34916687,75,286.108112
0.33622426,75,286.109065
0.31703803,75,286.115081
0.34022003,75,286.123589
0.33262616,75,286.124507
0.2968474,75,286.134529
0.34336254,75,286.151812
0.31466565,75,286.170976
0.3360309,75,286.171808
0.33107078,75,286.177461
0.32992148,75,286.185919
0.30851638,75,286.186815
0.32551256,75,286.196975
0.30492246,75,286.214147
0.36566436,75,286.233953
0.35446012,75,286.234823
0.3575395,75,286.240302
0.35453653,75,286.24884
0.33317235,75,286.249744
0.3339569,75,286.259611
0.3597556,75,286.277076
0.34242412,75,286.296834
0.3349961,75,286.297687
0.363387,75,286.304035
0.33437976,75,286.313634
0.34381503,75,286.314586
0.3365211,75,286.326366
0.27799997,75,286.345476
0.31209508,75,286.365646
0.3422413,75,286.366675
0.2893496,75,286.372602
0.32271612,75,286.381104
0.35866493,75,286.381954
0.3580219,75,286.391808
0.31124273,75,286.409957
0.35023177,75,286.428912
0.31405228,75,286.429746
0.34699443,75,286.435811
0.3511952,75,286.444637
0.35714778,75,286.445634
0.31247658,75,286.455738
0.30967984,75,286.474194
0.35771814,75,286.493459
0.31643853,75,286.494385
0.29133943,75,286.500434
0.32515097,75,286.50863
0.34927574,75,286.509565
0.34169564,75,286.519886
0.3473306,75,286.537095
0.31266916,75,286.556003
0.3399615,75,286.556953
0.34569398,75,286.562877
0.35620236,75,286.571453
0.30845943,75,286.572374
0.3291608,75,286.582599
0.34103358,75,286.60104
0.36697692,75,286.620856
0.33833295,75,286.621718
0.32187253,75,286.627525
0.35907564,75,286.635952
0.3080477,75,286.636898
0.34871712,75,286.647349
0.32439718,75,286.665278
0.33250538,75,286.684696
0.35525802,75,286.685597
0.30843043,75,286.691618
0.30174989,75,286.700359
0.3228147,75,286.701288
0.34588605,75,286.711082
0.3087985,75,286.729553
0.36186275,75,286.749603
0.29111904,75,286.750484
0.2850468,75,286.756669
0.3575498,75,286.765304
0.32223865,75,286.766281
0.31025052,75,286.776494
0.3504252,75,286.796099
0.30507377,75,286.815562
0.34153548,75,286.81644
0.3275017,75,286.822402
0.30275953,75,286.830834
0.35648096,75,286.831704
0.3174995,75,286.84217
0.3015287,75,286.860299
0.33545563,75,286.879684
0.3564382,75,286.880554
0.33861735,75,286.886294
0.35383222,75,286.894825
0.3511736,75,286.895724
0.3237222,75,286.905773
0.34451273,75,286.923131
0.3005879,75,286.941577
0.33172846,75,286.94239
0.2811157,75,286.947851
0.33758911,75,286.956202
0.33232152,75,286.957138
0.34024516,75,286.967354
0.3236925,75,286.985447
0.36983764,75,287.00453
0.30971143,75,287.005424
0.33671317,75,287.011192
0.29943103,75,287.019439
0.3409499,75,287.020393
0.35370338,75,287.030388
0.347484,75,287.048022
0.3167067,75,287.066875
0.34147266,75,287.06778
0.32924268,75,287.073551
0.34943938,75,287.081721
0.32033813,75,287.082653
0.31826022,75,287.093126
0.3453409,75,287.110372
0.3195077,75,287.12998
0.33259806,75,287.130857
0.3357649,75,287.136648
0.37204564,75,287.145336
0.36612463,75,287.146153
0.32800883,75,287.156256
0.3278957,75,287.173678
0.33994237,75,287.193044
0.33508527,75,287.19386
0.357819,75,287.199529
0.34209323,75,287.207838
0.32662594,75,287.208757
0.3361643,75,287.218961
0.3055262,75,287.236386
0.3458123,75,287.255104
0.35043997,75,287.256045
0.3435141,75,287.261988
0.313677,75,287.270107
0.36732164,75,287.271017
0.32849842,75,287.281047
0.32855815,75,287.298337
0.307,75,287.3182
0.3603217,75,287.319117
0.3107549,75,287.325103
0.30201095,75,287.333883
0.28687525,75,287.33478
0.33483976,75,287.344871
0.32806903,75,287.362319
0.32566455,75,287.381704
0.35854143,75,287.382559
0.32984453,75,287.388363
0.3398467,75,287.396838
0.32107708,75,287.397695
0.32129472,75,287.407601
0.32300338,75,287.425354
0.3235413,75,287.444385
0.32879496,75,287.445263
0.30709156,75,287.451331
0.33086777,75,287.459461
0.31067756,75,287.460365
0.32212687,75,287.47034
0.35011205,75,287.488089
0.33119103,75,287.507005
0.30582803,75,287.507926
0.32084036,75,287.513914
0.3337832,75,287.52232
0.34228653,75,287.523239
0.32612598,75,287.534514
0.3382345,75,287.556937
0.32351837,75,287.577645
0.320627,75,287.578619
0.3058675,75,287.584825
0.3219575,75,287.593002
0.3715596,75,287.593802
0.32535446,75,287.603911
0.35477662,75,287.621555
0.3396746,75,287.641118
0.3503252,75,287.641989
0.32310578,75,287.648028
0.32961345,75,287.656277
0.35196647,75,287.657215
0.33521983,75,287.667052
0.315057,75,287.683599
0.32981727,75,287.703039
0.3474865,75,287.703864
0.3463415,75,287.709462
0.30476728,75,287.718007
0.34651414,75,287.718935
0.34980297,75,287.72901
0.3259895,75,287.746438
0.29107666,75,287.765429
0.32315522,75,287.766357
0.3142872,75,287.77214
0.321341,75,287.780593
0.3292604,75,287.781454
0.3182595,75,287.791607
0.3090812,75,287.809031
0.33570465,75,288.566351
0.32920915,75,288.567302
0.3433007,75,288.573226
0.33074254,75,288.582034
0.35114017,75,288.582984
0.32355094,75,288.593189
0.30588603,75,288.610878
0.32751855,75,288.630136
0.29536006,75,288.631117
0.33401617,75,288.636885
0.33245838,75,288.645407
0.3311246,75,288.64625
0.3215703,75,288.656699
0.3089175,75,288.67442
0.3322248,75,288.693742
0.33331776,75,288.694634
0.3109322,75,288.700494
0.3408822,75,288.709046
0.29168838,75,288.709978
0.32611135,75,288.737928
0.3580399,75,288.757668
0.3323868,75,288.758638
0.33841765,75,288.7647
0.33430958,75,288.773319
0.33988613,75,288.774216
0.3445018,75,288.802566
0.35398906,75,288.821785
0.3237808,75,288.822693
0.31428522,75,288.828643
0.33713716,75,288.837869
0.33097443,75,288.838761
0.32947868,75,288.867652
0.29295814,75,288.887076
0.335081,75,288.887983
0.33751637,75,288.894254
19.69118,5890,288.902654
0.36848146,75,288.903573
0.34221894,75,288.904576
0.31965673,75,288.933495
0.31149265,75,288.953304
0.35112497,75,288.954245
0.34157708,75,288.961224
0.3065184,75,288.968772
0.331624,75,288.969749
0.34900013,75,288.970645
0.3190951,75,289.000705
0.31164366,75,289.02109
0.34457582,75,289.021996
0.31346583,75,289.028443
0.3360179,75,289.037065
0.34782353,75,289.037977
0.3486297,75,289.038893
0.3354867,75,289.068118
0.3366112,75,289.090001
0.32470793,75,289.091088
0.32068065,75,289.097296
0.301662,75,289.10527
0.31939235,75,289.106194
0.33727765,75,289.107083
0.33513254,75,289.135618
0.3470983,75,289.156095
0.31106636,75,289.157012
0.35345304,75,289.162916
0.3173424,75,289.171151
0.339632,75,289.172114
0.29037353,75,289.173066
0.36007038,75,289.204099
0.33344606,75,289.226639
0.335018,75,289.227622
0.3455578,75,289.23369
0.350869,75,289.24173
0.32500467,75,289.242697
0.3147217,75,289.243654
3.3049555,692,289.269904
0.3498858,75,289.273442
0.31874192,75,289.293805
0.31883824,75,289.294708
0.3397549,75,289.30816
0.29096884,75,289.309067
0.33576727,75,289.310012
0.30405128,75,289.335368
0.33024877,75,289.339022
0.33942834,75,289.3596
0.36352965,75,289.360515
0.3504598,75,289.373981
0.3337187,75,289.374901
0.35103652,75,289.37581
0.3457745,75,289.40089
0.32826844,75,289.404276
0.31627956,75,289.424511
0.33485448,75,289.42543
0.32773486,75,289.439134
0.338634,75,289.440077
0.30830467,75,289.440967
0.3533418,75,289.466123
0.33690006,75,289.469533
0.31923836,75,289.490173
0.31462258,75,289.491013
0.3230011,75,289.505108
0.31799757,75,289.506002
0.34369573,75,289.506897
0.3051045,75,289.532281
0.33315125,75,289.535509
0.33503747,75,289.555521
0.2811136,75,289.556571
0.35389343,75,289.570413
0.2976757,75,289.57137
0.3453931,75,289.572516
0.32902822,75,289.599301
0.33190963,75,289.603021
0.3636019,75,289.623297
0.34220856,75,289.624605
0.3259633,75,289.638921
0.30881986,75,289.639819
0.3380936,75,289.640667
0.32925346,75,289.665262
0.34502804,75,289.668803
0.31954744,75,289.687885
0.34987393,75,289.68881
0.32436824,75,289.7027
0.35952097,75,289.70363
0.34162277,75,289.704486
2.514205,537,289.705411
0.36415312,75,289.730572
0.34221894,75,289.734028
0.317946,75,289.755022
0.33520514,75,289.756197
0.35493082,75,289.770117
0.296947,75,289.771075
0.36407444,75,289.772071
0.36709806,75,289.77303
0.33334944,75,289.797988
0.3128435,75,289.801576
0.32574958,75,289.822983
0.29863143,75,289.823889
0.33397466,75,289.838117
0.30477703,75,289.839204
0.33527154,75,289.840443
0.34606433,75,289.841432
0.32734573,75,289.866007
0.33296427,75,289.869611
0.3527209,75,289.890539
0.3354125,75,289.891568
0.30387732,75,289.904791
0.35060385,75,289.905611
0.34881067,75,289.906544
0.32870436,75,289.907439
0.3614889,75,289.930921
0.3491916,75,289.934356
0.3388881,75,289.954203
0.35247186,75,289.955135
0.34830132,75,289.96875
0.33815014,75,289.969567
0.3159969,75,289.970544
0.3089101,75,289.971323
0.31580493,75,289.996629
0.3273093,75,290.000215
0.33122626,75,290.02
0.31309056,75,290.020957
0.32099628,75,290.034509
0.3460281,75,290.035392
0.32110885,75,290.036295
0.35021207,75,290.037188
0.32111204,75,290.0609
0.3356381,75,290.06425
0.33227238,75,290.083372
0.3200928,75,290.08427
0.3373284,75,290.097897
0.35628667,75,290.09889
0.32743153,75,290.09969
0.33071703,75,290.100598
0.31628913,75,290.124431
0.3491248,75,290.127824
0.32221413,75,290.147237
0.34483036,75,290.148156
0.33059177,75,290.161483
0.31969067,75,290.162443
0.33139634,75,290.163247
0.28774625,75,290.164081
0.35016346,75,290.187641
0.32496843,75,290.191044
0.3424701,75,290.210725
0.3336697,75,290.211529
0.35942656,75,290.224934
0.34102726,75,290.225933
0.32355723,75,290.226727
0.34236744,75,290.227576
0.35249305,75,290.251275
0.33590183,75,290.254585
0.37183896,75,290.274323
0.29939398,75,290.275174
0.31662583,75,290.288526
0.30896845,75,290.289405
0.29304802,75,290.290195
0.33540642,75,290.290995
0.34851417,75,290.31365
0.33841679,75,290.316948
0.32197,75,290.335558
0.3542582,75,290.336343
0.31445318,75,291.090273
0.33446628,75,291.091228
0.3636931,75,291.092158
0.32863694,75,291.093107
0.33607996,75,291.117039
0.33961314,75,291.120211
0.31104082,75,291.139485
0.3183078,75,291.140397
0.31661853,75,291.153603
0.32704076,75,291.154618
0.3327274,75,291.155416
0.33750346,75,291.15629
0.3526004,75,291.180005
0.36620674,75,291.183456
0.347729,75,291.202174
0.34580073,75,291.203034
0.3562285,75,291.216272
0.35259512,75,291.217135
0.36301896,75,291.21804
0.31884274,75,291.218884
0.31939283,75,291.242353
0.31579506,75,291.245715
0.32801196,75,291.264413
0.34423462,75,291.265204
0.28681406,75,291.278331
0.33564302,75,291.279243
0.31733394,75,291.280058
0.3297132,75,291.280919
0.3475435,75,291.304972
0.33626065,75,291.308417
0.33720675,75,291.328049
0.34388587,75,291.328973
0.3748786,75,291.34239
0.3160184,75,291.343246
0.33198592,75,291.344081
0.30997404,75,291.344824
0.36154306,75,291.368158
0.34806022,75,291.37154
0.3644864,75,291.392608
0.2936079,75,291.393577
0.30035976,75,291.406936
0.3286736,75,291.40789
0.31442147,75,291.408836
0.30948967,75,291.40968
0.31655538,75,291.433278
0.33558422,75,291.436574
0.33493754,75,291.456037
0.3314399,75,291.457035
0.32182613,75,291.470347
0.34868905,75,291.471276
0.3489616,75,291.47221
0.30266398,75,291.473102
0.29821256,75,291.496668
0.35812956,75,291.500115
0.3337769,75,291.518722
0.36215526,75,291.519646
0.30485627,75,291.53293
0.31808278,75,291.533828
0.31905198,75,291.534833
0.36363918,75,291.535749
0.33298245,75,291.559687
0.34580627,75,291.562934
0.34945926,75,291.582133
0.3609235,75,291.582982
0.33620733,75,291.596182
0.36427075,75,291.597054
0.31334144,75,291.597909
0.33306628,75,291.59877
0.34814942,75,291.621626
0.36039674,75,291.625307
0.32925004,75,291.643772
0.3029894,75,291.644631
0.34899503,75,291.658187
0.3068568,75,291.659137
0.35127693,75,291.659984
0.32966784,75,291.660802
0.3413909,75,291.68419
0.31690517,75,291.687645
0.3430974,75,291.707755
0.31904173,75,291.7087
0.33327192,75,291.722742
0.3433045,75,291.723642
0.34560966,75,291.72453
0.34446597,75,291.725402
0.352975,75,291.749126
0.35410264,75,291.753203
0.34821597,75,291.773521
0.35546744,75,291.774448
0.30947214,75,291.788361
0.3528583,75,291.789369
0.34314805,75,291.790186
0.3432269,75,291.791102
0.3160361,75,291.815198
0.32802403,75,291.818431
0.34819975,75,291.838431
0.34375247,75,291.839363
0.36134702,75,291.853348
0.3415381,75,291.854304
0.34814018,75,291.855279
0.37000865,75,291.856216
0.3466749,75,291.881195
0.34991416,75,291.884738
0.32577395,75,291.904964
0.29368922,75,291.905807
0.33208716,75,291.919663
0.33326736,75,291.920589
0.3052397,75,291.921461
0.34859866,75,291.922329
0.33146822,75,291.945552
0.28868806,75,291.949087
0.33946243,75,291.968854
0.3473669,75,291.969734
0.3584031,75,291.983001
0.3284983,75,291.983911
0.35420835,75,291.984807
0.33361676,75,291.985655
0.3303173,75,292.009222
0.30723202,75,292.012629
0.3503106,75,292.032112
0.3461305,75,292.032969
0.32748455,75,292.046517
0.3289349,75,292.047592
0.31138766,75,292.048544
0.35681322,75,292.049413
0.27278617,75,292.072346
0.32902864,75,292.075747
0.35233665,75,292.095629
0.36091048,75,292.096489
0.34234226,75,292.109649
0.33805057,75,292.11056
0.3265683,75,292.111374
0.31468257,75,292.112335
0.3481597,75,292.135824
0.3220102,75,292.139063
0.36276886,75,292.158143
0.32848108,75,292.159168
0.3403562,75,292.172667
0.3394812,75,292.173629
0.35061166,75,292.174435
0.32252422,75,292.175208
0.36473677,75,292.198993
0.3337534,75,292.202262
0.327597,75,292.221407
0.34992215,75,292.222286
0.3254044,75,292.235643
0.3347754,75,292.236496
0.31511554,75,292.237388
0.30166718,75,292.238155
0.35958147,75,292.26215
0.35580918,75,292.265616
0.32276586,75,292.284279
0.3625565,75,292.285159
0.33937955,75,292.29885
0.36006364,75,292.299836
0.334137,75,292.30081
0.33184218,75,292.301713
0.3506261,75,292.325417
0.3507491,75,292.328792
0.32605323,75,292.348535
0.33260572,75,292.349375
0.333873,75,292.363145
0.3121192,75,292.363965
0.3608335,75,292.364859
0.31525952,75,292.365834
0.31160563,75,292.389352
0.34256044,75,292.392802
0.3653905,75,292.411545
0.33300638,75,292.412377
0.3580463,75,292.426205
0.33035338,75,292.427079
0.2897953,75,292.427983
0.3339221,75,292.428748
0.34777486,75,292.452285
0.31176353,75,292.455513
0.36467573,75,292.47438
0.29475155,75,292.475303
0.3450249,75,292.488617
0.33091074,75,292.489434
0.34472075,75,292.490339
0.3199493,75,292.491262
0.32368457,75,292.514576
0.33605993,75,292.518379
0.34897265,75,292.538797
0.35219392,75,292.539745
0.32164136,75,292.552999
0.32593518,75,292.553956
0.31946048,75,292.554898
0.3187609,75,292.555756
0.33998188,75,292.579825
0.3463956,75,292.584661
0.34216422,75,292.604881
0.30562913,75,292.605822
0.3427283,75,292.618755
0.3177482,75,292.619709
0.333779,75,292.620579
0.3556058,75,292.621487
0.30063623,75,292.644743
0.35846353,75,292.64813
0.27000314,75,292.667115
0.33731616,75,292.667954
0.31082827,75,292.680992
0.33605143,75,292.681902
0.3308735,75,292.682791
0.32807264,75,292.683662
0.35009167,75,292.706508
0.3536394,75,292.709725
0.32921016,75,292.729627
0.36019596,75,292.730564
0.36734018,75,292.744588
0.3268405,75,292.745503
0.3540168,75,292.746316
0.34586298,75,292.747087
0.3304951,75,292.770888
0.33912668,75,292.774111
0.3306797,75,292.793761
0.34581965,75,292.79475
0.31703395,75,292.808138
0.31053808,75,292.80905
0.3553971,75,292.809852
0.35344946,75,292.810752
0.3377725,75,293.570675
0.35871056,75,293.574067
0.35750827,75,293.593536
0.30855635,75,293.594518
0.36478412,75,293.607756
0.34908122,75,293.608688
0.3494337,75,293.609575
0.32788274,75,293.610439
0.30949795,75,293.633855
0.37055078,75,293.637283
0.34455925,75,293.656611
0.34546334,75,293.657407
0.35625657,75,293.670186
0.3408497,75,293.671031
0.34688854,75,293.671959
0.34202656,75,293.672832
0.29641613,75,293.6958
0.3195005,75,293.699193
0.30847,75,293.71797
0.3464138,75,293.718844
0.35963222,75,293.732042
0.35492656,75,293.733031
0.32409355,75,293.733816
0.32380491,75,293.734592
0.3575641,75,293.757186
0.30183384,75,293.760451
0.32718858,75,293.780168
0.31021568,75,293.781104
0.3086679,75,293.794671
0.35750678,75,293.795563
0.3550177,75,293.796494
0.34098208,75,293.797376
0.33715543,75,293.820586
0.35493228,75,293.824126
0.3348877,75,293.843348
0.3396089,75,293.844266
0.3337204,75,293.858467
0.33810216,75,293.859676
0.32470515,75,293.860762
0.35521382,75,293.861647
0.3194709,75,293.885547
0.37669972,75,293.889246
0.3298328,75,293.908837
0.3721947,75,293.909685
0.35135627,75,293.923307
0.3362215,75,293.924273
0.3079929,75,293.925159
0.32155547,75,293.926066
0.3378709,75,293.949859
0.34491518,75,293.953382
0.33175492,75,293.973445
0.32618868,75,293.974377
0.35050932,75,293.988768
0.3486118,75,293.989644
0.32349184,75,293.990453
0.3040568,75,293.991318
0.30318254,75,294.015346
0.3265919,75,294.018833
0.3273983,75,294.038577
0.29314214,75,294.03944
0.31549767,75,294.053297
0.34500703,75,294.054274
0.33371982,75,294.055083
0.2944417,75,294.055964
0.34605938,75,294.079772
0.3323538,75,294.083172
0.33764392,75,294.102944
0.3652729,75,294.10379
0.3557189,75,294.117707
0.31775194,75,294.118648
0.34650725,75,294.119464
0.34105566,75,294.120307
0.28930974,75,294.144622
0.3233238,75,294.147877
0.3674463,75,294.167967
0.35033458,75,294.168852
0.3651676,75,294.182441
0.3329151,75,294.183409
0.37025994,75,294.184364
0.32003707,75,294.185255
0.32496402,75,294.209007
0.31229255,75,294.212174
0.32704479,75,294.23231
0.33188674,75,294.233157
0.3353958,75,294.247416
0.34781125,75,294.248335
0.32670403,75,294.249244
0.33526167,75,294.250162
0.35747102,75,294.274278
0.35773352,75,294.27752
0.3558119,75,294.297345
0.33270046,75,294.29824
0.33246642,75,294.311297
0.31314832,75,294.312287
0.32617363,75,294.313157
0.32860216,75,294.313969
0.28550923,75,294.337843
0.31736314,75,294.341429
0.35157636,75,294.360906
0.3144646,75,294.361759
0.3522434,75,294.375052
0.3268177,75,294.375971
0.34688607,75,294.376915
0.3402863,75,294.377785
0.34223905,75,294.40236
0.3481468,75,294.40597
0.36139178,75,294.424826
0.30611476,75,294.425786
0.37174165,75,294.438841
0.33984149,75,294.439714
0.36855096,75,294.440619
0.35816762,75,294.441528
0.32149562,75,294.46539
0.3504638,75,294.468582
0.3451123,75,294.487796
0.33064577,75,294.488706
0.31368428,75,294.501818
0.33827555,75,294.502611
0.36418745,75,294.503436
0.3207791,75,294.504364
0.3371383,75,294.527929
0.32345805,75,294.531519
0.3300085,75,294.550256
0.32711607,75,294.5512
0.3013627,75,294.565238
0.36334187,75,294.566146
0.35154885,75,294.567147
0.33447775,75,294.568111
0.36197734,75,294.592201
0.35155034,75,294.595867
0.34558433,75,294.615168
0.3227012,75,294.616056
0.3252615,75,294.629198
0.32498845,75,294.630012
0.3254509,75,294.630849
0.3322257,75,294.631817
0.35063317,75,294.655893
0.36172512,75,294.659402
0.3579071,75,294.678475
0.36438933,75,294.679355
0.354913,75,294.692868
0.35100782,75,294.693666
0.34778786,75,294.694491
0.31873563,75,294.695327
0.35423166,75,294.719046
0.33879483,75,294.72234
0.29169023,75,294.740979
0.31868798,75,294.741902
0.32066566,75,294.755231
0.3210977,75,294.756253
0.3199694,75,294.757288
0.32728,75,294.758169
0.34218952,75,294.781398
0.3819651,75,294.784806
0.35212106,75,294.803505
0.32321215,75,294.804322
0.3243317,75,294.817332
0.31492138,75,294.818203
0.31591952,75,294.819098
0.3129804,75,294.819957
0.33680165,75,294.843522
0.33119628,75,294.847016
0.35244358,75,294.866286
0.34202468,75,294.86718
0.36423177,75,294.880289
0.3595844,75,294.881133
0.3247925,75,294.882021
0.36423388,75,294.88288
0.32143903,75,294.90612
0.31383613,75,294.909635
0.34727576,75,294.929521
0.33342597,75,294.930364
0.31633568,75,294.943606
0.35897693,75,294.944531
0.3358149,75,294.945338
0.3626331,75,294.946219
0.3396798,75,294.969974
0.35891488,75,294.973361
0.32159328,75,294.992576
0.33663496,75,294.993423
0.2729168,75,295.006374
0.30662894,75,295.00733
0.32343882,75,295.008248
0.32190785,75,295.009171
0.33912045,75,295.032478
0.3620805,75,295.035798
0.3287143,75,295.054569
0.35741797,75,295.055368
0.33641163,75,295.068572
0.3131828,75,295.069388
0.36101887,75,295.070249
0.34955004,75,295.071084
0.36002186,75,295.094675
0.37027827,75,295.09809
0.340243,75,295.117408
0.35420588,75,295.118387
0.34644425,75,295.132572
0.30192956,75,295.133487
0.36083853,75,295.134468
0.31495607,75,295.135285
0.35564506,75,295.158651
0.31617707,75,295.162091
0.34406087,75,295.181853
0.32849103,75,295.1829
0.32539916,75,295.196486
0.34077662,75,295.197291
0.3048191,75,295.198154
0.34222537,75,295.199003
0.35640073,75,295.222703
0.31857207,75,295.22623
0.3465559,75,295.245203
0.3412515,75,295.246089
0.31708843,75,295.259272
0.33877376,75,295.260137
0.34353465,75,295.26093
0.314693,75,295.261817
0.33158806,75,295.285112
0.3214857,75,296.032805
0.3003192,75,296.052797
0.34158608,75,296.053711
0.33068696,75,296.067416
0.3464179,75,296.068293
0.3302331,75,296.06921
0.3412228,75,296.070025
0.35173634,75,296.093743
0.35660166,75,296.097184
0.34880218,75,296.116336
0.37057984,75,296.117259
0.30487698,75,296.131903
0.31952912,75,296.132921
0.32535136,75,296.133931
0.35040796,75,296.134809
0.31385267,75,296.158924
0.3589832,75,296.162238
0.32745522,75,296.18128
0.36497146,75,296.182267
0.32114166,75,296.195329
0.35035172,75,296.196214
0.31081104,75,296.197063
0.31911668,75,296.197935
0.35088977,75,296.221336
0.35308588,75,296.224898
0.34010476,75,296.244699
0.33792558,75,296.245653
0.34953758,75,296.259613
0.29878938,75,296.260522
0.31381246,75,296.261441
0.34821212,75,296.262423
0.314944,75,296.285934
0.35330263,75,296.289508
0.32089883,75,296.309303
0.3152352,75,296.310197
0.30999997,75,296.323911
0.33036497,75,296.324827
0.35807526,75,296.325622
0.35037398,75,296.326542
0.3476601,75,296.350828
0.35020828,75,296.354771
0.3575098,75,296.373971
0.37437552,75,296.374846
0.35110593,75,296.388239
0.30371517,75,296.389099
0.36905307,75,296.390092
0.37746888,75,296.390992
0.31050092,75,296.414317
0.34275615,75,296.417819
0.2964552,75,296.437467
0.34193435,75,296.438324
0.3437056,75,296.451328
0.35366988,75,296.452273
0.35873502,75,296.453184
0.33718306,75,296.454085
0.32452098,75,296.477206
0.32845646,75,296.480377
0.3311338,75,296.499496
0.3621874,75,296.500372
0.3203439,75,296.51371
0.33759627,75,296.514639
0.33144382,75,296.515635
0.31187218,75,296.516828
0.3462647,75,296.541096
0.3285597,75,296.544219
0.34610143,75,296.56375
0.31708863,75,296.564713
0.3511611,75,296.578555
0.36178097,75,296.579557
0.32016316,75,296.580611
0.3178146,75,296.58165
0.33420226,75,296.605101
0.32221726,75,296.608421
0.33316985,75,296.62785
0.32395625,75,296.628752
0.32810193,75,296.642745
0.32126182,75,296.643691
0.3585127,75,296.644681
0.35443497,75,296.645757
0.34265155,75,296.670275
0.294976,75,296.673806
0.30730495,75,296.694223
0.35593668,75,296.695054
0.34393647,75,296.708854
0.31960213,75,296.709745
0.33785093,75,296.710662
0.3429693,75,296.711664
0.35363096,75,296.737031
0.33402455,75,296.740843
0.3317078,75,296.760593
0.34634364,75,296.761458
0.3133975,75,296.77512
0.3180927,75,296.776084
0.2931671,75,296.776989
0.3407554,75,296.77785
0.33157942,75,296.802109
0.37048355,75,296.805573
0.32054526,75,296.825644
0.3217739,75,296.82648
0.2954669,75,296.839848
0.3564175,75,296.840738
0.34579286,75,296.84169
0.33346027,75,296.842538
0.3406031,75,296.865924
0.3197277,75,296.869118
0.3437162,75,296.888596
0.35647896,75,296.889485
0.33514664,75,296.902519
0.32809997,75,296.903408
0.3346329,75,296.904321
0.33173844,75,296.905159
0.32071397,75,296.929004
0.35336146,75,296.932334
0.275239,75,296.951722
0.34334603,75,296.952795
0.31410453,75,296.96665
0.32101268,75,296.967637
0.35562325,75,296.968581
0.3382169,75,296.969442
0.2960122,75,296.993141
0.3372223,75,296.99659
0.33866918,75,297.016354
0.3556889,75,297.017185
0.35692227,75,297.030694
0.34421453,75,297.031591
0.3003338,75,297.03241
0.35656777,75,297.033346
0.34662008,75,297.05687
0.33852664,75,297.060249
0.32940894,75,297.079021
0.3780168,75,297.079828
0.36055353,75,297.093093
0.31657732,75,297.094042
0.29996714,75,297.09484
0.32856655,75,297.095708
0.37427324,75,297.118949
0.30166522,75,297.12233
0.35741663,75,297.141162
0.31083247,75,297.142047
0.3300871,75,297.155372
0.37292275,75,297.156287
0.32435995,75,297.157189
0.33018667,75,297.158073
0.34993652,75,297.181399
0.33746022,75,297.184859
0.3651325,75,297.204477
0.33064532,75,297.205456
0.37209794,75,297.218755
0.3349689,75,297.219708
0.34878546,75,297.220672
0.3300081,75,297.221538
0.28692615,75,297.244973
0.3388342,75,297.24829
0.36946476,75,297.267116
0.3230791,75,297.267918
0.32981294,75,297.281112
0.32624224,75,297.282074
0.34498242,75,297.283055
0.3615558,75,297.283969
0.34891927,75,297.307041
0.32979208,75,297.310592
0.35123783,75,297.33035
0.34545028,75,297.331319
0.35044098,75,297.34539
0.35964546,75,297.346283
0.38293985,75,297.347141
0.3120213,75,297.347999
0.36266452,75,297.372144
0.3450591,75,297.375575
0.3104954,75,297.39376
0.35448068,75,297.394617
0.36196563,75,297.409003
0.32487863,75,297.40997
0.35606697,75,297.410863
0.328615,75,297.411724
0.31656858,75,297.437456
0.35252157,75,297.441075
0.35026196,75,297.462833
0.36554053,75,297.463939
0.33187577,75,297.477736
0.33265734,75,297.478641
0.33221912,75,297.479576
0.36322063,75,297.480426
0.3547085,75,297.504708
0.3243935,75,297.508294
0.34053567,75,297.527957
0.35252324,75,297.528858
0.34329408,75,297.542151
0.30761263,75,297.543051
0.32819352,75,297.543901
0.3190617,75,297.544719
0.34705538,75,297.568129
0.34893808,75,297.571446
0.34377524,75,297.590473
0.34458572,75,297.591318
0.35824084,75,297.604361
0.36622003,75,297.605203
0.33832902,75,297.606068
0.35626203,75,297.606831
0.35412177,75,297.630307
0.31402168,75,297.633838
0.37980926,75,297.653
0.34458238,75,297.653893
0.32709205,75,297.667176
0.38016427,75,297.668055
0.2945343,75,297.668945
0.33285302,75,297.669759
0.3411911,75,297.693687
0.35302004,75,297.696933
0.34733495,75,297.716217
0.31105295,75,297.717044
0.36841112,75,297.730548
0.33375573,75,297.731426
0.36353606,75,297.732353
0.3285678,75,297.733216
0.32812107,75,297.756661
0.3292318,75,297.760096
0.33102685,75,298.533022
0.3472466,75,298.534035
0.3173403,75,298.547903
0.35517055,75,298.548875
0.36502773,75,298.54984
0.3435339,75,298.550769
0.29849938,75,298.57473
0.3273417,75,298.578294
0.33744928,75,298.597581
0.33719134,75,298.598468
0.33750775,75,298.612129
0.31257978,75,298.612948
0.31943887,75,298.613861
0.3558941,75,298.614741
0.31508705,75,298.637922
0.34243998,75,298.641075
0.30952734,75,298.659079
0.3603535,75,298.659871
0.321591,75,298.67307
0.34956095,75,298.673939
0.35033128,75,298.674808
0.36988702,75,298.675667
0.36335608,75,298.69875
0.38352945,75,298.70214
0.36355245,75,298.721068
0.35371825,75,298.721969
0.34093142,75,298.734985
0.33165982,75,298.735804
0.31631032,75,298.736608
0.3418533,75,298.737418
0.37375006,75,298.760519
0.35849056,75,298.763727
0.3277001,75,298.783324
0.34450993,75,298.784223
0.3488359,75,298.79758
0.3281636,75,298.79847
0.34120408,75,298.799399
0.3502789,75,298.800293
0.3371953,75,298.823776
0.32016864,75,298.827052
0.3639659,75,298.846362
0.353239,75,298.847258
0.35156986,75,298.861351
0.2938443,75,298.86228
0.34404182,75,298.863247
0.35858038,75,298.864123
0.3399719,75,298.887816
0.36114934,75,298.891443
0.33148268,75,298.910819
0.3564776,75,298.911728
0.2967224,75,298.924904
0.36460888,75,298.925772
0.31746742,75,298.926707
0.34815606,75,298.927591
0.3271667,75,298.951307
0.32227245,75,298.954578
0.34211248,75,298.973303
0.34741998,75,298.97417
0.3332318,75,298.987638
0.34819615,75,298.988481
0.3308378,75,298.989312
0.32672492,75,298.99018
0.34847343,75,299.012916
0.36324167,75,299.016143
0.36207953,75,299.035113
0.35728565,75,299.035906
0.36514917,75,299.048961
0.3595961,75,299.049802
0.3321849,75,299.050643
0.35672197,75,299.051484
0.3703604,75,299.075555
0.36658847,75,299.07884
0.31340492,75,299.09872
0.3305558,75,299.099672
0.3671841,75,299.112779
0.33517927,75,299.113724
0.3378284,75,299.114657
0.32756636,75,299.115623
0.36316863,75,299.140732
0.36855736,75,299.144246
0.37224805,75,299.164831
0.33047667,75,299.165832
0.3517927,75,299.179456
0.34624767,75,299.18039
0.36378452,75,299.181268
0.3132195,75,299.182709
0.3514391,75,299.208447
0.3394251,75,299.211716
0.34156317,75,299.231283
0.36815235,75,299.232173
0.31507722,75,299.245578
0.32187593,75,299.246402
0.3220621,75,299.247287
0.33168355,75,299.248152
0.32866055,75,299.271539
0.34474486,75,299.275064
0.34434038,75,299.294276
0.33535796,75,299.295054
0.37001625,75,299.308758
0.34058383,75,299.309736
0.3697844,75,299.310739
0.33597514,75,299.311704
0.36979315,75,299.334932
0.3377837,75,299.338181
0.32820225,75,299.357255
0.36665374,75,299.35816
0.3159847,75,299.37146
0.3345686,75,299.372385
0.36337918,75,299.373211
0.34881914,75,299.374118
0.3377722,75,299.397751
0.3548313,75,299.401034
0.36317354,75,299.420225
0.32441986,75,299.421094
0.3497497,75,299.434319
0.33593333,75,299.435254
0.3459272,75,299.436139
0.3108586,75,299.437042
0.3162435,75,299.460693
0.35193595,75,299.464124
0.36945412,75,299.48368
0.36210167,75,299.484512
0.34175816,75,299.498066
0.34844515,75,299.499061
0.33045053,75,299.499968
0.3131317,75,299.500883
0.34866175,75,299.524134
0.3302028,75,299.527384
0.36098528,75,299.546238
0.33938572,75,299.547098
0.35411054,75,299.560306
0.3560738,75,299.561145
0.34053004,75,299.562068
0.35954493,75,299.562876
0.3802627,75,299.586835
0.3077156,75,299.590413
0.3468454,75,299.609965
0.34200826,75,299.610828
0.35140553,75,299.624647
0.3443922,75,299.625529
0.33232954,75,299.62648
0.35514486,75,299.62726
0.32181835,75,299.650053
0.324245,75,299.653553
0.34606156,75,299.672548
0.378249,75,299.673615
0.3375541,75,299.686853
0.36557248,75,299.687863
0.34158742,75,299.688766
0.31524038,75,299.689676
0.34398142,75,299.713071
0.3515108,75,299.716464
0.34178063,75,299.736479
0.35545352,75,299.73747
0.3508477,75,299.750256
0.33859086,75,299.751193
0.3417126,75,299.752108
0.35712552,75,299.753012
0.36792326,75,299.776545
0.35751396,75,299.779872
0.36537638,75,299.799281
0.3644162,75,299.800125
0.36013,75,299.813473
0.3266854,75,299.814303
0.32710114,75,299.815162
0.36816826,75,299.815952
0.35549182,75,299.839283
0.32730147,75,299.842545
0.35506728,75,299.861608
0.32933474,75,299.862521
0.3629749,75,299.875711
0.34681866,75,299.876507
0.37187442,75,299.877372
0.3526957,75,299.878203
0.33429104,75,299.901773
0.3423733,75,299.905192
0.2996925,75,299.924388
0.3425588,75,299.925213
0.33569148,75,299.93827
0.35837996,75,299.939267
0.29799348,75,299.940302
0.37668806,75,299.941158
0.31584823,75,299.965312
0.3702974,75,299.968876
0.32880133,75,299.988229
0.29145625,75,299.989219
0.36472213,75,300.002889
0.339961,75,300.003819
0.35053018,75,300.00473
0.35439098,75,300.005659
0.3569905,75,300.029653
0.36831343,75,300.033291
0.3585898,75,300.052995
0.3372272,75,300.053981
0.36909243,75,300.067964
0.35255563,75,300.068859
0.32495424,75,300.069644
0.33032224,75,300.070559
0.33915555,75,300.094378
0.35769027,75,300.097553
0.34093583,75,300.11663
0.3636046,75,300.117599
0.34853438,75,300.13126
0.35741052,75,300.132476
0.3493533,75,300.133532
0.36463603,75,300.134335
0.3516521,75,300.158556
0.33679718,75,300.161774
0.35403907,75,300.180762
0.3575945,75,300.181641
0.34591374,75,300.195551
0.34455004,75,300.196474
0.3393063,75,300.197412
0.33579552,75,300.198308
0.34765792,75,300.221631
0.33889344,75,300.225107
0.36892736,75,300.243925
0.33513606,75,300.244832
0.36568567,75,300.258121
0.35132626,75,300.259039
0.30661032,75,300.259912
0.34630457,75,300.260798
0.33553362,75,301.086467
0.3613643,75,301.090032
0.34574822,75,301.109247
0.3553162,75,301.110076
0.3431559,75,301.12358
0.3597667,75,301.124461
0.2960791,75,301.125453
0.34172934,75,301.126329
0.30759525,75,301.15106
0.30803066,75,301.154658
0.37522733,75,301.17355
0.32410228,75,301.174425
0.352736,75,301.188206
0.3547182,75,301.189112
0.3576262,75,301.18996
0.34483376,75,301.190714
0.31099114,75,301.215244
0.35387275,75,301.218779
0.2943635,75,301.238535
0.31116736,75,301.239466
0.35797694,75,301.253262
0.32854545,75,301.254141
0.33573657,75,301.254968
0.3052973,75,301.255862
0.36834306,75,301.280109
0.29550377,75,301.283301
0.3419602,75,301.302946
0.3592544,75,301.303802
0.38237426,75,301.317358
0.35356742,75,301.318274
0.3797609,75,301.319141
0.36069325,75,301.319976
0.3540324,75,301.344503
0.3262197,75,301.347859
0.34220338,75,301.367704
0.3486762,75,301.368641
0.3374942,75,301.3821
0.3236281,75,301.383154
0.3525272,75,301.384024
0.32363036,75,301.38493
0.3407055,75,301.408689
0.3425495,75,301.412013
0.3490823,75,301.43113
0.3285592,75,301.432013
0.3445037,75,301.445866
0.3452322,75,301.446789
0.3214835,75,301.447715
0.36498114,75,301.448607
0.35634458,75,301.473219
0.35198617,75,301.476749
0.3492316,75,301.496511
0.31904438,75,301.497371
0.37078497,75,301.510582
0.34557256,75,301.511375
0.35065123,75,301.512386
0.33080238,75,301.513238
0.35554293,75,301.536961
0.35142285,75,301.540244
0.33450207,75,301.559514
0.37553754,75,301.560412
0.33741954,75,301.573635
0.3515956,75,301.574541
0.3679506,75,301.575415
0.37038332,75,301.576202
0.34476602,75,301.600483
0.29446518,75,301.603732
0.353485,75,301.623189
0.35998675,75,301.624258
0.32805,75,301.637757
0.3582438,75,301.638628
0.35803336,75,301.63949
0.33717048,75,301.640364
0.35748398,75,301.664915
0.33301994,75,301.668472
0.36597192,75,301.688687
0.36306217,75,301.689719
0.36912766,75,301.704149
0.34220532,75,301.705053
0.3268335,75,301.705904
0.36500794,75,301.70675
0.31268236,75,301.729328
0.332764,75,301.732921
0.35097775,75,301.752213
0.3510133,75,301.75311
0.37657064,75,301.766419
0.35609838,75,301.767311
0.37090155,75,301.768267
0.3552553,75,301.769161
0.32867315,75,301.793302
0.37674674,75,301.79688
0.36931086,75,301.816599
0.34547266,75,301.817476
0.35254854,75,301.831967
0.31207305,75,301.832987
0.36634582,75,301.833829
0.31386673,75,301.834684
0.36085293,75,301.859289
0.33827645,75,301.862683
0.3488364,75,301.882534
0.35653237,75,301.88344
0.34290093,75,301.898359
0.31618398,75,301.899362
0.36358473,75,301.900316
0.37224877,75,301.901197
0.3100375,75,301.927549
0.3501161,75,301.930973
0.34809896,75,301.951109
0.35147652,75,301.952278
0.32398632,75,301.965364
0.34145746,75,301.966156
0.33976206,75,301.966959
0.37066865,75,301.967777
0.34736523,75,301.989002
0.35486272,75,301.991974
0.35174122,75,302.009613
0.3080192,75,302.010458
0.32507646,75,302.022665
0.36605182,75,302.023576
0.36103153,75,302.024381
0.3111733,75,302.025167
0.37267163,75,302.045879
0.3174671,75,302.048902
0.33741018,75,302.0666
0.33182538,75,302.06745
0.35866433,75,302.079431
0.34553802,75,302.080211
0.348164,75,302.081031
0.34314182,75,302.081797
0.33932087,75,302.102823
0.35076985,75,302.105769
0.32037473,75,302.123193
0.3398183,75,302.124001
0.3453281,75,302.136455
0.3380034,75,302.137275
0.34537268,75,302.138058
0.3484316,75,302.138879
0.33816984,75,302.159715
0.32655427,75,302.162675
0.32468197,75,302.179504
0.34528562,75,302.18028
0.3177861,75,302.191977
0.35786033,75,302.192984
0.35112047,75,302.19393
0.3381896,75,302.194711
0.3742405,75,302.215562
0.32302272,75,302.218585
0.31933227,75,302.235702
0.35203266,75,302.236481
0.3611387,75,302.248364
0.36321175,75,302.249191
0.36597905,75,302.249944
0.3249387,75,302.250714
0.33757424,75,302.271721
0.34845904,75,302.274748
0.3296218,75,302.291847
0.3458524,75,302.29264
0.35084116,75,302.304626
0.3430027,75,302.305433
0.3611284,75,302.306177
0.31850022,75,302.306966
0.34949663,75,302.327389
0.35688335,75,302.330374
0.3305474,75,302.347406
0.34754243,75,302.348214
0.3409194,75,302.360587
0.27036577,75,302.361358
0.32692596,75,302.362162
0.3279057,75,302.362913
0.3719492,75,302.383202
0.33199045,75,302.386118
0.35015061,75,302.402843
0.36407104,75,302.403619
0.33682054,75,302.415158
0.2980317,75,302.415929
0.35084426,75,302.416672
0.33161664,75,302.417413
0.33039334,75,302.437704
0.37338823,75,302.440577
0.33353198,75,302.457292
0.33943918,75,302.458074
0.37162313,75,302.470495
0.35708565,75,302.471432
0.33298576,75,302.472215
0.3645945,75,302.472982
0.3430915,75,302.493779
0.37562314,75,302.496686
0.3537571,75,302.513476
0.32942075,75,302.514244
0.35759154,75,302.525932
0.32098353,75,302.526755
0.3424523,75,302.527676
0.3425317,75,302.528465
0.34456298,75,302.549945
0.36284724,75,302.553097
0.32359084,75,302.570208
0.36427313,75,302.571001
0.34385672,75,302.582957
0.3296129,75,302.583781
0.31685245,75,302.584592
0.34905648,75,302.585348
0.38057125,75,302.605669
0.3548517,75,302.608564
0.36656663,75,302.625146
0.32141277,75,302.625965
0.34532243,75,302.637579
0.35061377,75,302.638383
0.3555391,75,302.639121
0.36277005,75,302.639915
0.35878226,75,302.660635
0.33137158,75,302.663693
0.3048123,75,302.680806
0.34903184,75,302.681639
0.3720823,75,302.693512
0.35331783,75,302.694313
0.3417869,75,302.695053
0.3486415,75,302.695845
0.36767608,75,303.36077
0.32410008,75,303.363764
0.34489158,75,303.380509
0.37106088,75,303.381352
0.3499944,75,303.392967
0.31654257,75,303.393779
0.35786098,75,303.394569
0.38225564,75,303.395441
0.37899762,75,303.415967
0.34911674,75,303.418971
0.3472163,75,303.436606
0.3528329,75,303.437432
0.36129317,75,303.449108
0.3563921,75,303.449876
0.38133386,75,303.450922
0.35389712,75,303.451746
0.3482057,75,303.477989
0.30641794,75,303.480903
0.35698903,75,303.498348
0.38473913,75,303.49916
0.32085553,75,303.510777
0.29788393,75,303.511671
0.3778604,75,303.512497
0.35905483,75,303.513267
0.35027042,75,303.534464
0.3476293,75,303.537592
0.34309775,75,303.554805
0.3582265,75,303.555746
0.3491648,75,303.567653
0.3440518,75,303.56846
0.33935803,75,303.569215
0.3475002,75,303.570001
0.32333884,75,303.590422
0.37059665,75,303.593359
0.3556304,75,303.610307
0.35729367,75,303.611092
0.29328662,75,303.6226
0.3623464,75,303.623366
0.34851822,75,303.62411
0.37151182,75,303.624862
0.36417264,75,303.644915
0.31762967,75,303.647894
0.3461219,75,303.66558
0.35288796,75,303.666475
0.35548857,75,303.678293
0.35652554,75,303.679072
0.3700438,75,303.679844
0.37225956,75,303.680586
0.30143252,75,303.70145
0.3687121,75,303.704657
0.3555746,75,303.722435
0.3552289,75,303.723269
0.3434814,75,303.736132
0.35562283,75,303.737046
0.34158757,75,303.738045
0.3281805,75,303.738821
0.330041,75,303.759491
0.33299705,75,303.762411
0.3078658,75,303.779267
0.35298872,75,303.780081
0.35125098,75,303.792221
0.37751612,75,303.793101
0.36624867,75,303.793971
0.32934207,75,303.794766
0.31975922,75,303.815962
0.34849638,75,303.819061
0.33806112,75,303.836467
0.31099913,75,303.837282
0.33475378,75,303.848976
0.3713405,75,303.849774
0.36051345,75,303.85064
0.3572163,75,303.851437
0.36884028,75,303.872031
0.3811126,75,303.875003
0.35578832,75,303.891933
0.3645721,75,303.892743
0.36527878,75,303.904125
0.33737877,75,303.904899
0.36103576,75,303.905647
0.3483907,75,303.90639
0.36511967,75,303.926785
0.31681052,75,303.929961
0.3487472,75,303.946692
0.33847636,75,303.947455
0.33455458,75,303.95931
0.3258729,75,303.960117
0.34982643,75,303.960892
0.35159463,75,303.961632
0.35808006,75,303.982278
0.33080727,75,303.985307
0.3355847,75,304.002487
0.36322936,75,304.003267
0.328832,75,304.014735
0.33490685,75,304.015505
0.30996165,75,304.016254
0.36738083,75,304.017011
0.31639934,75,304.037954
0.33087507,75,304.041035
0.3631192,75,304.059799
0.32866588,75,304.060693
0.3027189,75,304.087509
0.34163982,75,304.090414
0.3690657,75,304.092935
0.3230993,75,304.096221
0.34436482,75,304.130819
0.31625625,75,304.134386
0.36890215,75,304.151743
0.34807295,75,304.152556
0.357036,75,304.165793
0.36202222,75,304.166659
0.310171,75,304.167566
0.3301024,75,304.168441
0.32302466,75,304.189411
0.32553518,75,304.192442
0.31702185,75,304.209632
0.34278357,75,304.210427
0.37504986,75,304.222227
0.325567,75,304.22311
0.36028123,75,304.223884
0.35250357,75,304.224643
0.3410173,75,304.244685
0.36609215,75,304.247704
0.33929604,75,304.266069
0.3361984,75,304.266934
0.37970197,75,304.278724
0.33539277,75,304.279528
0.37636793,75,304.280259
0.36005998,75,304.281017
0.36265215,75,304.302001
0.32791853,75,304.304999
0.36820602,75,304.321756
0.35426024,75,304.322567
0.33683974,75,304.334384
0.37046823,75,304.335141
0.37679344,75,304.335911
0.37151837,75,304.336652
0.33284867,75,304.357642
0.3082354,75,304.360733
0.33745956,75,304.377386
0.347821,75,304.378163
0.3343438,75,304.389696
0.37195092,75,304.390496
0.35692075,75,304.391286
0.34264898,75,304.392071
0.35208762,75,304.412976
0.35774952,75,304.415927
0.3726001,75,304.432959
0.35020754,75,304.43376
0.3482009,75,304.445372
0.36124724,75,304.446162
0.34850776,75,304.446932
0.32986647,75,304.447721
0.3289658,75,304.469542
0.33490023,75,304.47279
0.38451025,75,304.490543
0.37306637,75,304.491455
0.35359806,75,304.503216
0.34136003,75,304.503996
0.36350304,75,304.504796
0.3330438,75,304.505549
0.3343537,75,304.527145
0.33089384,75,304.53022
0.32474995,75,304.547633
0.3607745,75,304.548452
0.33450177,75,304.560271
0.3582192,75,304.561051
0.31711173,75,304.561846
0.36451894,75,304.562607
0.34016725,75,304.583784
0.35424685,75,304.586744
0.34769073,75,304.604345
0.3542215,75,304.60522
0.38136792,75,304.616921
0.30833265,75,304.617796
0.3596322,75,304.618584
0.34698254,75,304.619351
0.3207498,75,304.640184
0.35064584,75,304.643086
0.37073088,75,304.660723
0.37556615,75,304.661545
0.3338169,75,304.673324
0.34808055,75,304.674126
0.3645665,75,304.674945
0.36073798,75,304.67571
0.36631316,75,304.696959
0.36777407,75,304.700198
0.3677584,75,304.718255
0.37000206,75,304.719058
0.29517144,75,304.730563
0.34268218,75,304.731337
0.3526224,75,304.732145
0.35685974,75,304.7329
0.35983756,75,304.753114
0.35705316,75,304.756458
0.38279828,75,304.773093
0.32825357,75,304.773867
0.36201644,75,304.785544
0.3307769,75,304.78632
0.38300985,75,304.787089
0.35177973,75,304.78784
0.33243454,75,304.808745
0.32530487,75,304.811617
0.37643602,75,304.828793
0.36819947,75,304.82958
0.3619953,75,304.841495
0.34072676,75,304.84231
0.35721138,75,304.84308
0.34420928,75,304.843838
0.32600123,75,304.864949
0.31135827,75,304.867858
0.35649505,75,304.884604
0.33844346,75,304.885387
0.33503097,75,304.897375
0.3622036,75,304.898311
0.35234275,75,304.899117
0.31165642,75,304.899984
0.36232555,75,304.920788
0.3605471,75,304.924199
0.32688993,75,305.588468
0.32425103,75,305.589349
0.3400271,75,305.60101
0.36911026,75,305.601813
0.32494852,75,305.602566
0.33634102,75,305.603329
0.35960686,75,305.623847
0.36074516,75,305.626851
0.3579568,75,305.643551
0.37208802,75,305.644336
0.36728644,75,305.656585
0.37442866,75,305.657489
0.36193067,75,305.658331
0.31708103,75,305.659117
0.37394184,75,305.679646
0.3308207,75,305.682592
0.3504709,75,305.700072
0.34893256,75,305.700886
0.35854283,75,305.712538
0.36329627,75,305.713314
0.34121647,75,305.714107
0.3335098,75,305.715004
0.35032913,75,305.736211
0.2992811,75,305.739524
0.3447508,75,305.756481
0.35971355,75,305.75728
0.34717077,75,305.768878
0.36297375,75,305.769643
0.34584346,75,305.770447
0.3495381,75,305.771192
0.36547384,75,305.791594
0.35171622,75,305.794547
0.3444244,75,305.811076
0.3650749,75,305.81185
0.35693926,75,305.823331
0.35472178,75,305.824097
0.3746289,75,305.824848
0.37779406,75,305.825609
0.35383952,75,305.845841
0.35467157,75,305.848814
0.32806325,75,305.865736
0.3472469,75,305.866516
0.32001248,75,305.878144
0.37774137,75,305.878944
0.3497106,75,305.87968
0.36008868,75,305.880405
0.35494298,75,305.900681
0.3060938,75,305.90359
0.38356555,75,305.920393
0.35376456,75,305.921157
0.33710787,75,305.932677
0.35711655,75,305.933427
0.34367928,75,305.934172
0.3659386,75,305.934902
0.3187421,75,305.9554
0.3239261,75,305.958305
0.35495484,75,305.975121
0.35856137,75,305.975952
0.36319253,75,305.987855
0.3510954,75,305.988657
0.34445935,75,305.989456
0.34309214,75,305.990237
0.33439657,75,306.011246
0.33643153,75,306.014175
0.31138355,75,306.030721
0.3433111,75,306.031485
0.35999227,75,306.043008
0.3355915,75,306.04379
0.34467307,75,306.044585
0.3407397,75,306.045345
0.36699167,75,306.06551
0.35350153,75,306.068399
0.36808807,75,306.084971
0.3663925,75,306.085742
0.37312144,75,306.097307
0.36159363,75,306.098071
0.3384835,75,306.098874
0.3646253,75,306.099665
0.32150632,75,306.119917
0.353293,75,306.122848
0.353931,75,306.139677
0.35761094,75,306.140474
0.34997284,75,306.15184
0.3216187,75,306.15262
0.30497938,75,306.153459
0.33986825,75,306.154246
0.30068657,75,306.174519
0.37653005,75,306.177462
0.36940956,75,306.193931
0.38252437,75,306.194725
0.34974444,75,306.206264
0.32659665,75,306.207016
0.34996584,75,306.20782
0.3495201,75,306.208583
0.36493286,75,306.228828
0.3797913,75,306.231704
0.32152793,75,306.248491
0.3628347,75,306.249257
0.31828833,75,306.260771
0.32882172,75,306.261524
0.3341244,75,306.262281
0.32512295,75,306.263018
0.3384596,75,306.283449
0.3074864,75,306.286411
0.3489643,75,306.30331
0.3849893,75,306.304128
0.37476963,75,306.316228
0.3592478,75,306.317008
0.30956817,75,306.317805
0.29923812,75,306.318636
0.3020029,75,306.339455
0.36945757,75,306.342472
0.3358675,75,306.359691
0.28465992,75,306.360491
0.36652574,75,306.372049
0.34743726,75,306.372851
0.3280456,75,306.373678
0.35885933,75,306.374443
0.32804155,75,306.395313
0.33204666,75,306.398427
0.37334645,75,306.41547
0.35688615,75,306.41625
0.3543727,75,306.427834
0.32882962,75,306.428587
0.37290415,75,306.429333
0.3775044,75,306.430069
0.35829487,75,306.450473
0.36765677,75,306.453373
0.32310927,75,306.469862
0.34711844,75,306.470644
0.3269977,75,306.482311
0.37570858,75,306.483071
0.36027986,75,306.483861
0.38047317,75,306.484626
0.3680909,75,306.50487
0.30208674,75,306.507845
0.32931775,75,306.52463
0.33598801,75,306.525402
0.32835674,75,306.536988
0.31538334,75,306.53774
0.34613463,75,306.538498
0.29119158,75,306.539264
0.35929173,75,306.559357
0.37325197,75,306.56224
0.37081048,75,306.578826
0.33948457,75,306.579595
0.33199894,75,306.591118
0.37602532,75,306.591875
0.36861423,75,306.592676
0.35492277,75,306.593414
0.3599381,75,306.613385
0.33067518,75,306.616227
0.3516017,75,306.632921
0.3324449,75,306.633766
0.36396286,75,306.645238
0.35972178,75,306.645993
0.3490824,75,306.64676
0.34992734,75,306.647541
0.3577452,75,306.669578
0.3151954,75,306.672502
0.34118304,75,306.689687
0.3713992,75,306.690478
0.33572686,75,306.701963
0.3539784,75,306.702773
0.360653,75,306.703523
0.34710377,75,306.704254
0.3386656,75,306.724672
0.31453958,75,306.727796
0.38092545,75,306.746253
0.33432624,75,306.747056
0.34120497,75,306.759376
0.3615032,75,306.760163
0.31975895,75,306.760923
0.36606935,75,306.761665
0.37168634,75,306.782217
0.3361525,75,306.785188
0.33789343,75,306.801702
0.33753544,75,306.802482
0.29554015,75,306.814195
0.29365325,75,306.814959
0.34222034,75,306.815747
0.34833467,75,306.816476
0.35298905,75,306.836872
0.3688028,75,306.839816
0.33194423,75,306.856504
0.33316076,75,306.857295
0.36915764,75,306.868801
0.35257807,75,306.869556
0.37234855,75,306.870329
0.3229179,75,306.871095
0.36854595,75,306.891552
0.3325259,75,306.894481
0.37265456,75,306.910936
0.3571994,75,306.911696
0.35758266,75,306.923397
0.3653975,75,306.924184
0.37398827,75,306.92498
0.36484438,75,306.925736
0.3739695,75,306.945937
0.31243894,75,306.948817
0.3501619,75,306.965715
0.3485287,75,306.966496
0.316186,75,306.978158
0.34938604,75,306.978986
0.3407002,75,306.97981
0.33537427,75,306.980624
0.32835698,75,307.001772
0.34811297,75,307.004714
0.33756855,75,307.021653
0.3269481,75,307.022512
0.34797654,75,307.034792
0.37468076,75,307.035639
0.3609503,75,307.036406
0.3740155,75,307.037215
0.3641401,75,307.057864
0.3596065,75,307.060809
0.3613486,75,307.07745
0.34634876,75,307.07827
0.35733572,75,307.721717
0.36674163,75,307.722623
0.36744344,75,307.723459
0.34584028,75,307.724286
0.34478062,75,307.744949
0.33675978,75,307.747972
0.3220917,75,307.764843
0.3738405,75,307.765672
0.30711153,75,307.777254
0.30136117,75,307.778034
0.3399559,75,307.778816
0.3694041,75,307.779569
0.3309355,75,307.799662
0.35643125,75,307.802568
0.33595124,75,307.81912
0.3550128,75,307.819951
0.35988435,75,307.831612
0.3371351,75,307.832381
0.36526194,75,307.833179
0.31947953,75,307.833956
0.33422515,75,307.854246
0.35924703,75,307.857109
0.34066093,75,307.873627
0.32473516,75,307.874387
0.36804634,75,307.885883
0.38995984,75,307.886707
0.36195946,75,307.887504
0.36327133,75,307.888254
0.3538145,75,307.908026
0.3603326,75,307.910981
0.3677084,75,307.927728
0.35981902,75,307.928509
0.3720683,75,307.94009
0.37120268,75,307.940894
0.36175066,75,307.94168
0.34868783,75,307.942454
0.33315623,75,307.962855
0.34946707,75,307.965732
0.3266543,75,307.982365
0.364455,75,307.983171
0.30971724,75,307.994897
0.32696396,75,307.99572
0.34033102,75,307.996475
0.37224725,75,307.997218
0.38705713,75,308.017586
0.36300597,75,308.020665
0.31713793,75,308.037238
0.37454844,75,308.038001
0.34238774,75,308.049645
0.307048,75,308.050428
0.34454948,75,308.051217
0.36763573,75,308.051965
0.34881458,75,308.072351
0.32401296,75,308.075343
0.35683626,75,308.09197
0.35513705,75,308.092777
0.3603646,75,308.104221
0.36309692,75,308.104994
0.32539782,75,308.105751
0.34574372,75,308.106504
0.37991303,75,308.127266
0.32847103,75,308.130271
0.35399836,75,308.147067
0.33686927,75,308.147854
0.35723966,75,308.159533
0.37381867,75,308.160319
0.34593868,75,308.161059
0.35978988,75,308.161819
0.28434682,75,308.1822
0.33238703,75,308.185108
0.34843934,75,308.201808
0.37413853,75,308.202577
0.3382992,75,308.214103
0.3777336,75,308.214882
0.35220754,75,308.215688
0.3388335,75,308.216427
0.34854603,75,308.236714
0.33175686,75,308.239597
0.33278832,75,308.256127
0.33331695,75,308.256888
0.36999217,75,308.26856
0.35895637,75,308.269335
0.33599183,75,308.270123
0.36159486,75,308.270966
0.3319642,75,308.292255
0.3409371,75,308.295372
0.31660753,75,308.312314
0.35342777,75,308.313117
0.33954602,75,308.325928
0.352858,75,308.326744
0.3622236,75,308.327562
0.33675078,75,308.328402
0.37312505,75,308.350306
0.318076,75,308.353242
0.34496915,75,308.371556
0.35772368,75,308.372357
0.3452487,75,308.384526
0.37162882,75,308.385365
0.37207925,75,308.386186
0.32660916,75,308.386979
0.3549411,75,308.407508
0.3744315,75,308.410599
0.36910847,75,308.427757
0.33733582,75,308.428554
0.3412777,75,308.440462
0.33963582,75,308.441253
0.36257416,75,308.442079
0.36775884,75,308.44284
0.3642618,75,308.464638
0.36912882,75,308.467677
0.34486014,75,308.484845
0.34945855,75,308.485643
0.38384157,75,308.497712
0.3268162,75,308.498511
0.34293425,75,308.499311
0.35680437,75,308.500082
0.36188963,75,308.521199
0.35562295,75,308.524297
0.33488363,75,308.541913
0.36628276,75,308.542722
0.29402938,75,308.555106
0.36649206,75,308.555978
0.36520198,75,308.556799
0.3614609,75,308.557564
0.34394395,75,308.578385
0.36734882,75,308.58149
0.35977006,75,308.599106
0.33930165,75,308.599899
0.36347342,75,308.611552
0.34271935,75,308.612341
0.36241415,75,308.613088
0.34576184,75,308.613847
0.30991754,75,308.634704
0.36000663,75,308.637707
0.38215077,75,308.65477
0.33744952,75,308.655558
0.35286072,75,308.667133
0.33071652,75,308.667939
0.35651383,75,308.668721
0.32922715,75,308.669448
0.36405966,75,308.690123
0.35261026,75,308.693233
0.3461425,75,308.710065
0.358214,75,308.710862
0.37661743,75,308.723212
0.35790575,75,308.724014
0.3393566,75,308.72485
0.335094,75,308.725652
0.34026313,75,308.74654
0.32857728,75,308.749485
0.35059348,75,308.766873
0.28526837,75,308.767675
0.3418777,75,308.779179
0.37110004,75,308.779996
0.3641585,75,308.78078
0.36090738,75,308.781614
0.33072698,75,308.802795
0.34096193,75,308.806165
0.340093,75,308.823252
0.34780318,75,308.824037
0.33723396,75,308.835521
0.32361215,75,308.836326
0.34165677,75,308.837077
0.3525689,75,308.837813
0.3543718,75,308.858197
0.31473237,75,308.861114
0.35205132,75,308.877817
0.365565,75,308.878568
0.26441294,75,308.890062
0.32789966,75,308.890819
0.35415044,75,308.891565
0.33045253,75,308.892335
0.35057712,75,308.912697
0.35527465,75,308.915627
0.35283297,75,308.932281
0.34638736,75,308.933054
0.32571673,75,308.94466
0.38141838,75,308.945385
0.33372062,75,308.946156
0.33834606,75,308.946894
0.3655309,75,308.967131
0.35036838,75,308.970024
0.34532735,75,308.986599
0.3717076,75,308.987389
0.34923434,75,308.998967
0.3612345,75,308.999735
0.3450919,75,309.000477
0.35565904,75,309.001217
0.3212233,75,309.021582
0.34022054,75,309.024545
0.35651675,75,309.041078
0.37486434,75,309.041887
0.32902184,75,309.05334
0.31907886,75,309.054144
0.3511689,75,309.054913
0.3260702,75,309.055653
0.3326883,75,309.076579
0.3739448,75,309.079427
0.32591754,75,309.096579
0.37484673,75,309.097368
0.3525701,75,309.108866
0.30598578,75,309.109626
0.34582785,75,309.110384
0.3785505,75,309.111118
0.33256304,75,309.131246
0.37773743,75,309.134185
0.3630206,75,309.150775
0.34915352,75,309.15157
0.3461828,75,309.163249
0.30513987,75,309.163996
0.33017266,75,309.164765
0.30953586,75,309.165573
0.36714557,75,309.185778
0.32525188,75,309.188615
0.34244964,75,309.205216
0.3557587,75,309.205981
0.35831952,75,309.217426
0.34478697,75,309.218225
0.3856056,75,309.218991
0.36010545,75,309.219819
0.36629385,75,309.858811
0.33766198,75,309.861874
0.34880528,75,309.878923
0.36247143,75,309.879729
0.31453303,75,309.891468
0.30418038,75,309.892292
0.37011328,75,309.893099
0.328815,75,309.893859
0.33288625,75,309.914216
0.38126326,75,309.917207
0.29723155,75,309.933701
0.34899473,75,309.934479
0.34426948,75,309.946063
0.33591384,75,309.946822
0.36516604,75,309.9476
0.35694715,75,309.948338
0.3505577,75,309.968633
0.3486854,75,309.971542
0.34529805,75,309.988184
0.3100742,75,309.988955
0.30815792,75,310.000576
0.32814908,75,310.001359
0.36080238,75,310.002153
0.33146757,75,310.002894
0.34648293,75,310.023387
0.33137074,75,310.026332
0.3166001,75,310.042848
0.35637775,75,310.043616
0.35039157,75,310.055267
0.33484107,75,310.056071
0.371348,75,310.056822
0.34278443,75,310.057607
0.33800697,75,310.077942
0.3604302,75,310.080818
0.3468952,75,310.098284
0.3171376,75,310.099086
0.3458459,75,310.111173
0.30624035,75,310.111986
0.33553022,75,310.112901
0.32714316,75,310.113905
0.3482462,75,310.134393
0.36773974,75,310.137264
0.36067516,75,310.153982
0.35821944,75,310.154752
0.30749553,75,310.16663
0.38123676,75,310.167443
0.35988635,75,310.168217
0.34139007,75,310.168967
0.33706945,75,310.189214
0.3674461,75,310.19215
0.32772484,75,310.208753
0.3538057,75,310.209526
0.33454004,75,310.221239
0.36861065,75,310.221985
0.36754906,75,310.222731
0.37223342,75,310.223493
0.35656908,75,310.243979
0.3250118,75,310.247407
0.34035215,75,310.26383
0.3540547,75,310.2646
0.3546983,75,310.276116
0.34732234,75,310.276895
0.32750452,75,310.277666
0.35019904,75,310.278418
0.34059072,75,310.299138
0.3332856,75,310.302144
0.37561885,75,310.319264
0.3761793,75,310.320049
0.32691026,75,310.33223
0.3764782,75,310.333007
0.34347677,75,310.333814
0.36686063,75,310.334576
0.35241407,75,310.354957
0.31422898,75,310.358121
0.3684705,75,310.375131
0.36552417,75,310.375926
0.3462917,75,310.387699
0.36033127,75,310.388484
0.31924027,75,310.389264
0.3517412,75,310.390012
0.3312343,75,310.41045
0.3464912,75,310.413333
0.37738743,75,310.429893
0.3494613,75,310.430654
0.34583417,75,310.442065
0.36832297,75,310.442864
0.33239943,75,310.443647
0.3191079,75,310.444387
0.3458507,75,310.465505
0.3476257,75,310.468605
0.34730706,75,310.485411
0.35322335,75,310.486195
0.32406184,75,310.498097
0.35083658,75,310.498914
0.34811413,75,310.4997
0.31934956,75,310.500449
0.35883105,75,310.522008
0.3575048,75,310.524942
0.3556831,75,310.542078
0.33839652,75,310.542859
0.3149774,75,310.555094
0.3421649,75,310.555892
0.36776686,75,310.556759
0.34629595,75,310.557648
0.363228,75,310.578801
0.3248085,75,310.581963
0.35858256,75,310.599561
0.35397613,75,310.600366
0.34695458,75,310.612543
0.3685531,75,310.61336
0.3582011,75,310.614112
0.37472415,75,310.614861
0.34767488,75,310.636657
0.37798548,75,310.639888
0.32669336,75,310.657853
0.35836175,75,310.65869
0.353849,75,310.671919
0.32413715,75,310.672741
0.37489474,75,310.673563
0.30951378,75,310.674342
0.3652603,75,310.695346
0.37186414,75,310.698393
0.3384704,75,310.715438
0.37348786,75,310.716359
0.32777134,75,310.729221
0.32671875,75,310.730055
0.3640583,75,310.730822
0.35634816,75,310.731712
0.38093218,75,310.752976
0.34755346,75,310.75644
0.36603707,75,310.773526
0.33983922,75,310.774334
0.34527627,75,310.786515
0.34441134,75,310.787293
0.30094278,75,310.788093
0.3167791,75,310.78883
0.31494895,75,310.809018
0.34062356,75,310.811927
0.345273,75,310.828674
0.3817195,75,310.829437
0.32742065,75,310.84088
0.38095236,75,310.841678
0.32815045,75,310.842489
0.35780373,75,310.843234
0.3587312,75,310.864196
0.3158321,75,310.867089
0.35667104,75,310.883666
0.3497064,75,310.884468
0.32781193,75,310.896199
0.35416463,75,310.897073
0.37401092,75,310.89794
0.29361793,75,310.898717
0.33923128,75,310.919251
0.3355161,75,310.922467
0.37825906,75,310.940049
0.35089055,75,310.940852
0.37029505,75,310.952336
0.36671004,75,310.953235
0.36212528,75,310.954059
0.32641023,75,310.95481
0.34661967,75,310.975286
0.37440878,75,310.978288
0.36627868,75,310.99554
0.34922126,75,310.99644
0.316652,75,311.008771
0.37958753,75,311.009562
0.35483167,75,311.010306
0.34830597,75,311.011053
0.3622981,75,311.032101
0.32745248,75,311.035215
0.3433824,75,311.052017
0.36301848,75,311.052804
0.30236596,75,311.0648
0.35920337,75,311.06557
0.37953764,75,311.066311
0.33693406,75,311.067055
0.33037388,75,311.087424
0.3710065,75,311.090359
0.35123152,75,311.107029
0.338156,75,311.107802
0.3468803,75,311.119398
0.32245272,75,311.120146
0.36123428,75,311.120921
0.3655798,75,311.12167
0.34333038,75,311.142343
0.36426085,75,311.145207
0.32865414,75,311.161898
0.36155227,75,311.162664
0.34036058,75,311.174336
0.3539201,75,311.175097
0.35093486,75,311.175873
0.36716774,75,311.176612
0.36125946,75,311.197796
0.38247514,75,311.20103
0.33858863,75,311.2178
0.32797262,75,311.218585
0.35485247,75,311.230654
0.34956172,75,311.231511
0.3410164,75,311.232318
0.36401367,75,311.23307
0.34822473,75,311.253977
0.3441615,75,311.256917
0.34006992,75,311.273404
0.32234702,75,311.274196
0.33279645,75,311.285806
0.36196354,75,311.286624
0.36997822,75,311.287454
0.36931616,75,311.288193
0.3605896,75,311.308427
0.37966692,75,311.311403
0.34546146,75,311.328099
0.31812885,75,311.328905
0.3674463,75,311.340379
0.36849418,75,311.341133
0.36931944,75,311.341891
0.35710415,75,311.342658
0.34760928,75,311.36299
0.36585572,75,311.366172
0.3220695,75,312.015441
0.3650099,75,312.0165
0.36318,75,312.028581
0.34465685,75,312.029426
0.36325768,75,312.030213
0.37477815,75,312.030975
0.34030005,75,312.051887
0.33398178,75,312.055044
0.36522877,75,312.07315
0.37186307,75,312.073997
0.35723466,75,312.085809
0.34772736,75,312.086688
0.36233592,75,312.087628
0.33054388,75,312.088563
0.34143168,75,312.108947
0.3399602,75,312.111962
0.34080318,75,312.128547
0.33183673,75,312.129338
0.36786512,75,312.140807
0.3433308,75,312.14156
0.34128186,75,312.142387
0.36146158,75,312.14316
0.35696086,75,312.163376
0.36159286,75,312.166309
0.3264975,75,312.182935
0.3237244,75,312.183697
0.3437673,75,312.195244
0.38210556,75,312.195989
0.3721912,75,312.196744
0.35028103,75,312.197511
0.3401635,75,312.217657
0.35329282,75,312.220653
0.31948388,75,312.238663
0.36670414,75,312.239455
0.33849147,75,312.251611
0.36587888,75,312.252408
0.36846602,75,312.253198
0.35409313,75,312.253973
0.34735006,75,312.274234
0.3860907,75,312.277175
0.37961543,75,312.294042
0.3549294,75,312.294828
0.38833123,75,312.30645
0.35920164,75,312.307243
0.31744292,75,312.308003
0.35306752,75,312.308756
0.3464993,75,312.329126
0.3455997,75,312.332058
0.36125147,75,312.34878
0.38347653,75,312.349563
0.36027753,75,312.361225
0.3426743,75,312.361992
0.36295232,75,312.36275
0.33987555,75,312.363519
0.35814038,75,312.383726
0.35397416,75,312.386753
0.36362103,75,312.403818
0.36519295,75,312.404599
0.36984822,75,312.4165
0.35256812,75,312.417298
0.31329975,75,312.418076
0.3295225,75,312.418849
0.3481291,75,312.439477
0.33544037,75,312.442355
0.33807793,75,312.459205
0.34938496,75,312.459999
0.34711292,75,312.471763
0.33936086,75,312.472534
0.35946387,75,312.473296
0.36258718,75,312.474052
0.36659417,75,312.494649
0.29549962,75,312.497889
0.32381693,75,312.516256
0.32853425,75,312.517111
0.35238916,75,312.529599
0.34981415,75,312.530514
0.3558714,75,312.531427
0.37537163,75,312.532217
0.34204888,75,312.553488
0.31610027,75,312.55685
0.33885676,75,312.573911
0.31613168,75,312.574717
0.34234747,75,312.58672
0.33188087,75,312.587592
0.31816146,75,312.588495
0.33448166,75,312.58938
0.38161796,75,312.611399
0.36129886,75,312.614357
0.34320977,75,312.631639
0.33185944,75,312.632446
0.32135025,75,312.644071
0.36077228,75,312.644885
0.37338817,75,312.645709
0.32785448,75,312.646507
0.38679397,75,312.667126
0.37190753,75,312.670076
0.33313677,75,312.686779
0.3187772,75,312.687575
0.35353583,75,312.699353
0.35525268,75,312.700146
0.32954443,75,312.700928
0.36994097,75,312.701667
0.34752318,75,312.722262
0.35250452,75,312.725311
0.36103183,75,312.743143
0.31113204,75,312.743967
0.3652433,75,312.755911
0.35712764,75,312.756751
0.31835908,75,312.757545
0.34292036,75,312.758348
0.33571532,75,312.779275
0.3011114,75,312.782718
0.34044957,75,312.801871
0.35375464,75,312.802662
0.37704822,75,312.814837
0.34027174,75,312.815636
0.36260197,75,312.816419
0.32982284,75,312.817177
0.33596355,75,312.838481
0.35055467,75,312.84144
0.3293366,75,312.858729
0.35311252,75,312.859644
0.33626163,75,312.871567
0.31502324,75,312.87234
0.30493182,75,312.873119
0.34185416,75,312.873926
0.31842285,75,312.894407
0.34174833,75,312.897344
0.35567847,75,312.914286
0.32403588,75,312.91508
0.3339826,75,312.926667
0.35352346,75,312.927453
0.3390413,75,312.928235
0.3600002,75,312.929094
0.36698493,75,312.949109
0.31743154,75,312.95208
0.3417085,75,312.968955
0.32255584,75,312.969732
0.34621587,75,312.981537
0.35937634,75,312.982309
0.32961714,75,312.98319
0.30510455,75,312.984062
0.33881256,75,313.005477
0.34887442,75,313.008476
0.29408032,75,313.029652
0.34542203,75,313.031876
0.31655794,75,313.056851
0.357784,75,313.058273
0.33959854,75,313.059497
0.32851258,75,313.060658
0.29913738,75,313.085771
0.3160413,75,313.08928
0.35483593,75,313.106758
0.3477634,75,313.107647
0.33001724,75,313.119935
0.32987365,75,313.120788
0.3131919,75,313.121563
0.3715585,75,313.122312
0.37236407,75,313.142662
0.37682107,75,313.145574
0.36232582,75,313.162525
0.358503,75,313.163301
0.3240823,75,313.175133
0.3383259,75,313.175976
0.3593041,75,313.176751
0.31853664,75,313.177525
0.37249896,75,313.198978
0.34711662,75,313.202063
0.37637544,75,313.218749
0.36435977,75,313.219566
0.36077154,75,313.2309
0.3674177,75,313.231678
0.34430948,75,313.232493
0.36440778,75,313.233253
0.33967635,75,313.253571
0.35572305,75,313.256484
0.33610448,75,313.273026
0.34792528,75,313.273785
0.3586673,75,313.285195
0.35257134,75,313.285995
0.3346085,75,313.286779
0.3576296,75,313.287541
0.34610188,75,313.307641
0.3738121,75,313.310557
0.32152325,75,313.327926
0.36520332,75,313.32873
0.34886497,75,313.340785
0.34400374,75,313.34156
0.3348739,75,313.342338
0.31976196,75,313.343073
0.32052153,75,313.363395
0.3675745,75,313.366312
0.33691823,75,313.383077
0.30935735,75,313.38385
0.32912707,75,313.395384
0.33655488,75,313.396197
0.3703271,75,313.396937
0.33848742,75,313.39769
0.3633722,75,313.417891
0.35210684,75,313.420843
0.3405562,75,313.437995
0.34988666,75,313.438771
0.3068804,75,313.451133
0.31431186,75,313.451904
0.35937232,75,313.452692
0.35407788,75,313.45343
0.3551477,75,313.473644
0.34402755,75,313.476642
0.37968498,75,313.493306
0.3245505,75,313.494093
0.37232146,75,313.505805
0.34242356,75,313.506627
0.32423532,75,313.507397
0.3411686,75,313.508136
0.3290964,75,313.528775
0.31005073,75,313.531676
0.3369528,75,313.548474
0.35500798,75,313.54926
0.3483367,75,314.173785
0.36940205,75,314.174705
0.36459547,75,314.175503
0.3741663,75,314.176314
0.36536306,75,314.197059
0.31218094,75,314.20004
0.36012688,75,314.216751
0.35338175,75,314.217559
0.2974809,75,314.229076
0.33480254,75,314.229868
0.31797498,75,314.230636
0.35373467,75,314.231354
0.34703866,75,314.251419
0.37121233,75,314.25433
0.34517914,75,314.270995
0.33620605,75,314.271768
0.3832369,75,314.283532
0.35639936,75,314.284341
0.37693435,75,314.285096
0.3273666,75,314.285854
0.33312288,75,314.30592
0.3447334,75,314.308876
0.3632623,75,314.32599
0.3690934,75,314.326875
0.32101452,75,314.338654
0.3610322,75,314.339426
0.342672,75,314.340181
0.33958542,75,314.340955
0.33354804,75,314.361347
0.32206613,75,314.364224
0.34238684,75,314.380901
0.3353829,75,314.381714
0.35326827,75,314.393621
0.35387865,75,314.394479
0.35622585,75,314.395304
0.33082387,75,314.396073
0.32138106,75,314.4162
0.3633638,75,314.419094
0.36926237,75,314.435694
0.34836578,75,314.43645
0.3256079,75,314.448096
0.38089192,75,314.448929
0.35306585,75,314.44978
0.3587482,75,314.450552
0.31801066,75,314.470652
0.3500691,75,314.473715
0.3124202,75,314.490301
0.27854827,75,314.491111
0.35750154,75,314.502627
0.34145296,75,314.503378
0.3598458,75,314.50417
0.36643636,75,314.50491
0.3291341,75,314.525224
0.34479785,75,314.528135
0.35259658,75,314.544931
0.37187496,75,314.54575
0.32835603,75,314.557473
0.3341282,75,314.558244
0.31661263,75,314.559061
0.34026447,75,314.559848
0.38413846,75,314.580027
0.3421497,75,314.583062
0.32297796,75,314.600058
0.35869884,75,314.600845
0.3348364,75,314.612575
0.35634622,75,314.613348
0.3715493,75,314.614098
0.34133512,75,314.614847
0.30488536,75,314.635091
0.3231093,75,314.637997
0.31626558,75,314.654699
0.32527855,75,314.655459
0.34205365,75,314.667004
0.37723908,75,314.667753
0.35789245,75,314.668492
0.3238803,75,314.669215
0.3530668,75,314.689703
0.35228893,75,314.692654
0.34402934,75,314.709222
0.3492009,75,314.709996
0.35435393,75,314.7217
0.339199,75,314.722464
0.35344446,75,314.723255
0.37306896,75,314.72401
0.3725268,75,314.744712
0.35688713,75,314.747609
0.3782027,75,314.764283
0.3482663,75,314.765054
0.37421632,75,314.776479
0.35051194,75,314.777226
0.34875154,75,314.777982
0.3621062,75,314.778789
0.34280175,75,314.799709
0.3505071,75,314.802587
0.31456587,75,314.819158
0.34253484,75,314.81998
0.33952957,75,314.831583
0.3426901,75,314.832371
0.3345734,75,314.833206
0.33969012,75,314.834048
0.3492061,75,314.854228
0.33240557,75,314.857121
0.35500598,75,314.873726
0.38434735,75,314.87448
0.3835301,75,314.886459
0.370811,75,314.887324
0.34234357,75,314.888094
0.3730523,75,314.888844
0.3347897,75,314.909242
0.34466532,75,314.912145
0.36717677,75,314.928892
0.33816656,75,314.92966
0.35544842,75,314.941542
0.34395185,75,314.942351
0.34830713,75,314.943172
0.35946947,75,314.943908
0.37049133,75,314.965533
0.35739645,75,314.968873
0.3412155,75,314.985876
0.3549454,75,314.9867
0.3277721,75,314.998766
0.35002252,75,314.999692
0.35102624,75,315.000519
0.36029986,75,315.001262
0.35597718,75,315.021952
0.33271575,75,315.024885
0.35548875,75,315.041637
0.34867573,75,315.042439
0.3334767,75,315.054126
0.33313996,75,315.054888
0.3658629,75,315.055642
0.34493914,75,315.05641
0.34392947,75,315.076905
0.36995217,75,315.079882
0.35065916,75,315.096969
0.35616252,75,315.097745
0.3646288,75,315.109472
0.35320237,75,315.110292
0.37931162,75,315.111082
0.36732218,75,315.111824
0.37026474,75,315.132758
0.36856547,75,315.135672
0.37215644,75,315.152325
0.37709355,75,315.153095
0.34718218,75,315.164834
0.33035403,75,315.165593
0.34519073,75,315.166387
0.35776466,75,315.167159
0.3459648,75,315.187649
0.37220085,75,315.190599
0.3588793,75,315.207722
0.3377937,75,315.208526
0.36388588,75,315.22016
0.322281,75,315.22097
0.3056153,75,315.221729
0.37434998,75,315.222484
0.33825356,75,315.242624
0.3085817,75,315.245583
0.3658602,75,315.262155
0.30286583,75,315.262915
0.3718069,75,315.274542
0.32326773,75,315.275299
0.34959313,75,315.276095
0.328984,75,315.276845
0.3592368,75,315.297536
0.37023294,75,315.30049
0.34114906,75,315.317547
0.3828793,75,315.318335
0.32740945,75,315.330085
0.36615697,75,315.330841
0.33542112,75,315.331606
0.35177654,75,315.332454
0.34686443,75,315.353166
0.38280296,75,315.356188
0.32851684,75,315.373591
0.3669128,75,315.374388
0.35044253,75,315.386539
0.34960318,75,315.387364
0.35116503,75,315.388125
0.34667143,75,315.388977
0.3345871,75,315.409758
0.36368188,75,315.41263
0.38212097,75,315.430492
0.35515195,75,315.431287
0.32997665,75,315.443661
0.28780252,75,315.444456
0.3467293,75,315.445344
0.36714655,75,315.446163
0.35508496,75,315.467358
0.31719324,75,315.470241
0.35702872,75,315.487319
0.3293978,75,315.488119
0.3606006,75,315.500489
0.37752092,75,315.50128
0.36522946,75,315.502067
0.3433015,75,315.502835
0.3385826,75,315.52404
0.3606579,75,315.527015
0.31661692,75,315.543873
0.34338808,75,315.544641
0.3234675,75,315.556654
0.32094637,75,315.557497
0.38204738,75,315.558282
0.36916402,75,315.559135
0.3486668,75,315.580453
0.3425119,75,315.584109
0.34114254,75,315.601441
0.3670934,75,315.602224
0.341909,75,315.614252
0.3466302,75,315.615062
0.33216587,75,315.61583
0.32616606,75,315.616596
0.3658852,75,315.638794
0.38136455,75,315.6419
0.36880204,75,315.659837
0.37480325,75,315.660667
0.36292082,75,315.673174
0.37214875,75,315.674098
0.29963022,75,315.674955
0.36309662,75,315.675722
0.37649578,75,316.332819
0.31472662,75,316.33579
0.3241867,75,316.352755
0.35314178,75,316.353581
0.31916946,75,316.365366
0.33175176,75,316.366129
0.37988108,75,316.366946
0.3616906,75,316.367708
0.33354503,75,316.388012
0.3525637,75,316.390991
0.3374633,75,316.407655
0.3510107,75,316.408427
0.3784498,75,316.420024
0.35700637,75,316.420861
0.3649615,75,316.421653
0.36280736,75,316.422381
0.33703822,75,316.442483
0.31006372,75,316.445506
0.3588567,75,316.462607
0.38115,75,316.463387
0.3691065,75,316.475119
0.31016278,75,316.475909
0.35228878,75,316.476666
0.3072146,75,316.47744
0.31367177,75,316.49826
0.28733528,75,316.50131
0.328985,75,316.518634
0.3618889,75,316.519429
0.34430057,75,316.531057
0.30786446,75,316.531814
0.336867,75,316.532617
0.30999547,75,316.533378
0.3178292,75,316.553626
0.3725337,75,316.55656
0.3763265,75,316.573342
0.35258478,75,316.574128
0.32713076,75,316.586108
0.3719572,75,316.586915
0.35512722,75,316.587717
0.3601823,75,316.588568
0.34112728,75,316.609465
0.35467103,75,316.612416
0.35805002,75,316.629352
0.3477383,75,316.630245
0.37778473,75,316.641959
0.32748216,75,316.642731
0.3503534,75,316.643482
0.35214463,75,316.644248
0.34998193,75,316.664569
0.36608034,75,316.667573
0.35870284,75,316.68412
0.34363174,75,316.684908
0.34981376,75,316.696492
0.33888474,75,316.697252
0.34116164,75,316.698028
0.3656763,75,316.698777
0.31683725,75,316.718987
0.3391304,75,316.721855
0.37011322,75,316.738431
0.37059337,75,316.739205
0.3675585,75,316.750823
0.36531442,75,316.751614
0.37908068,75,316.752425
0.3146704,75,316.75325
0.37014094,75,316.773318
0.3363997,75,316.77628
0.34794685,75,316.792974
0.31947243,75,316.79375
0.3558896,75,316.805219
0.36483422,75,316.805971
0.3471735,75,316.806774
0.32045394,75,316.807561
0.34794462,75,316.828066
0.35286632,75,316.831033
0.3623731,75,316.847838
0.3740481,75,316.848706
0.35979232,75,316.860675
0.33130568,75,316.861491
0.32646114,75,316.862353
0.3624989,75,316.863103
0.3083972,75,316.883085
0.3405458,75,316.885991
0.3601136,75,316.902675
0.3585416,75,316.90344
0.31867594,75,316.914971
0.35703814,75,316.915733
0.34677517,75,316.916483
0.36519855,75,316.917235
0.33809996,75,316.937437
0.37017146,75,316.940351
0.35180312,75,316.957016
0.34513262,75,316.957818
0.36863196,75,316.969377
0.31885597,75,316.970167
0.32385957,75,316.970947
0.3560681,75,316.971683
0.3551457,75,316.992245
0.3310651,75,316.995148
0.33999947,75,317.011738
0.33611813,75,317.012518
0.2763785,75,317.024548
0.3397471,75,317.025403
0.36490968,75,317.026201
0.3248304,75,317.026957
0.34296897,75,317.047582
0.3133832,75,317.050766
0.35877705,75,317.068584
0.3351876,75,317.069455
0.36761567,75,317.081375
0.37570953,75,317.082198
0.33188143,75,317.082969
0.3462841,75,317.083712
0.32905665,75,317.104682
0.32742438,75,317.1078
0.36973166,75,317.1254
0.34361327,75,317.1262
0.3398221,75,317.138183
0.2919501,75,317.139017
0.309822,75,317.139761
0.36232698,75,317.140529
0.38454345,75,317.161161
0.3232238,75,317.16408
0.35675886,75,317.180683
0.3548587,75,317.181466
0.31234205,75,317.193103
0.3072346,75,317.193875
0.37633914,75,317.19466
0.3473176,75,317.195407
0.3892473,75,317.215569
0.3524077,75,317.2185
0.35036725,75,317.23501
0.35573146,75,317.235775
0.35973403,75,317.247363
0.35882157,75,317.248106
0.36800984,75,317.24888
0.35826197,75,317.249651
0.3717674,75,317.269682
0.36777467,75,317.272706
0.3735846,75,317.289309
0.37167186,75,317.290118
0.33687004,75,317.301556
0.33410373,75,317.30229
0.33772546,75,317.303061
0.35492945,75,317.30381
0.32594562,75,317.32488
0.32868242,75,317.327852
0.35125718,75,317.344579
0.32313067,75,317.345354
0.3131585,75,317.356959
0.3163589,75,317.357729
0.3702076,75,317.35854
0.3315269,75,317.359385
0.32961866,75,317.379719
0.33189943,75,317.382603
0.35361436,75,317.399421
0.3478111,75,317.400225
0.31976396,75,317.411817
0.33578017,75,317.412585
0.36935574,75,317.413346
0.3351211,75,317.41415
0.3681301,75,317.435296
0.33700284,75,317.438242
0.38277462,75,317.455745
0.33716023,75,317.456693
0.351145,75,317.468322
0.35011017,75,317.469106
0.33707702,75,317.469864
0.34272894,75,317.470678
0.37337825,75,317.491178
0.3297922,75,317.494112
0.35591054,75,317.511048
0.316395,75,317.511827
0.3145349,75,317.523465
0.34994832,75,317.524336
0.33713657,75,317.525134
0.36155754,75,317.525865
0.29336104,75,317.545987
0.3809196,75,317.548853
0.3540052,75,317.56544
0.34385547,75,317.566202
0.31565934,75,317.577756
0.3364628,75,317.578544
0.25677902,75,317.579444
0.36710563,75,317.580211
0.32330802,75,317.60039
0.38572913,75,317.603268
0.35098368,75,317.619973
0.3330422,75,317.620801
0.32183507,75,317.632372
0.3615614,75,317.633161
0.37092128,75,317.633909
0.3873678,75,317.634667
0.3464393,75,317.654869
0.3211557,75,317.657778
0.32160503,75,317.674564
0.3223631,75,317.675331
0.34792084,75,317.686891
0.3534758,75,317.687676
0.33162084,75,317.688419
0.34527302,75,317.689165
0.3483865,75,317.709477
0.3005576,75,317.712516
0.30480826,75,317.729106
0.34185305,75,317.729865
0.3595499,75,317.741457
0.39238432,75,317.742251
0.3577966,75,317.74301
0.3630598,75,317.743744
0.33044055,75,317.76412
0.36314115,75,317.767066
0.3527002,75,317.78379
0.32228914,75,317.784555
0.37481293,75,317.796169
0.34875926,75,317.796952
0.36291608,75,317.7977
0.34290928,75,317.798437
0.36038023,75,317.818809
0.34662557,75,317.821747
0.28943098,75,318.454867
0.29008728,75,318.455686
0.36902142,75,318.467531
0.33841705,75,318.468352
0.3319343,75,318.46914
0.3389482,75,318.469885
0.3484154,75,318.490264
0.3435613,75,318.493273
0.3357931,75,318.509919
0.39497137,75,318.510705
0.33786118,75,318.522723
0.33209544,75,318.523506
0.37859294,75,318.524265
0.29378596,75,318.525007
0.37754712,75,318.546668
0.35442635,75,318.549681
0.33130956,75,318.567132
0.35785308,75,318.567945
0.37295708,75,318.579453
0.3570276,75,318.580298
0.3619392,75,318.581051
0.33491078,75,318.581888
0.3691422,75,318.602975
0.32534054,75,318.605941
0.3555867,75,318.623081
0.377106,75,318.623872
0.2944769,75,318.63552
0.36319372,75,318.636349
0.35452002,75,318.637138
0.35028154,75,318.637881
0.33637047,75,318.658164
0.34915024,75,318.661074
0.31831902,75,318.677752
0.33784708,75,318.678526
0.32553476,75,318.690341
0.3100864,75,318.691111
0.35593325,75,318.691858
0.35985824,75,318.692643
0.32253334,75,318.712772
0.31356907,75,318.715712
0.38751838,75,318.732428
0.31030473,75,318.733192
0.36569428,75,318.744737
0.36357027,75,318.745481
0.33960617,75,318.746257
0.31408602,75,318.746989
0.3680993,75,318.767205
0.3403293,75,318.770139
0.3804326,75,318.786828
0.33853558,75,318.787594
0.3716902,75,318.799207
0.34872967,75,318.799951
0.32380453,75,318.800738
0.36088848,75,318.801485
0.37245739,75,318.821707
0.37757483,75,318.824626
0.33095837,75,318.841192
0.38669673,75,318.841969
0.36455268,75,318.853563
0.3200883,75,318.85433
0.3442353,75,318.855109
0.35620573,75,318.855842
0.35374865,75,318.876081
0.35538912,75,318.87902
0.313862,75,318.895701
0.3446501,75,318.89646
0.36031163,75,318.907915
0.30460584,75,318.908711
0.36652315,75,318.909464
0.32536423,75,318.910223
0.3707681,75,318.931113
0.3570547,75,318.934021
0.33908942,75,318.950738
0.3374978,75,318.951566
0.35650018,75,318.965511
0.39065328,75,318.966393
0.34713838,75,318.967278
0.34450242,75,318.968204
0.37632868,75,318.992888
0.38099357,75,318.99591
0.32879665,75,319.012695
0.3204059,75,319.013476
0.32929236,75,319.02524
0.34197462,75,319.026024
0.3523511,75,319.026815
0.35053,75,319.027551
0.31984416,75,319.047914
0.36263862,75,319.050966
0.3770268,75,319.067467
0.36665756,75,319.068223
0.38148493,75,319.079775
0.36051187,75,319.080526
0.3515022,75,319.081273
0.35719916,75,319.082045
0.348085,75,319.102406
0.37647024,75,319.105327
0.35962114,75,319.122269
0.36504844,75,319.123081
0.34017542,75,319.135296
0.38630262,75,319.136072
0.34600374,75,319.136858
0.3564739,75,319.137631
0.3245558,75,319.158297
0.33924913,75,319.161326
0.37496406,75,319.178685
0.39084974,75,319.179677
0.38472503,75,319.192127
0.3664116,75,319.19292
0.34616697,75,319.193692
0.3271665,75,319.194486
0.34942105,75,319.215992
0.3279703,75,319.219071
0.35602295,75,319.236232
0.3092525,75,319.237017
0.3792621,75,319.250226
0.33269513,75,319.251156
0.37237826,75,319.251975
0.34665793,75,319.252724
0.35847616,75,319.27417
0.33636284,75,319.277187
0.30069152,75,319.294548
0.36059815,75,319.295343
0.38641918,75,319.307288
0.3370593,75,319.308057
0.3731795,75,319.308871
0.37475058,75,319.309643
0.33067405,75,319.330597
0.3446586,75,319.333624
0.34423205,75,319.350662
0.34547874,75,319.351442
0.28747272,75,319.36368
0.3457902,75,319.364499
0.36524954,75,319.365315
0.3779559,75,319.366061
0.36199856,75,319.387131
0.38532633,75,319.390314
0.31079787,75,319.407872
0.37374243,75,319.408732
0.33092898,75,319.420625
0.33792135,75,319.421407
0.3705137,75,319.422182
0.36543348,75,319.422927
0.34909812,75,319.443204
0.3693171,75,319.446277
0.3697152,75,319.462861
0.3552455,75,319.463641
0.34499466,75,319.475545
0.3606379,75,319.476359
0.34449798,75,319.477137
0.30518016,75,319.477874
0.3460151,75,319.498449
0.33318377,75,319.501534
0.364641,75,319.518965
0.37482712,75,319.519744
0.333545,75,319.531386
0.37559703,75,319.532149
0.3593436,75,319.532905
0.3513353,75,319.533674
0.36213458,75,319.554694
0.31325674,75,319.557695
0.36728543,75,319.574343
0.34382227,75,319.575136
0.34839904,75,319.586856
0.3830818,75,319.587658
0.3698949,75,319.588434
0.3308078,75,319.589178
0.35131577,75,319.609864
0.35317957,75,319.612868
0.34850377,75,319.630683
0.3055017,75,319.631507
0.35283723,75,319.643531
0.3560115,75,319.644314
0.34232906,75,319.645107
0.34463474,75,319.64588
0.35577098,75,319.666648
0.30889767,75,319.669491
0.37050524,75,319.686407
0.34220535,75,319.687317
0.35600847,75,319.699482
0.3630765,75,319.700309
0.36155674,75,319.701227
0.37096375,75,319.701988
0.3290749,75,319.723074
0.35990277,75,319.726066
0.35805097,75,319.743526
0.37265146,75,319.744321
0.2930196,75,319.756024
0.3491214,75,319.756848
0.36214933,75,319.757644
0.3442588,75,319.758387
0.35353366,75,319.778731
0.35345742,75,319.781702
0.3648156,75,319.798668
0.36440584,75,319.799605
0.35378686,75,319.811193
0.34820285,75,319.811938
0.36510688,75,319.812713
0.34325373,75,319.813445
0.36804625,75,319.833739
0.31237608,75,319.836601
0.36676574,75,319.853274
0.35022458,75,319.85417
0.36318222,75,319.865952
0.34621683,75,319.866715
0.33124754,75,319.867506
0.35650843,75,319.868244
0.31521904,75,319.888562
0.34124693,75,319.891469
0.29476768,75,319.907962
0.36232904,75,319.908734
0.37223467,75,319.920443
0.33555806,75,319.921176
0.36924383,75,319.921944
0.35980487,75,319.922696
0.35541973,75,319.943243
0.35403192,75,319.946101
0.34629625,75,319.962782
0.3581058,75,319.963542
0.32787657,75,320.598954
0.36012116,75,320.599875
0.35155573,75,320.60071
0.36409184,75,320.601476
0.35120237,75,320.622068
0.38489372,75,320.625013
0.373487,75,320.641661
0.36387703,75,320.642468
0.36357233,75,320.654177
0.3719983,75,320.654918
0.31080198,75,320.655719
0.36268133,75,320.656467
0.35448134,75,320.676593
0.3591402,75,320.679498
0.3358498,75,320.696164
0.32618794,75,320.696931
0.36928567,75,320.708477
0.3577423,75,320.709281
0.36103344,75,320.71003
0.32939526,75,320.710816
0.35996974,75,320.731215
0.33928195,75,320.73412
0.3520435,75,320.750849
0.3144859,75,320.751662
0.32719436,75,320.763356
0.34654912,75,320.764112
0.3307758,75,320.764879
0.34667197,75,320.76562
0.385275,75,320.785915
0.34865203,75,320.788787
0.3777638,75,320.805588
0.32371032,75,320.806362
0.39277968,75,320.81787
0.33069986,75,320.818666
0.35364383,75,320.819453
0.3622474,75,320.820198
0.3939954,75,320.840382
0.35618773,75,320.84328
0.31384268,75,320.860028
0.37368667,75,320.860806
0.34960076,75,320.872279
0.35343376,75,320.873027
0.360024,75,320.873803
0.3599613,75,320.874551
0.36119202,75,320.894669
0.34270608,75,320.897561
0.36984757,75,320.91416
0.37502667,75,320.914923
0.3368483,75,320.926548
0.32929367,75,320.927341
0.3451419,75,320.928086
0.35413355,75,320.928881
0.3341491,75,320.948902
0.35044432,75,320.951793
0.33158085,75,320.968619
0.30852437,75,320.969386
0.3112976,75,320.981161
0.31868804,75,320.981939
0.3246692,75,320.982719
0.32543582,75,320.983503
0.34654957,75,321.003689
0.36007002,75,321.006653
0.34623998,75,321.0234
0.34466547,75,321.024155
0.3699928,75,321.035621
0.35206538,75,321.036378
0.3423809,75,321.037189
0.33890283,75,321.037939
0.34307563,75,321.058468
0.30714425,75,321.061369
0.37116966,75,321.078029
0.38099077,75,321.078817
0.35339698,75,321.090357
0.34590763,75,321.091116
0.35031977,75,321.09187
0.39202818,75,321.092626
0.3209503,75,321.112669
0.3606152,75,321.115617
0.36880967,75,321.132683
0.35026342,75,321.133468
0.35764426,75,321.144982
0.3078288,75,321.145818
0.32368934,75,321.146609
0.32255596,75,321.147343
0.3375231,75,321.167788
0.31167945,75,321.170765
0.34644073,75,321.187306
0.384164,75,321.188076
0.372678,75,321.199699
0.35269576,75,321.200448
0.36753473,75,321.201208
0.3663072,75,321.20194
0.32546505,75,321.221945
0.3299011,75,321.224844
0.32881826,75,321.241303
0.3458723,75,321.242094
0.33756205,75,321.253925
0.34412813,75,321.254699
0.33560196,75,321.255452
0.3279738,75,321.256187
0.34810495,75,321.276634
0.32886577,75,321.279532
0.3730078,75,321.296187
0.35517272,75,321.296978
0.38100705,75,321.308824
0.31660488,75,321.309624
0.38298267,75,321.310373
0.36145267,75,321.311116
0.36827677,75,321.332517
0.36242497,75,321.335546
0.36151063,75,321.35246
0.3480573,75,321.353295
0.33907118,75,321.36531
0.3672782,75,321.366121
0.37481117,75,321.367021
0.36047548,75,321.36781
0.33269137,75,321.38884
0.36081642,75,321.391877
0.3243882,75,321.409085
0.3565826,75,321.409902
0.39083964,75,321.421836
0.35719,75,321.422629
0.37519556,75,321.423451
0.32544872,75,321.42426
0.3678434,75,321.445907
0.30377176,75,321.449207
0.32805458,75,321.467851
0.34280607,75,321.468687
0.35777158,75,321.480981
0.3527411,75,321.481756
0.35807967,75,321.482563
0.32008922,75,321.483313
0.3689424,75,321.503686
0.33751044,75,321.506654
0.38306367,75,321.52367
0.3202508,75,321.524449
0.34583342,75,321.536082
0.35784978,75,321.536843
0.36502507,75,321.537603
0.3372326,75,321.53834
0.3489217,75,321.559083
0.35199746,75,321.561965
0.33533478,75,321.57857
0.36029464,75,321.579379
0.386059,75,321.591005
0.3715276,75,321.59174
0.32367912,75,321.592527
0.36371258,75,321.593266
0.34802362,75,321.613743
0.35753965,75,321.616608
0.35912913,75,321.633328
0.32971805,75,321.634099
0.35881758,75,321.645892
0.3587367,75,321.646681
0.35952488,75,321.647442
0.35300648,75,321.648206
0.36265463,75,321.668922
0.38010964,75,321.671898
0.34266302,75,321.688649
0.35736343,75,321.689413
0.38565943,75,321.700844
0.3345322,75,321.701628
0.3890758,75,321.702365
0.30687496,75,321.703115
0.384008,75,321.72341
0.35949498,75,321.72636
0.38478607,75,321.742955
0.37515032,75,321.743741
0.3445203,75,321.755183
0.36928967,75,321.755978
0.32191637,75,321.756721
0.36960512,75,321.757476
0.36566004,75,321.777464
0.34937325,75,321.780502
0.3655976,75,321.797044
0.35942432,75,321.797812
0.37180758,75,321.809351
0.37373295,75,321.810089
0.34346557,75,321.810845
0.3263632,75,321.811585
0.3676696,75,321.831857
0.36584592,75,321.834838
0.3310286,75,321.851406
0.34759718,75,321.852166
0.35741225,75,321.863684
0.3464866,75,321.86442
0.33447275,75,321.86517
0.35959572,75,321.865915
0.31701577,75,321.886027
0.38887733,75,321.888908
0.3574879,75,321.905496
0.35333732,75,321.90627
0.35724056,75,321.917943
0.37803724,75,321.918684
0.33967495,75,321.919442
0.30859026,75,321.920176
0.37866127,75,321.940211
0.38345215,75,321.943208
0.32587594,75,321.959915
0.3076939,75,321.960712
0.33451533,75,321.972324
0.34460047,75,321.973149
0.33860925,75,321.973923
0.332922,75,321.974658
0.36625925,75,321.994717
0.32786086,75,321.997623
0.3332318,75,322.014106
0.37936935,75,322.014882
0.3586325,75,322.02643
0.35901484,75,322.027173
0.3844355,75,322.027915
0.37535122,75,322.028657
0.34797898,75,322.048807
0.33402637,75,322.051759
0.35556847,75,322.068756
0.3557553,75,322.069507
0.34244093,75,322.081152
0.3851346,75,322.081919
0.3751887,75,322.082698
0.36120495,75,322.083429
0.33050036,75,322.717082
0.3692334,75,322.720267
0.35409945,75,322.737482
0.34372908,75,322.738289
0.36721715,75,322.749963
0.35255265,75,322.750734
0.3433766,75,322.751551
0.35166308,75,322.752314
0.34134,75,322.773184
0.337106,75,322.776269
0.293729,75,322.793363
0.3441014,75,322.79416
0.33634076,75,322.806158
0.36993444,75,322.806983
0.33408448,75,322.807742
0.36536753,75,322.808485
0.36429596,75,322.828829
0.3924661,75,322.831698
0.35223582,75,322.848485
0.3545808,75,322.84927
0.37509924,75,322.860755
0.38229594,75,322.86154
0.36412224,75,322.862334
0.36596408,75,322.863068
0.3484921,75,322.883112
0.39652592,75,322.886045
0.32340944,75,322.902701
0.3685022,75,322.903454
0.35628915,75,322.914968
0.3988953,75,322.915719
0.35682172,75,322.916514
0.36556035,75,322.917297
0.37748337,75,322.937481
0.35725483,75,322.940488
0.31519476,75,322.957
0.3350964,75,322.957771
0.33828363,75,322.969267
0.37656745,75,322.97001
0.37060001,75,322.970772
0.29657185,75,322.971511
0.35571393,75,322.99184
0.36007735,75,322.994807
0.3378888,75,323.011483
0.3582215,75,323.012275
0.35317418,75,323.023834
0.35488024,75,323.024608
0.3493318,75,323.025405
0.33640262,75,323.026155
0.32771605,75,323.04626
0.3366506,75,323.049125
0.34763724,75,323.065753
0.35317907,75,323.066526
0.3340265,75,323.078009
0.32213038,75,323.078763
0.3390968,75,323.079505
0.3362444,75,323.080229
0.3795104,75,323.100126
0.35120335,75,323.103065
0.3649673,75,323.11985
0.3304912,75,323.120639
0.3154336,75,323.132112
0.32162002,75,323.132869
0.34848908,75,323.133624
0.367503,75,323.13436
0.33915135,75,323.154504
0.37433022,75,323.15742
0.3579417,75,323.174192
0.36924756,75,323.174986
0.33950943,75,323.186787
0.35522082,75,323.187542
0.3537064,75,323.188316
0.36235946,75,323.189049
0.35106355,75,323.20932
0.3668357,75,323.212287
0.31252775,75,323.228736
0.37151438,75,323.229494
0.35672393,75,323.240892
0.3504411,75,323.241679
0.3059109,75,323.242445
0.3477669,75,323.243185
0.3626105,75,323.263344
0.34480807,75,323.266303
0.33342114,75,323.2827
0.3438656,75,323.283448
0.34512526,75,323.295016
0.3327411,75,323.295759
0.34709647,75,323.296514
0.32411405,75,323.297257
0.3635114,75,323.3173
0.32248428,75,323.320197
0.33231822,75,323.33677
0.3583866,75,323.337525
0.33938664,75,323.348957
0.31564644,75,323.349734
0.31666738,75,323.350457
0.34425455,75,323.351181
0.33373067,75,323.371395
0.36907035,75,323.374264
0.34583464,75,323.390953
0.3603572,75,323.391709
0.3759376,75,323.403254
0.36482334,75,323.404219
0.36731413,75,323.40513
0.36690703,75,323.405876
0.33198753,75,323.426307
0.36037508,75,323.429274
0.33003452,75,323.445979
0.36389282,75,323.446755
0.31816578,75,323.458701
0.3475758,75,323.45953
0.34616363,75,323.460282
0.3376904,75,323.461008
0.3038191,75,323.48274
0.3447205,75,323.485816
0.35150403,75,323.505218
0.36237034,75,323.506715
0.29144335,75,323.520765
0.29328611,75,323.521655
0.35443163,75,323.522468
0.36943075,75,323.523261
0.33790526,75,323.547286
0.32720214,75,323.550789
0.36123458,75,323.56967
0.32695386,75,323.570514
0.37349382,75,323.582954
0.3333317,75,323.583792
0.3720922,75,323.584625
0.34384125,75,323.585391
0.3801761,75,323.605913
0.34561828,75,323.608946
0.32146573,75,323.626323
0.37054214,75,323.627117
0.36537078,75,323.638733
0.36497083,75,323.639504
0.36199456,75,323.640317
0.33017752,75,323.641058
0.33904368,75,323.661241
0.34579083,75,323.664158
0.37176767,75,323.680934
0.32843617,75,323.681718
0.3516848,75,323.69344
0.3430388,75,323.694211
0.32296836,75,323.694961
0.37487793,75,323.69574
0.33120683,75,323.716947
0.37715644,75,323.719891
0.34532955,75,323.736735
0.36167854,75,323.737537
0.33136296,75,323.749169
0.377279,75,323.749944
0.33729568,75,323.750706
0.3469478,75,323.751465
0.34957966,75,323.771784
0.36978883,75,323.774722
0.3830544,75,323.791861
0.3211928,75,323.792737
0.33834863,75,323.804712
0.37487155,75,323.805502
0.34497538,75,323.806278
0.35162133,75,323.807034
0.3688801,75,323.827338
0.37173605,75,323.830271
0.347744,75,323.84717
0.36537433,75,323.847968
0.3654737,75,323.859503
0.3310841,75,323.860283
0.34155768,75,323.861037
0.340885,75,323.861775
0.3536776,75,323.882697
0.33946994,75,323.88589
0.3701838,75,323.902631
0.37196264,75,323.90341
0.38922986,75,323.915037
0.36067864,75,323.915856
0.34263024,75,323.916602
0.3715372,75,323.917367
0.30037096,75,323.937748
0.3349932,75,323.940951
0.34275755,75,323.958111
0.33280125,75,323.958929
0.32380316,75,323.970679
0.36878774,75,323.971433
0.35507083,75,323.972186
0.34127557,75,323.972933
0.36210504,75,323.993257
0.36892396,75,323.996288
0.3855408,75,324.013777
0.36459306,75,324.01458
0.35307568,75,324.026484
0.37194923,75,324.027271
0.35689074,75,324.02805
0.3518126,75,324.028874
0.33563012,75,324.050669
0.3400196,75,324.053602
0.35043383,75,324.071505
0.33184808,75,324.072375
0.34647185,75,324.084206
0.3379879,75,324.08498
0.32644108,75,324.085754
0.30359977,75,324.086534
0.31603727,75,324.107772
0.35195106,75,324.11069
0.33853617,75,324.129039
0.36204803,75,324.130128
0.33271682,75,324.142489
0.3204573,75,324.143284
0.33614248,75,324.144106
0.34978917,75,324.144853
0.34061375,75,324.166348
0.34335977,75,324.169331
0.3541258,75,324.186666
0.35320014,75,324.187549
0.35679647,75,324.199954
0.37008366,75,324.200755
0.33760017,75,324.201543
0.31668273,75,324.202284
0.3497284,75,324.223103
0.34451744,75,324.860238
0.36822656,75,324.877612
0.32294247,75,324.878455
0.37960395,75,324.890495
0.33672825,75,324.891284
0.39287755,75,324.892073
0.37147322,75,324.892882
0.35674572,75,324.9132
0.34641898,75,324.916229
0.31141707,75,324.932913
0.34830636,75,324.933683
0.33366448,75,324.945484
0.32838684,75,324.946265
0.3812598,75,324.947054
0.35367003,75,324.947787
0.36670995,75,324.968249
0.39276946,75,324.971184
0.30431238,75,324.988074
0.32944632,75,324.98885
0.36064607,75,325.00057
0.38661316,75,325.001401
0.37390903,75,325.002173
0.33906737,75,325.002927
0.3823821,75,325.023454
0.33528873,75,325.026497
0.33053195,75,325.043198
0.36668715,75,325.043986
0.31786966,75,325.055632
0.3540135,75,325.056444
0.38825804,75,325.057201
0.32257938,75,325.057958
0.36601308,75,325.078199
0.37218058,75,325.08109
0.33348075,75,325.097952
0.35864025,75,325.098737
0.36006185,75,325.110273
0.3210333,75,325.111041
0.29681367,75,325.111827
0.32765415,75,325.112581
0.34205553,75,325.133552
0.3715613,75,325.136496
0.3461794,75,325.153602
0.354334,75,325.154426
0.3811582,75,325.166068
0.33559996,75,325.166883
0.31113276,75,325.16764
0.33193827,75,325.168364
0.3492569,75,325.188931
0.29951102,75,325.191868
0.34089673,75,325.208992
0.36110747,75,325.209814
0.36993027,75,325.221795
0.34101748,75,325.222618
0.35673553,75,325.223491
0.33009624,75,325.224371
0.36652714,75,325.244536
0.3608306,75,325.24751
0.33826554,75,325.265715
0.36217043,75,325.266539
0.32821614,75,325.278987
0.34341714,75,325.279796
0.31915107,75,325.280593
0.36522466,75,325.281343
0.34351355,75,325.30243
0.35710642,75,325.305405
0.37148938,75,325.322609
0.3570766,75,325.32362
0.3489512,75,325.335107
0.32744223,75,325.335877
0.37928748,75,325.336655
0.37113538,75,325.337397
0.34491852,75,325.357689
0.34781206,75,325.360733
0.3703309,75,325.377621
0.3848096,75,325.378459
0.36195305,75,325.39022
0.34180608,75,325.390993
0.36293522,75,325.391799
0.36759898,75,325.392596
0.3363617,75,325.413514
0.35057697,75,325.416467
0.3399507,75,325.434369
0.3195145,75,325.435191
0.3659572,75,325.446843
0.3737679,75,325.447637
0.3445384,75,325.448518
0.34758914,75,325.449384
0.35649619,75,325.469764
0.37698537,75,325.47275
0.33179325,75,325.489628
0.36447868,75,325.490417
0.3913114,75,325.502068
0.32344243,75,325.502841
0.38710618,75,325.503601
0.3535456,75,325.50434
0.30016318,75,325.525728
0.3056168,75,325.528657
0.31275195,75,325.545894
0.35620296,75,325.546693
0.33376026,75,325.558446
0.3696849,75,325.559229
0.3395642,75,325.560129
0.38215002,75,325.560903
0.33335847,75,325.581723
0.2779213,75,325.584759
0.34478846,75,325.601845
0.35865375,75,325.602622
0.2628977,75,325.615012
0.34767336,75,325.615832
0.35801086,75,325.616591
0.33509427,75,325.617378
0.35833678,75,325.638638
0.33650982,75,325.641917
0.35522932,75,325.660155
0.37694067,75,325.660952
0.37440965,75,325.673879
0.40101844,75,325.674701
0.31438804,75,325.675496
0.3522238,75,325.67628
0.3634707,75,325.697332
0.33657527,75,325.700366
0.34393966,75,325.717458
0.34909904,75,325.718246
0.34530577,75,325.729946
0.31990957,75,325.730691
0.37128022,75,325.731481
0.32296348,75,325.732254
0.3350515,75,325.752585
0.3227539,75,325.755565
0.3819218,75,325.772317
0.33253455,75,325.773146
0.38022617,75,325.784874
0.38405108,75,325.785632
0.35742518,75,325.78639
0.3314003,75,325.787174
0.28624418,75,325.807283
0.35264668,75,325.810375
0.37659442,75,325.827345
0.34432712,75,325.82811
0.33044127,75,325.839634
0.29416573,75,325.84041
0.346535,75,325.841169
0.35964,75,325.841907
0.3574093,75,325.86242
0.35561797,75,325.865361
0.3458936,75,325.881995
0.36853394,75,325.882769
0.31739017,75,325.894777
0.35363564,75,325.895595
0.31328833,75,325.896361
0.3374487,75,325.897226
0.38482288,75,325.91785
0.3506134,75,325.920737
0.3871708,75,325.937319
0.36061078,75,325.938107
0.36372647,75,325.94959
0.37553006,75,325.950334
0.27061534,75,325.95112
0.35177073,75,325.951884
0.35922828,75,325.972592
0.3364022,75,325.975656
0.3681956,75,325.992886
0.34615228,75,325.99369
0.33096927,75,326.005273
0.35545313,75,326.006031
0.34945625,75,326.006799
0.33147702,75,326.007545
0.3420723,75,326.027884
0.34942085,75,326.0308
0.32552126,75,326.047354
0.35248083,75,326.048138
0.33226383,75,326.060067
0.3749098,75,326.060849
0.3596923,75,326.061633
0.3616177,75,326.062415
0.3493653,75,326.082663
0.35828134,75,326.08562
0.39935967,75,326.10255
0.38624725,75,326.103316
0.36132294,75,326.115837
0.34605435,75,326.116623
0.33083147,75,326.117502
0.32983503,75,326.118251
0.3230642,75,326.138872
0.28709313,75,326.141848
0.34884673,75,326.158522
0.36302745,75,326.159299
0.37843955,75,326.170951
0.3673521,75,326.171701
0.38081267,75,326.172485
0.35725132,75,326.173243
0.3692101,75,326.194221
0.32200825,75,326.197154
0.2484298,75,326.214182
0.36581418,75,326.214954
0.3308825,75,326.22702
0.36944422,75,326.227796
0.34199888,75,326.22858
0.3564775,75,326.229353
0.35803488,75,326.250512
0.35818836,75,326.253481
0.27525866,75,326.270127
0.33205867,75,326.270933
0.33186093,75,326.282602
0.3575252,75,326.28337
0.36117536,75,326.284134
0.37456623,75,326.284906
0.35083878,75,326.305106
0.3586866,75,326.308007
0.35323498,75,326.324672
0.35367504,75,326.325483
0.35370192,75,326.336958
0.3417462,75,326.3377
0.3334588,75,326.338467
0.36904392,75,326.339219
0.35111046,75,326.359466
0.35968935,75,326.362358
0.3705799,75,326.999157
0.35344908,75,327.000131
0.34765822,75,327.012166
0.3358559,75,327.013033
0.38914806,75,327.013795
0.36205244,75,327.014561
0.3828908,75,327.035904
0.3518727,75,327.038882
0.33541295,75,327.055907
0.30402794,75,327.0567
0.3405903,75,327.068869
0.37334716,75,327.069644
0.30463862,75,327.070393
0.35064077,75,327.071143
0.38244477,75,327.091739
0.3832968,75,327.094673
0.3625704,75,327.112192
0.3608541,75,327.113019
0.36701322,75,327.126327
0.33956245,75,327.127178
0.35096484,75,327.128039
0.34892303,75,327.128871
0.3793059,75,327.150118
0.33369958,75,327.153116
0.36181822,75,327.170192
0.3502726,75,327.17101
0.35913503,75,327.182832
0.3648588,75,327.183605
0.3367787,75,327.184459
0.29299232,75,327.185227
0.32813975,75,327.205625
0.34725776,75,327.20868
0.32823384,75,327.225649
0.3543205,75,327.226448
0.3535859,75,327.238012
0.38574123,75,327.238768
0.36741745,75,327.23955
0.36728528,75,327.240321
0.3800298,75,327.261402
0.3202855,75,327.264437
0.34680894,75,327.281246
0.35760814,75,327.282044
0.37551966,75,327.294193
0.3343053,75,327.294975
0.36635137,75,327.295731
0.38643256,75,327.296474
0.3491987,75,327.317727
0.30595958,75,327.320656
0.29540652,75,327.337607
0.3546974,75,327.338413
0.37528145,75,327.350106
0.31161773,75,327.350874
0.3546173,75,327.351633
0.37517104,75,327.352406
0.36096907,75,327.372738
0.32319248,75,327.375701
0.28864512,75,327.392605
0.32449058,75,327.395222
0.35341036,75,327.410573
0.33709532,75,327.41138
0.33873904,75,327.412255
0.38024282,75,327.413019
0.3695642,75,327.43406
0.32382205,75,327.437021
0.35325,75,327.453955
0.37122798,75,327.454733
0.3487659,75,327.466585
0.3326832,75,327.467427
0.3262164,75,327.468188
0.30152437,75,327.468926
0.33973014,75,327.489423
0.35915792,75,327.492491
0.36533138,75,327.509411
0.37923956,75,327.5102
0.35434037,75,327.522514
0.35911515,75,327.523278
0.3373739,75,327.524044
0.33667412,75,327.52481
0.36937106,75,327.545369
0.36522016,75,327.548232
0.3571459,75,327.56493
0.34077257,75,327.565727
0.36180967,75,327.577275
0.36054575,75,327.578079
0.31815642,75,327.578906
0.34190738,75,327.579668
0.3725607,75,327.599774
0.35798404,75,327.602638
0.35317987,75,327.619018
0.3364254,75,327.619776
0.31900448,75,327.631543
0.3461463,75,327.632291
0.3540159,75,327.633046
0.3653102,75,327.633811
0.3482974,75,327.654103
0.36084715,75,327.657011
0.35499877,75,327.673663
0.3827088,75,327.674433
0.33946446,75,327.685773
0.32802874,75,327.686542
0.3395624,75,327.687409
0.38036922,75,327.688168
0.3403738,75,327.708431
0.32277122,75,327.711348
0.36294168,75,327.728568
0.32248965,75,327.729397
0.32678065,75,327.741332
0.33395723,75,327.742138
0.35752463,75,327.742976
0.33979174,75,327.743718
0.35984138,75,327.764433
0.36859027,75,327.767401
0.3187806,75,327.786043
0.3729896,75,327.786823
0.3258646,75,327.798596
0.3533985,75,327.79941
0.36488724,75,327.800239
0.34445187,75,327.800979
0.33820236,75,327.822041
0.35551754,75,327.825479
0.34751946,75,327.842335
0.33425164,75,327.843114
0.32337934,75,327.854948
0.3561591,75,327.855708
0.33667853,75,327.856529
0.3235615,75,327.857275
0.35969612,75,327.877873
0.3400855,75,327.880817
0.38973495,75,327.897465
0.31714743,75,327.898267
0.31712282,75,327.9098
0.3936969,75,327.910562
0.3742295,75,327.911388
0.36372033,75,327.912219
0.3592343,75,327.932427
0.35350722,75,327.93538
0.34580863,75,327.95189
0.38786376,75,327.95267
0.357691,75,327.964482
0.30450284,75,327.965292
0.36347938,75,327.966041
0.36423427,75,327.96679
0.37206486,75,327.987172
0.37047577,75,327.99005
0.31785426,75,328.006969
0.35578638,75,328.007776
0.34513864,75,328.01982
0.35698223,75,328.020763
0.3221574,75,328.021544
0.34745342,75,328.022292
0.38055155,75,328.042627
0.3726168,75,328.045619
0.33366948,75,328.06222
0.36589307,75,328.062986
0.34976712,75,328.074419
0.34780908,75,328.075167
0.35902268,75,328.075993
0.3547665,75,328.076733
0.3361811,75,328.096848
0.3566611,75,328.099835
0.34406906,75,328.116566
0.38259888,75,328.11735
0.36598653,75,328.128846
0.37984896,75,328.129637
0.32356295,75,328.13037
0.33665332,75,328.13111
0.3484775,75,328.151216
0.3534972,75,328.154195
0.34113622,75,328.170661
0.32223877,75,328.171435
0.3619292,75,328.183229
0.36663908,75,328.184056
0.31599024,75,328.18482
0.36017781,75,328.185561
0.33868128,75,328.205699
0.36384273,75,328.208631
0.3644534,75,328.225212
0.33246666,75,328.22599
0.37817538,75,328.237666
0.3262088,75,328.238442
0.3674667,75,328.239213
0.35716754,75,328.239992
0.33415633,75,328.260787
0.37715402,75,328.263706
0.36967805,75,328.280365
0.37220454,75,328.281147
0.36617985,75,328.292885
0.37488705,75,328.29368
0.3267843,75,328.294429
0.36673027,75,328.295181
0.3364038,75,328.316173
0.3309293,75,328.319115
0.34126407,75,328.33564
0.36161867,75,328.336449
0.35701334,75,328.347967
0.3827264,75,328.348722
0.3616101,75,328.349467
0.38639534,75,328.350219
0.3630816,75,328.370294
0.34607938,75,328.373394
0.3273448,75,328.390045
0.3369117,75,328.390842
0.38392946,75,328.40314
0.36592317,75,328.403995
0.37687504,75,328.404825
0.34437644,75,328.405569
0.33770967,75,328.425861
0.34645823,75,328.428827
0.34189603,75,328.445541
0.29477072,75,328.446335
0.35814136,75,328.458063
0.35667846,75,328.458886
0.366416,75,328.459642
0.32306737,75,328.460411
0.31506696,75,328.481101
0.35477665,75,328.484007
0.35112938,75,328.500695
0.3803165,75,328.50149
0.239504,75,328.513021
0.3243351,75,328.513787
0.34953,75,328.514562
0.3564189,75,329.128261
0.3492789,75,329.150447
0.32905287,75,329.153463
0.33311874,75,329.17113
0.35472736,75,329.171945
0.31222242,75,329.183911
0.3423072,75,329.184732
0.34933966,75,329.185525
0.35374874,75,329.186267
0.33680537,75,329.207139
0.37460598,75,329.210167
0.3564042,75,329.227656
0.3279708,75,329.228459
0.34987578,75,329.240424
0.32966387,75,329.24123
0.34654042,75,329.242016
0.32158372,75,329.242764
0.32573262,75,329.264024
0.3387955,75,329.267057
0.34707165,75,329.284493
0.31279767,75,329.285371
0.327812,75,329.297161
0.33760577,75,329.297961
0.3558143,75,329.298754
0.30832082,75,329.299568
0.3401648,75,329.322343
0.31622288,75,329.325719
0.37034526,75,329.342832
0.36399567,75,329.343626
0.31547114,75,329.35526
0.35091656,75,329.356018
0.35321742,75,329.356801
0.33751586,75,329.357541
0.33813468,75,329.378923
0.3527753,75,329.381988
0.28389406,75,329.399104
0.3577485,75,329.399888
0.35809729,75,329.41149
0.37810537,75,329.412262
0.3496344,75,329.413055
0.36045974,75,329.413829
0.3138349,75,329.434162
0.3315284,75,329.437265
0.36545855,75,329.453699
0.3444184,75,329.454649
0.29953232,75,329.467013
0.3759073,75,329.467791
0.3527924,75,329.468557
0.36452731,75,329.469314
0.3512937,75,329.489608
0.31548342,75,329.492472
0.36962226,75,329.509329
0.33568648,75,329.51011
0.32366124,75,329.521664
0.3348764,75,329.522459
0.37485135,75,329.523225
0.39818627,75,329.523966
0.37370914,75,329.54468
0.33073184,75,329.547674
0.32102844,75,329.569529
0.3483265,75,329.570328
0.321529,75,329.581912
0.3540391,75,329.582663
0.33204624,75,329.583427
0.3508275,75,329.584162
0.32719988,75,329.604638
0.3416196,75,329.607566
0.3487041,75,329.624559
0.35207257,75,329.625349
0.33350098,75,329.637087
0.3874147,75,329.63788
0.33251956,75,329.638648
0.3493793,75,329.639393
0.3699648,75,329.659427
0.30028647,75,329.662404
0.29288563,75,329.678983
0.2871123,75,329.679801
0.386024,75,329.691339
0.36319405,75,329.692088
0.3416668,75,329.692843
0.31448796,75,329.693587
0.3617272,75,329.7138
0.344947,75,329.716705
0.29735154,75,329.733333
0.26701298,75,329.734094
0.37766126,75,329.745599
0.33700812,75,329.746458
0.3421761,75,329.747283
0.3835446,75,329.748035
0.32120615,75,329.768343
0.3735748,75,329.771333
0.33840463,75,329.788047
0.39331532,75,329.788832
0.3489153,75,329.8008
0.34973615,75,329.8016
0.32828057,75,329.802339
0.3064942,75,329.803093
0.36259335,75,329.823478
0.36618724,75,329.82637
0.34386307,75,329.84301
0.32980713,75,329.84377
0.28302914,75,329.855329
0.33436692,75,329.856074
0.37536073,75,329.856819
0.35859942,75,329.857568
0.35932052,75,329.878492
0.3365391,75,329.881599
0.34596527,75,329.898431
0.35676664,75,329.899285
0.37893552,75,329.911259
0.3415425,75,329.912065
0.35161316,75,329.912827
0.36601177,75,329.913611
0.36748427,75,329.934409
0.33633578,75,329.937489
0.3874292,75,329.95434
0.29935813,75,329.955129
0.38391748,75,329.966807
0.3526752,75,329.967678
0.31871626,75,329.968559
0.36862367,75,329.969306
0.3174859,75,329.990696
0.3668111,75,329.993797
0.33388537,75,330.011003
0.24523047,75,330.011874
0.27333492,75,330.023583
0.33990481,75,330.024331
0.3498122,75,330.025112
0.29844004,75,330.025886
0.36500686,75,330.046284
0.276321,75,330.049253
0.32926866,75,330.066495
0.35746047,75,330.067278
0.34999457,75,330.079249
0.33591133,75,330.080057
0.3766719,75,330.080845
0.2500429,75,330.081581
0.3213741,75,330.102295
0.38343537,75,330.105208
0.33399495,75,330.121573
0.35123938,75,330.122325
0.36059663,75,330.133825
0.3696,75,330.134608
0.3461806,75,330.135383
0.33592504,75,330.136144
0.33034676,75,330.156368
0.34135932,75,330.159244
0.37822512,75,330.175927
0.3544177,75,330.176685
0.34450957,75,330.188604
0.38021272,75,330.189364
0.37550867,75,330.190126
0.3066767,75,330.190916
0.34340364,75,330.211972
0.34961575,75,330.214992
0.34441987,75,330.231997
0.32721457,75,330.232811
0.33212245,75,330.244358
0.37603748,75,330.245107
0.36329427,75,330.245861
0.37019,75,330.246797
0.32000002,75,330.267422
0.39050493,75,330.270328
0.3386988,75,330.287494
0.35895166,75,330.288297
0.33543426,75,330.299929
0.3878941,75,330.300734
0.36713198,75,330.301472
0.3550236,75,330.302215
0.3071202,75,330.323018
0.38434875,75,330.325984
0.35375264,75,330.343177
0.32368562,75,330.344069
0.33970967,75,330.35572
0.33615634,75,330.356471
0.32838377,75,330.357237
0.3302855,75,330.358028
0.3523866,75,330.379001
0.35733825,75,330.382223
0.31493863,75,330.399214
0.3423698,75,330.400051
0.36165112,75,330.41263
0.34283873,75,330.41344
0.34441474,75,330.414214
0.31907794,75,330.415004
0.3548659,75,330.435516
0.3472254,75,330.438458
0.36611927,75,330.45557
0.34714907,75,330.456372
0.23264313,75,330.46866
0.3528586,75,330.469485
0.36606747,75,330.470392
0.3606736,75,330.471324
0.36745182,75,330.492114
0.39723584,75,330.495073
0.32385847,75,330.51223
0.34129918,75,330.513149
0.3131779,75,330.525165
0.35788357,75,330.525958
0.36436784,75,330.526721
0.2850964,75,330.527487
0.33376098,75,330.548447
0.33427945,75,330.551446
0.34137577,75,330.56812
0.31948608,75,330.568967
0.3630817,75,330.580915
0.33988395,75,330.581708
0.34428844,75,330.582455
0.30131572,75,330.583192
0.28302243,75,330.603517
0.34280595,75,330.606521
0.37722105,75,330.623185
0.33017203,75,330.623975
0.36689976,75,330.635673
0.34949926,75,330.636424
0.35578433,75,330.637171
0.35837173,75,330.637925
0.31842428,75,331.287801
0.3727152,75,331.290914
0.36447448,75,331.307803
0.3726463,75,331.308582
0.3067399,75,331.320206
0.3400266,75,331.321075
0.299299,75,331.321885
0.326821,75,331.322632
0.38421372,75,331.342798
0.35577923,75,331.345811
0.34373936,75,331.36258
0.30943888,75,331.36336
0.37839234,75,331.375509
0.31584918,75,331.376292
0.35669753,75,331.377063
0.36656755,75,331.377881
0.29803348,75,331.398638
0.36973035,75,331.40153
0.3427506,75,331.418327
0.34426114,75,331.419102
0.3092082,75,331.431086
0.36097157,75,331.431903
0.34602767,75,331.432682
0.30948922,75,331.433444
0.35101038,75,331.454322
0.3298412,75,331.457362
0.24481194,75,331.47638
0.3377381,75,331.477259
0.32178995,75,331.491079
0.32678717,75,331.492065
0.35973096,75,331.493008
0.37306827,75,331.493996
0.33588624,75,331.517864
0.30434203,75,331.521013
0.36500686,75,331.538664
0.35915917,75,331.539487
0.35072142,75,331.55176
0.35482818,75,331.552622
0.32245043,75,331.553482
0.29853556,75,331.554264
0.295611,75,331.576074
0.38012218,75,331.579433
0.33569947,75,331.596716
0.36070856,75,331.597504
0.33867022,75,331.610552
0.3436046,75,331.61135
0.32835835,75,331.612246
0.26804736,75,331.612999
0.328869,75,331.633763
0.32405806,75,331.636744
0.3317119,75,331.654797
0.3342165,75,331.655594
0.3113707,75,331.667542
0.33496144,75,331.668408
0.33859414,75,331.669205
0.36543256,75,331.669967
0.34763515,75,331.690786
0.37892345,75,331.694013
0.37034205,75,331.711787
0.35788673,75,331.712628
0.31885457,75,331.724726
0.32784724,75,331.72555
0.34433246,75,331.726317
0.36364916,75,331.727045
0.38264835,75,331.74872
0.3402851,75,331.751662
0.34032345,75,331.769093
0.3413594,75,331.769884
0.34436566,75,331.782362
0.37793264,75,331.783345
0.35856363,75,331.784257
0.30992395,75,331.785049
0.33665147,75,331.806629
0.3445228,75,331.810007
0.32982558,75,331.827788
0.3769908,75,331.828618
0.32270378,75,331.84063
0.35822985,75,331.841421
0.327937,75,331.842218
0.34023273,75,331.843104
0.35830328,75,331.864613
0.36601207,75,331.868125
0.33268136,75,331.886054
0.33195272,75,331.886943
0.31682593,75,331.89921
0.35664582,75,331.900037
0.29857633,75,331.90083
0.28676012,75,331.901571
0.38143542,75,331.923368
0.36537114,75,331.92675
0.34785488,75,331.943768
0.35479832,75,331.944586
0.38162738,75,331.956705
0.34252715,75,331.957474
0.3239791,75,331.95824
0.29895547,75,331.959064
0.3791492,75,331.980273
0.35064214,75,331.983703
0.34145948,75,332.001565
0.32910377,75,332.002401
0.31172115,75,332.015283
0.32015875,75,332.016092
0.34749112,75,332.016873
0.37358427,75,332.017716
0.3963408,75,332.039477
0.36556897,75,332.042438
0.35809138,75,332.061385
0.3911936,75,332.062247
0.34009346,75,332.07499
0.36127573,75,332.075878
0.3222361,75,332.076673
0.35250366,75,332.077465
0.28263316,75,332.098735
0.3093284,75,332.101975
0.3654772,75,332.120018
0.38524055,75,332.120849
0.34241027,75,332.132754
0.3695873,75,332.13357
0.35481983,75,332.134361
0.32793352,75,332.135111
0.2872455,75,332.156831
0.32762492,75,332.15985
0.32574284,75,332.177508
0.34741545,75,332.178321
0.29052228,75,332.190702
0.35581198,75,332.191674
0.34557024,75,332.192659
0.32446647,75,332.193466
0.32310683,75,332.214346
0.36095205,75,332.217455
0.33038977,75,332.234757
0.36105192,75,332.235546
0.3112314,75,332.247473
0.3632284,75,332.248319
0.3371093,75,332.249243
0.32821494,75,332.250189
0.34039226,75,332.270929
0.32531968,75,332.274004
0.33549085,75,332.291702
0.3643582,75,332.292478
0.259035,75,332.304629
0.36267933,75,332.305435
0.343463,75,332.306249
0.36497605,75,332.307102
0.301382,75,332.32928
0.3378067,75,332.332322
0.30243722,75,332.349782
0.3669639,75,332.350597
0.3519855,75,332.362601
0.36212516,75,332.363379
0.3742218,75,332.364181
0.39015862,75,332.365104
0.35491383,75,332.386588
0.32472822,75,332.389517
0.3752222,75,332.407376
0.34750548,75,332.40832
0.32341126,75,332.420229
0.3577846,75,332.421097
0.34658867,75,332.421902
0.37000498,75,332.422757
0.38862354,75,332.443641
0.33117887,75,332.446866
0.3663075,75,332.465996
0.3691085,75,332.466915
0.35622746,75,332.479061
0.3114787,75,332.479868
0.38255122,75,332.480622
0.32151327,75,332.481474
0.34477907,75,332.502465
0.3608356,75,332.505389
0.39293286,75,332.522568
0.32509577,75,332.52337
0.32424498,75,332.534872
0.3759083,75,332.535675
0.36704016,75,332.536418
0.35292837,75,332.537232
0.31830293,75,332.557704
0.33987278,75,332.560659
0.38076094,75,332.577674
0.31791133,75,332.578498
0.28697708,75,332.590378
0.34281805,75,332.591152
0.3655387,75,332.591984
0.37210196,75,332.592742
0.37659678,75,332.613243
0.35084167,75,332.616247
0.3398732,75,332.633456
0.3491777,75,332.634238
0.3443519,75,332.646255
0.3023095,75,332.647051
0.36352333,75,332.647851
0.31185812,75,332.648593
0.36750957,75,332.669173
0.33030036,75,332.672209
0.3682618,75,332.689
0.3255364,75,332.689806
0.28704348,75,332.701351
0.33214653,75,332.702114
0.3506811,75,332.702853
0.37339982,75,332.70359
0.332416,75,332.724043
0.34658426,75,332.726944
0.33769602,75,332.743375
0.3364669,75,332.744135
0.35248983,75,332.755689
0.3014752,75,332.756471
0.27736825,75,332.757261
0.35078156,75,332.758012
0.3375268,75,332.778122
0.3630399,75,332.781024
0.27351135,75,332.797918
0.33493122,75,332.798701
0.37551707,75,332.810332
0.37120515,75,332.811074
0.36599326,75,332.811849
0.32958794,75,332.812699
0.3544822,75,332.833563
0.35451114,75,332.836476
0.37597746,75,333.473429
0.28217927,75,333.474273
0.37258407,75,333.486283
0.3320771,75,333.487234
0.37242264,75,333.48804
0.342499,75,333.488826
0.31870842,75,333.50921
0.37794775,75,333.512278
0.3535988,75,333.529271
0.3643256,75,333.530072
0.28839585,75,333.541753
0.3041356,75,333.542593
0.31907946,75,333.543358
0.29480317,75,333.544118
0.27794006,75,333.565184
0.35624474,75,333.568178
0.32930228,75,333.585534
0.3568588,75,333.586324
0.29341382,75,333.598511
0.38858196,75,333.599313
0.3228766,75,333.60006
0.35109934,75,333.600821
0.35115242,75,333.621165
0.28223765,75,333.624149
0.33279163,75,333.640672
0.29785857,75,333.641461
0.3140068,75,333.65304
0.36733103,75,333.653865
0.33708203,75,333.65465
0.35056847,75,333.655397
0.33159667,75,333.675744
0.30526957,75,333.678605
0.33095294,75,333.695145
0.3733552,75,333.695906
0.31498533,75,333.70732
0.3469058,75,333.708062
0.31000552,75,333.708822
0.31116793,75,333.709577
0.36543044,75,333.729972
0.31183758,75,333.732879
0.36831978,75,333.749461
0.30662936,75,333.750213
0.29052204,75,333.761887
0.289722,75,333.762667
0.34271145,75,333.763431
0.30298597,75,333.764191
0.34112003,75,333.784567
0.23366973,75,333.787438
0.33569676,75,333.803998
0.34996608,75,333.804764
0.29840127,75,333.81645
0.2534507,75,333.817205
0.37061456,75,333.817998
0.3472665,75,333.818749
0.34214854,75,333.83913
0.32553777,75,333.842066
0.33591682,75,333.85906
0.32740036,75,333.859906
0.3696224,75,333.871633
0.34354565,75,333.872412
0.3632112,75,333.873217
0.3561075,75,333.873975
0.31237954,75,333.894286
0.24331643,75,333.897185
0.37320542,75,333.913768
0.35132304,75,333.914572
0.3451422,75,333.926209
0.3620065,75,333.926949
0.36502537,75,333.927756
0.3880648,75,333.928504
0.3700385,75,333.9486
0.36305442,75,333.951511
0.3329209,75,333.968272
0.39000782,75,333.969042
0.36304834,75,333.980898
0.33143514,75,333.981705
0.30274823,75,333.982492
0.3800595,75,333.983308
0.3793752,75,334.004185
0.35828993,75,334.007281
0.36339295,75,334.023977
0.34111017,75,334.02484
0.3701877,75,334.036952
0.35648248,75,334.037713
0.36217254,75,334.03851
0.30976194,75,334.039239
0.35947412,75,334.059431
0.32515067,75,334.06238
0.38819993,75,334.079755
0.3117259,75,334.080577
0.30807376,75,334.092808
0.32772404,75,334.093617
0.33528483,75,334.09438
0.3537203,75,334.095207
0.36253732,75,334.116096
0.3197958,75,334.119046
0.36179194,75,334.136312
0.31245,75,334.137218
0.3498426,75,334.149217
0.34428415,75,334.150021
0.3374845,75,334.1508
0.33092067,75,334.151542
0.3161728,75,334.173023
0.36709654,75,334.176027
0.37944552,75,334.193706
0.26590627,75,334.194495
0.28645557,75,334.206353
0.35381016,75,334.207147
0.32682192,75,334.207954
0.34809378,75,334.208706
0.32566962,75,334.22992
0.3751157,75,334.233232
0.32905814,75,334.250541
0.34525055,75,334.251358
0.35398763,75,334.263144
0.35328674,75,334.263963
0.35650462,75,334.26473
0.32756108,75,334.265507
0.3510052,75,334.287067
0.3100405,75,334.290102
0.3469999,75,334.307097
0.34139472,75,334.307904
0.33943015,75,334.319568
0.30097407,75,334.320439
0.20669952,75,334.321229
0.32900986,75,334.32199
0.306847,75,334.342386
0.34144202,75,334.345405
0.38862044,75,334.362779
0.36713612,75,334.363567
0.3173846,75,334.375432
0.27538314,75,334.376234
0.38901842,75,334.376996
0.36339805,75,334.377759
0.37376308,75,334.399035
0.3104029,75,334.402017
0.32773557,75,334.418894
0.39330238,75,334.419899
0.32341996,75,334.431822
0.36048308,75,334.432645
0.35582978,75,334.433411
0.29809085,75,334.434169
0.36279836,75,334.454597
0.33999416,75,334.457546
0.3283324,75,334.474317
0.29230806,75,334.475089
0.33582282,75,334.486574
0.34556234,75,334.487365
0.36158887,75,334.488174
0.3332532,75,334.488936
0.3143151,75,334.509033
0.38405976,75,334.512032
0.35982743,75,334.528557
0.38722688,75,334.52933
0.34372535,75,334.540865
0.3442805,75,334.541618
0.30547762,75,334.542429
0.2657529,75,334.543179
0.35474786,75,334.563375
0.3697111,75,334.566228
0.3680403,75,334.582991
0.38300756,75,334.583779
0.3366859,75,334.5953
0.302657,75,334.596082
0.35913485,75,334.596869
0.34138548,75,334.597596
0.37195215,75,334.617654
0.38119635,75,334.620669
0.30288923,75,334.637249
0.35298082,75,334.638006
0.3484021,75,334.64965
0.34935355,75,334.650423
0.3506725,75,334.651171
0.333257,75,334.65193
0.3048538,75,334.672049
0.35940284,75,334.674956
0.31371334,75,334.691743
0.35386473,75,334.69251
0.36112535,75,334.703945
0.38139093,75,334.704679
0.30698204,75,334.705485
0.34991276,75,334.706253
0.36861324,75,334.726496
0.32394603,75,334.729504
0.34346467,75,334.746033
0.27593553,75,334.746789
0.3416589,75,334.758318
0.3301592,75,334.759121
0.33529878,75,334.759867
0.3101132,75,334.76062
0.23613556,75,334.780876
0.360677,75,334.783778
0.3561283,75,334.800314
0.3304141,75,334.801067
0.3299829,75,334.812589
0.30015793,75,334.813334
0.35815912,75,334.814073
0.36834803,75,334.814852
0.32047597,75,334.835132
0.3145095,75,334.838035
0.33823258,75,334.855093
0.39103234,75,334.855874
0.3727189,75,334.867482
0.31096518,75,334.868273
0.28579924,75,334.869056
0.29436183,75,334.869783
0.36409712,75,334.889914
0.35848433,75,334.892958
0.34402925,75,334.909585
0.33465388,75,334.910346
0.35213497,75,334.922047
0.36499265,75,334.922825
0.3331998,75,334.923574
0.36429626,75,334.924327
0.3502998,75,334.944406
0.35836425,75,334.947274
0.31555617,75,334.963998
0.35291156,75,334.964801
0.32584092,75,335.587268
0.35475537,75,335.588167
0.34824386,75,335.588977
0.35106876,75,335.589883
0.32127535,75,335.610577
0.3206942,75,335.613522
0.37875402,75,335.630262
0.33557028,75,335.631049
0.34188557,75,335.642609
0.37365025,75,335.643357
0.33688563,75,335.644139
0.3386464,75,335.644875
0.32162023,75,335.666307
0.33559003,75,335.669239
0.3583518,75,335.686354
0.26301038,75,335.6872
0.32459432,75,335.698988
0.3408995,75,335.699762
0.35157406,75,335.70054
0.37538788,75,335.701327
0.36007988,75,335.722128
0.3479305,75,335.725125
0.27627248,75,335.742035
0.33553755,75,335.742864
0.269046,75,335.754411
0.32502675,75,335.755177
0.314702,75,335.755977
0.31065118,75,335.756741
0.33105215,75,335.776836
0.35718042,75,335.779871
0.36009875,75,335.796787
0.37742165,75,335.797567
0.37631175,75,335.809116
0.317103,75,335.809861
0.36202565,75,335.810602
0.34998018,75,335.811339
0.2977224,75,335.831926
0.3571751,75,335.834872
0.33773434,75,335.851594
0.33545405,75,335.852375
0.34814882,75,335.864179
0.32160234,75,335.864993
0.30086792,75,335.865775
0.3574829,75,335.86653
0.29724634,75,335.888045
0.33021143,75,335.891287
0.26065433,75,335.907889
0.32534522,75,335.908684
0.33281663,75,335.920412
0.3250098,75,335.921177
0.35883266,75,335.921949
0.34686124,75,335.922692
0.33927825,75,335.943075
0.32936668,75,335.94599
0.36767715,75,335.962657
0.30951482,75,335.963406
0.3716879,75,335.975021
0.33269373,75,335.975809
0.33998916,75,335.976575
0.34389868,75,335.977368
0.3627878,75,335.998694
0.36654982,75,336.001728
0.34755266,75,336.018165
0.3512843,75,336.018923
0.34153008,75,336.030553
0.3415333,75,336.031344
0.3174721,75,336.032123
0.25123438,75,336.032858
0.324206,75,336.053509
0.36305743,75,336.056424
0.32359773,75,336.073164
0.34791145,75,336.074046
0.33312693,75,336.085843
0.3133309,75,336.08662
0.33972046,75,336.08739
0.3507581,75,336.088133
0.348696,75,336.108513
0.29947641,75,336.111462
0.30807096,75,336.128854
0.29493687,75,336.129692
0.34937853,75,336.141772
0.35443848,75,336.14253
0.33960822,75,336.143309
0.36761588,75,336.144065
0.3101442,75,336.164935
0.35937652,75,336.167881
0.29528767,75,336.184835
0.3103842,75,336.185618
0.33370754,75,336.19713
0.312192,75,336.197895
0.29162174,75,336.198693
0.36248896,75,336.199437
0.36423975,75,336.219569
0.3591251,75,336.222486
0.2684585,75,336.239092
0.29183406,75,336.23989
0.34051755,75,336.251523
0.34185913,75,336.252308
0.34653515,75,336.253035
0.35052797,75,336.253824
0.28700376,75,336.273868
0.2500354,75,336.276807
0.2876874,75,336.29339
0.37274793,75,336.294152
0.31135356,75,336.305616
0.25952858,75,336.306386
0.33486307,75,336.307132
0.34620997,75,336.307866
0.32838047,75,336.328636
0.31347376,75,336.33197
0.3405144,75,336.349489
0.29452428,75,336.350407
0.3107809,75,336.363092
0.35095137,75,336.36397
0.37572414,75,336.36477
0.34068948,75,336.365532
0.2968135,75,336.386202
0.35274595,75,336.389172
0.3167736,75,336.406251
0.32145393,75,336.407104
0.33381695,75,336.420139
0.3311047,75,336.421336
0.34167188,75,336.422526
0.34396115,75,336.423519
0.35002008,75,336.446601
0.30722082,75,336.449653
0.31190974,75,336.467072
0.34020257,75,336.467892
0.3434456,75,336.479617
0.31018472,75,336.480377
0.28784773,75,336.481142
0.37597707,75,336.481908
0.37244415,75,336.503401
0.36530098,75,336.50666
0.32647613,75,336.524112
0.36547172,75,336.524908
0.34309864,75,336.536458
0.30711505,75,336.537268
0.2930357,75,336.538041
0.3203792,75,336.538807
0.37068334,75,336.559639
0.3442043,75,336.562717
0.3479193,75,336.579892
0.37123883,75,336.580767
0.32922703,75,336.593224
0.35346052,75,336.594052
0.3660535,75,336.594847
0.3687192,75,336.595603
0.29854986,75,336.615749
0.374496,75,336.618635
0.3450972,75,336.635259
0.3641091,75,336.636033
0.3837016,75,336.647664
0.3718203,75,336.648425
0.35621148,75,336.64919
0.3005308,75,336.649958
0.34174982,75,336.670801
0.27180174,75,336.67375
0.34246683,75,336.690452
0.34393367,75,336.691292
0.2516322,75,336.703147
0.39132097,75,336.703955
0.3284972,75,336.704729
0.36223665,75,336.705463
0.3059955,75,336.726212
0.36933544,75,336.729398
0.37738153,75,336.746338
0.34816918,75,336.747126
0.3431384,75,336.759566
0.32659155,75,336.760375
0.3583995,75,336.761125
0.26178783,75,336.761979
0.35311797,75,336.782972
0.30940074,75,336.786053
0.29659802,75,336.80393
0.37642917,75,336.804792
0.318681,75,336.81637
0.30793417,75,336.817162
0.30526152,75,336.817939
0.37143406,75,336.818694
0.36918312,75,336.839787
0.3746586,75,336.842815
0.33803657,75,336.860433
0.31237155,75,336.8613
0.35324362,75,336.873099
0.33525908,75,336.87389
0.2964946,75,336.874673
0.35447353,75,336.875431
0.37001958,75,336.895762
0.3704241,75,336.899499
0.33319345,75,336.916298
0.323518,75,336.917096
0.3018653,75,336.928601
0.36682686,75,336.929349
0.24997078,75,336.930125
0.27354842,75,336.930853
0.34996295,75,336.950809
0.3322027,75,336.953832
0.28289807,75,336.970474
0.34813797,75,336.971227
0.38354185,75,336.982844
0.35280702,75,336.98361
0.35726178,75,336.984418
0.3463232,75,336.985154
0.31183934,75,337.005307
0.387936,75,337.008229
0.34556472,75,337.024903
0.33943814,75,337.025693
0.3181998,75,337.037183
0.3399358,75,337.037978
0.2746654,75,337.038716
0.35863942,75,337.03945
0.3255468,75,337.05984
0.31688824,75,337.062762
0.33866072,75,337.079316
0.32719672,75,337.080072
0.34773225,75,337.091604
0.37639508,75,337.092403
0.3370297,75,337.093155
0.3686765,75,337.093893
0.38329592,75,337.737359
0.32114556,75,337.740462
0.375228,75,337.757713
0.36631775,75,337.758524
0.3517799,75,337.770146
0.32003883,75,337.770919
0.34362614,75,337.771721
0.31983033,75,337.772474
0.36568066,75,337.792957
0.33282724,75,337.796084
0.29405367,75,337.813099
0.36955547,75,337.813892
0.37967327,75,337.825734
0.33130577,75,337.826551
0.26928923,75,337.827326
0.26143587,75,337.82807
0.3961241,75,337.849862
0.30889013,75,337.853033
0.36987078,75,337.871252
0.33352795,75,337.872219
0.3324176,75,337.884651
0.30268267,75,337.885586
0.28090382,75,337.886416
0.31152526,75,337.88723
0.29231027,75,337.907736
0.22582403,75,337.910731
0.33458307,75,337.927831
0.31523165,75,337.928623
0.34500098,75,337.940167
0.23667918,75,337.940958
0.34523115,75,337.941742
0.33180305,75,337.942512
0.3606544,75,337.962833
0.35000592,75,337.965775
0.368772,75,337.982715
0.3689507,75,337.983518
0.32495117,75,337.995607
0.36346507,75,337.996373
0.32892692,75,337.99713
0.32346314,75,337.997901
0.31186938,75,338.018127
0.3323453,75,338.021129
0.36369482,75,338.037817
0.34076005,75,338.038613
0.3259581,75,338.050494
0.36601081,75,338.05129
0.30412677,75,338.052082
0.28308165,75,338.052824
0.35961187,75,338.073256
0.33536258,75,338.076262
0.2996134,75,338.093177
0.3270074,75,338.093954
0.37016973,75,338.105792
0.26398632,75,338.106591
0.37151477,75,338.107381
0.32818934,75,338.108132
0.32447064,75,338.128987
0.35286835,75,338.131906
0.37241882,75,338.148524
0.33099702,75,338.149312
0.38807324,75,338.16111
0.32217324,75,338.161884
0.35414675,75,338.162664
0.36002085,75,338.163387
0.38627166,75,338.183909
0.3577683,75,338.186818
0.3605369,75,338.203578
0.339291,75,338.204358
0.35139698,75,338.215811
0.2584346,75,338.216558
0.3637297,75,338.217332
0.27950585,75,338.218096
0.31721723,75,338.238242
0.34319597,75,338.241176
0.31134164,75,338.257869
0.36054268,75,338.258632
0.26745903,75,338.270022
0.36219686,75,338.270812
0.38284266,75,338.271584
0.34071067,75,338.272366
0.3318991,75,338.292566
0.3078154,75,338.295466
0.35710832,75,338.312034
0.3267271,75,338.312833
0.35505432,75,338.324375
0.3393043,75,338.325144
0.34248152,75,338.325881
0.35355112,75,338.326612
0.3599868,75,338.346659
0.29670084,75,338.34952
0.29198027,75,338.366495
0.3768839,75,338.367284
0.29171103,75,338.378923
0.34613162,75,338.379742
0.36011308,75,338.380543
0.32865983,75,338.381282
0.33975315,75,338.401646
0.29374522,75,338.404615
0.38773346,75,338.421284
0.25531337,75,338.422059
0.3480545,75,338.433899
0.3703292,75,338.434704
0.31320903,75,338.435473
0.34551382,75,338.436195
0.32044673,75,338.456806
0.3157951,75,338.459751
0.32366925,75,338.476788
0.3392879,75,338.477593
0.3353744,75,338.489406
0.33951217,75,338.490228
0.3363509,75,338.491017
0.35465777,75,338.491816
0.31249055,75,338.512902
0.3393727,75,338.516121
0.256973,75,338.533722
0.30628148,75,338.534532
0.30316603,75,338.546945
0.34955126,75,338.547774
0.33990654,75,338.548538
0.34844986,75,338.549319
0.37738845,75,338.570086
0.35545495,75,338.573058
0.28163168,75,338.589914
0.31967312,75,338.590701
0.3817642,75,338.602377
0.37601048,75,338.603155
0.3873802,75,338.603936
0.2935036,75,338.604701
0.38300124,75,338.625444
0.20471455,75,338.62837
0.26802358,75,338.645121
0.3562526,75,338.645938
0.36779192,75,338.658
0.29375637,75,338.658822
0.36249012,75,338.659595
0.36144668,75,338.660485
0.32738063,75,338.680882
0.34400994,75,338.683845
0.36182404,75,338.700555
0.3721721,75,338.701368
0.2908526,75,338.71289
0.27372772,75,338.713687
0.3080865,75,338.714432
0.36414942,75,338.715158
0.38315344,75,338.735294
0.34668744,75,338.738237
0.3428015,75,338.754878
0.37961856,75,338.755661
0.34947282,75,338.767188
0.3520409,75,338.76798
0.31878358,75,338.768746
0.3565539,75,338.769479
0.31152853,75,338.789741
0.3300387,75,338.792669
0.32976627,75,338.809532
0.35438958,75,338.810299
0.35387164,75,338.822012
0.36791465,75,338.822911
0.30737314,75,338.823814
0.3153704,75,338.824652
0.3173699,75,338.844874
0.3573859,75,338.847878
0.35487923,75,338.864812
0.30675802,75,338.865641
0.30978665,75,338.87726
0.31856325,75,338.878036
0.36677873,75,338.878823
0.30793357,75,338.879567
0.36935717,75,338.899881
0.34234408,75,338.902739
0.3675427,75,338.919431
0.35205197,75,338.920201
0.3082087,75,338.93176
0.34022525,75,338.932596
0.30510187,75,338.933388
0.3418371,75,338.934137
0.33859515,75,338.954298
0.34532735,75,338.957203
0.33895594,75,338.973602
0.33870745,75,338.974361
0.2872165,75,338.986036
0.31747335,75,338.986791
0.3358987,75,338.987553
0.25135267,75,338.988297
0.32727873,75,339.008571
0.35725027,75,339.011401
0.3443707,75,339.027993
0.34056854,75,339.028755
0.2419479,75,339.040253
0.34298462,75,339.040988
0.319075,75,339.041775
0.35086364,75,339.042521
0.36255738,75,339.062851
0.31129348,75,339.065737
0.32104665,75,339.082237
0.33055052,75,339.082993
0.28232858,75,339.094593
0.3146607,75,339.095401
0.34855124,75,339.096186
0.31947243,75,339.096916
0.3365326,75,339.117326
0.28694782,75,339.120212
0.30930364,75,339.136709
0.3578655,75,339.137485
0.36064145,75,339.149026
0.3447809,75,339.149771
0.33354574,75,339.150555
0.34482455,75,339.151293
0.35485396,75,339.171636
0.2714267,75,339.174523
0.3466027,75,339.19157
0.3311572,75,339.192385
0.3252604,75,339.20412
0.39460286,75,339.20491
0.3613284,75,339.205753
0.35055327,75,339.206542
0.29170507,75,339.226895
0.3346602,75,339.229842
0.31921434,75,339.8656
0.29672173,75,339.866491
0.36080554,75,339.878701
0.29593176,75,339.879498
0.36193016,75,339.880289
0.30475944,75,339.88113
0.35191816,75,339.901607
0.35426122,75,339.904577
0.2979071,75,339.921488
0.29969186,75,339.922274
0.35943955,75,339.933852
0.3265388,75,339.934633
0.3447792,75,339.935422
0.31957167,75,339.936152
0.28960633,75,339.95642
0.38039556,75,339.959358
0.3761819,75,339.975936
0.24818252,75,339.976711
0.31341067,75,339.988555
0.36961907,75,339.989395
0.347814,75,339.990159
0.27960917,75,339.990908
0.32651994,75,340.011133
0.3011775,75,340.014011
0.28850216,75,340.030689
0.3512161,75,340.031485
0.30403367,75,340.042915
0.35480878,75,340.04368
0.32674223,75,340.044435
0.33546922,75,340.045198
0.34248203,75,340.065445
0.25315046,75,340.068368
0.30367997,75,340.084868
0.37596446,75,340.08565
0.3166058,75,340.097191
0.292513,75,340.09794
0.29396805,75,340.098727
0.33011124,75,340.099476
0.31193763,75,340.119785
0.33811852,75,340.122634
0.34718972,75,340.139224
0.36280444,75,340.14002
0.3634999,75,340.151555
0.2869204,75,340.15233
0.30996543,75,340.153099
0.33015382,75,340.153902
0.37516546,75,340.174085
0.33143684,75,340.177039
0.3622336,75,340.193774
0.27894723,75,340.194533
0.32222745,75,340.206132
0.2763909,75,340.206881
0.36883536,75,340.207647
0.35189405,75,340.208394
0.35472506,75,340.228648
0.31345135,75,340.231617
0.29452974,75,340.248253
0.29022604,75,340.249028
0.27238584,75,340.260539
0.32906666,75,340.261305
0.3371891,75,340.262122
0.33535567,75,340.262863
0.36226904,75,340.282829
0.36864096,75,340.285711
0.36363122,75,340.302232
0.31994256,75,340.303002
0.33196953,75,340.314609
0.28733552,75,340.315418
0.2894528,75,340.316235
0.26403487,75,340.316999
0.3513318,75,340.337026
0.32155475,75,340.339961
0.34686688,75,340.356595
0.3076247,75,340.357364
0.28520498,75,340.368884
0.30641088,75,340.369668
0.3761311,75,340.37041
0.34809753,75,340.371143
0.31878528,75,340.391754
0.30308682,75,340.39469
0.3178447,75,340.411483
0.34954345,75,340.412256
0.34793273,75,340.423675
0.34732136,75,340.424436
0.32085416,75,340.425267
0.32722065,75,340.426041
0.3331928,75,340.446173
0.3330295,75,340.449068
0.36429504,75,340.465846
0.35664302,75,340.466605
0.35344285,75,340.478005
0.33410776,75,340.47882
0.34918863,75,340.479544
0.34381515,75,340.480269
0.37743372,75,340.500438
0.36714166,75,340.5033
0.3411629,75,340.52
0.33242732,75,340.520765
0.343586,75,340.532401
0.25562444,75,340.533182
0.30696425,75,340.533972
0.36051375,75,340.53471
0.29603258,75,340.55491
0.3316686,75,340.557889
0.3185919,75,340.574416
0.3180079,75,340.575204
0.34598976,75,340.587154
0.3439282,75,340.587943
0.28367728,75,340.588696
0.23840618,75,340.58946
0.309855,75,340.610003
0.3444244,75,340.612974
0.3729184,75,340.629858
0.28612503,75,340.630649
0.32158592,75,340.642344
0.35503462,75,340.643101
0.3472681,75,340.64385
0.32836184,75,340.644609
0.35743442,75,340.665483
0.36624444,75,340.668403
0.31162786,75,340.685256
0.33815485,75,340.686127
0.3745315,75,340.698456
0.26199102,75,340.699236
0.3263654,75,340.70005
0.3166561,75,340.700859
0.33468547,75,340.721907
0.34382856,75,340.724841
0.31253466,75,340.741549
0.32997787,75,340.742379
0.31785524,75,340.753983
0.321064,75,340.754754
0.32133937,75,340.755547
0.29329184,75,340.756342
0.34394827,75,340.776406
0.35866636,75,340.779417
0.34584337,75,340.795936
0.33783,75,340.796713
0.29208943,75,340.808227
0.3708681,75,340.809014
0.32994092,75,340.809767
0.30175093,75,340.810497
0.27982408,75,340.830533
0.3523693,75,340.833449
0.27865812,75,340.850199
0.3139771,75,340.851085
0.33724225,75,340.862866
0.2232584,75,340.86368
0.3039137,75,340.864441
0.35429564,75,340.865254
0.34398204,75,340.88593
0.3482532,75,340.888876
0.36829442,75,340.905544
0.3499038,75,340.906331
0.34350997,75,340.918094
0.36169937,75,340.918874
0.33317897,75,340.919633
0.36850172,75,340.9204
0.3521942,75,340.94069
0.35388172,75,340.943654
0.361798,75,340.960441
0.303693,75,340.96121
0.31637323,75,340.972745
0.30774337,75,340.973523
0.27178615,75,340.974247
0.3322008,75,340.974993
0.3257382,75,340.995245
0.3549454,75,340.998146
0.38628963,75,341.014573
0.2748818,75,341.015339
0.26291928,75,341.026825
0.36127397,75,341.027572
0.35129273,75,341.028326
0.37323543,75,341.029061
0.33600235,75,341.049382
0.32727996,75,341.052306
0.32095018,75,341.068874
0.33790964,75,341.069629
0.34649846,75,341.081431
0.35491726,75,341.082206
0.2817223,75,341.082937
0.34276336,75,341.083665
0.291038,75,341.104235
0.33249113,75,341.107137
0.33232358,75,341.12453
0.3340949,75,341.125324
0.37457138,75,341.137304
0.32859066,75,341.138082
0.38302383,75,341.138849
0.35502368,75,341.1396
0.35725763,75,341.159951
0.28991076,75,341.1629
0.35108536,75,341.179516
0.37218225,75,341.180292
0.3590376,75,341.191733
0.35201976,75,341.192497
0.35363942,75,341.193294
0.3083057,75,341.194044
0.36984718,75,341.214167
0.31572568,75,341.217092
0.31945458,75,341.233668
0.3372044,75,341.234475
0.2702468,75,341.246081
0.24659497,75,341.246866
0.3320663,75,341.247623
0.33685046,75,341.248372
0.31208086,75,341.268436
0.3439355,75,341.271314
0.33217344,75,341.287968
0.32533863,75,341.288741
0.3343998,75,341.300324
0.3065253,75,341.301091
0.3298283,75,341.30184
0.3392144,75,341.302563
0.35723758,75,341.322678
0.2951718,75,341.325639
0.33712858,75,341.342349
0.34241304,75,341.3431
0.3175137,75,341.974317
0.33379152,75,341.97517
0.38546726,75,341.97602
0.27707547,75,341.97679
0.3183043,75,341.99883
0.29986805,75,342.001844
0.33214682,75,342.0187
0.28345588,75,342.019472
0.33563423,75,342.031492
0.36039177,75,342.032301
0.31948298,75,342.033092
0.30764163,75,342.033855
0.30957982,75,342.054696
0.21306531,75,342.057916
0.35592926,75,342.076687
0.32558048,75,342.077538
0.3557217,75,342.089008
0.31339803,75,342.08983
0.35962763,75,342.090613
0.23023787,75,342.09138
0.3166484,75,342.111539
0.3474358,75,342.114669
0.32258272,75,342.131751
0.29830888,75,342.132543
0.3573463,75,342.144814
0.33383417,75,342.145605
0.30898744,75,342.146386
0.31652972,75,342.147128
0.35133004,75,342.168133
0.34646744,75,342.171044
0.3312774,75,342.188021
0.30527246,75,342.188813
0.3785811,75,342.200964
0.3406257,75,342.201796
0.36645076,75,342.202586
0.31749785,75,342.203326
0.33023596,75,342.223936
0.34722397,75,342.227032
0.35183144,75,342.244178
0.31888658,75,342.244982
0.3516111,75,342.256771
0.33313712,75,342.257558
0.34760514,75,342.25836
0.38442907,75,342.25915
0.3375997,75,342.279483
0.28850302,75,342.282346
0.3142329,75,342.300024
0.34610707,75,342.300861
0.3587848,75,342.312496
0.29156643,75,342.313261
0.33294046,75,342.314072
0.37526396,75,342.314832
0.35567218,75,342.335361
0.30592805,75,342.338305
0.31327575,75,342.355352
0.34250498,75,342.356214
0.33038983,75,342.368165
0.28193328,75,342.368949
0.31860727,75,342.369723
0.35632724,75,342.370502
0.3074269,75,342.391335
0.3599799,75,342.394461
0.3431149,75,342.413219
0.3422721,75,342.414036
0.35539785,75,342.426646
0.2946064,75,342.427445
0.3560656,75,342.428212
0.32201812,75,342.428979
0.3733398,75,342.449242
0.30902708,75,342.45229
0.32342649,75,342.469402
0.32485896,75,342.470229
0.32568735,75,342.481854
0.34101054,75,342.482658
0.28938395,75,342.483434
0.3360425,75,342.48418
0.34747097,75,342.504581
0.34387603,75,342.507513
0.26718336,75,342.524252
0.2699975,75,342.525041
0.31919095,75,342.53645
0.309124,75,342.537199
0.30365354,75,342.538016
0.35372913,75,342.538782
0.35571557,75,342.559138
0.32532594,75,342.562051
0.3656192,75,342.578691
0.2809924,75,342.579453
0.32612306,75,342.590944
0.36552924,75,342.59173
0.36053705,75,342.592488
0.340867,75,342.593237
0.31068003,75,342.613412
0.2906734,75,342.616372
0.29665542,75,342.633108
0.30098414,75,342.633861
0.26432174,75,342.645309
0.32762015,75,342.646128
0.30252704,75,342.646884
0.35164315,75,342.647638
0.2786308,75,342.66792
0.34730673,75,342.670813
0.36124632,75,342.687789
0.33869952,75,342.688575
0.32045585,75,342.700281
0.36028174,75,342.701248
0.3493749,75,342.702029
0.35641518,75,342.702771
0.3650102,75,342.723401
0.31556332,75,342.726384
0.2550498,75,342.743186
0.35998476,75,342.743945
0.32653975,75,342.755824
0.34916562,75,342.7566
0.34325615,75,342.757367
0.25121352,75,342.75812
0.3710898,75,342.778848
0.3559986,75,342.781825
0.30960408,75,342.798857
0.32248032,75,342.799719
0.2675028,75,342.811239
0.31666607,75,342.812013
0.30541012,75,342.812842
0.35848993,75,342.813598
0.2983302,75,342.833825
0.3596599,75,342.836696
0.3463296,75,342.85341
0.3730984,75,342.854181
0.3414566,75,342.865839
0.34111354,75,342.866592
0.31699938,75,342.867337
0.3229391,75,342.868071
0.32887268,75,342.888197
0.3170842,75,342.891124
0.3268811,75,342.907686
0.32962406,75,342.908469
0.34827098,75,342.920865
0.28678903,75,342.921646
0.323205,75,342.922409
0.3213729,75,342.923185
0.33290452,75,342.943904
0.3698783,75,342.946844
0.3042571,75,342.963425
0.23073748,75,342.964198
0.32616782,75,342.975739
0.2718091,75,342.976505
0.2841979,75,342.977259
0.36130667,75,342.978025
0.33080983,75,342.998525
0.36975566,75,343.00141
0.34678522,75,343.018233
0.3365234,75,343.019057
0.32311887,75,343.030731
0.3579901,75,343.031535
0.32728776,75,343.032322
0.3402359,75,343.03304
0.3483627,75,343.053297
0.3439445,75,343.05622
0.2582049,75,343.072789
0.32890022,75,343.073564
0.34380117,75,343.084997
0.3182333,75,343.08581
0.28063822,75,343.086563
0.35318008,75,343.087289
0.31402713,75,343.10733
0.3547057,75,343.110231
0.38369092,75,343.127164
0.35158613,75,343.127974
0.33973634,75,343.139452
0.32474783,75,343.140207
0.3403205,75,343.140953
0.36176193,75,343.141685
0.31140238,75,343.161802
0.28818223,75,343.164752
0.31541824,75,343.181645
0.31902888,75,343.182582
0.3438047,75,343.194339
0.32904372,75,343.195099
0.2835244,75,343.195862
0.34827453,75,343.196598
0.36946324,75,343.216635
0.30691612,75,343.219702
0.27924278,75,343.236309
0.33437696,75,343.237085
0.31630364,75,343.24856
0.36040574,75,343.249356
0.3412233,75,343.250113
0.35089308,75,343.250878
0.31190974,75,343.27088
0.31203386,75,343.273833
0.3159079,75,343.29045
0.3508723,75,343.291221
0.35412732,75,343.30276
0.37185222,75,343.303501
0.37441498,75,343.304269
0.32467636,75,343.305033
0.35098386,75,343.325231
0.361934,75,343.328229
0.26296064,75,343.344855
0.22812268,75,343.345607
0.33699355,75,343.356968
0.3558641,75,343.357724
0.365405,75,343.358531
0.30709463,75,343.359308
0.30053365,75,343.379435
0.33535188,75,343.382354
0.3295281,75,343.398907
0.32499766,75,343.399672
0.32084626,75,343.411214
0.28516388,75,343.411975
0.32238403,75,343.412765
0.31078836,75,343.413487
0.36223805,75,343.433694
0.31602982,75,343.436633
0.2737079,75,343.453935
0.328307,75,343.454741
0.38143674,75,343.466742
0.341551,75,343.46752
0.3586434,75,343.468282
0.33879507,75,343.469027
0.26600316,75,344.110335
0.3300086,75,344.113544
0.344091,75,344.130273
0.36509907,75,344.131087
0.3625464,75,344.142861
0.3366156,75,344.143671
0.33950096,75,344.144422
0.36879876,75,344.145173
0.35813314,75,344.165379
0.35375693,75,344.16831
0.3217533,75,344.18511
0.34104133,75,344.185885
0.311763,75,344.197401
0.30654955,75,344.19822
0.35742414,75,344.198982
0.36450464,75,344.199732
0.31335852,75,344.22014
0.30759722,75,344.223086
0.29283258,75,344.23958
0.3478758,75,344.240361
0.28550315,75,344.251965
0.3350901,75,344.252742
0.33110508,75,344.253521
0.31301525,75,344.254281
0.36722,75,344.274505
0.36641192,75,344.277485
0.34053835,75,344.294095
0.34423164,75,344.294848
0.31621343,75,344.306287
0.32736343,75,344.307078
0.3301708,75,344.307855
0.3445747,75,344.308608
0.31502232,75,344.328885
0.30374342,75,344.331774
0.2649992,75,344.348317
0.31762218,75,344.349074
0.3595267,75,344.360579
0.35096908,75,344.361311
0.3655541,75,344.36207
0.28511116,75,344.362811
0.34814996,75,344.38288
0.36392862,75,344.385738
0.31815434,75,344.402265
0.36600465,75,344.403035
0.35812658,75,344.414553
0.32120368,75,344.415317
0.3416798,75,344.416104
0.3293675,75,344.416854
0.31230414,75,344.437163
0.35706437,75,344.440131
0.29702747,75,344.457119
0.31302273,75,344.4579
0.2966672,75,344.469404
0.37429512,75,344.470183
0.33406222,75,344.470932
0.32743785,75,344.471727
0.34856573,75,344.491906
0.38431606,75,344.494767
0.31030118,75,344.511669
0.35205454,75,344.512467
0.33294997,75,344.524217
0.34105906,75,344.524991
0.3757684,75,344.525827
0.35228607,75,344.526559
0.33226362,75,344.546728
0.32436967,75,344.549605
0.34783477,75,344.566287
0.3567512,75,344.567065
0.35038313,75,344.57865
0.28560507,75,344.579435
0.34205875,75,344.580193
0.2771475,75,344.580945
0.3757397,75,344.601147
0.3106072,75,344.604046
0.36769864,75,344.620557
0.35761863,75,344.621344
0.3211365,75,344.632892
0.32296067,75,344.633673
0.33133826,75,344.634474
0.3199821,75,344.635259
0.3384613,75,344.655312
0.35389724,75,344.658234
0.3476753,75,344.675025
0.3577314,75,344.675787
0.3591044,75,344.68736
0.28905535,75,344.688104
0.29817042,75,344.688874
0.31616142,75,344.689602
0.35093918,75,344.70986
0.30524498,75,344.712874
0.3643422,75,344.729502
0.32856196,75,344.730255
0.2814103,75,344.74175
0.34728095,75,344.742545
0.2621095,75,344.743309
0.34555778,75,344.744056
0.3400615,75,344.76423
0.2316111,75,344.767165
0.34532696,75,344.783742
0.37262148,75,344.784511
0.30922985,75,344.796046
0.3472286,75,344.796833
0.35678717,75,344.797611
0.2810276,75,344.798365
0.29960027,75,344.818547
0.35805613,75,344.821765
0.3568049,75,344.838536
0.32694748,75,344.839397
0.35623133,75,344.851073
0.3700188,75,344.851829
0.3466156,75,344.85259
0.3842908,75,344.853329
0.3429591,75,344.874041
0.34477052,75,344.876977
0.37020653,75,344.894356
0.33106127,75,344.895136
0.3123729,75,344.90669
0.26419467,75,344.907479
0.36256298,75,344.908264
0.33648074,75,344.909041
0.3586622,75,344.929772
0.33922452,75,344.932783
0.32604337,75,344.949659
0.33571845,75,344.950446
0.29757124,75,344.962135
0.31443912,75,344.962895
0.3556376,75,344.963632
0.22831568,75,344.964365
0.37211037,75,344.98468
0.34624186,75,344.987526
0.36505875,75,345.004099
0.34683347,75,345.004892
0.32228005,75,345.016533
0.25041986,75,345.017387
0.34489104,75,345.018174
0.3660167,75,345.018932
0.30422947,75,345.039278
0.30010727,75,345.042266
0.33896935,75,345.058767
0.29855826,75,345.059517
0.27313066,75,345.071088
0.28670415,75,345.071855
0.36137614,75,345.072636
0.33408865,75,345.073387
0.33572745,75,345.094094
0.37967473,75,345.096969
0.34794268,75,345.113789
0.32658964,75,345.114572
0.3414213,75,345.126255
0.3091655,75,345.127006
0.34814274,75,345.127759
0.32989362,75,345.128551
0.34468123,75,345.148725
0.320477,75,345.15162
0.3300257,75,345.168246
0.3035247,75,345.168995
0.33858386,75,345.180671
0.32599652,75,345.181453
0.3122305,75,345.182214
0.31560618,75,345.182951
0.32569858,75,345.203047
0.36636862,75,345.205986
0.34019804,75,345.222765
0.35151783,75,345.223525
0.2935947,75,345.23501
0.2824163,75,345.235762
0.3475342,75,345.236565
0.32702267,75,345.237305
0.3271035,75,345.257543
0.35732657,75,345.260451
0.33991206,75,345.277055
0.28689012,75,345.277829
0.29046112,75,345.289426
0.28825843,75,345.290184
0.32110143,75,345.290931
0.32191426,75,345.291729
0.3711234,75,345.311983
0.30869323,75,345.315117
0.29186994,75,345.331727
0.29124787,75,345.332478
0.35415557,75,345.343979
0.34928665,75,345.344723
0.29922214,75,345.345504
0.3107888,75,345.34624
0.3396632,75,345.366523
0.33321095,75,345.369527
0.29153422,75,345.386148
0.37374794,75,345.386993
0.28034592,75,345.398881
0.36600173,75,345.399723
0.35024685,75,345.400497
0.28868732,75,345.401281
0.2822516,75,345.425655
0.3661364,75,345.429628
0.2903065,75,345.455057
0.33092386,75,345.456256
0.37507015,75,345.472708
0.2829241,75,345.473678
0.32224348,75,345.474657
0.29165453,75,345.475684
0.3157567,75,345.497941
0.2949654,75,345.501459
0.32941929,75,345.519568
0.38377884,75,345.520387
0.3453498,75,345.532522
0.3045517,75,345.533366
0.37334326,75,345.534287
0.34601593,75,345.535234
0.31440148,75,345.558927
0.30433065,75,345.56229
0.35505036,75,345.58262
0.32974702,75,345.583723
0.32977524,75,345.597092
0.3511059,75,345.598039
0.31648317,75,345.598899
0.3753866,75,345.599681
0.3090522,75,345.62237
0.28165516,75,345.625797
0.23933843,75,346.349281
0.3391939,75,346.350118
0.35534292,75,346.362615
0.36131513,75,346.363431
0.29553843,75,346.364372
0.2766314,75,346.365306
0.3691769,75,346.386766
0.36662447,75,346.389787
0.3326914,75,346.408095
0.3394726,75,346.408981
0.36011204,75,346.420897
0.34124917,75,346.421723
0.32912806,75,346.422539
0.34582904,75,346.423399
0.30999148,75,346.44524
0.29019994,75,346.448343
0.36795816,75,346.466159
0.2571915,75,346.46708
0.33878082,75,346.479825
0.38215768,75,346.480628
0.35062677,75,346.481468
0.3249151,75,346.482342
0.39556578,75,346.504614
0.3546209,75,346.507837
0.30116835,75,346.525315
0.27759328,75,346.526199
0.36433327,75,346.538284
0.3204812,75,346.539215
0.3447335,75,346.540135
0.29805723,75,346.541066
0.37273932,75,346.561827
0.29362455,75,346.56504
0.32514372,75,346.582202
0.31878138,75,346.583026
0.28286618,75,346.594686
0.3570989,75,346.595469
0.28794032,75,346.596225
0.35680476,75,346.596993
0.35202476,75,346.617346
0.33839017,75,346.620436
0.37522757,75,346.637112
0.36121398,75,346.6379
0.3056582,75,346.649648
0.29844075,75,346.650437
0.33545092,75,346.651207
0.32844874,75,346.651948
0.30188933,75,346.672236
0.3445893,75,346.675216
0.26266527,75,346.691826
0.31829908,75,346.69261
0.3312719,75,346.704137
0.30899855,75,346.704936
0.3503517,75,346.705727
0.3226579,75,346.706493
0.32686475,75,346.726791
0.28263336,75,346.729743
0.35234663,75,346.74645
0.35008642,75,346.747218
0.36873093,75,346.759042
0.33684367,75,346.759796
0.3310074,75,346.760576
0.36625338,75,346.761312
0.31655762,75,346.781316
0.36504823,75,346.784185
0.27389398,75,346.800799
0.36758995,75,346.801557
0.3498153,75,346.813173
0.3370701,75,346.81391
0.31471822,75,346.814705
0.34442466,75,346.815533
0.35170072,75,346.835923
0.3260025,75,346.83878
0.33035412,75,346.855515
0.36317062,75,346.856299
0.32387945,75,346.867832
0.34713885,75,346.868606
0.36940253,75,346.869357
0.34255126,75,346.870128
0.32499915,75,346.890343
0.37733525,75,346.893253
0.35322914,75,346.909794
0.2686456,75,346.910555
0.34240744,75,346.922111
0.37493524,75,346.922879
0.36688846,75,346.923664
0.3238123,75,346.924416
0.3389879,75,346.944748
0.3581327,75,346.947712
0.3303343,75,346.964927
0.31968868,75,346.965723
0.3177646,75,346.977544
0.3655169,75,346.978301
0.34499344,75,346.979109
0.31000048,75,346.979853
0.3318649,75,347.000624
0.3023491,75,347.003516
0.303449,75,347.020493
0.3551144,75,347.021287
0.2950324,75,347.033124
0.31009293,75,347.033934
0.369128,75,347.034691
0.4000941,75,347.035441
0.35208702,75,347.056152
0.30780643,75,347.059117
0.335558,75,347.076092
0.39362636,75,347.076854
0.3572651,75,347.088599
0.38641056,75,347.089375
0.35781208,75,347.090159
0.31141555,75,347.090977
0.36710915,75,347.111638
0.33199847,75,347.114618
0.33392796,75,347.131321
0.24819289,75,347.132113
0.33509585,75,347.143603
0.28103268,75,347.144391
0.33876544,75,347.145164
0.30511546,75,347.145975
0.32198346,75,347.166161
0.3405163,75,347.16906
0.37226576,75,347.185731
0.30923778,75,347.186485
0.3284735,75,347.197996
0.3263487,75,347.198741
0.37357473,75,347.199488
0.36746374,75,347.200248
0.32507345,75,347.220519
0.350662,75,347.223465
0.34063885,75,347.240151
0.35427365,75,347.240917
0.34501648,75,347.252533
0.30617362,75,347.25327
0.27359128,75,347.254037
0.32741615,75,347.25477
0.3713331,75,347.274842
0.32179108,75,347.277692
0.34916228,75,347.294488
0.3611205,75,347.295259
0.34450293,75,347.306841
0.35163373,75,347.307596
0.30898634,75,347.308358
0.3602528,75,347.309113
0.34593564,75,347.32941
0.3450715,75,347.332296
0.34657043,75,347.348822
0.34784552,75,347.349585
0.3400524,75,347.361118
0.36053824,75,347.361878
0.3568393,75,347.362641
0.3190273,75,347.363374
0.31836954,75,347.383454
0.29683754,75,347.386343
0.34038037,75,347.402997
0.33640844,75,347.403784
0.37153244,75,347.415478
0.29772028,75,347.416262
0.33238268,75,347.417034
0.32410187,75,347.417771
0.26966307,75,347.438053
0.3442341,75,347.440935
0.32341713,75,347.457647
0.301032,75,347.458421
0.34369487,75,347.469858
0.3311829,75,347.470627
0.3616658,75,347.4714
0.30533788,75,347.472184
0.35598817,75,347.492746
0.3458272,75,347.495621
0.35891297,75,347.512193
0.3227863,75,347.512985
0.30033213,75,347.524496
0.34606332,75,347.525273
0.33198535,75,347.526025
0.36300844,75,347.526793
0.32897642,75,347.547007
0.3511845,75,347.549941
0.31624198,75,347.566799
0.34691635,75,347.567582
0.36288893,75,347.579169
0.32977062,75,347.579991
0.37054962,75,347.580781
0.32014737,75,347.581537
0.3394025,75,347.601492
0.37535942,75,347.604435
0.36653912,75,347.621173
0.3547709,75,347.621975
0.35582927,75,347.633515
0.33215567,75,347.634301
0.36826044,75,347.635069
0.37355533,75,347.635799
0.34581625,75,347.65593
0.29599229,75,347.658925
0.27439994,75,347.675616
0.32950926,75,347.676385
0.3202609,75,347.688051
0.30205995,75,347.688838
0.32134315,75,347.689582
0.33707368,75,347.690343
0.3488873,75,347.710505
0.2789571,75,347.713482
0.29472306,75,347.729871
0.36063886,75,347.730627
0.32773787,75,347.742164
0.31291962,75,347.742952
0.3419061,75,347.743702
0.32775128,75,347.744437
0.276857,75,347.764708
0.3322901,75,347.76763
0.30519092,75,347.78413
0.36759272,75,347.784883
0.28371456,75,347.796364
0.33312374,75,347.797095
0.38894668,75,347.797886
0.33330494,75,347.798622
0.35572535,75,347.818622
0.29346284,75,347.821626
0.35335925,75,347.837938
0.34363425,75,347.838711
0.32711357,75,348.463422
0.36516163,75,348.464232
0.31812096,75,348.465045
0.37080786,75,348.465793
0.30661887,75,348.486279
0.34638837,75,348.48926
0.3273963,75,348.506084
0.3642906,75,348.506846
0.32583943,75,348.518498
0.36217925,75,348.519239
0.32425648,75,348.520026
0.36304712,75,348.520774
0.363679,75,348.541081
0.35680833,75,348.543962
0.30017024,75,348.560668
0.2962219,75,348.561422
0.3746965,75,348.5729
0.32946584,75,348.573678
0.3398535,75,348.574475
0.30456066,75,348.575233
0.36375818,75,348.595548
0.34175104,75,348.598501
0.33889917,75,348.615255
0.31829804,75,348.616031
0.32001528,75,348.627646
0.30946788,75,348.628438
0.30228394,75,348.629201
0.32148707,75,348.629945
0.32573777,75,348.650159
0.33627257,75,348.653086
0.29394034,75,348.669536
0.3003348,75,348.670357
0.36466855,75,348.681999
0.369948,75,348.682795
0.3103612,75,348.683581
0.35208958,75,348.684366
0.31318602,75,348.704592
0.32354248,75,348.707505
0.31483394,75,348.724392
0.30557722,75,348.725216
0.37416932,75,348.736669
0.32194212,75,348.737445
0.32044324,75,348.738236
0.36093873,75,348.73898
0.34725106,75,348.759321
0.3624081,75,348.762218
0.34934035,75,348.77903
0.3387915,75,348.779849
0.30988336,75,348.79137
0.3620812,75,348.792165
0.34991026,75,348.792917
0.3700794,75,348.793685
0.3852683,75,348.814071
0.3452905,75,348.816987
0.35237968,75,348.833754
0.29885677,75,348.834521
0.29784384,75,348.846087
0.34820458,75,348.846887
0.3355438,75,348.847676
0.35253546,75,348.848415
0.3370471,75,348.868413
0.31639096,75,348.871273
0.35482284,75,348.887998
0.3791282,75,348.888749
0.31633583,75,348.900141
0.31529418,75,348.900896
0.27228346,75,348.901668
0.35667887,75,348.902399
0.35305306,75,348.922499
0.33526838,75,348.925344
0.28035182,75,348.942094
0.32482406,75,348.942862
0.3486611,75,348.954449
0.382866,75,348.955196
0.32081097,75,348.955948
0.35032263,75,348.956686
0.36443707,75,348.976703
0.37004519,75,348.979842
0.3570837,75,348.996449
0.38299316,75,348.99721
0.3593417,75,349.008993
0.380901,75,349.009756
0.28704405,75,349.010494
0.33006066,75,349.011244
0.3527174,75,349.031546
0.33096343,75,349.034477
0.25514853,75,349.051119
0.32391608,75,349.051903
0.33954582,75,349.063482
0.33813396,75,349.064252
0.3312452,75,349.065002
0.29315007,75,349.065745
0.3005063,75,349.085951
0.30570626,75,349.088908
0.36103353,75,349.105378
0.32886386,75,349.106163
0.36342853,75,349.117804
0.29966867,75,349.118585
0.32840186,75,349.119318
0.2621405,75,349.120047
0.31288487,75,349.140254
0.3525194,75,349.143177
0.30774817,75,349.159754
0.31241256,75,349.160511
0.29296985,75,349.171999
0.35912,75,349.172781
0.31320822,75,349.173638
0.3439075,75,349.174435
0.36672512,75,349.195173
0.35320228,75,349.19812
0.34845948,75,349.215041
0.34907752,75,349.215857
0.3518666,75,349.227616
0.36280996,75,349.2284
0.32600233,75,349.229209
0.30964932,75,349.229941
0.34957883,75,349.250567
0.3060493,75,349.253543
0.366396,75,349.270237
0.3434877,75,349.271086
0.3352959,75,349.282763
0.31626135,75,349.283555
0.35179427,75,349.284302
0.34556556,75,349.285063
0.32721284,75,349.305585
0.3724337,75,349.308503
0.32044047,75,349.325032
0.37786707,75,349.325795
0.3060583,75,349.337401
0.37218794,75,349.338172
0.30693445,75,349.338959
0.35017878,75,349.339729
0.3679468,75,349.360167
0.30581352,75,349.363038
0.35613376,75,349.379731
0.35626656,75,349.380506
0.37866157,75,349.391999
0.3863934,75,349.392778
0.32881513,75,349.393539
0.29296502,75,349.394304
0.2601941,75,349.414338
0.39765522,75,349.417258
0.32365254,75,349.433927
0.3613952,75,349.434696
0.3308804,75,349.446335
0.27609047,75,349.447141
0.32867402,75,349.447887
0.3777521,75,349.448623
0.280745,75,349.468637
0.33666423,75,349.471552
0.31795833,75,349.488458
0.34432513,75,349.489257
0.3419585,75,349.500698
0.3573113,75,349.501479
0.31987244,75,349.502262
0.2931195,75,349.503006
0.3855491,75,349.523299
0.38357216,75,349.526213
0.34283876,75,349.542836
0.34090674,75,349.543598
0.3188738,75,349.555304
0.36018118,75,349.556069
0.31289995,75,349.556806
0.36227044,75,349.557549
0.3525213,75,349.577691
0.31180596,75,349.580759
0.33998734,75,349.59725
0.33260575,75,349.598009
0.36403954,75,349.609546
0.30281192,75,349.610328
0.3595222,75,349.611068
0.31017816,75,349.611806
0.35204417,75,349.631814
0.34929422,75,349.634702
0.3620802,75,349.651207
0.31881315,75,349.65199
0.31752908,75,349.663538
0.35111246,75,349.664267
0.36598352,75,349.66504
0.3153547,75,349.665799
0.31393108,75,349.685863
0.2949379,75,349.688861
0.39450806,75,349.705436
0.28312826,75,349.706205
0.35110727,75,349.717909
0.27827588,75,349.718661
0.39131597,75,349.719414
0.31454042,75,349.720159
0.3441714,75,349.740341
0.364768,75,349.743219
0.33791983,75,349.759923
0.36735654,75,349.760678
0.3527077,75,349.772089
0.30606574,75,349.772829
0.32052165,75,349.773596
0.22213283,75,349.774319
0.3639317,75,349.794547
0.2809897,75,349.797468
0.3827334,75,349.81399
0.33200264,75,349.81478
0.33912814,75,349.826374
0.27665845,75,349.827122
0.35425675,75,349.82787
0.30223474,75,349.828617
0.2954076,75,349.848414
0.35412294,75,349.851324
0.3704248,75,349.867769
0.33082333,75,349.868513
0.35543114,75,349.880047
0.34754008,75,349.880795
0.3131448,75,349.881564
0.3705696,75,349.882335
0.31198812,75,349.902519
0.3301592,75,349.905393
0.29953185,75,349.921981
0.28471786,75,349.922761
0.32429302,75,349.934615
0.31264675,75,349.935367
0.31349403,75,349.936128
0.37333792,75,349.936891
0.33979937,75,350.576125
0.31217703,75,350.57917
0.37526438,75,350.595729
0.3426586,75,350.596556
0.2721543,75,350.608316
0.37014958,75,350.609098
0.35552675,75,350.609903
0.28054988,75,350.610655
0.3549391,75,350.630801
0.26610607,75,350.633798
0.32876658,75,350.650362
0.34626192,75,350.651134
0.3446495,75,350.662666
0.33083043,75,350.663434
0.30237633,75,350.664202
0.25985226,75,350.664994
0.38330075,75,350.685238
0.35196167,75,350.688294
0.34548917,75,350.704904
0.3191312,75,350.705687
0.34775692,75,350.717249
0.36450592,75,350.718028
0.36156476,75,350.718792
0.3282762,75,350.719539
0.34974518,75,350.73995
0.3404641,75,350.743253
0.37744823,75,350.760588
0.34171316,75,350.761361
0.3548402,75,350.772923
0.35970253,75,350.773707
0.3460944,75,350.774454
0.3729529,75,350.775247
0.38714713,75,350.795487
0.31987095,75,350.798371
0.34273428,75,350.814947
0.33422288,75,350.815727
0.3318209,75,350.82748
0.31386164,75,350.828275
0.38231984,75,350.829014
0.37399408,75,350.829754
0.3046468,75,350.850076
0.3353147,75,350.852983
0.30773294,75,350.869572
0.3432945,75,350.870385
0.2703125,75,350.881911
0.2490141,75,350.882689
0.33821696,75,350.883416
0.3371578,75,350.884155
0.28576067,75,350.904465
0.3424321,75,350.907396
0.35585174,75,350.924018
0.29443774,75,350.924789
0.3697995,75,350.936351
0.28237462,75,350.937108
0.3437984,75,350.937875
0.32841116,75,350.938615
0.37017924,75,350.958877
0.37282112,75,350.961744
0.32742736,75,350.978416
0.32806137,75,350.979233
0.33178946,75,350.9907
0.31532776,75,350.99146
0.3735482,75,350.992297
0.32917354,75,350.993038
0.29508704,75,351.01336
0.35076177,75,351.0163
0.39483494,75,351.032797
0.3778288,75,351.033577
0.35797167,75,351.045148
0.3308498,75,351.045918
0.32240194,75,351.046698
0.35841408,75,351.04747
0.3145417,75,351.06775
0.34148347,75,351.070678
0.36072624,75,351.08748
0.35529393,75,351.08824
0.32227227,75,351.099654
0.33013752,75,351.100434
0.3605559,75,351.101195
0.37733176,75,351.101939
0.34454527,75,351.121976
0.35656667,75,351.124915
0.28910422,75,351.141784
0.31093994,75,351.142533
0.33755267,75,351.154057
0.3076846,75,351.154828
0.36636558,75,351.155563
0.29407433,75,351.15629
0.36718804,75,351.176389
0.2977837,75,351.179368
0.27756333,75,351.195636
0.26017457,75,351.196397
0.28571987,75,351.207925
0.34574172,75,351.208693
0.36661896,75,351.209428
0.37134007,75,351.210165
0.33641297,75,351.230409
0.3180664,75,351.233393
0.35510895,75,351.250111
0.35496712,75,351.25087
0.29205176,75,351.262372
0.34195206,75,351.263117
0.3633955,75,351.263886
0.30824664,75,351.264617
0.32671148,75,351.284874
0.3419405,75,351.287879
0.35254338,75,351.304764
0.3491242,75,351.305583
0.33529115,75,351.317443
0.33020902,75,351.318206
0.3668591,75,351.318962
0.37271565,75,351.319691
0.33246902,75,351.340231
0.30920878,75,351.343183
0.35206577,75,351.360152
0.30359036,75,351.360982
0.39700177,75,351.372633
0.33397424,75,351.373484
0.3790226,75,351.374231
0.36734498,75,351.374991
0.36375982,75,351.395574
0.34258047,75,351.398676
0.37357697,75,351.41546
0.33592558,75,351.416234
0.32578483,75,351.4279
0.31443542,75,351.428666
0.306137,75,351.429453
0.33502525,75,351.430181
0.3149731,75,351.45043
0.33664733,75,351.453361
0.33409527,75,351.469912
0.37447396,75,351.470699
0.37738994,75,351.482311
0.32242543,75,351.483071
0.35144305,75,351.483836
0.3498088,75,351.484585
0.3351262,75,351.504728
0.29619217,75,351.50775
0.3371635,75,351.524704
0.2967562,75,351.525495
0.33622617,75,351.537055
0.35619038,75,351.537866
0.3292316,75,351.53864
0.33199856,75,351.539379
0.38052663,75,351.559574
0.36707625,75,351.562462
0.3637854,75,351.579133
0.3661538,75,351.579917
0.345813,75,351.591383
0.28315458,75,351.592158
0.34625566,75,351.592936
0.29590452,75,351.593692
0.30524904,75,351.613828
0.35020286,75,351.616747
0.305162,75,351.633475
0.3667605,75,351.634274
0.34058836,75,351.645845
0.29615358,75,351.64662
0.32951552,75,351.647412
0.31037986,75,351.648197
0.34422225,75,351.668345
0.3595642,75,351.671272
0.3525725,75,351.688193
0.333547,75,351.68894
0.3793663,75,351.700725
0.36009625,75,351.701517
0.30559626,75,351.702268
0.3742686,75,351.703024
0.38384777,75,351.723506
0.33036304,75,351.726506
0.3448791,75,351.743443
0.3784656,75,351.744223
0.25053418,75,351.756535
0.35149315,75,351.757349
0.33302075,75,351.758171
0.33639953,75,351.758917
0.29638693,75,351.778998
0.35200232,75,351.781902
0.35068965,75,351.798562
0.36653042,75,351.799335
0.36290398,75,351.810938
0.286719,75,351.811699
0.33073485,75,351.81249
0.36527154,75,351.81324
0.3112321,75,351.833416
0.33869076,75,351.836335
0.34922364,75,351.852855
0.37335414,75,351.85362
0.32715604,75,351.865084
0.31593558,75,351.865821
0.29879957,75,351.866576
0.35808393,75,351.867329
0.33715093,75,351.887466
0.34082517,75,351.89034
0.3492581,75,351.907046
0.34070897,75,351.907808
0.33675817,75,351.919541
0.34073037,75,351.920313
0.31398076,75,351.921054
0.33985034,75,351.921786
0.3620873,75,351.94194
0.30993396,75,351.94485
0.3339996,75,351.961633
0.31609696,75,351.962393
0.379649,75,351.973876
0.34837642,75,351.974667
0.30745548,75,351.975461
0.3643848,75,351.97621
0.31795317,75,351.996352
0.34536,75,351.999251
0.33652815,75,352.016063
0.31048205,75,352.016846
0.3200101,75,352.028602
0.25715268,75,352.029353
0.30136847,75,352.030099
0.34751508,75,352.030848
0.36293405,75,352.669512
0.36494425,75,352.672955
0.30811915,75,352.691104
0.3435619,75,352.692038
0.36282516,75,352.703874
0.35957396,75,352.704689
0.3452897,75,352.705456
0.35441124,75,352.706228
0.33632398,75,352.726736
0.30208865,75,352.729684
0.32572928,75,352.746505
0.3155244,75,352.747281
0.35464305,75,352.759139
0.2814792,75,352.759952
0.38806,75,352.760741
0.3321748,75,352.761475
0.27909684,75,352.781756
0.33253953,75,352.784656
0.33197495,75,352.801292
0.3713041,75,352.802056
0.33030817,75,352.813637
0.3434607,75,352.814434
0.25310665,75,352.815217
0.3432021,75,352.815969
0.36392027,75,352.836234
0.36197454,75,352.839191
0.29318157,75,352.855871
0.31936744,75,352.856646
0.3737945,75,352.868183
0.30597532,75,352.868925
0.2433542,75,352.869682
0.3354019,75,352.870428
0.35036036,75,352.890824
0.28915387,75,352.893772
0.3284022,75,352.91046
0.3000758,75,352.911216
0.32109463,75,352.922747
0.35879964,75,352.923512
0.30591148,75,352.924259
0.37139535,75,352.92499
0.32750428,75,352.945451
0.3123223,75,352.948356
0.3106318,75,352.965157
0.36395404,75,352.965927
0.35393482,75,352.977468
0.37666306,75,352.978269
0.3252817,75,352.979118
0.3746639,75,352.979873
0.29003686,75,353.000113
0.34957752,75,353.00301
0.34002313,75,353.019585
0.31883383,75,353.02042
0.32772624,75,353.032191
0.34942332,75,353.032989
0.28459176,75,353.033778
0.35887858,75,353.034569
0.36517197,75,353.054851
0.36251196,75,353.05775
0.35903326,75,353.074626
0.30110475,75,353.075399
0.34711465,75,353.087015
0.3047071,75,353.087813
0.31413895,75,353.088562
0.35156846,75,353.089305
0.3775962,75,353.109482
0.32529905,75,353.112424
0.3248099,75,353.12896
0.33605534,75,353.129732
0.38460618,75,353.141278
0.32571346,75,353.14206
0.33447215,75,353.142807
0.37706438,75,353.143549
0.32641503,75,353.163751
0.36757365,75,353.166636
0.363714,75,353.183394
0.34365904,75,353.184167
0.33305973,75,353.195607
0.30986014,75,353.196364
0.30248392,75,353.197111
0.31311372,75,353.197893
0.32835838,75,353.218043
0.32935828,75,353.221081
0.32316995,75,353.2376
0.33281952,75,353.23837
0.3342452,75,353.250002
0.3774349,75,353.250822
0.28682998,75,353.251575
0.34485483,75,353.252311
0.30575892,75,353.272331
0.34997618,75,353.275265
0.30752388,75,353.291752
0.3839831,75,353.292516
0.33057544,75,353.304045
0.3023103,75,353.30479
0.34278467,75,353.305537
0.36082253,75,353.306285
0.33885247,75,353.326498
0.31806353,75,353.329441
0.30516183,75,353.345949
0.34276786,75,353.3467
0.31056777,75,353.358148
0.3393413,75,353.358938
0.31219792,75,353.3597
0.3398089,75,353.360454
0.32769224,75,353.380666
0.3755112,75,353.383696
0.36902946,75,353.400346
0.3575091,75,353.401146
0.30195394,75,353.412879
0.33840373,75,353.413697
0.35406807,75,353.414486
0.32064924,75,353.415243
0.28807205,75,353.435941
0.3151167,75,353.439112
0.37381333,75,353.456065
0.36271307,75,353.456841
0.3133766,75,353.468481
0.29282546,75,353.469253
0.35070372,75,353.470022
0.32357633,75,353.470783
0.2989415,75,353.491527
0.30629447,75,353.494577
0.3140825,75,353.511582
0.2980721,75,353.512424
0.3541369,75,353.523902
0.32648513,75,353.524701
0.31029767,75,353.525449
0.32963252,75,353.526215
0.3591745,75,353.546482
0.35337898,75,353.549415
0.34380224,75,353.566303
0.32872853,75,353.567078
0.31668934,75,353.578529
0.37044945,75,353.579362
0.33778557,75,353.58015
0.33581215,75,353.580899
0.3034114,75,353.601128
0.3558791,75,353.603983
0.31397846,75,353.620701
0.3471165,75,353.621464
0.32629022,75,353.632928
0.37099266,75,353.633677
0.36955017,75,353.634472
0.30321655,75,353.635206
0.3404326,75,353.65526
0.35615924,75,353.658177
0.2991017,75,353.674832
0.30549827,75,353.675604
0.34786758,75,353.687386
0.3673911,75,353.688134
0.33557782,75,353.688905
0.3435493,75,353.689641
0.36443794,75,353.709685
0.35143632,75,353.712668
0.37331483,75,353.729029
0.38315392,75,353.72981
0.39843297,75,353.741406
0.37449548,75,353.742162
0.33790836,75,353.742923
0.31287494,75,353.743649
0.34355283,75,353.763701
0.38974655,75,353.766595
0.3458587,75,353.783359
0.33560875,75,353.784154
0.36529934,75,353.79559
0.38025656,75,353.796338
0.32375002,75,353.797082
0.31417686,75,353.797841
0.37516254,75,353.818195
0.34731779,75,353.821203
0.36391172,75,353.83799
0.28245756,75,353.838765
0.36402503,75,353.850437
0.31846648,75,353.851205
0.33221963,75,353.85195
0.2781004,75,353.852689
0.38303766,75,353.872768
0.3187941,75,353.875643
0.34616563,75,353.892326
0.37637237,75,353.893079
0.33632106,75,353.90443
0.3738698,75,353.905183
0.35308328,75,353.905924
0.33514678,75,353.906672
0.36736494,75,353.926944
0.39261556,75,353.929829
0.3561022,75,353.946465
0.301761,75,353.947222
0.3584621,75,353.958885
0.35342753,75,353.959672
0.33973637,75,353.960416
0.3136491,75,353.961148
0.35929874,75,353.981395
0.3059725,75,353.984335
0.30958846,75,354.000785
0.3423713,75,354.001541
0.3390084,75,354.013069
0.33471957,75,354.013804
0.29802105,75,354.01457
0.37212902,75,354.015382
0.38510424,75,354.035649
0.33060616,75,354.03854
0.30254203,75,354.05531
0.34545222,75,354.056083
0.35759977,75,354.067751
0.36724356,75,354.068505
0.37191346,75,354.069255
0.3129726,75,354.070021
0.33728912,75,354.090346
0.35441905,75,354.093347
0.32829842,75,354.109902
0.33459127,75,354.110671
0.3356304,75,354.122167
0.30055276,75,354.122969
0.3056498,75,354.123753
0.36079782,75,354.124484
0.3450613,75,354.144611
0.371246,75,354.147468
0.39034596,75,354.777721
0.38198024,75,354.778779
0.35375947,75,354.790597
0.37203354,75,354.791408
0.29552835,75,354.792224
0.38165206,75,354.793046
0.32527,75,354.814047
0.34093192,75,354.817156
0.35481012,75,354.834567
0.30116108,75,354.835363
0.33421612,75,354.846982
0.3681221,75,354.847756
0.3378793,75,354.848535
0.33303112,75,354.849334
0.2934904,75,354.869622
0.33964574,75,354.872539
0.37582597,75,354.889149
0.28698778,75,354.889976
0.3094324,75,354.901385
0.34377038,75,354.902141
0.3466706,75,354.902922
0.33155793,75,354.903668
0.38661647,75,354.923871
0.4012158,75,354.926779
0.34029424,75,354.943491
0.32331896,75,354.94425
0.32070178,75,354.956018
0.37409073,75,354.956844
0.35797325,75,354.957591
0.3366947,75,354.958353
0.33383387,75,354.978492
0.33218798,75,354.981533
0.34157544,75,354.998248
0.38066626,75,354.99905
0.3637271,75,355.010637
0.30945647,75,355.011383
0.30543503,75,355.012129
0.37178606,75,355.01286
0.34046522,75,355.03296
0.384573,75,355.035902
0.32027438,75,355.052566
0.3228811,75,355.053335
0.3313268,75,355.065059
0.34363118,75,355.065878
0.35167065,75,355.066654
0.3501251,75,355.067404
0.38132638,75,355.087718
0.3775645,75,355.090621
0.33879095,75,355.107292
0.3361407,75,355.10807
0.3832984,75,355.119581
0.3264234,75,355.120337
0.34961405,75,355.1211
0.34684867,75,355.121837
0.3120298,75,355.142163
0.37336528,75,355.145068
0.33193067,75,355.16176
0.32931027,75,355.162523
0.32776043,75,355.174018
0.3676348,75,355.174813
0.32296622,75,355.17563
0.39266577,75,355.176359
0.3527342,75,355.196576
0.3456893,75,355.199528
0.343269,75,355.216124
0.309986,75,355.216912
0.3387379,75,355.228464
0.34519106,75,355.229241
0.36628255,75,355.230001
0.38502592,75,355.230751
0.35271978,75,355.250991
0.34617203,75,355.253851
0.35603127,75,355.270454
0.3477256,75,355.271214
0.33916035,75,355.282659
0.33783633,75,355.283429
0.359558,75,355.284213
0.35350627,75,355.284968
0.30760568,75,355.305149
0.3273409,75,355.308058
0.31643784,75,355.324584
0.32097763,75,355.325341
0.36738023,75,355.336857
0.26233694,75,355.337605
0.3035328,75,355.338378
0.37230152,75,355.339122
0.30616534,75,355.359433
0.3040941,75,355.362327
0.35206056,75,355.379094
0.35454497,75,355.379899
0.36584952,75,355.39134
0.31441218,75,355.392141
0.33336145,75,355.392912
0.33708623,75,355.393658
0.33165446,75,355.413832
0.33876243,75,355.416766
0.33901784,75,355.433468
0.31701866,75,355.434242
0.35802355,75,355.44572
0.34433144,75,355.446504
0.33864126,75,355.447284
0.37037683,75,355.44805
0.3297764,75,355.468259
0.381291,75,355.471125
0.36440444,75,355.487779
0.30547136,75,355.488557
0.27900052,75,355.503932
0.35242057,75,355.504773
0.36378947,75,355.505547
0.359938,75,355.506338
0.34407115,75,355.526988
0.39318168,75,355.52997
0.3374271,75,355.546894
0.3426631,75,355.547686
0.35120583,75,355.560051
0.3705461,75,355.560838
0.34382394,75,355.56162
0.32150447,75,355.562362
0.31814855,75,355.584421
0.36257675,75,355.587443
0.35335523,75,355.605286
0.35367414,75,355.606181
0.30747563,75,355.618066
0.34955624,75,355.618894
0.32550746,75,355.619693
0.33760568,75,355.620538
0.30113876,75,355.641445
0.3068655,75,355.644415
0.33687115,75,355.661252
0.35962653,75,355.662051
0.33332497,75,355.673804
0.3376702,75,355.674617
0.30672407,75,355.675365
0.31013954,75,355.676115
0.37209788,75,355.696984
0.33477458,75,355.700057
0.33536336,75,355.716933
0.35466707,75,355.717731
0.37758964,75,355.729239
0.36282903,75,355.73003
0.3409065,75,355.730811
0.34885323,75,355.731612
0.3032897,75,355.751875
0.36149353,75,355.754826
0.33927426,75,355.771315
0.34666976,75,355.772084
0.3562558,75,355.783751
0.31690454,75,355.784511
0.27064085,75,355.785309
0.3685937,75,355.786049
0.34923917,75,355.806328
0.33511192,75,355.809228
0.32524922,75,355.826013
0.34578732,75,355.826775
0.36707047,75,355.838291
0.30423436,75,355.8391
0.3797058,75,355.83988
0.33789635,75,355.84062
0.36383876,75,355.860795
0.3437923,75,355.863652
0.33613908,75,355.880155
0.31348175,75,355.880938
0.34337726,75,355.892608
0.36262286,75,355.893349
0.32917964,75,355.894131
0.37133604,75,355.89488
0.34479675,75,355.915139
0.32586473,75,355.918094
0.32011786,75,355.934742
0.3354681,75,355.935512
0.3217314,75,355.947122
0.32590008,75,355.947888
0.30323184,75,355.948685
0.33833233,75,355.949433
0.2946921,75,355.969769
0.31486866,75,355.972681
0.31268936,75,355.989356
0.29704383,75,355.990152
0.30810446,75,356.001682
0.3499198,75,356.002453
0.3457338,75,356.003223
0.3720144,75,356.004
0.34969205,75,356.024351
0.3622297,75,356.027248
0.35489172,75,356.043873
0.3498809,75,356.044656
0.3473598,75,356.056186
0.34463182,75,356.056961
0.3258157,75,356.057748
0.31010506,75,356.058475
0.32806364,75,356.078898
0.3459804,75,356.081861
0.346771,75,356.098962
0.32259142,75,356.099746
0.36859122,75,356.111576
0.29742667,75,356.112381
0.34161136,75,356.113131
0.33363727,75,356.113866
0.34662807,75,356.134075
0.32188988,75,356.136968
0.30309612,75,356.153834
0.34685785,75,356.154616
0.29325613,75,356.166272
0.33591318,75,356.167094
0.27781087,75,356.167875
0.39921606,75,356.168615
0.36575812,75,356.189006
0.31943718,75,356.192002
0.352034,75,356.208481
0.34742907,75,356.20928
0.34251028,75,356.220612
0.31727234,75,356.221379
0.32408303,75,356.222159
0.30252266,75,356.222885
0.33971837,75,356.242781
0.36630213,75,356.245689
0.32573834,75,356.2623
0.35022599,75,356.263059
0.35748935,75,356.274667
0.35630256,75,356.275435
0.3323117,75,356.895138
0.34148067,75,356.896095
0.33431304,75,356.917013
0.3612947,75,356.919906
0.34919915,75,356.936435
0.3641666,75,356.93724
0.38688028,75,356.948955
0.3630381,75,356.949745
0.29127562,75,356.950534
0.32709375,75,356.951303
0.29514813,75,356.971379
0.34784013,75,356.974283
0.33201286,75,356.990811
0.36060217,75,356.991615
0.3561878,75,357.003076
0.36661053,75,357.003852
0.33957502,75,357.0046
0.34843406,75,357.005354
0.37859148,75,357.025511
0.31218752,75,357.028411
0.31135014,75,357.045067
0.35698918,75,357.045872
0.3067076,75,357.057401
0.33323264,75,357.058188
0.3982732,75,357.058955
0.3381974,75,357.059719
0.35114235,75,357.080003
0.32697222,75,357.082926
0.30319753,75,357.099737
0.33100984,75,357.100515
0.38039958,75,357.112094
0.32301086,75,357.112858
0.3550406,75,357.113669
0.3548572,75,357.114413
0.33037275,75,357.134566
0.35334793,75,357.137551
0.35558861,75,357.154147
0.35938805,75,357.154924
0.36328167,75,357.166349
0.38281584,75,357.16711
0.33774644,75,357.167904
0.3140022,75,357.168639
0.33759132,75,357.188756
0.30650607,75,357.191708
0.37864253,75,357.208561
0.37496084,75,357.209325
0.3367666,75,357.220979
0.35179007,75,357.221738
0.31657,75,357.222537
0.35569173,75,357.223328
0.3123624,75,357.243477
0.35814732,75,357.246432
0.30621427,75,357.262729
0.3476649,75,357.263476
0.31575015,75,357.274962
0.38169068,75,357.275698
0.3635953,75,357.276478
0.29758662,75,357.277209
0.31834808,75,357.297545
0.31858587,75,357.300452
0.35608825,75,357.316943
0.30471116,75,357.317734
0.27625597,75,357.329083
0.31412858,75,357.329841
0.3516264,75,357.330609
0.33914405,75,357.331373
0.32851136,75,357.351494
0.3740344,75,357.354438
0.33390212,75,357.371022
0.36968565,75,357.371794
0.33958364,75,357.383379
0.3571238,75,357.384135
0.2863804,75,357.384915
0.32953745,75,357.385644
0.38627347,75,357.405316
0.34258643,75,357.408258
0.3920724,75,357.424947
0.38392812,75,357.425736
0.34978655,75,357.437021
0.34125823,75,357.437777
0.30138516,75,357.438579
0.3436739,75,357.43932
0.36098906,75,357.459437
0.3796939,75,357.462314
0.3451321,75,357.478972
0.262149,75,357.47974
0.37031114,75,357.491573
0.31364554,75,357.492344
0.352683,75,357.493102
0.37518054,75,357.493844
0.38447428,75,357.514018
0.32021138,75,357.516888
0.369232,75,357.533298
0.32182863,75,357.534084
0.35730073,75,357.545619
0.33624318,75,357.546352
0.34844336,75,357.54708
0.35163373,75,357.547833
0.37298626,75,357.568124
0.3652507,75,357.571011
0.33255738,75,357.587784
0.32885933,75,357.588566
0.3320003,75,357.600292
0.27614653,75,357.601078
0.34512922,75,357.601862
0.31976137,75,357.602596
0.34021455,75,357.623182
0.3381473,75,357.626277
0.3688814,75,357.643122
0.34341782,75,357.643921
0.36926872,75,357.655521
0.3101177,75,357.656337
0.33130807,75,357.65712
0.36097643,75,357.657855
0.3701213,75,357.678316
0.35382113,75,357.681387
0.3147655,75,357.698372
0.32597736,75,357.699141
0.37171805,75,357.710974
0.37448257,75,357.711771
0.3879074,75,357.712547
0.32609743,75,357.713307
0.3704766,75,357.733626
0.3754893,75,357.736541
0.33282843,75,357.753448
0.35537922,75,357.754246
0.35240352,75,357.765883
0.3084503,75,357.76664
0.3218432,75,357.767415
0.30105674,75,357.768205
0.29985636,75,357.788381
0.31537187,75,357.79127
0.36161873,75,357.807996
0.36787426,75,357.808752
0.34970623,75,357.820586
0.35215172,75,357.821788
0.35372707,75,357.822895
0.3615124,75,357.824035
0.34669042,75,357.844447
0.347813,75,357.84745
0.3402169,75,357.864079
0.3566784,75,357.864898
0.3143618,75,357.876512
0.33036733,75,357.87727
0.35577217,75,357.878025
0.3432091,75,357.878764
0.37721583,75,357.898957
0.319936,75,357.901882
0.31929034,75,357.918486
0.3757428,75,357.919248
0.33393833,75,357.930747
0.37555477,75,357.931569
0.34957778,75,357.932346
0.3745377,75,357.93308
0.33337703,75,357.953356
0.35295427,75,357.956251
0.35183406,75,357.972573
0.35226116,75,357.973343
0.38311955,75,357.984972
0.36158442,75,357.985723
0.35466436,75,357.986501
0.35438323,75,357.987228
0.3305701,75,358.007654
0.36898002,75,358.010507
0.361376,75,358.027173
0.30735692,75,358.027931
0.33215106,75,358.039352
0.37005168,75,358.040084
0.38465023,75,358.040857
0.34226963,75,358.04162
0.3347125,75,358.061652
0.33132496,75,358.064585
0.3927224,75,358.081096
0.34728616,75,358.081873
0.29163757,75,358.093485
0.32981098,75,358.09423
0.32019988,75,358.094976
0.3039071,75,358.095706
0.34925944,75,358.11835
0.39272502,75,358.121772
0.36906928,75,358.140604
0.36585975,75,358.141473
0.36224386,75,358.153299
0.3462943,75,358.154108
0.31789306,75,358.154871
0.31603208,75,358.155595
0.33584395,75,358.175541
0.36223054,75,358.178584
0.3427804,75,358.195286
0.37970686,75,358.196051
0.21248883,75,358.208281
0.3182418,75,358.209049
0.3295123,75,358.209809
0.32736295,75,358.210549
0.3288474,75,358.23063
0.3520947,75,358.233684
0.3807072,75,358.250282
0.36573222,75,358.251059
0.33341664,75,358.262638
0.3319947,75,358.2634
0.3648441,75,358.264168
0.33189872,75,358.264976
0.37749952,75,358.285004
0.31665483,75,358.287976
0.35224938,75,358.304524
0.3230438,75,358.3053
0.36178106,75,358.316894
0.37116373,75,358.317659
0.3433839,75,358.318417
0.3457762,75,358.319145
0.32894433,75,358.33948
0.28603557,75,358.342375
0.33598784,75,358.359129
0.2998193,75,358.359893
0.37276602,75,358.371347
0.35036466,75,358.372125
0.3507336,75,358.372875
0.33581716,75,358.373629
0.3304479,75,359.013652
0.30991942,75,359.016803
0.33076456,75,359.033696
0.2826943,75,359.034525
0.34319535,75,359.04637
0.35622993,75,359.047181
0.36321232,75,359.047985
0.2989919,75,359.048727
0.32655138,75,359.068773
0.3298056,75,359.071707
0.3552408,75,359.08848
0.37402555,75,359.089236
0.3664518,75,359.100518
0.31191662,75,359.101288
0.39571205,75,359.102052
0.33251,75,359.102789
0.33128953,75,359.123527
0.34909788,75,359.12645
0.35397378,75,359.143247
0.3714101,75,359.144028
0.33594838,75,359.155533
0.34397402,75,359.156339
0.33935887,75,359.157096
0.29525036,75,359.157866
0.37236878,75,359.178208
0.3023945,75,359.18122
0.30834714,75,359.197796
0.30287793,75,359.198654
0.36573198,75,359.21019
0.37416574,75,359.210968
0.3058787,75,359.211716
0.3305964,75,359.212526
0.3767213,75,359.232546
0.32658017,75,359.235486
0.3197011,75,359.252079
0.34772703,75,359.252835
0.32708588,75,359.26424
0.31790975,75,359.265035
0.33528942,75,359.265811
0.35559508,75,359.266576
0.38766217,75,359.286933
0.3424963,75,359.289938
0.30696294,75,359.306562
0.33737314,75,359.307323
0.32201132,75,359.31897
0.3578662,75,359.31975
0.31659487,75,359.320501
0.35321307,75,359.321237
0.27048662,75,359.341331
0.37076068,75,359.344225
0.2562598,75,359.360858
0.32773674,75,359.361635
0.33369723,75,359.373146
0.37434888,75,359.373931
0.32184592,75,359.374678
0.38023767,75,359.375431
0.30161157,75,359.395602
0.36780342,75,359.398484
0.32983306,75,359.414897
0.38964066,75,359.41565
0.31192267,75,359.427162
0.31185332,75,359.42794
0.39671546,75,359.428702
0.3114421,75,359.429437
0.38501644,75,359.449633
0.3470404,75,359.452548
0.3466035,75,359.469119
0.3263901,75,359.46989
0.35041165,75,359.481265
0.32725602,75,359.482057
0.33649,75,359.482808
0.33495265,75,359.483567
0.3207055,75,359.503846
0.35371423,75,359.506721
0.34512326,75,359.523418
0.32287237,75,359.524211
0.3445265,75,359.5359
0.3717127,75,359.536705
0.33440107,75,359.537447
0.39023295,75,359.538199
0.33515233,75,359.558573
0.3513214,75,359.561436
0.34670097,75,359.577865
0.31050953,75,359.578703
0.30841878,75,359.59016
0.33053973,75,359.590942
0.3271642,75,359.591717
0.35072216,75,359.592462
0.37345257,75,359.612657
0.3605025,75,359.615574
0.3408947,75,359.632388
0.3220321,75,359.633178
0.36452672,75,359.644755
0.30622637,75,359.645535
0.3426829,75,359.646294
0.3416828,75,359.647046
0.35539111,75,359.667093
0.32100356,75,359.669973
0.34903038,75,359.686683
0.32809338,75,359.687472
0.3624451,75,359.698922
0.3757163,75,359.699692
0.32166106,75,359.700452
0.3430848,75,359.701255
0.38499102,75,359.721514
0.30990142,75,359.724421
0.33360702,75,359.741299
0.3668514,75,359.742076
0.3560465,75,359.753985
0.3589331,75,359.754778
0.3064718,75,359.755524
0.36018378,75,359.756292
0.29276818,75,359.777073
0.31705368,75,359.780127
0.32114506,75,359.796677
0.3614933,75,359.797449
0.34655854,75,359.809401
0.3210318,75,359.810229
0.39742506,75,359.811001
0.37951407,75,359.811779
0.2973335,75,359.832741
0.36906868,75,359.835688
0.35239655,75,359.852663
0.3445126,75,359.853489
0.3587384,75,359.865029
0.33840346,75,359.865798
0.339469,75,359.866556
0.34548998,75,359.867341
0.3123011,75,359.887689
0.3766748,75,359.89065
0.31782898,75,359.907223
0.35210693,75,359.907994
0.3201739,75,359.91951
0.31297562,75,359.920294
0.32451013,75,359.921019
0.36052293,75,359.921746
0.3601637,75,359.94198
0.29474622,75,359.944829
0.33945945,75,359.961659
0.35464802,75,359.962415
0.3264425,75,359.973807
0.32075188,75,359.974556
0.30620474,75,359.975297
0.36080652,75,359.976062
0.3699623,75,359.996014
0.32524833,75,359.998936
0.34615374,75,360.015266
0.36780265,75,360.016017
0.32564187,75,360.02764
0.35206276,75,360.028463
0.41097835,75,360.029202
0.36258158,75,360.029928
0.3586557,75,360.050263
0.28041756,75,360.05312
0.3777835,75,360.069687
0.3059885,75,360.070497
0.35305372,75,360.082079
0.30113035,75,360.082886
0.33429787,75,360.083669
0.32269624,75,360.084446
0.32695222,75,360.104551
0.35607332,75,360.107493
0.3521441,75,360.124411
0.39036822,75,360.12518
0.38193133,75,360.13689
0.33303422,75,360.137695
0.3175751,75,360.138458
0.3589843,75,360.139195
0.3185354,75,360.159555
0.33931452,75,360.162452
0.317994,75,360.179087
0.3238942,75,360.179908
0.36675143,75,360.191395
0.3216052,75,360.192161
0.3031469,75,360.192963
0.3721889,75,360.193743
0.30618435,75,360.213924
0.34025976,75,360.216832
0.30167294,75,360.233572
0.35609993,75,360.234353
0.3595692,75,360.245868
0.32876587,75,360.246651
0.33932167,75,360.247404
0.34737244,75,360.248179
0.31552047,75,360.26831
0.3888973,75,360.271171
0.32758933,75,360.287854
0.34958953,75,360.288611
0.34317583,75,360.300109
0.35579678,75,360.300889
0.32215765,75,360.30165
0.31308234,75,360.302383
0.30745813,75,360.322506
0.37310728,75,360.325403
0.3105051,75,360.34214
0.33361983,75,360.342904
0.29270634,75,360.354481
0.31468585,75,360.355262
0.3576614,75,360.356008
0.33106863,75,360.35676
0.35249126,75,360.37689
0.3729578,75,360.379854
0.38427815,75,360.396415
0.30447665,75,360.397232
0.32774153,75,360.409655
0.34028608,75,360.410506
0.34204254,75,360.411285
0.35617736,75,360.41206
0.3185176,75,360.437576
0.3377446,75,360.452175
0.36637783,75,360.476563
0.3687019,75,360.4774
0.33511457,75,360.489509
0.32497633,75,360.490329
0.33321577,75,360.49112
0.3780347,75,360.491979
0.35566598,75,360.513445
0.32771814,75,360.516443
0.32898337,75,361.159459
0.30007163,75,361.16029
0.36521006,75,361.171954
0.37635595,75,361.172861
0.38402474,75,361.173683
0.31974477,75,361.174438
0.38289207,75,361.196052
0.35919046,75,361.198998
0.3218029,75,361.215794
0.31810874,75,361.216586
0.3827147,75,361.228143
0.33062577,75,361.228933
0.37409696,75,361.229709
0.32567182,75,361.230445
0.35319918,75,361.250768
0.29123518,75,361.253714
0.3729964,75,361.270148
0.3353285,75,361.270921
0.34945822,75,361.282382
0.37950757,75,361.283153
0.3173158,75,361.283945
0.3679526,75,361.28471
0.36542878,75,361.304674
0.30569476,75,361.307569
0.36035702,75,361.324213
0.33743182,75,361.324988
0.37572572,75,361.336542
0.30214006,75,361.337275
0.38413182,75,361.338044
0.3131649,75,361.338846
0.32978082,75,361.358936
0.27522916,75,361.361859
0.35711586,75,361.378339
0.25864428,75,361.37916
0.3889231,75,361.390622
0.38375974,75,361.391402
0.33926833,75,361.392161
0.29972288,75,361.392908
0.37290293,75,361.413074
0.3199221,75,361.416041
0.3727152,75,361.432808
0.3893351,75,361.433589
0.3713164,75,361.445227
0.3364665,75,361.446028
0.2902427,75,361.446793
0.3734074,75,361.447542
0.3396689,75,361.467753
0.34150457,75,361.470649
0.34181404,75,361.487172
0.32111454,75,361.487964
0.3435601,75,361.499531
0.34733304,75,361.500303
0.34185088,75,361.501085
0.32825986,75,361.501837
0.31556553,75,361.522086
0.3304866,75,361.525031
0.34687838,75,361.541623
0.360319,75,361.542382
0.31527835,75,361.553955
0.34647048,75,361.554757
0.382844,75,361.555505
0.3640332,75,361.556241
0.349731,75,361.576343
0.31727064,75,361.579326
0.31704167,75,361.595951
0.30721045,75,361.596703
0.39420336,75,361.608211
0.34609106,75,361.608966
0.40506876,75,361.609746
0.31716412,75,361.610479
0.37235993,75,361.630669
0.33556527,75,361.633725
0.34479436,75,361.650346
0.3458852,75,361.651116
0.31404054,75,361.66258
0.34310627,75,361.66332
0.32112196,75,361.664077
0.3565685,75,361.664819
0.32479158,75,361.684982
0.36537546,75,361.687936
0.27996975,75,361.704414
0.29319674,75,361.70521
0.39513293,75,361.716971
0.3885294,75,361.717757
0.3874184,75,361.718502
0.28001884,75,361.719241
0.3411821,75,361.739443
0.33963108,75,361.742349
0.31925407,75,361.759084
0.37846538,75,361.759845
0.3264642,75,361.771142
0.3584147,75,361.771897
0.3489675,75,361.772663
0.3230307,75,361.773404
0.38352597,75,361.793676
0.34358233,75,361.796641
0.32878742,75,361.813216
0.34285012,75,361.813995
0.33045506,75,361.825753
0.35845396,75,361.826528
0.321518,75,361.827316
0.3607222,75,361.828041
0.32561815,75,361.848419
0.3601575,75,361.851331
0.3592563,75,361.868405
0.35885727,75,361.869206
0.3700264,75,361.880916
0.372833,75,361.881684
0.3461048,75,361.882492
0.38136658,75,361.883249
0.35781258,75,361.904065
0.35296345,75,361.907235
0.3086723,75,361.924196
0.3104147,75,361.924981
0.35323364,75,361.936442
0.35304865,75,361.937219
0.3002369,75,361.937993
0.3258594,75,361.938795
0.3138293,75,361.959314
0.3372488,75,361.962327
0.2741165,75,361.979302
0.3325812,75,361.980114
0.34381455,75,361.991764
0.3479961,75,361.992574
0.35734984,75,361.993378
0.3234318,75,361.994125
0.38219818,75,362.014406
0.37306866,75,362.017277
0.32778496,75,362.033828
0.31746382,75,362.034616
0.35360917,75,362.046291
0.321435,75,362.047057
0.33455154,75,362.047823
0.37175414,75,362.048564
0.3283564,75,362.068696
0.34106854,75,362.071667
0.33828402,75,362.088407
0.35383108,75,362.089171
0.3907008,75,362.100702
0.3745404,75,362.101481
0.3691794,75,362.102257
0.35706162,75,362.102987
0.34666085,75,362.123152
0.33679414,75,362.126077
0.3309328,75,362.14322
0.34665245,75,362.144071
0.3929707,75,362.157754
0.32112056,75,362.158716
0.32130417,75,362.159662
0.38404304,75,362.160583
0.3568955,75,362.183967
0.33391044,75,362.187022
0.35131577,75,362.206307
0.34858674,75,362.207365
0.33467573,75,362.221024
0.3596616,75,362.221976
0.33323494,75,362.222906
0.3232324,75,362.223721
0.35484475,75,362.247313
0.33721855,75,362.250616
0.2387722,75,362.269175
0.33789203,75,362.269998
0.3700267,75,362.28362
0.33903158,75,362.284444
0.331867,75,362.285264
0.3746915,75,362.28636
0.3553547,75,362.310702
0.34723482,75,362.313939
0.37763056,75,362.333095
0.34879214,75,362.334036
0.35683826,75,362.347025
0.3643752,75,362.347899
0.30181137,75,362.348747
0.36147037,75,362.349599
0.35043257,75,362.372863
0.38155508,75,362.376425
0.39162555,75,362.396913
0.28739366,75,362.397906
0.35119355,75,362.411427
0.3294528,75,362.412344
0.33367848,75,362.413124
0.34641016,75,362.413962
0.32502368,75,362.438029
0.3584445,75,362.44144
0.3619904,75,362.461133
0.3974688,75,362.461998
0.33454537,75,362.475297
0.2927297,75,362.476254
0.36554897,75,362.477049
0.39158025,75,362.477866
0.3137312,75,362.500727
0.3871286,75,362.503997
0.31458986,75,362.52291
0.38358343,75,362.523797
0.35236365,75,362.536992
0.33628672,75,362.537883
0.33931938,75,362.538857
0.34360534,75,362.539747
0.32749388,75,362.563073
0.3580002,75,362.566467
0.34478593,75,362.585791
0.3030493,75,362.586634
0.31161565,75,362.599816
0.35754356,75,362.600744
0.3720507,75,362.601531
0.3250826,75,362.602399
0.31686583,75,362.625411
0.3639997,75,362.628641
0.30417746,75,362.647839
0.3207436,75,362.648767
0.32407963,75,362.661994
0.3213473,75,362.662847
0.3302968,75,362.663729
0.35876077,75,362.664583
0.3394129,75,362.68821
0.2085442,75,362.691516
0.30156025,75,362.710258
0.33325028,75,362.711103
0.34850132,75,363.45138
0.3377061,75,363.452401
0.30826378,75,363.453346
0.3480137,75,363.454216
0.3712734,75,363.477535
0.37017426,75,363.48097
0.31373256,75,363.49993
0.3627193,75,363.500817
0.33116612,75,363.513822
0.3438646,75,363.514702
0.3575018,75,363.515582
0.3348825,75,363.516402
0.29367828,75,363.539554
0.3047735,75,363.542581
0.31922662,75,363.561922
0.3252408,75,363.562904
0.38468727,75,363.576171
0.35797364,75,363.577087
0.36656976,75,363.578013
0.35874134,75,363.578905
0.34826612,75,363.60229
0.3342666,75,363.605673
0.34837264,75,363.624917
0.32643533,75,363.625776
0.35060218,75,363.639204
0.30101857,75,363.640162
0.30895832,75,363.641081
0.30842155,75,363.641997
0.33069173,75,363.665647
0.31542057,75,363.669062
0.32068574,75,363.688305
0.2749386,75,363.689239
0.35988414,75,363.702288
0.33787435,75,363.703213
0.31447256,75,363.704136
0.2903631,75,363.705026
0.29300234,75,363.728289
0.35442072,75,363.731521
0.3484982,75,363.750748
0.3300462,75,363.751639
0.31315655,75,363.764926
0.3665858,75,363.765852
0.3693067,75,363.766624
0.3626588,75,363.767456
0.34035793,75,363.790212
0.3374565,75,363.793578
0.32581112,75,363.812491
0.35825256,75,363.81328
0.37376142,75,363.826794
0.32112658,75,363.827773
0.34966984,75,363.828592
0.271241,75,363.829436
0.32965684,75,363.852759
0.32683656,75,363.85601
0.34160998,75,363.875038
0.31446764,75,363.87588
0.32467207,75,363.889274
0.33206797,75,363.890176
0.34005255,75,363.891092
0.3118999,75,363.892011
0.29799977,75,363.914996
0.2898491,75,363.918274
0.27995265,75,363.936718
0.35785794,75,363.937583
0.32216856,75,363.951254
0.29273206,75,363.952118
0.31390148,75,363.952986
0.31724888,75,363.953865
0.37298998,75,363.97717
0.34209147,75,363.980631
0.37427264,75,363.999897
0.30514207,75,364.00078
0.31979236,75,364.014022
0.3390618,75,364.01491
0.34226814,75,364.01574
0.33500016,75,364.016562
0.33414656,75,364.039835
0.28662875,75,364.043047
0.3381625,75,364.062027
0.3018897,75,364.06287
0.35576788,75,364.07621
0.36877456,75,364.077027
0.3054049,75,364.077833
0.3044765,75,364.078733
0.35511196,75,364.101916
0.33160228,75,364.105566
0.36955604,75,364.124671
0.2953354,75,364.125588
0.3083503,75,364.138953
0.3120789,75,364.139878
0.33178273,75,364.140724
0.37262642,75,364.141703
0.3704633,75,364.165582
0.35752875,75,364.169204
0.2854132,75,364.189024
0.25728273,75,364.189926
0.34288505,75,364.203839
0.38605657,75,364.204849
0.35604554,75,364.205783
0.35619125,75,364.20661
0.36543307,75,364.229522
0.29675373,75,364.232928
0.30882308,75,364.251919
0.33691022,75,364.25274
0.35096073,75,364.265779
0.3174554,75,364.266598
0.32391608,75,364.267536
0.31905913,75,364.268306
0.31914628,75,364.291348
0.30833828,75,364.294706
0.32728198,75,364.313831
0.32699424,75,364.314644
0.31309438,75,364.32742
0.32014376,75,364.328289
0.34595343,75,364.329185
0.3998318,75,364.33007
0.3671462,75,364.35287
0.28937194,75,364.356154
0.3473873,75,364.374937
0.36548626,75,364.375788
0.28094262,75,364.388712
0.31916666,75,364.389651
0.34231526,75,364.390511
0.3084566,75,364.391389
0.29999483,75,364.415129
0.34941256,75,364.4185
0.34123847,75,364.437227
0.32812026,75,364.438133
0.32673106,75,364.451768
0.29900095,75,364.452542
0.31154072,75,364.45339
0.29980302,75,364.454178
0.296535,75,364.476867
0.30711251,75,364.480188
0.32620206,75,364.499272
0.3708569,75,364.500076
0.33683988,75,364.513208
0.303629,75,364.514022
0.37289107,75,364.51494
0.35969603,75,364.515716
0.29591113,75,364.538457
0.32985756,75,364.541807
0.29861122,75,364.560544
0.35887694,75,364.561345
0.32678464,75,364.574431
0.36122423,75,364.57538
0.32736903,75,364.576189
0.30686104,75,364.577073
0.33915737,75,364.600481
0.2971567,75,364.60363
0.36561802,75,364.622908
0.3194159,75,364.623772
0.35660815,75,364.63709
0.2986997,75,364.638
0.3902418,75,364.638955
0.33359373,75,364.639822
0.36030835,75,364.662229
0.34717953,75,364.665486
0.31979415,75,364.684774
0.27746361,75,364.685739
0.31406108,75,364.699071
0.29169548,75,364.700018
0.3288111,75,364.700915
0.34777272,75,364.701798
0.3529442,75,364.725379
0.32421795,75,364.728666
0.33218917,75,364.747649
0.3688325,75,364.748576
0.35019127,75,364.761672
0.32034314,75,364.762525
0.3344962,75,364.7634
0.33556533,75,364.764148
0.36183017,75,364.787506
0.32974812,75,364.790748
0.35734347,75,364.809423
0.36903343,75,364.810275
0.35090682,75,364.823771
0.39240372,75,364.824661
0.34545597,75,364.825646
0.32000673,75,364.8265
0.39470404,75,364.849579
0.36188656,75,364.852839
0.36884648,75,364.871547
0.35202745,75,364.872471
0.38487163,75,364.885684
0.33921447,75,364.886543
0.2826801,75,364.887478
0.33736342,75,364.888264
0.37296772,75,364.911252
0.3455275,75,364.914751
0.35093376,75,364.932998
0.37810507,75,364.933859
0.2998875,75,364.946987
0.339327,75,364.947832
0.3634224,75,364.948746
0.3292074,75,364.949604
0.35835016,75,364.972389
0.3234953,75,364.975726
0.34189987,75,364.995039
0.30808386,75,364.995824
0.36225307,75,365.009261
0.3490895,75,365.010153
0.36529842,75,365.010928
0.36235014,75,365.011796
0.35118955,75,365.035054
0.32833678,75,365.038484
0.30873245,75,365.057811
0.32968986,75,365.058688
0.36257753,75,365.071947
0.3782888,75,365.073005
0.35695124,75,365.073804
0.35632184,75,365.074636
0.33531693,75,365.097904
0.38875335,75,365.101428
0.2935709,75,365.120957
0.3541865,75,365.121823
0.29076216,75,365.135262
0.33460796,75,365.136103
0.33587098,75,365.137019
0.34246337,75,365.137867
0.38094702,75,365.950459
0.31539488,75,365.953803
0.28811315,75,365.972698
0.3172751,75,365.973578
0.30503747,75,365.986727
0.3296034,75,365.987536
0.29209024,75,365.988304
0.34322876,75,365.989164
0.34704453,75,366.012135
0.3393988,75,366.015407
0.3787765,75,366.034742
0.3607234,75,366.035632
0.33726692,75,366.048822
0.36957514,75,366.04973
0.3929696,75,366.050543
0.31672487,75,366.051382
0.34422567,75,366.074941
0.37656644,75,366.078174
0.3619415,75,366.09745
0.29156128,75,366.098254
0.33012405,75,366.111218
0.2779917,75,366.112133
0.2804212,75,366.113095
0.3136612,75,366.113935
0.30166954,75,366.137311
0.35680658,75,366.140861
0.35058868,75,366.159839
0.37812367,75,366.16071
0.37517533,75,366.174025
0.3238266,75,366.174832
0.33311218,75,366.1757
0.37919533,75,366.176553
0.33522347,75,366.200045
0.3273979,75,366.203123
0.35474485,75,366.221802
0.3574774,75,366.222696
0.31837952,75,366.235614
0.3309709,75,366.236522
0.3002323,75,366.237365
0.36366478,75,366.238251
0.34545836,75,366.261147
0.31366023,75,366.264353
0.3752826,75,366.28335
0.30366328,75,366.284313
0.3646171,75,366.297844
0.30175397,75,366.298849
0.24085099,75,366.299796
0.35496026,75,366.300707
0.3241542,75,366.325733
0.32531568,75,366.329386
0.30064538,75,366.348537
0.3440646,75,366.349423
0.35378525,75,366.362949
0.29160595,75,366.3638
0.3290273,75,366.364625
0.37768742,75,366.365518
0.35937548,75,366.388853
0.33964536,75,366.392005
0.31561178,75,366.411045
0.29020387,75,366.411855
0.352135,75,366.425107
0.3875495,75,366.425931
0.3434172,75,366.426816
0.23380929,75,366.427631
0.32922852,75,366.450707
0.32043803,75,366.455068
0.35460743,75,366.47521
0.29737976,75,366.476121
0.31825805,75,366.489538
0.3774619,75,366.490351
0.34951457,75,366.491279
0.32551667,75,366.492105
0.3514926,75,366.516316
0.33133262,75,366.519833
0.34008765,75,366.540902
0.36552793,75,366.541974
0.36479342,75,366.556278
0.36326966,75,366.557513
0.3461224,75,366.558538
0.3123607,75,366.559461
0.3349509,75,366.584203
0.34773138,75,366.587848
0.38906622,75,366.608071
0.33527982,75,366.608958
0.38595825,75,366.622975
0.38227054,75,366.623878
0.37195846,75,366.624775
0.30811065,75,366.625612
0.3708157,75,366.649579
0.32290265,75,366.652948
0.37336448,75,366.672282
0.29891983,75,366.67317
0.3789091,75,366.686869
0.36762667,75,366.687816
0.3382177,75,366.688764
0.39661744,75,366.689741
0.29154637,75,366.712969
0.3201609,75,366.71631
0.284172,75,366.735746
0.37225267,75,366.736582
0.37004238,75,366.750207
0.33359292,75,366.751055
0.37400264,75,366.751973
0.31894603,75,366.752821
0.367192,75,366.776535
0.3577133,75,366.780204
0.34940088,75,366.799782
0.34129032,75,366.800757
0.3058907,75,366.814471
0.34473997,75,366.81539
0.30815646,75,366.81631
0.35072806,75,366.817165
0.37263328,75,366.840626
0.3053729,75,366.84402
0.37768394,75,366.86356
0.35850486,75,366.864435
0.32523113,75,366.878351
0.33967927,75,366.879202
0.30693132,75,366.879997
0.3082185,75,366.880823
0.34874922,75,366.90461
0.39084563,75,366.907957
0.37032473,75,366.927382
0.3686248,75,366.928217
0.31916404,75,366.941634
0.34841955,75,366.942522
0.32775128,75,366.943292
0.38223284,75,366.944062
0.3294965,75,366.967631
0.35695514,75,366.970718
0.3321498,75,366.989451
0.29359058,75,366.990293
0.32581258,75,367.003629
0.30028075,75,367.004521
0.31022117,75,367.005401
0.38184288,75,367.006272
0.3513914,75,367.029339
0.3630789,75,367.032576
0.2940896,75,367.051543
0.36157328,75,367.052399
0.34442878,75,367.065162
0.3154883,75,367.066081
0.33237183,75,367.067006
0.3484886,75,367.06792
0.33554664,75,367.091662
0.39839798,75,367.094753
0.35056114,75,367.113871
0.3533949,75,367.114775
0.26281905,75,367.127954
0.3448771,75,367.128836
0.3850746,75,367.129739
0.32566354,75,367.130613
0.36652797,75,367.154267
0.36057428,75,367.157571
0.37133273,75,367.17668
0.34132963,75,367.177481
0.29303226,75,367.19096
0.3670111,75,367.191856
0.379883,75,367.192768
0.31635597,75,367.193608
0.34686056,75,367.216529
0.34386253,75,367.219801
0.3713267,75,367.238537
0.33313963,75,367.239381
0.33604574,75,367.252338
0.37123117,75,367.253106
0.36367953,75,367.253868
0.34710675,75,367.254637
0.34506857,75,367.2772
0.3425649,75,367.280347
0.3616595,75,367.299873
0.3138726,75,367.300702
0.37461734,75,367.314001
0.3552619,75,367.314814
0.38059697,75,367.315699
0.3679066,75,367.316593
0.30313182,75,367.339412
0.3701613,75,367.342544
0.35508648,75,367.361341
0.33529168,75,367.362245
0.37844294,75,367.375572
0.27199304,75,367.376467
0.35737604,75,367.377285
0.31772602,75,367.378157
0.35260892,75,367.40109
0.3696627,75,367.404565
0.3223019,75,367.423564
0.344044,75,367.424419
0.3288086,75,367.437555
0.36976802,75,367.438348
0.32971838,75,367.439248
0.34397626,75,367.440085
0.37034515,75,367.463085
0.3496742,75,367.466471
0.33756834,75,367.485144
0.35259047,75,367.486161
0.32206854,75,367.499259
0.33208954,75,367.500176
0.30926594,75,367.501023
0.3541327,75,367.501906
0.3762335,75,367.525473
0.36692283,75,367.528782
0.38925865,75,367.54788
0.30954778,75,367.548757
0.31896284,75,367.562137
0.36923257,75,367.562981
0.37323147,75,367.563794
0.34278563,75,367.564721
0.32045707,75,367.58794
0.3119016,75,367.591249
0.35592258,75,367.610197
0.34771132,75,367.611088
0.2833052,75,367.624305
0.3171512,75,367.625257
0.35512185,75,367.626241
0.3855713,75,367.627144
0.33219603,75,367.650854
0.38446954,75,367.654158
0.32537585,75,368.400201
0.3714185,75,368.401062
0.36690667,75,368.414402
0.2883433,75,368.415276
0.31513065,75,368.416183
0.35130063,75,368.417167
0.28993544,75,368.440294
0.32291052,75,368.443723
0.3581877,75,368.463026
0.36335075,75,368.463914
0.2964521,75,368.477084
0.3339573,75,368.477852
0.34144172,75,368.478738
0.36010763,75,368.47962
0.35116863,75,368.50258
0.31065935,75,368.50598
0.31296638,75,368.524563
0.32672665,75,368.525431
0.3400947,75,368.538874
0.36255196,75,368.539877
0.35630748,75,368.540778
0.359141,75,368.541612
0.31617403,75,368.565415
0.2838345,75,368.568752
0.30685112,75,368.588432
0.29996225,75,368.589329
0.36008453,75,368.602478
0.31437317,75,368.603447
0.3038148,75,368.604302
0.36190566,75,368.60517
0.38155583,75,368.628367
0.3009108,75,368.631801
0.3153124,75,368.650974
0.31635916,75,368.651778
0.32457533,75,368.664873
0.3065713,75,368.665746
0.33119708,75,368.66659
0.29748064,75,368.667508
0.3349628,75,368.69055
0.34346107,75,368.69379
0.33178976,75,368.712897
0.33578357,75,368.713743
0.38937375,75,368.726862
0.3220748,75,368.727691
0.3284755,75,368.728595
0.3242795,75,368.729466
0.30571717,75,368.752711
0.38790017,75,368.755901
0.3198443,75,368.774655
0.28668326,75,368.775577
0.33163923,75,368.788753
0.35094464,75,368.789718
0.32975316,75,368.790631
0.37264124,75,368.791498
0.3000722,75,368.814099
0.34802324,75,368.817703
0.2996636,75,368.836897
0.3554642,75,368.837746
0.31595087,75,368.851694
0.38827786,75,368.852576
0.33585843,75,368.853503
0.29695386,75,368.854395
0.35487297,75,368.877883
0.37707508,75,368.881094
0.3645269,75,368.900349
0.34382448,75,368.90119
0.3821793,75,368.915011
0.351254,75,368.915927
0.34957746,75,368.91689
0.36100224,75,368.917757
0.3342207,75,368.941662
0.33945036,75,368.94498
0.27305114,75,368.964222
0.33109397,75,368.965144
0.27429998,75,368.978612
0.34190384,75,368.979492
0.3548057,75,368.980361
0.3285364,75,368.981286
0.3577084,75,369.005592
0.3442107,75,369.009242
0.39041823,75,369.029265
0.38898814,75,369.030178
0.35958183,75,369.043635
0.36034143,75,369.044595
0.3308452,75,369.045497
0.3804837,75,369.04641
0.3632517,75,369.069949
0.38141698,75,369.073456
0.35312232,75,369.092878
0.30366698,75,369.093706
0.32254606,75,369.107444
0.3604691,75,369.108438
0.360347,75,369.109261
0.36244786,75,369.110069
0.3586093,75,369.133919
0.3754975,75,369.137245
0.3387994,75,369.156515
0.36625865,75,369.15747
0.29165843,75,369.171045
0.33782184,75,369.171926
0.27975383,75,369.172781
0.34381244,75,369.173665
0.36244574,75,369.197006
0.315906,75,369.200342
0.31440777,75,369.219746
0.38403383,75,369.22064
0.32122433,75,369.234164
0.31478405,75,369.235081
0.35297,75,369.23591
0.30499336,75,369.236692
0.35774943,75,369.260372
0.35720202,75,369.263492
0.3039563,75,369.282254
0.35415828,75,369.283136
0.40031666,75,369.296804
0.38995975,75,369.297788
0.3528628,75,369.298743
0.33318844,75,369.299617
0.2673516,75,369.323111
0.34109977,75,369.326587
0.30765882,75,369.34551
0.36227307,75,369.346388
0.34948817,75,369.360066
0.35332206,75,369.360966
0.34116107,75,369.361783
0.37626645,75,369.362704
0.37079132,75,369.386742
0.26739362,75,369.390269
0.3607622,75,369.409261
0.35762694,75,369.410087
0.29783586,75,369.423108
0.31777734,75,369.424018
0.25640526,75,369.424967
0.2941705,75,369.425773
0.3251178,75,369.449181
0.29371294,75,369.452364
0.36935404,75,369.471231
0.3065488,75,369.472101
0.3466341,75,369.485439
0.36186895,75,369.486227
0.30223048,75,369.487226
0.3340825,75,369.488131
0.325634,75,369.51134
0.36123845,75,369.514757
0.3604158,75,369.5337
0.36049378,75,369.534517
0.3320371,75,369.547877
0.3292949,75,369.548772
0.3418378,75,369.549656
0.36222833,75,369.550622
0.33289072,75,369.574211
0.3408269,75,369.577435
0.3605964,75,369.596556
0.35106587,75,369.597481
0.3445194,75,369.610656
0.3791953,75,369.611469
0.33561513,75,369.61227
0.3375042,75,369.613125
0.37862456,75,369.636762
0.3580748,75,369.640043
0.3363752,75,369.6592
0.34248975,75,369.6601
0.39063108,75,369.673464
0.33323312,75,369.67433
0.31655642,75,369.675255
0.3746089,75,369.676068
0.32333452,75,369.699115
0.3118775,75,369.702454
0.36460814,75,369.72166
0.308091,75,369.722539
0.33342496,75,369.735703
0.37770802,75,369.736535
0.31421018,75,369.737353
0.39692605,75,369.738235
0.33653,75,369.761507
0.3663508,75,369.764774
0.3336251,75,369.783914
0.32814848,75,369.784779
0.362353,75,369.797513
0.3830383,75,369.798473
0.3214834,75,369.799395
0.3954373,75,369.800248
0.31918496,75,369.823049
0.31012937,75,369.826376
0.29918393,75,369.845637
0.37489304,75,369.84653
0.33405378,75,369.859865
0.33984882,75,369.860851
0.32032067,75,369.861743
0.34604996,75,369.862611
0.30745006,75,369.885996
0.3244599,75,369.889438
0.2641991,75,369.90855
0.35500887,75,369.909378
0.33262235,75,369.922389
0.26601645,75,369.923234
0.3592577,75,369.924152
0.35409096,75,369.924984
0.31185156,75,369.947289
0.33241236,75,369.950717
0.3253498,75,369.969638
0.3126768,75,369.970515
0.38010213,75,369.983911
0.29828143,75,369.984854
0.3065071,75,369.985771
0.32449183,75,369.986537
0.3528409,75,370.009403
0.30544597,75,370.012357
0.37871826,75,370.031782
0.355638,75,370.03268
0.35316843,75,370.046303
0.30994356,75,370.047215
0.31818697,75,370.048095
0.34399113,75,370.048961
0.3669874,75,370.072409
0.39385176,75,370.075614
0.34091663,75,370.094803
0.34282705,75,370.095724
0.38882628,75,370.83328
0.30646828,75,370.834326
0.3051535,75,370.835171
0.3212826,75,370.836057
0.32258573,75,370.860557
0.33706778,75,370.863857
0.3348073,75,370.882264
0.36487204,75,370.883167
0.33551183,75,370.897808
0.35768163,75,370.899029
0.31475866,75,370.899979
0.32525924,75,370.900781
0.3265093,75,370.92482
0.36827782,75,370.928671
0.36710632,75,370.94876
0.31108427,75,370.949612
0.36871573,75,370.961959
0.36482418,75,370.962749
0.30788165,75,370.963643
0.36351246,75,370.964722
0.29706058,75,370.987849
0.40215695,75,370.990961
0.37123105,75,371.010535
0.35764647,75,371.011407
0.3725268,75,371.024865
0.3448702,75,371.025811
0.35189286,75,371.026618
0.38890132,75,371.027375
0.33639097,75,371.050463
0.34960255,75,371.053785
0.3058111,75,371.073134
0.31548536,75,371.074117
0.32620284,75,371.087402
0.34524682,75,371.088293
0.3439733,75,371.089211
0.30737802,75,371.090159
0.39166683,75,371.113523
0.32603002,75,371.117184
0.34865367,75,371.136585
0.37224483,75,371.137501
0.35266715,75,371.150646
0.31698826,75,371.151501
0.37173662,75,371.15231
0.3317711,75,371.153209
0.36368445,75,371.178415
0.34415528,75,371.182163
0.30429602,75,371.201567
0.31637454,75,371.202394
0.31753933,75,371.216228
0.4032172,75,371.217107
0.3706585,75,371.218028
0.3523306,75,371.218802
0.37384957,75,371.242173
0.37611333,75,371.245581
0.35476536,75,371.264528
0.3472521,75,371.265463
0.3224235,75,371.278894
0.33247048,75,371.279805
0.38176376,75,371.280654
0.3671076,75,371.281501
0.3400065,75,371.305486
0.323944,75,371.308844
0.28779873,75,371.327949
0.3151037,75,371.328859
0.35267612,75,371.342697
0.324819,75,371.343652
0.3465025,75,371.344448
0.3674896,75,371.345371
0.3820393,75,371.369388
0.36834607,75,371.373058
0.32669136,75,371.392924
0.31457323,75,371.393791
0.31360742,75,371.406525
0.3560082,75,371.407491
0.3579859,75,371.408392
0.3193146,75,371.409258
0.30510044,75,371.433125
0.2966988,75,371.436766
0.33629388,75,371.457176
0.35919514,75,371.458067
0.3507145,75,371.471948
0.3790469,75,371.47295
0.29241768,75,371.473948
0.3081982,75,371.474873
0.28357875,75,371.498698
0.345985,75,371.502086
0.3242659,75,371.522619
0.36002102,75,371.523528
0.36334273,75,371.536853
0.36154926,75,371.537963
0.38934165,75,371.53882
0.32507128,75,371.539739
0.38508773,75,371.563363
0.31867796,75,371.566591
0.3889007,75,371.585159
0.35434124,75,371.586032
0.37271038,75,371.598652
0.3406788,75,371.599522
0.32901102,75,371.600376
0.30655676,75,371.601169
0.36049205,75,371.622525
0.32449257,75,371.625662
0.34056947,75,371.643576
0.35571206,75,371.644412
0.3610699,75,371.657044
0.34099972,75,371.657872
0.33264276,75,371.658717
0.38869908,75,371.659528
0.29919133,75,371.682205
0.3210503,75,371.685654
0.35943592,75,371.7048
0.3083631,75,371.705631
0.3213361,75,371.718399
0.38568038,75,371.719265
0.36728695,75,371.720141
0.32981953,75,371.720919
0.3690377,75,371.743778
0.29519045,75,371.74696
0.35418496,75,371.766387
0.36637288,75,371.767258
0.34307525,75,371.780027
0.32326362,75,371.781043
0.33361384,75,371.781978
0.32552457,75,371.782778
0.34305802,75,371.805014
0.34807307,75,371.808111
0.3354325,75,371.826492
0.3572351,75,371.827264
0.34462157,75,371.840246
0.33628002,75,371.841066
0.36498636,75,371.841889
0.29289055,75,371.84268
0.35767445,75,371.866219
0.33347228,75,371.869505
0.36545572,75,371.888401
0.37849054,75,371.889298
0.32255456,75,371.903785
0.311889,75,371.904673
0.3343476,75,371.90549
0.28984278,75,371.906484
0.34304965,75,371.929894
0.34585634,75,371.933362
0.37903187,75,371.952516
0.36063004,75,371.953476
0.32502875,75,371.967114
0.28824994,75,371.968043
0.3319258,75,371.968893
0.35034043,75,371.969748
0.3253256,75,371.994117
0.307204,75,371.997144
0.34594086,75,372.014992
0.35760206,75,372.015837
0.3380794,75,372.029213
0.34403065,75,372.030006
0.38364217,75,372.030797
0.36856344,75,372.031614
0.35833222,75,372.053648
0.3725984,75,372.05687
0.3435855,75,372.074965
0.34394747,75,372.075735
0.3241423,75,372.088572
0.3852791,75,372.089344
0.39042422,75,372.090194
0.36771208,75,372.091147
0.40671134,75,372.114135
0.3605802,75,372.117781
0.35333022,75,372.136089
0.35889378,75,372.137025
0.38999003,75,372.150527
0.4096074,75,372.151364
0.35355663,75,372.152129
0.29758513,75,372.152909
0.29661822,75,372.175432
0.3600963,75,372.178535
0.38589087,75,372.196607
0.35125718,75,372.197448
0.31863502,75,372.209706
0.29104462,75,372.210485
0.3689055,75,372.211263
0.33351386,75,372.212022
0.36372867,75,372.234796
0.30345494,75,372.237947
0.3237634,75,372.256003
0.38994527,75,372.256944
0.23040342,75,372.269749
0.36653087,75,372.270709
0.3262605,75,372.271622
0.3745429,75,372.272436
0.31621373,75,372.294207
0.33742583,75,372.297673
0.36018562,75,372.31547
0.37663877,75,372.316284
0.38961926,75,372.3291
0.3805807,75,372.330045
0.34254068,75,372.330861
0.29541358,75,372.331707
0.32658073,75,372.354872
0.36206788,75,372.358146
0.29974788,75,372.377098
0.3720647,75,372.377986
0.33667684,75,372.391441
0.36490044,75,372.392286
0.3565693,75,372.393057
0.36544454,75,372.393841
0.36281186,75,372.416578
0.3759535,75,372.419837
0.27616516,75,372.437729
0.38267106,75,372.438614
0.27219114,75,372.45199
0.3219099,75,372.452809
0.36771488,75,372.453656
0.29517728,75,372.454424
0.32621372,75,372.477163
0.38420925,75,372.480232
0.290817,75,372.498422
0.32845676,75,372.499377
0.3821301,75,372.511725
0.3550818,75,372.512598
0.40144542,75,372.513479
0.3690182,75,372.514265
0.33312884,75,373.229398
0.3786335,75,373.23262
0.35505372,75,373.251221
0.400945,75,373.252107
0.3620094,75,373.263986
0.3241755,75,373.264807
0.31402552,75,373.265623
0.3572312,75,373.266393
0.32308736,75,373.287239
0.3300303,75,373.290299
0.3135136,75,373.30717
0.36295584,75,373.307976
0.31128395,75,373.32055
0.38109997,75,373.321365
0.349182,75,373.322327
0.37794533,75,373.323358
0.35043177,75,373.345214
0.37818497,75,373.348158
0.3804302,75,373.367077
0.31343862,75,373.36793
0.36018947,75,373.380736
0.35590994,75,373.3816
0.30810004,75,373.382369
0.33109263,75,373.38322
0.3806287,75,373.406155
0.3782603,75,373.409152
0.37508065,75,373.427598
0.37154958,75,373.428438
0.3812644,75,373.441024
0.31206012,75,373.44194
0.3300581,75,373.442833
0.36753955,75,373.443612
0.33862552,75,373.465609
0.33183506,75,373.468606
0.3376824,75,373.485819
0.28842,75,373.486667
0.32285193,75,373.498896
0.32108027,75,373.499742
0.29549047,75,373.500527
0.35061523,75,373.501305
0.32453045,75,373.523189
0.33597606,75,373.526474
0.38176575,75,373.543855
0.30441663,75,373.544643
0.31430793,75,373.55707
0.40141588,75,373.557934
0.35944104,75,373.558843
0.34523475,75,373.559731
0.3753033,75,373.581515
0.34602612,75,373.584665
0.3347817,75,373.6035
0.3686577,75,373.604356
0.40570882,75,373.617459
0.34180307,75,373.618354
0.30980372,75,373.619281
0.32659218,75,373.620308
0.3068021,75,373.643548
0.35531664,75,373.646676
0.39213112,75,373.664235
0.3310019,75,373.665077
0.30483523,75,373.677317
0.38371792,75,373.67809
0.36611038,75,373.678861
0.33002365,75,373.679608
0.3040334,75,373.701544
0.33266327,75,373.704545
0.3499213,75,373.721725
0.37107137,75,373.722504
0.34787515,75,373.734356
0.36082515,75,373.735172
0.388865,75,373.73592
0.34897044,75,373.736776
0.35875788,75,373.757952
0.38261786,75,373.760961
0.3352651,75,373.778
0.37254602,75,373.778832
0.38070825,75,373.791012
0.3073826,75,373.791821
0.33113855,75,373.792615
0.34987167,75,373.793354
0.37495738,75,373.813833
0.31768343,75,373.816806
0.35576618,75,373.834519
0.38110587,75,373.835379
0.35626802,75,373.84749
0.36963624,75,373.848293
0.3788011,75,373.849078
0.38267034,75,373.849862
0.3514565,75,373.872802
0.3196431,75,373.87587
0.3777046,75,373.895079
0.3128334,75,373.895884
0.34936723,75,373.908815
0.35302973,75,373.909665
0.34313312,75,373.910517
0.33395875,75,373.911679
0.34467956,75,373.935451
0.3624118,75,373.938552
0.35602245,75,373.958568
0.33473906,75,373.959472
0.3568701,75,373.972093
0.33078945,75,373.973004
0.35913375,75,373.973836
0.33393607,75,373.974613
0.33765048,75,373.996714
0.3524313,75,373.99992
0.3744757,75,374.017285
0.36907282,75,374.018217
0.33354566,75,374.030731
0.34755588,75,374.031537
0.3743365,75,374.032306
0.378042,75,374.033073
0.34082806,75,374.054864
0.3774541,75,374.057821
0.38119784,75,374.075339
0.37484375,75,374.07614
0.40057224,75,374.088207
0.32352263,75,374.089032
0.37888587,75,374.089825
0.3970991,75,374.090561
0.3139911,75,374.11185
0.28414345,75,374.115536
0.27559978,75,374.134163
0.37293765,75,374.135077
0.3876082,75,374.147227
0.38074437,75,374.148255
0.3556518,75,374.149201
0.35343468,75,374.150176
0.33061257,75,374.173161
0.382777,75,374.176471
0.35263115,75,374.194005
0.35699815,75,374.194802
0.3164681,75,374.207227
0.34112236,75,374.208003
0.3453249,75,374.208898
0.33273295,75,374.209747
0.3413683,75,374.23283
0.36319417,75,374.235996
0.30764067,75,374.254207
0.34453693,75,374.255146
0.3710246,75,374.269509
0.3265614,75,374.270489
0.36645642,75,374.271441
0.34574816,75,374.27223
0.31435332,75,374.293555
0.36682788,75,374.296548
0.33537573,75,374.31361
0.37457788,75,374.314393
0.3012594,75,374.327177
0.35527068,75,374.328008
0.34491697,75,374.328799
0.33864075,75,374.329542
0.34179786,75,374.351933
0.34606585,75,374.355373
0.33238092,75,374.373661
0.327588,75,374.374498
0.39296237,75,374.387065
0.29099616,75,374.387828
0.37624195,75,374.388624
0.2923752,75,374.389388
0.3546766,75,374.410458
0.33268985,75,374.413808
0.2904017,75,374.43238
0.3296606,75,374.433212
0.38215336,75,374.44548
0.31410342,75,374.446264
0.38135847,75,374.44707
0.3240249,75,374.447911
0.37839505,75,374.468531
0.33731252,75,374.471473
0.37475154,75,374.488689
0.3776225,75,374.489575
0.31992835,75,374.502524
0.3643303,75,374.503392
0.30411547,75,374.504211
0.32839713,75,374.504971
0.36018077,75,374.528045
0.32818866,75,374.531415
0.35244724,75,374.550998
0.30106008,75,374.55187
0.31476045,75,374.565464
0.31750157,75,374.566394
0.36002597,75,374.567254
0.37732622,75,374.568119
0.33042112,75,374.590695
0.30485734,75,374.594169
0.35006452,75,374.613944
0.29565734,75,374.614782
0.3621078,75,374.627649
0.31831872,75,374.628515
0.3242631,75,374.629501
0.2570843,75,374.630357
0.3500594,75,374.652409
0.32599318,75,374.655463
0.33503398,75,374.673051
0.33697158,75,374.673974
0.3441506,75,374.685817
0.3776171,75,374.686712
0.35365707,75,374.687583
0.3106638,75,374.6884
0.34151328,75,374.71029
0.30906722,75,374.713861
0.34636766,75,374.731859
0.3509066,75,374.732803
0.37631103,75,374.74514
0.36041325,75,374.745985
0.3831211,75,374.746734
0.31964588,75,374.747479
0.3119262,75,374.768899
0.37436622,75,374.771988
0.3508336,75,374.789564
0.36131713,75,374.790366
0.38381732,75,374.802199
0.30957052,75,374.802985
0.40157947,75,374.803793
0.35995716,75,374.804576
0.35678717,75,374.825532
0.38322023,75,374.828489
0.35964727,75,375.493776
0.37849733,75,375.494587
0.34968355,75,375.506584
0.33259788,75,375.507399
0.33968434,75,375.508204
0.38495454,75,375.508996
0.3368338,75,375.530057
0.3553775,75,375.533036
0.3647555,75,375.550319
0.33929172,75,375.551149
0.3240175,75,375.563182
0.34045467,75,375.563947
0.29507065,75,375.564733
0.39348632,75,375.565476
0.36900103,75,375.586351
0.3764742,75,375.589284
0.29303443,75,375.607634
0.3169664,75,375.608453
0.30700248,75,375.62033
0.38427955,75,375.621177
0.3414642,75,375.621939
0.3604477,75,375.622733
0.35206312,75,375.644467
0.39946926,75,375.647521
0.3022319,75,375.66458
0.33230564,75,375.665424
0.3579002,75,375.677274
0.38669753,75,375.678031
0.3895457,75,375.678834
0.35421202,75,375.679569
0.38057595,75,375.700133
0.31192052,75,375.703196
0.2985384,75,375.720125
0.34768546,75,375.720893
0.38416597,75,375.73272
0.37183756,75,375.733532
0.32025638,75,375.73433
0.3749091,75,375.735069
0.32802156,75,375.755755
0.36108676,75,375.75878
0.3413732,75,375.776833
0.26696366,75,375.777706
0.3690892,75,375.78985
0.36371073,75,375.790723
0.3508881,75,375.791514
0.30367506,75,375.792372
0.34861732,75,375.812706
0.35783967,75,375.815663
0.3918621,75,375.832731
0.29246688,75,375.833525
0.3535947,75,375.84517
0.37074825,75,375.845968
0.35069016,75,375.846732
0.36858675,75,375.847518
0.35422215,75,375.868597
0.38223276,75,375.871947
0.34754136,75,375.889085
0.3762904,75,375.890025
0.31943688,75,375.902334
0.33167675,75,375.903198
0.3232182,75,375.904039
0.31408384,75,375.904813
0.34804404,75,375.927143
0.36367312,75,375.930142
0.3434715,75,375.9481
0.3650891,75,375.948943
0.3347862,75,375.962729
0.3609828,75,375.963636
0.3802547,75,375.964578
0.37252435,75,375.965435
0.3499962,75,375.989388
0.36170498,75,375.99298
0.36645073,75,376.010723
0.36608344,75,376.011554
0.34328544,75,376.025068
0.30942228,75,376.025991
0.3269278,75,376.026902
0.31333357,75,376.027799
0.3222988,75,376.050523
0.3808031,75,376.053766
0.39322525,75,376.072389
0.33454713,75,376.073262
0.3297141,75,376.086312
0.34475452,75,376.087133
0.3914293,75,376.088124
0.3493556,75,376.088894
0.34761316,75,376.113236
0.36162797,75,376.117177
0.3658539,75,376.140079
0.33682746,75,376.141229
0.3340602,75,376.158
0.3260742,75,376.159189
0.38074112,75,376.160278
0.3758613,75,376.161236
0.32094905,75,376.191426
0.3817787,75,376.195416
0.37211075,75,376.221219
0.32353452,75,376.222648
0.3617092,75,376.238344
0.36940977,75,376.239398
0.3479589,75,376.240337
0.3684614,75,376.241406
0.35120356,75,376.268726
0.33620238,75,376.27191
0.35017815,75,376.29163
0.3736542,75,376.292561
0.3491481,75,376.306177
0.37948743,75,376.307219
0.3635569,75,376.308249
0.3919911,75,376.309065
0.37747198,75,376.332437
0.31342208,75,376.335508
0.30505192,75,376.353969
0.36744145,75,376.354822
0.41150823,75,376.368358
0.35977182,75,376.369256
0.30988777,75,376.37022
0.34094432,75,376.371157
0.33379608,75,376.393503
0.38924825,75,376.396912
0.35268497,75,376.414794
0.3072714,75,376.41564
0.33651665,75,376.429127
0.38268825,75,376.429996
0.29425555,75,376.430785
0.39401856,75,376.431577
0.39016807,75,376.454599
0.3592367,75,376.457653
0.35228407,75,376.47673
0.3323082,75,376.477653
0.37133545,75,376.490776
0.31966147,75,376.491678
0.3075505,75,376.492562
0.32702205,75,376.493421
0.33189347,75,376.51734
0.33392856,75,376.520679
0.36958563,75,376.539765
0.37375695,75,376.540608
0.3100479,75,376.553931
0.37141302,75,376.554897
0.3212761,75,376.555797
0.3474991,75,376.556654
0.32205877,75,376.578299
0.3289846,75,376.581645
0.36265436,75,376.599851
0.34165978,75,376.600788
0.32899246,75,376.613523
0.36624748,75,376.614417
0.3219236,75,376.615337
0.36662674,75,376.61626
0.34166288,75,376.640033
0.31981957,75,376.643045
0.35981327,75,376.660275
0.32026052,75,376.661105
0.35679334,75,376.673445
0.32883888,75,376.674291
0.331101,75,376.675107
0.3634757,75,376.675858
0.35235748,75,376.697069
0.3653142,75,376.70009
0.32110322,75,376.717551
0.376236,75,376.718402
0.34471038,75,376.731011
0.37180844,75,376.731852
0.36875126,75,376.732663
0.35852307,75,376.733466
0.37325546,75,376.755865
0.35568243,75,376.759398
0.36040062,75,376.776849
0.33650073,75,376.777638
0.38015974,75,376.790321
0.34052742,75,376.791154
0.35145682,75,376.792034
0.3673813,75,376.792927
0.34090874,75,376.814826
0.33955425,75,376.81791
0.33309305,75,376.835514
0.32694906,75,376.836328
0.36084622,75,376.848368
0.30717915,75,376.849179
0.36712003,75,376.849945
0.38406295,75,376.850693
0.35453573,75,376.871958
0.31297123,75,376.875012
0.36378315,75,376.89309
0.37131348,75,376.893974
0.35374254,75,376.906421
0.35441318,75,376.907309
0.35703012,75,376.908192
0.37976006,75,376.909045
0.35809335,75,376.932433
0.3827018,75,376.935555
0.36844438,75,376.953909
0.32869327,75,376.954895
0.3664462,75,376.967161
0.30120188,75,376.968025
0.3658151,75,376.96883
0.36699647,75,376.969573
0.32497686,75,376.990759
0.3651031,75,376.994003
0.3202747,75,377.011704
0.38731918,75,377.01249
0.35812405,75,377.024633
0.2759208,75,377.02544
0.36664402,75,377.026216
0.33162582,75,377.02699
0.32106838,75,377.048256
0.34819198,75,377.051272
0.36855033,75,377.069007
0.35856292,75,377.069784
0.33112392,75,377.081519
0.3089329,75,377.082291
0.341143,75,377.083068
0.36424083,75,377.083937
0.38594213,75,377.104511
0.35482267,75,377.107538
0.34899834,75,377.124686
0.34691262,75,377.755916
0.3666461,75,377.770343
0.36376482,75,377.771274
0.3540715,75,377.772181
0.33394292,75,377.773006
0.33604893,75,377.796086
0.3713132,75,377.799465
0.3781006,75,377.81876
0.3267519,75,377.819754
0.33730128,75,377.83346
0.37453985,75,377.834322
0.35899985,75,377.835248
0.3413978,75,377.836198
0.39900336,75,377.859657
0.35462332,75,377.863054
0.35020703,75,377.881589
0.3669095,75,377.882457
0.3144254,75,377.895602
0.3264052,75,377.896527
0.3282204,75,377.897318
0.3253527,75,377.898175
0.36498648,75,377.920783
0.36337236,75,377.9241
0.38322985,75,377.943671
0.3702124,75,377.944534
0.37973607,75,377.957522
0.39706773,75,377.958369
0.3430917,75,377.959383
0.35919923,75,377.960255
0.37641886,75,377.983837
0.3665586,75,377.987129
0.32989365,75,378.006007
0.3373747,75,378.006884
0.34328514,75,378.020432
0.28819433,75,378.021367
0.2962617,75,378.022262
0.3643063,75,378.023169
0.37179533,75,378.046354
0.3364477,75,378.049611
0.3716675,75,378.068184
0.2990998,75,378.069029
0.30252284,75,378.082193
0.35499585,75,378.083055
0.34495062,75,378.083977
0.35002574,75,378.084904
0.38306153,75,378.107776
0.33732158,75,378.111176
0.33290654,75,378.129795
0.36355656,75,378.13068
0.31797415,75,378.143736
0.32597187,75,378.144643
0.37186795,75,378.14554
0.38185313,75,378.14643
0.32741708,75,378.169836
0.3974642,75,378.173241
0.3031908,75,378.192077
0.3582672,75,378.193053
0.36831477,75,378.206267
0.3495146,75,378.207139
0.40909237,75,378.207938
0.3205308,75,378.208768
0.36751193,75,378.232023
0.36079484,75,378.235467
0.30874124,75,378.254646
0.38446683,75,378.255552
0.3587331,75,378.268629
0.3986792,75,378.269452
0.37746283,75,378.270351
0.3915,75,378.271217
0.3800733,75,378.293948
0.31821054,75,378.297162
0.37426412,75,378.316784
0.3980904,75,378.317589
0.3636626,75,378.330629
0.3223163,75,378.331639
0.33804327,75,378.332555
0.32562736,75,378.333444
0.34620863,75,378.357059
0.3965017,75,378.360414
0.39128497,75,378.379299
0.3306623,75,378.380163
0.30427194,75,378.393051
0.31074113,75,378.393856
0.3902989,75,378.394748
0.3499192,75,378.395641
0.36796153,75,378.418721
0.33734608,75,378.422182
0.36485466,75,378.441597
0.37707528,75,378.442492
0.31965446,75,378.455506
0.3805578,75,378.45642
0.3337735,75,378.457287
0.35356882,75,378.458169
0.330272,75,378.481449
0.28227037,75,378.485015
0.39151374,75,378.504044
0.3662664,75,378.504878
0.28180844,75,378.518697
0.38854975,75,378.519682
0.35969105,75,378.520528
0.36814123,75,378.521386
0.3665225,75,378.544592
0.3116432,75,378.547987
0.35522988,75,378.567755
0.35227895,75,378.568655
0.32319468,75,378.582058
0.33670622,75,378.582956
0.36636418,75,378.58389
0.38169467,75,378.58465
0.37088254,75,378.607707
0.35418728,75,378.610852
0.35117716,75,378.630383
0.3206742,75,378.631311
0.30843794,75,378.645073
0.35027018,75,378.646008
0.38031703,75,378.646986
0.389718,75,378.647942
0.39160764,75,378.670808
0.37371653,75,378.674245
0.36878258,75,378.693646
0.33372757,75,378.694514
0.354135,75,378.707898
0.305637,75,378.708831
0.34284016,75,378.709624
0.3276726,75,378.710452
0.32679638,75,378.73358
0.35647342,75,378.736892
0.39184305,75,378.756359
0.38583484,75,378.757213
0.3247447,75,378.770587
0.32975885,75,378.771428
0.35179543,75,378.77232
0.33478144,75,378.773176
0.3213864,75,378.796969
0.36737022,75,378.800558
0.35917032,75,378.819707
0.33794436,75,378.820618
0.3433622,75,378.833506
0.35640222,75,378.834457
0.36774397,75,378.835332
0.36889678,75,378.836171
0.3319911,75,378.859504
0.35463497,75,378.862774
0.33881935,75,378.881394
0.3622659,75,378.882189
0.34245026,75,378.895325
0.33705077,75,378.896158
0.28781188,75,378.897042
0.34766325,75,378.898001
0.3075478,75,378.921013
0.37114328,75,378.924233
0.32752037,75,378.942743
0.36545947,75,378.94359
0.3709078,75,378.956902
0.30648047,75,378.957712
0.37046483,75,378.958511
0.4097165,75,378.959433
0.36919215,75,378.982893
0.3994898,75,378.986117
0.3874683,75,379.00496
0.337361,75,379.005842
0.3763775,75,379.01896
0.3199527,75,379.019893
0.36513984,75,379.020728
0.34589273,75,379.021582
0.37712443,75,379.044459
0.37348595,75,379.047872
0.32064644,75,379.066915
0.33842978,75,379.067792
0.30246422,75,379.081145
0.33355936,75,379.081998
0.36359695,75,379.082835
0.33749092,75,379.083679
0.3688914,75,379.106311
0.37262228,75,379.109925
0.30861947,75,379.128611
0.35911056,75,379.129463
0.34837896,75,379.142495
0.35110998,75,379.143274
0.34901705,75,379.144052
0.35754502,75,379.144899
0.3459023,75,379.167862
0.3558211,75,379.171123
0.25750285,75,379.189922
0.35820732,75,379.190877
0.34783626,75,379.204168
0.3812213,75,379.204971
0.3698384,75,379.205867
0.35279736,75,379.206779
0.3118397,75,379.230324
0.34313527,75,379.233801
0.33351907,75,379.252589
0.37595996,75,379.253476
0.36803755,75,379.266639
0.337699,75,379.267558
0.35572463,75,379.268323
0.37248275,75,379.269065
0.40025914,75,379.29182
0.34618515,75,379.295205
0.35691515,75,379.313784
0.37454537,75,379.314573
0.3530468,75,379.327566
0.3950527,75,379.328463
0.37870672,75,379.329217
0.3899743,75,379.330067
0.33831826,75,379.353201
0.36082128,75,379.356668
0.28369486,75,379.375267
0.38742965,75,379.37615
0.3389064,75,379.389037
0.36840954,75,379.389972
0.34674317,75,379.390803
0.359287,75,379.391637
0.36440027,75,379.415222
0.3916406,75,379.418664
0.3559134,75,379.43741
0.39747924,75,379.438277
0.3778806,75,379.45132
0.30120575,75,379.452145
0.32640117,75,379.453031
0.30558,75,379.453895
0.3053883,75,380.215337
0.34950683,75,380.218843
0.32703096,75,380.238162
0.36958343,75,380.239087
0.32141852,75,380.25234
0.3557215,75,380.253216
0.35434514,75,380.254137
0.33991528,75,380.254966
0.38055298,75,380.277875
0.36057872,75,380.281292
0.387361,75,380.300795
0.354707,75,380.301685
0.38333696,75,380.314932
0.33375773,75,380.315777
0.35187337,75,380.316738
0.36824703,75,380.317675
0.35160378,75,380.341086
0.34115016,75,380.344372
0.37065345,75,380.364155
0.37231135,75,380.36499
0.32891646,75,380.378135
0.33966017,75,380.379076
0.30738005,75,380.380035
0.29335853,75,380.380916
0.37924516,75,380.404393
0.3770579,75,380.407791
0.36816302,75,380.426704
0.3745512,75,380.427571
0.36460602,75,380.441162
0.36111483,75,380.442053
0.33862245,75,380.442881
0.29964414,75,380.443725
0.30510917,75,380.466705
0.3438646,75,380.470147
0.36624447,75,380.489539
0.28828993,75,380.490389
0.3664762,75,380.504014
0.33477995,75,380.504833
0.35088304,75,380.505692
0.35115385,75,380.50646
0.38490698,75,380.52887
0.36208564,75,380.532174
0.3720104,75,380.551324
0.35169047,75,380.552273
0.35717216,75,380.565709
0.3032258,75,380.566504
0.36493912,75,380.567464
0.3470077,75,380.568347
0.37482047,75,380.591627
0.37254047,75,380.594837
0.3665378,75,380.613576
0.3529054,75,380.614405
0.36847588,75,380.62773
0.3902632,75,380.628552
0.35080943,75,380.629333
0.35770556,75,380.630154
0.3401958,75,380.653594
0.3507027,75,380.656872
0.3430351,75,380.675597
0.33979416,75,380.676394
0.37105027,75,380.689625
0.37219948,75,380.690453
0.36808917,75,380.691318
0.37379333,75,380.692244
0.36161572,75,380.715385
0.3755512,75,380.718595
0.36577404,75,380.737353
0.331455,75,380.738225
0.33027613,75,380.751762
0.38169774,75,380.752607
0.3677877,75,380.753562
0.35212785,75,380.75435
0.3003378,75,380.777646
0.34984928,75,380.781037
0.36068588,75,380.799937
0.31659156,75,380.800864
0.3632814,75,380.813965
0.32913223,75,380.814888
0.40199792,75,380.815741
0.36059606,75,380.816686
0.32860777,75,380.840512
0.3290512,75,380.844011
0.30849034,75,380.863652
0.38738424,75,380.864617
0.3668197,75,380.877989
0.3604542,75,380.8789
0.35418063,75,380.879746
0.32522357,75,380.880595
0.31268275,75,380.903355
0.37277296,75,380.906699
0.38504657,75,380.925448
0.32220677,75,380.926334
0.3571298,75,380.939717
0.34572318,75,380.940553
0.344392,75,380.941347
0.36396077,75,380.942095
0.32500833,75,380.965518
0.33213496,75,380.968838
0.3453735,75,380.988465
0.36493814,75,380.98932
0.36247995,75,381.002546
0.33470872,75,381.003472
0.41273263,75,381.004424
0.3228767,75,381.005358
0.3774244,75,381.028441
0.3589014,75,381.031643
0.3463122,75,381.050705
0.28468254,75,381.051556
0.33844844,75,381.064755
0.37360966,75,381.0657
0.3540519,75,381.066572
0.40055543,75,381.067377
0.28762284,75,381.090664
0.3881987,75,381.09394
0.3404733,75,381.11263
0.3713111,75,381.113488
0.34237278,75,381.126909
0.38928354,75,381.127777
0.3725773,75,381.128604
0.37623256,75,381.129589
0.41412157,75,381.152811
0.33616582,75,381.156302
0.32984713,75,381.17549
0.38242102,75,381.176299
0.3496581,75,381.189459
0.40172923,75,381.190235
0.35072568,75,381.191117
0.35835648,75,381.192029
0.3682858,75,381.214566
0.3273935,75,381.217984
0.33419287,75,381.236692
0.3524728,75,381.237592
0.3743516,75,381.251149
0.36126024,75,381.251987
0.34586808,75,381.25281
0.35808247,75,381.253616
0.37773734,75,381.2765
0.3791847,75,381.279815
0.3156067,75,381.298705
0.3290185,75,381.299509
0.3587335,75,381.312553
0.38277793,75,381.313495
0.36377296,75,381.31437
0.35279003,75,381.315238
0.3302716,75,381.338484
0.3813119,75,381.341787
0.34904996,75,381.360749
0.3115073,75,381.361548
0.35089615,75,381.374859
0.37544027,75,381.375775
0.29795218,75,381.37667
0.32884714,75,381.377509
0.30046824,75,381.400629
0.3873192,75,381.404165
0.37042665,75,381.423403
0.34205407,75,381.424317
0.37757868,75,381.437421
0.36884764,75,381.438358
0.3111236,75,381.439158
0.37292993,75,381.440029
0.34786442,75,381.463118
0.32344016,75,381.466427
0.36463168,75,381.484929
0.3430228,75,381.48591
0.3353367,75,381.499024
0.34895694,75,381.499892
0.3160509,75,381.500802
0.37838942,75,381.501671
0.3679413,75,381.524633
0.32825878,75,381.527669
0.29415596,75,381.546809
0.34281978,75,381.547682
0.34973553,75,381.561689
0.33436656,75,381.562592
0.29844296,75,381.563447
0.3676347,75,381.564341
0.3531417,75,381.587632
0.33850157,75,381.590866
0.38376158,75,381.60956
0.3748268,75,381.61035
0.33936152,75,381.623454
0.33325422,75,381.624364
0.34535113,75,381.625279
0.35081166,75,381.626134
0.37841746,75,381.648806
0.29670754,75,381.652052
0.32712248,75,381.670787
0.3588904,75,381.671657
0.37430316,75,381.684803
0.3389902,75,381.685735
0.38150182,75,381.686565
0.38190997,75,381.687378
0.36980042,75,381.709787
0.3695368,75,381.713015
0.33661327,75,381.731794
0.35629794,75,381.732715
0.3234298,75,381.745442
0.3595725,75,381.746218
0.36368206,75,381.746981
0.35248485,75,381.747947
0.33622426,75,381.771461
0.3762837,75,381.77484
0.37024513,75,381.793716
0.3949172,75,381.794582
0.39803267,75,381.807835
0.3152262,75,381.80876
0.35741046,75,381.80964
0.3838812,75,381.810472
0.39456904,75,381.833455
0.35697585,75,381.836878
0.3464125,75,381.85609
0.3172328,75,381.85697
0.33828473,75,381.87054
0.38819945,75,381.87141
0.37951282,75,381.8724
0.35385537,75,381.873281
0.36728325,75,382.614797
0.37559533,75,382.620114
0.36718675,75,382.64171
0.3433049,75,382.642665
0.35817584,75,382.656426
0.33821115,75,382.657248
0.35921183,75,382.658128
0.3644709,75,382.658978
0.35078853,75,382.682501
0.37072527,75,382.685797
0.40061048,75,382.705119
0.36681193,75,382.706006
0.3458856,75,382.71916
0.372896,75,382.720003
0.36841136,75,382.720774
0.3614584,75,382.721647
0.3864082,75,382.74426
0.3688005,75,382.747561
0.35200003,75,382.766615
0.31122762,75,382.767427
0.34702456,75,382.780347
0.32013497,75,382.781233
0.28741714,75,382.782123
0.37802508,75,382.78297
0.3208394,75,382.806285
0.37183455,75,382.809367
0.32314464,75,382.828134
0.38191944,75,382.828931
0.28958476,75,382.841989
0.38688153,75,382.842772
0.3193021,75,382.843675
0.3479428,75,382.844546
0.35999286,75,382.867551
0.3810845,75,382.870696
0.3525411,75,382.889582
0.36925417,75,382.890457
0.36749813,75,382.903916
0.37487647,75,382.904831
0.33311597,75,382.905746
0.3012159,75,382.906584
0.3727762,75,382.92921
0.38134235,75,382.932702
0.33395123,75,382.952079
0.3820455,75,382.953219
0.39816377,75,382.967413
0.37377924,75,382.968401
0.3132475,75,382.969316
0.3285851,75,382.970261
0.3258466,75,382.994901
0.33854192,75,382.999341
0.33151564,75,383.028376
0.3338304,75,383.0292
0.33255324,75,383.042751
0.33766764,75,383.043575
0.38313958,75,383.04436
0.38628983,75,383.045245
0.3383278,75,383.068172
0.33830282,75,383.071443
0.3045429,75,383.090795
0.37112403,75,383.091712
0.36508024,75,383.104971
0.32277802,75,383.1058
0.29229003,75,383.106652
0.34052554,75,383.107521
0.39689213,75,383.130447
0.3460882,75,383.133895
0.3940319,75,383.152761
0.3355814,75,383.15365
0.3972381,75,383.166876
0.35440713,75,383.167738
0.38606155,75,383.168674
0.35748792,75,383.169555
0.34413344,75,383.193053
0.36452377,75,383.19641
0.37401637,75,383.215566
0.32274234,75,383.216421
0.3424064,75,383.229888
0.36204362,75,383.230744
0.397612,75,383.231579
0.4054039,75,383.232449
0.33186564,75,383.25652
0.3502419,75,383.260018
0.32770917,75,383.278946
0.37470704,75,383.279808
0.31671694,75,383.293722
0.29789686,75,383.294525
0.35482052,75,383.295442
0.352131,75,383.296337
0.34101188,75,383.321254
0.3714388,75,383.324745
0.3605444,75,383.344879
0.34178132,75,383.34581
0.39980483,75,383.359948
0.35712582,75,383.360908
0.3836761,75,383.361877
0.35608405,75,383.362744
0.38041475,75,383.385716
0.33161974,75,383.389119
0.39815295,75,383.408179
0.33114833,75,383.408976
0.34760258,75,383.422388
0.39747548,75,383.423312
0.38721737,75,383.424201
0.3783522,75,383.425054
0.38344175,75,383.448844
0.34538567,75,383.452257
0.3545553,75,383.471395
0.39315984,75,383.472319
0.33021134,75,383.485157
0.3333563,75,383.486141
0.35289925,75,383.4871
0.33083412,75,383.487879
0.30941522,75,383.510828
0.37113363,75,383.51463
0.38689622,75,383.533863
0.36766538,75,383.53476
0.3866426,75,383.547739
0.39233786,75,383.548652
0.34597,75,383.549539
0.31365615,75,383.550464
0.33734602,75,383.57421
0.33996055,75,383.577523
0.37065303,75,383.596633
0.33174133,75,383.597543
0.3479452,75,383.610815
0.37887833,75,383.611773
0.3065803,75,383.61259
0.36159793,75,383.613483
0.3832107,75,383.63765
0.35322303,75,383.640938
0.3481387,75,383.659989
0.35238644,75,383.66083
0.3759587,75,383.674019
0.29751098,75,383.674896
0.34864053,75,383.675726
0.37082088,75,383.676484
0.36942187,75,383.699705
0.31054008,75,383.703441
0.32072785,75,383.722775
0.3890152,75,383.723639
0.3580056,75,383.737068
0.35566247,75,383.737877
0.36993533,75,383.738767
0.38253102,75,383.739673
0.34546492,75,383.763226
0.36867866,75,383.766764
0.36007646,75,383.786034
0.34191227,75,383.786896
0.34824976,75,383.800483
0.37619448,75,383.801403
0.39403248,75,383.802225
0.32113203,75,383.803049
0.3209888,75,383.831658
0.38341725,75,383.835252
0.36843717,75,383.85454
0.38099968,75,383.855509
0.38897622,75,383.86909
0.35076693,75,383.869999
0.3850536,75,383.871024
0.36462966,75,383.871931
0.3832367,75,383.895476
0.33622816,75,383.898681
0.32684073,75,383.917771
0.30764917,75,383.918595
0.35657424,75,383.931748
0.336891,75,383.932602
0.32832578,75,383.933496
0.37720457,75,383.934458
0.36392257,75,383.958059
0.36658162,75,383.961261
0.38470978,75,383.981005
0.38196898,75,383.981902
0.3441265,75,383.994899
0.36215317,75,383.995882
0.35467046,75,383.99674
0.3249032,75,383.997616
0.33163768,75,384.020737
0.3576901,75,384.024132
0.3475808,75,384.043518
0.3446983,75,384.044455
0.40286583,75,384.058332
0.36803287,75,384.059287
0.38947487,75,384.060209
0.35106048,75,384.061124
0.3571977,75,384.084226
0.3437082,75,384.087749
0.33825213,75,384.10752
0.37505874,75,384.108421
0.34350932,75,384.121938
0.35212842,75,384.122933
0.35699648,75,384.123998
0.34284788,75,384.124994
0.35996825,75,384.14775
0.34778944,75,384.150846
0.39779714,75,384.169786
0.34065428,75,384.170702
0.3285593,75,384.183904
0.33385217,75,384.184746
0.36372408,75,384.185517
0.3414458,75,384.186371
0.36187416,75,384.209772
0.32776392,75,384.213176
0.36440617,75,384.232239
0.3483931,75,384.233163
0.3749607,75,384.246365
0.31258926,75,384.247241
0.33318928,75,384.248143
0.35665932,75,384.248984
0.38762447,75,384.272187
0.35980397,75,384.275382
0.38200003,75,384.294352
0.37209293,75,384.295151
0.37419483,75,384.30833
0.35883018,75,384.309178
0.34765187,75,384.310052
0.39875743,75,384.310891
0.34492707,75,384.3338
0.374547,75,384.337133
0.28994358,75,385.091279
0.37518284,75,385.09218
0.3436186,75,385.106155
0.31030586,75,385.107045
0.34614867,75,385.107984
0.35254622,75,385.108932
0.342311,75,385.132081
0.31762874,75,385.135307
0.39903826,75,385.154588
0.32800817,75,385.155525
0.3540265,75,385.16971
0.40589732,75,385.170693
0.31013152,75,385.171622
0.35087723,75,385.17248
0.31969643,75,385.196562
0.31413662,75,385.19989
0.36830527,75,385.219741
0.37655997,75,385.220756
0.3343712,75,385.234407
0.33392057,75,385.23528
0.34426737,75,385.23615
0.3467772,75,385.23704
0.37650663,75,385.260242
0.35072994,75,385.263532
0.3448453,75,385.282588
0.36283988,75,385.283401
0.3375599,75,385.296824
0.35009125,75,385.297645
0.35365137,75,385.298439
0.3876221,75,385.299196
0.33389297,75,385.322251
0.3499149,75,385.3256
0.32288706,75,385.34491
0.39175928,75,385.345767
0.37152466,75,385.359311
0.38571343,75,385.360122
0.3576411,75,385.360954
0.33732137,75,385.36175
0.30238268,75,385.384634
0.37326336,75,385.387802
0.38195542,75,385.406363
0.33772007,75,385.407174
0.35162425,75,385.420127
0.3813525,75,385.421013
0.3604321,75,385.421883
0.3823785,75,385.422778
0.33308268,75,385.445562
0.39198235,75,385.448784
0.39892566,75,385.46723
0.38518703,75,385.468092
0.4003362,75,385.481166
0.36589321,75,385.482072
0.3360059,75,385.482973
0.32589838,75,385.483945
0.38840398,75,385.506999
0.31668502,75,385.510336
0.33522248,75,385.5293
0.33982345,75,385.530234
0.4173189,75,385.543568
0.36458907,75,385.544338
0.35719573,75,385.545293
0.3464063,75,385.54623
0.3041978,75,385.569688
0.34283024,75,385.573157
0.34815907,75,385.591981
0.3603855,75,385.592787
0.39929265,75,385.606304
0.3569724,75,385.607152
0.35799322,75,385.607939
0.36336455,75,385.60869
0.35445425,75,385.632989
0.37286508,75,385.636488
0.39908278,75,385.655883
0.3638632,75,385.656781
0.33831936,75,385.670167
0.36610025,75,385.671036
0.3547476,75,385.671798
0.3741878,75,385.672675
0.40789342,75,385.695931
0.39246792,75,385.699328
0.34797668,75,385.718961
0.36138725,75,385.719855
0.3441978,75,385.734056
0.3896438,75,385.734986
0.30486715,75,385.735905
0.37087038,75,385.736718
0.33478564,75,385.761203
0.38961717,75,385.764808
0.37704185,75,385.78507
0.31280515,75,385.78607
0.338833,75,385.799693
0.37873155,75,385.800649
0.35891992,75,385.801501
0.38108954,75,385.802353
0.34157783,75,385.826638
0.3902609,75,385.830034
0.33207867,75,385.849292
0.30972233,75,385.850233
0.35681963,75,385.863579
0.35518894,75,385.864529
0.41266719,75,385.865428
0.37318724,75,385.866324
0.38493904,75,385.889487
0.3160886,75,385.892858
0.3711698,75,385.911847
0.37267977,75,385.91274
0.34143323,75,385.926299
0.3499731,75,385.927249
0.38179177,75,385.928181
0.39623713,75,385.929224
0.39153478,75,385.952178
0.37576246,75,385.955823
0.39447182,75,385.974897
0.34352785,75,385.975817
0.38735685,75,385.989383
0.33714974,75,385.990376
0.36112997,75,385.991278
0.3269153,75,385.992147
0.36040443,75,386.015241
0.3349579,75,386.018664
0.34849522,75,386.037997
0.36376908,75,386.038964
0.36296773,75,386.052645
0.29927006,75,386.05345
0.36189952,75,386.054291
0.36078423,75,386.055184
0.31969833,75,386.079374
0.37221587,75,386.082768
0.34200367,75,386.10305
0.33323634,75,386.103995
0.36866733,75,386.117893
0.3803462,75,386.118859
0.34215277,75,386.119768
0.39261737,75,386.120615
0.307197,75,386.144478
0.34056526,75,386.147676
0.34265202,75,386.167198
0.38814756,75,386.167996
0.3318591,75,386.181608
0.36321566,75,386.182573
0.3472529,75,386.183499
0.36644238,75,386.184353
0.37681675,75,386.208208
0.37401062,75,386.211582
0.34973156,75,386.230855
0.37599412,75,386.231783
0.35076022,75,386.245036
0.3408266,75,386.245885
0.32942578,75,386.246755
0.34382382,75,386.247676
0.3285361,75,386.270621
0.40878195,75,386.273943
0.38559607,75,386.293166
0.34261373,75,386.294002
0.26041195,75,386.306827
0.3695173,75,386.307693
0.3858052,75,386.308583
0.29057717,75,386.309349
0.3186092,75,386.332156
0.37741423,75,386.33558
0.35128197,75,386.354764
0.36876142,75,386.355676
0.3334658,75,386.369118
0.38996938,75,386.369996
0.337657,75,386.370941
0.38663384,75,386.371709
0.3412788,75,386.394886
0.29952943,75,386.39823
0.37564552,75,386.417495
0.36541036,75,386.418323
0.34383217,75,386.431432
0.3614618,75,386.432233
0.36588895,75,386.433178
0.35801986,75,386.434055
0.36007684,75,386.45702
0.3530892,75,386.460384
0.35561177,75,386.479539
0.34317324,75,386.480372
0.3599891,75,386.493704
0.36441913,75,386.49447
0.35243067,75,386.495333
0.30115446,75,386.496159
0.31743422,75,386.518957
0.34955797,75,386.522005
0.34253055,75,386.541448
0.39055273,75,386.542266
0.35200128,75,386.555382
0.28409696,75,386.556346
0.3872313,75,386.557197
0.39134136,75,386.558074
0.38383108,75,386.581764
0.35676625,75,386.585055
0.3930769,75,386.603872
0.28999943,75,386.60474
0.3519014,75,386.617847
0.35699996,75,386.618814
0.39091477,75,386.619676
0.29113972,75,386.620548
0.34290504,75,386.643746
0.38416266,75,386.647211
0.3286435,75,386.666958
0.3820748,75,386.667823
0.39512765,75,386.681004
0.3276828,75,386.681875
0.37691912,75,386.682684
0.31731206,75,386.683584
0.3805183,75,386.707369
0.39197898,75,386.710564
0.36946625,75,386.729522
0.32009456,75,386.730436
0.4051595,75,386.743473
0.36956397,75,386.744311
0.35636348,75,386.745147
0.33855408,75,386.745913
0.38112473,75,386.769433
0.37182474,75,386.772936
0.347844,75,386.792789
0.33234826,75,386.793729
0.34776735,75,386.807381
0.30027974,75,387.517246
0.3332695,75,387.518343
0.35201186,75,387.519315
0.35225856,75,387.54342
0.3651061,75,387.546711
0.30816394,75,387.565692
0.39724842,75,387.56646
0.38598257,75,387.579993
0.3405397,75,387.580957
0.34786713,75,387.581885
0.36974266,75,387.582762
0.339912,75,387.605976
0.38792178,75,387.609123
0.36492008,75,387.628101
0.38345626,75,387.629004
0.36371693,75,387.642341
0.35964483,75,387.643112
0.39632857,75,387.643933
0.3666505,75,387.644861
0.31570226,75,387.667553
0.307384,75,387.670998
0.34931886,75,387.689851
0.37320095,75,387.690787
0.37871835,75,387.70403
0.39837527,75,387.704984
0.34661976,75,387.705842
0.29091534,75,387.706747
0.34304586,75,387.730306
0.3974924,75,387.733562
0.38247272,75,387.751996
0.39194554,75,387.752892
0.36238575,75,387.766145
0.37691674,75,387.767097
0.32946265,75,387.768062
0.3546241,75,387.768941
0.36799714,75,387.792383
0.35644868,75,387.795561
0.32370043,75,387.814352
0.40391567,75,387.815251
0.37037227,75,387.828747
0.3864304,75,387.829661
0.41310242,75,387.830559
0.36258724,75,387.831531
0.3872344,75,387.854505
0.34434697,75,387.858006
0.34971845,75,387.876811
0.366926,75,387.877596
0.32598597,75,387.890834
0.35685435,75,387.891698
0.31269243,75,387.892602
0.34771726,75,387.893352
0.37578073,75,387.916153
0.3941209,75,387.919576
0.32835138,75,387.938135
0.39830253,75,387.939052
0.37311897,75,387.952098
0.35470405,75,387.953012
0.333487,75,387.953862
0.39917603,75,387.954733
0.33539692,75,387.978107
0.35100436,75,387.981586
0.37511244,75,388.000114
0.3280408,75,388.00102
0.33291185,75,388.014504
0.3379501,75,388.015366
0.40469173,75,388.016194
0.3717824,75,388.017106
0.36630675,75,388.040238
0.33558163,75,388.043526
0.38309202,75,388.062625
0.3840926,75,388.063526
0.30049542,75,388.076737
0.33625406,75,388.07763
0.313036,75,388.078549
0.3737543,75,388.079419
0.40328273,75,388.103529
0.4013493,75,388.10679
0.35612985,75,388.125779
0.36973986,75,388.126665
0.35805595,75,388.13983
0.36590475,75,388.140731
0.3555711,75,388.14152
0.36126116,75,388.142347
0.312793,75,388.166099
0.37774166,75,388.169417
0.35480443,75,388.188871
0.36618093,75,388.189687
0.34229618,75,388.203087
0.36100304,75,388.204055
0.35790515,75,388.204948
0.31417575,75,388.205859
0.3659616,75,388.229383
0.34774542,75,388.23299
0.32911855,75,388.252826
0.34185022,75,388.253623
0.38090006,75,388.266798
0.3904078,75,388.267638
0.38582456,75,388.268521
0.32491377,75,388.269265
0.3346015,75,388.293114
0.3613764,75,388.296337
0.35786566,75,388.31531
0.36990923,75,388.316195
0.37170985,75,388.329157
0.30088648,75,388.33007
0.3574731,75,388.330983
0.394719,75,388.331832
0.32650068,75,388.354617
0.36423105,75,388.357924
0.36444244,75,388.37712
0.36692068,75,388.378001
0.40059653,75,388.391349
0.290905,75,388.392372
0.317757,75,388.393338
0.39058653,75,388.394099
0.38945556,75,388.41699
0.38701484,75,388.420563
0.34753746,75,388.440346
0.31940123,75,388.441244
0.3606442,75,388.45433
0.33962297,75,388.455237
0.3485526,75,388.4561
0.34813645,75,388.456967
0.37952843,75,388.480296
0.38535333,75,388.483726
0.34095025,75,388.502676
0.334244,75,388.503543
0.32398674,75,388.516905
0.38093057,75,388.517749
0.29238737,75,388.51856
0.37067124,75,388.519417
0.39483643,75,388.541824
0.35878092,75,388.545081
0.3633104,75,388.564247
0.37053484,75,388.565116
0.29466423,75,388.57901
0.3293038,75,388.579899
0.35605264,75,388.5807
0.3456643,75,388.581552
0.333786,75,388.604873
0.311736,75,388.608308
0.36389023,75,388.627603
0.37973043,75,388.628386
0.39366445,75,388.641896
0.38425308,75,388.642686
0.38918743,75,388.643638
0.35000178,75,388.644529
0.38476768,75,388.66767
0.37771806,75,388.671006
0.33281225,75,388.689713
0.31617936,75,388.690568
0.34924757,75,388.704277
0.29698497,75,388.70517
0.35476607,75,388.706067
0.30409512,75,388.706891
0.3221772,75,388.730144
0.37567702,75,388.733506
0.37494338,75,388.751932
0.36272907,75,388.752813
0.32983798,75,388.766274
0.33867785,75,388.767146
0.33954895,75,388.767915
0.37888032,75,388.768782
0.3290897,75,388.791606
0.40988454,75,388.794817
0.34519675,75,388.813563
0.3662929,75,388.814484
0.33809927,75,388.827962
0.3207314,75,388.828844
0.35059103,75,388.829723
0.38173503,75,388.830599
0.34691185,75,388.853626
0.39217532,75,388.85668
0.34902546,75,388.875447
0.30259773,75,388.876238
0.3905631,75,388.889517
0.35190272,75,388.890429
0.30634317,75,388.891329
0.3688925,75,388.892169
0.32875395,75,388.914999
0.39065722,75,388.918387
0.3565861,75,388.936699
0.32836357,75,388.937524
0.37001172,75,388.950355
0.36270377,75,388.951269
0.34041443,75,388.95215
0.3825154,75,388.953011
0.39302832,75,388.975774
0.37219775,75,388.979188
0.37215823,75,388.997788
0.34401512,75,388.998667
0.37634024,75,389.011651
0.37593555,75,389.012447
0.3545944,75,389.013264
0.35963276,75,389.014114
0.36371052,75,389.037373
0.3498183,75,389.040711
0.38939056,75,389.059882
0.2901807,75,389.060726
0.33907554,75,389.073967
0.36856285,75,389.074874
0.36022365,75,389.075643
0.32235336,75,389.076401
0.34103146,75,389.099566
0.38295645,75,389.102994
0.34911495,75,389.121979
0.36239782,75,389.122867
0.39575076,75,389.136143
0.3561703,75,389.136977
0.3490994,75,389.137777
0.3826006,75,389.138662
0.37690198,75,389.161999
0.3576022,75,389.165431
0.3743748,75,389.184696
0.3762772,75,389.185493
0.3914803,75,389.198594
0.3121854,75,389.199496
0.3771326,75,389.200376
0.33748463,75,389.201249
0.36005685,75,389.948084
0.3549046,75,389.951715
0.362575,75,389.971291
0.33845904,75,389.972168
0.37984702,75,389.985567
0.34648424,75,389.986479
0.33449617,75,389.987402
0.356536,75,389.988171
0.3664068,75,390.010861
0.31664112,75,390.014286
0.3319251,75,390.033591
0.37560916,75,390.03441
0.36638272,75,390.047788
0.33075306,75,390.048605
0.34581396,75,390.049425
0.33904502,75,390.050191
0.32838723,75,390.07321
0.37160617,75,390.076333
0.37650862,75,390.095288
0.36358374,75,390.096138
0.35310963,75,390.109537
0.40216875,75,390.110413
0.3461815,75,390.111346
0.3855112,75,390.112181
0.32306722,75,390.135382
0.37970078,75,390.138802
0.33273116,75,390.158354
0.35414502,75,390.159212
0.32305592,75,390.172169
0.3630081,75,390.173146
0.35791302,75,390.174033
0.3748349,75,390.174919
0.34044448,75,390.198128
0.38349417,75,390.201467
0.37228638,75,390.221362
0.33443087,75,390.222307
0.35414127,75,390.235317
0.37092716,75,390.23623
0.38915166,75,390.237003
0.3832021,75,390.237856
0.28905985,75,390.261043
0.37351227,75,390.264175
0.31167632,75,390.282971
0.368789,75,390.283926
0.39291734,75,390.29703
0.32951826,75,390.298011
0.35663393,75,390.298959
0.37176767,75,390.29981
0.32282212,75,390.322606
0.37609935,75,390.32582
0.38293067,75,390.344768
0.3335235,75,390.345649
0.3382813,75,390.359106
0.38825947,75,390.359911
0.3671155,75,390.360825
0.38855866,75,390.361675
0.37289774,75,390.385293
0.34144852,75,390.38858
0.37946513,75,390.407658
0.3167019,75,390.408437
0.37213138,75,390.421931
0.32789513,75,390.422776
0.31954455,75,390.423669
0.34999168,75,390.424543
0.3160854,75,390.448049
0.33394885,75,390.451393
0.33035168,75,390.469763
0.38744032,75,390.470561
0.42165297,75,390.483266
0.39030352,75,390.484217
0.3665067,75,390.485124
0.36364102,75,390.486081
0.3557042,75,390.509062
0.33689314,75,390.512552
0.35450894,75,390.53169
0.3965736,75,390.532543
0.3734573,75,390.545446
0.33141068,75,390.546344
0.3362214,75,390.547211
0.3793401,75,390.54807
0.3528749,75,390.571685
0.31304666,75,390.57514
0.37506866,75,390.594256
0.36447272,75,390.595124
0.3972361,75,390.608269
0.35604164,75,390.609146
0.3562587,75,390.609977
0.3213284,75,390.610758
0.36831334,75,390.634918
0.33263317,75,390.63836
0.361999,75,390.657757
0.3554701,75,390.658659
0.33689618,75,390.671615
0.39808702,75,390.672485
0.3114301,75,390.673416
0.33360282,75,390.674288
0.2963336,75,390.697533
0.3015017,75,390.700907
0.36099833,75,390.719756
0.36092803,75,390.720618
0.32202813,75,390.733743
0.37340522,75,390.734595
0.34336787,75,390.735454
0.38877743,75,390.736281
0.3151832,75,390.759615
0.3396288,75,390.762975
0.33298084,75,390.782522
0.3653227,75,390.783417
0.35518703,75,390.796271
0.3689348,75,390.79722
0.36588708,75,390.798063
0.33657756,75,390.798869
0.36352035,75,390.82132
0.38553727,75,390.824664
0.35313085,75,390.843351
0.32669026,75,390.844207
0.37017697,75,390.857555
0.37044054,75,390.858399
0.3335727,75,390.859238
0.3090292,75,390.860102
0.35854816,75,390.883117
0.35342953,75,390.886245
0.3650655,75,390.905505
0.38565522,75,390.906322
0.302813,75,390.919394
0.3497289,75,390.920257
0.3435685,75,390.921176
0.37312248,75,390.922015
0.33259127,75,390.944507
0.37784177,75,390.947968
0.36489832,75,390.967112
0.34978342,75,390.967927
0.28586695,75,390.981187
0.3562151,75,390.98197
0.34657243,75,390.982835
0.2798999,75,390.98372
0.31565183,75,391.006747
0.30376768,75,391.009947
0.33437365,75,391.029181
0.33467805,75,391.030063
0.31460255,75,391.043149
0.37536433,75,391.04405
0.3517545,75,391.044956
0.36786586,75,391.045803
0.3858111,75,391.068956
0.35892972,75,391.072324
0.34271577,75,391.09136
0.3411753,75,391.092272
0.38957477,75,391.104983
0.3814033,75,391.105808
0.3199062,75,391.106732
0.35181776,75,391.10759
0.2827398,75,391.130771
0.33689234,75,391.134332
0.4000523,75,391.153117
0.35767937,75,391.154053
0.34190482,75,391.167351
0.35364765,75,391.168141
0.33523762,75,391.169063
0.3625854,75,391.169963
0.35452873,75,391.19303
0.3560815,75,391.196416
0.3425669,75,391.21523
0.35202286,75,391.216112
0.3553347,75,391.229557
0.36229077,75,391.230338
0.3680319,75,391.231246
0.39476454,75,391.232094
0.3653069,75,391.254893
0.3645632,75,391.258257
0.34505156,75,391.277293
0.38121754,75,391.278146
0.34498614,75,391.291921
0.398752,75,391.292836
0.31918812,75,391.293712
0.38464653,75,391.294487
0.34628505,75,391.317741
0.3906384,75,391.32088
0.38036054,75,391.339746
0.3601746,75,391.340697
0.37570828,75,391.353345
0.30064446,75,391.354175
0.37902683,75,391.355035
0.3497124,75,391.355887
0.37955272,75,391.379076
0.3758736,75,391.382382
0.3637108,75,391.401485
0.38189492,75,391.402436
0.39691088,75,391.415351
0.3273421,75,391.416175
0.38947892,75,391.417043
0.38133574,75,391.417939
0.30992395,75,391.440806
0.415705,75,391.44412
0.32850626,75,391.462727
0.37293157,75,391.463617
0.35755047,75,391.4766
0.3673044,75,391.477432
0.37960875,75,391.478298
0.33488506,75,391.479199
0.39272705,75,391.502463
0.38377047,75,391.505588
0.2856556,75,391.524659
0.37727,75,391.525559
0.31177863,75,391.53874
0.35237253,75,391.539636
0.3304789,75,391.540425
0.418495,75,391.541319
0.32772976,75,391.563835
0.35344288,75,391.567206
0.29586056,75,391.58582
0.36040208,75,391.586633
0.4068319,75,391.599844
0.40420702,75,391.600694
0.3477048,75,391.601447
0.3616504,75,391.602293
0.381591,75,391.625616
0.3900314,75,391.628871
0.34090245,75,392.360012
0.3805097,75,392.360891
0.3381397,75,392.374264
0.3248215,75,392.375146
0.3763712,75,392.375932
0.33210605,75,392.376758
0.34375593,75,392.400749
0.3797257,75,392.4039
0.3448093,75,392.422821
0.4024177,75,392.423777
0.34361342,75,392.437713
0.37850127,75,392.43865
0.3583631,75,392.439647
0.33554775,75,392.440538
0.36800176,75,392.464204
0.4089779,75,392.467537
0.3842289,75,392.486728
0.3726496,75,392.48752
0.3623244,75,392.50074
0.38696054,75,392.50165
0.33015504,75,392.502507
0.35687014,75,392.503419
0.38095233,75,392.526257
0.33815777,75,392.529835
0.36510947,75,392.548701
0.28399247,75,392.549572
0.39055002,75,392.563029
0.3277967,75,392.563961
0.31263444,75,392.564868
0.374289,75,392.56574
0.3688514,75,392.588972
0.40102533,75,392.592372
0.32442462,75,392.611122
0.3663306,75,392.611916
0.33344665,75,392.625474
0.37288707,75,392.626426
0.34686238,75,392.627294
0.36521327,75,392.628152
0.3534162,75,392.651661
0.4120693,75,392.654853
0.3679601,75,392.674287
0.36640996,75,392.675101
0.38916075,75,392.688553
0.38341242,75,392.689532
0.36154327,75,392.690471
0.34997696,75,392.691314
0.33427736,75,392.714851
0.37439615,75,392.718079
0.37372577,75,392.736977
0.39531752,75,392.737813
0.3784416,75,392.750904
0.36012456,75,392.751783
0.33772966,75,392.75275
0.3901458,75,392.753615
0.40780002,75,392.777287
0.35367528,75,392.780925
0.3621059,75,392.799765
0.33247742,75,392.800648
0.40033323,75,392.814146
0.37090507,75,392.81495
0.3274707,75,392.815796
0.3825022,75,392.816588
0.3491385,75,392.83987
0.32538918,75,392.843053
0.35093108,75,392.862225
0.31319365,75,392.863116
0.35944188,75,392.876148
0.37255013,75,392.87696
0.2829194,75,392.877777
0.31390887,75,392.878608
0.3026689,75,392.901684
0.32002428,75,392.905046
0.36775097,75,392.923846
0.3696102,75,392.924717
0.37108618,75,392.937629
0.40511703,75,392.938538
0.37519577,75,392.939553
0.3458983,75,392.940344
0.34123477,75,392.963139
0.38208088,75,392.966575
0.3582201,75,392.985494
0.3576237,75,392.986375
0.33739433,75,393.000104
0.37486923,75,393.001064
0.34568083,75,393.001873
0.33432317,75,393.002754
0.39272347,75,393.026783
0.36044422,75,393.030145
0.30903897,75,393.050126
0.38949323,75,393.051081
0.38462633,75,393.06519
0.38317272,75,393.06621
0.36412686,75,393.067044
0.367656,75,393.067842
0.35588375,75,393.092246
0.35084167,75,393.095782
0.32923016,75,393.115117
0.35454234,75,393.116197
0.3697812,75,393.130049
0.3703139,75,393.131012
0.34559768,75,393.131958
0.33828753,75,393.132867
0.4217506,75,393.156341
0.39226526,75,393.159766
0.35075992,75,393.179312
0.3702123,75,393.180279
0.36309892,75,393.193086
0.32103077,75,393.193949
0.35951015,75,393.194744
0.34235477,75,393.195599
0.39356777,75,393.219656
0.39472988,75,393.222935
0.38994583,75,393.242151
0.3599211,75,393.242958
0.4066045,75,393.256052
0.36108336,75,393.256892
0.39208984,75,393.257723
0.35261112,75,393.258595
0.36846963,75,393.281278
0.3917911,75,393.284647
0.34403914,75,393.303646
0.37942502,75,393.304553
0.36850142,75,393.317863
0.35878962,75,393.318645
0.3622392,75,393.319465
0.32952014,75,393.320309
0.334002,75,393.343004
0.35324362,75,393.346218
0.36215037,75,393.365596
0.3788304,75,393.366484
0.36167625,75,393.379766
0.33275262,75,393.380675
0.34653932,75,393.381599
0.36512384,75,393.382449
0.33102116,75,393.4056
0.3872773,75,393.408779
0.3498723,75,393.427803
0.37813264,75,393.4286
0.35681057,75,393.441761
0.35473022,75,393.442681
0.36473757,75,393.443601
0.34017563,75,393.444499
0.34567362,75,393.467571
0.36893007,75,393.47086
0.3742854,75,393.490166
0.3288985,75,393.49095
0.30117136,75,393.503794
0.34836662,75,393.504663
0.38705164,75,393.505509
0.3600234,75,393.506285
0.33632517,75,393.52919
0.36887315,75,393.532542
0.3112747,75,393.551128
0.34855402,75,393.552094
0.29677767,75,393.565274
0.3659871,75,393.566195
0.39495674,75,393.567175
0.3468951,75,393.568046
0.33600733,75,393.59119
0.3845747,75,393.594845
0.33770135,75,393.613864
0.36631125,75,393.614775
0.37068444,75,393.628236
0.35000634,75,393.629229
0.36598212,75,393.630104
0.31059104,75,393.630993
0.39733303,75,393.653948
0.3559633,75,393.657217
0.37057394,75,393.676638
0.38741463,75,393.677571
0.342133,75,393.69084
0.3547931,75,393.691722
0.34882632,75,393.69254
0.35065657,75,393.693379
0.33557373,75,393.71689
0.3748908,75,393.719954
0.42068344,75,393.738706
0.37017512,75,393.739555
0.38412747,75,393.752755
0.3642172,75,393.753683
0.37871677,75,393.754528
0.37396768,75,393.755376
0.3631397,75,393.778441
0.3788779,75,393.781873
0.38869512,75,393.800826
0.3651858,75,393.801685
0.39771813,75,393.814634
0.3499527,75,393.815465
0.39872587,75,393.816366
0.36869305,75,393.81733
0.32570186,75,393.840963
0.35694733,75,393.844159
0.3624887,75,393.863364
0.3455646,75,393.864287
0.31148967,75,393.877501
0.334231,75,393.878369
0.32768098,75,393.879132
0.39170906,75,393.879892
0.37660897,75,393.903391
0.41862938,75,393.906829
0.36771634,75,393.925778
0.37673795,75,393.926666
0.3317114,75,393.93979
0.3672504,75,393.940816
0.32686234,75,393.941616
0.3735099,75,393.94249
0.36256072,75,393.965851
0.37176526,75,393.969256
0.3970171,75,393.988007
0.3660879,75,393.988908
0.35013336,75,394.002088
0.32787895,75,394.002957
0.30573347,75,394.003793
0.38041022,75,394.004663
0.31601962,75,394.02774
0.4062409,75,394.031119
0.2963638,75,394.05021
0.3907917,75,394.051015
0.33890122,75,394.792055
0.37993014,75,394.793049
0.38260978,75,394.794018
0.2924011,75,394.79493
0.3877892,75,394.818075
0.3956217,75,394.821555
0.34336972,75,394.840448
0.32575923,75,394.841269
0.38671854,75,394.854576
0.3772055,75,394.85554
0.32729012,75,394.856351
0.31973895,75,394.857125
0.36216617,75,394.880376
0.35625303,75,394.883948
0.37568992,75,394.902241
0.3265555,75,394.903082
0.3642291,75,394.916182
0.33408445,75,394.917083
0.33178195,75,394.917981
0.3692691,75,394.918842
0.36697647,75,394.941507
0.37249845,75,394.94461
0.39052755,75,394.964039
0.35737056,75,394.964897
0.37531024,75,394.977893
0.35362446,75,394.978888
0.34490418,75,394.979806
0.39569792,75,394.980705
0.36634836,75,395.003721
0.37789276,75,395.00731
0.35054955,75,395.026439
0.36430848,75,395.027222
0.35676327,75,395.040618
0.34657925,75,395.04154
0.37239197,75,395.042332
0.37851456,75,395.043213
0.38648927,75,395.066719
0.34596664,75,395.070107
0.37417683,75,395.089049
0.35165605,75,395.089873
0.3779179,75,395.103077
0.35492685,75,395.103872
0.34372583,75,395.10469
0.39948913,75,395.10544
0.3765925,75,395.128535
0.37342387,75,395.1319
0.32644683,75,395.150507
0.3754818,75,395.151322
0.37007695,75,395.165048
0.4021368,75,395.165945
0.31760705,75,395.166848
0.31450483,75,395.167736
0.3457452,75,395.191392
0.35895616,75,395.195075
0.3410175,75,395.214075
0.36884364,75,395.215011
0.33499053,75,395.228524
0.3380982,75,395.229394
0.34758738,75,395.230376
0.32664874,75,395.231319
0.35852927,75,395.254769
0.3512301,75,395.258786
0.36329076,75,395.278838
0.34752366,75,395.279746
0.38476002,75,395.293127
0.37199944,75,395.293978
0.38577512,75,395.294832
0.40280193,75,395.295728
0.37085533,75,395.31935
0.3511815,75,395.322931
0.31516984,75,395.342512
0.35440883,75,395.34342
0.37588602,75,395.356668
0.32615167,75,395.35759
0.3647731,75,395.358598
0.36981988,75,395.359508
0.39238417,75,395.38313
0.38116598,75,395.386179
0.3185559,75,395.405454
0.34211904,75,395.40638
0.30695978,75,395.419591
0.3587057,75,395.4206
0.3397516,75,395.421486
0.3445964,75,395.42233
0.35949987,75,395.446168
0.38282353,75,395.44953
0.39449537,75,395.469275
0.3469044,75,395.470086
0.35532376,75,395.483813
0.33663073,75,395.484772
0.4012868,75,395.485625
0.31995964,75,395.48654
0.394746,75,395.510194
0.33936203,75,395.513717
0.3272084,75,395.533009
0.34599853,75,395.533888
0.34179813,75,395.547122
0.35385945,75,395.54809
0.3987678,75,395.548902
0.36632553,75,395.54973
0.36441377,75,395.572767
0.33792242,75,395.575995
0.33665165,75,395.59488
0.41972613,75,395.59567
0.33712155,75,395.608965
0.38525182,75,395.609777
0.35424712,75,395.610673
0.33333048,75,395.611623
0.38019672,75,395.635042
0.34995174,75,395.638368
0.3624269,75,395.658323
0.37352875,75,395.659175
0.40977675,75,395.672512
0.35067976,75,395.673392
0.37282145,75,395.674226
0.3390532,75,395.675034
0.3681622,75,395.699108
0.3535326,75,395.702538
0.37602893,75,395.72266
0.36128637,75,395.723662
0.36047137,75,395.73712
0.36192352,75,395.73805
0.3482178,75,395.738959
0.34485844,75,395.739765
0.39333642,75,395.76309
0.36754292,75,395.766481
0.3433943,75,395.785613
0.33529043,75,395.786416
0.3679663,75,395.800409
0.36446476,75,395.80124
0.3583549,75,395.802062
0.3786008,75,395.802854
0.2821906,75,395.826551
0.27259222,75,395.829865
0.32988477,75,395.849246
0.35442773,75,395.850233
0.38037336,75,395.864106
0.4048875,75,395.86505
0.323334,75,395.865954
0.3644953,75,395.866866
0.3494967,75,395.890461
0.4015765,75,395.893699
0.31921107,75,395.91316
0.39497402,75,395.914102
0.36585024,75,395.927085
0.35891518,75,395.927949
0.33727092,75,395.928828
0.37734976,75,395.929698
0.3486189,75,395.952763
0.3581268,75,395.956163
0.3763342,75,395.97489
0.38434285,75,395.975704
0.32997778,75,395.988722
0.33756205,75,395.989613
0.35529357,75,395.990474
0.37556276,75,395.991356
0.32111686,75,396.014214
0.35353377,75,396.017628
0.3732251,75,396.036609
0.31595817,75,396.037396
0.3471854,75,396.050325
0.36862242,75,396.051266
0.33854017,75,396.052104
0.385508,75,396.052945
0.32699692,75,396.07636
0.3516889,75,396.079674
0.36548194,75,396.098781
0.36964253,75,396.099639
0.33376348,75,396.113069
0.38133433,75,396.114003
0.3296612,75,396.114889
0.383268,75,396.115759
0.38941398,75,396.138802
0.3609885,75,396.142097
0.3524934,75,396.161158
0.39678913,75,396.161947
0.34477183,75,396.174598
0.38668132,75,396.175552
0.3616441,75,396.176407
0.4044341,75,396.177248
0.36848024,75,396.199896
0.33152524,75,396.203136
0.3792499,75,396.222032
0.366915,75,396.222871
0.36524364,75,396.23601
0.4034193,75,396.23689
0.39311993,75,396.237731
0.38863775,75,396.238492
0.3531207,75,396.261686
0.37779427,75,396.264818
0.35655347,75,396.283787
0.35181943,75,396.284646
0.37413815,75,396.297899
0.35244063,75,396.298753
0.36846933,75,396.299643
0.38769498,75,396.300473
0.39198342,75,396.323117
0.33898944,75,396.326451
0.3753724,75,396.344614
0.38967168,75,396.345407
0.38555586,75,396.358611
0.35143438,75,396.359481
0.33661252,75,396.360262
0.39505,75,396.361027
0.34890306,75,396.384357
0.3608006,75,396.387658
0.3636308,75,396.406635
0.3275761,75,396.407439
0.33531892,75,396.420516
0.35298932,75,396.421348
0.36038095,75,396.42229
0.38828564,75,396.423173
0.3553432,75,396.446575
0.364125,75,396.449996
0.3498983,75,396.469081
0.362288,75,396.470032
0.38906747,75,396.483024
0.2990825,75,396.483929
0.34596634,75,396.484772
0.38171488,75,396.485619
0.38476995,75,397.224318
0.37010112,75,397.227701
0.39513567,75,397.247624
0.39982536,75,397.248613
0.34711254,75,397.262203
0.33934042,75,397.263066
0.35232756,75,397.263913
0.37079817,75,397.264775
0.38647965,75,397.288218
0.37908518,75,397.291775
0.3585027,75,397.31065
0.37479922,75,397.311691
0.36912504,75,397.325665
0.39247093,75,397.326611
0.37819284,75,397.32753
0.37867695,75,397.328411
0.4004205,75,397.351247
0.36078408,75,397.354522
0.34753963,75,397.374186
0.332135,75,397.37499
0.36438727,75,397.38855
0.3354016,75,397.389579
0.3591661,75,397.390702
0.33184797,75,397.391555
0.3152595,75,397.415175
0.33377966,75,397.418516
0.36892992,75,397.438231
0.34928927,75,397.439156
0.3470658,75,397.452452
0.37405372,75,397.453374
0.35754132,75,397.454247
0.36891416,75,397.455232
0.3435885,75,397.478428
0.31611362,75,397.481819
0.3947543,75,397.500832
0.3126643,75,397.501717
0.3772629,75,397.514853
0.39396402,75,397.515762
0.32360622,75,397.516695
0.27443716,75,397.517579
0.34331113,75,397.540279
0.34484237,75,397.543402
0.4120824,75,397.562069
0.38718858,75,397.562903
0.39866987,75,397.576218
0.39466628,75,397.577057
0.3470053,75,397.57784
0.3709111,75,397.578845
0.38929287,75,397.601668
0.3695285,75,397.605096
0.3613209,75,397.623495
0.34909603,75,397.624362
0.3801298,75,397.637477
0.38025263,75,397.638382
0.3765676,75,397.639249
0.3678323,75,397.640139
0.3491168,75,397.663218
0.35623974,75,397.666611
0.3804285,75,397.684693
0.40208226,75,397.685555
0.39144242,75,397.699608
0.3442776,75,397.700478
0.37823573,75,397.701496
0.38239568,75,397.702345
0.33913264,75,397.726372
0.32660747,75,397.729845
0.3505765,75,397.748812
0.3968724,75,397.749709
0.3645877,75,397.763146
0.38849735,75,397.764013
0.33975318,75,397.764899
0.34160328,75,397.765696
0.358462,75,397.788493
0.370673,75,397.791658
0.363521,75,397.809891
0.38846967,75,397.810799
0.3523421,75,397.824299
0.40118596,75,397.825332
0.2748567,75,397.826135
0.31090719,75,397.826909
0.3383751,75,397.849933
0.3471639,75,397.853395
0.3373132,75,397.872221
0.3148398,75,397.873104
0.36142573,75,397.886217
0.37859303,75,397.887155
0.3749598,75,397.888125
0.36417118,75,397.88902
0.4043512,75,397.913041
0.3602899,75,397.916666
0.33125508,75,397.935825
0.36407384,75,397.936634
0.38159567,75,397.950021
0.3922734,75,397.950908
0.37575343,75,397.951765
0.34140873,75,397.952608
0.33922118,75,397.976438
0.38095737,75,397.979761
0.39402357,75,397.999081
0.3669511,75,397.999922
0.3706067,75,398.013428
0.38982618,75,398.01433
0.38287997,75,398.015206
0.37473306,75,398.01608
0.39926198,75,398.039973
0.39659122,75,398.043393
0.36109802,75,398.062344
0.34607193,75,398.06324
0.35127798,75,398.076284
0.3767571,75,398.07724
0.30352026,75,398.078154
0.298287,75,398.079039
0.3098903,75,398.10252
0.2872914,75,398.105841
0.39745525,75,398.124312
0.38127366,75,398.12526
0.34172893,75,398.138798
0.3613693,75,398.139739
0.35204065,75,398.14066
0.40644217,75,398.141489
0.3908404,75,398.165149
0.3496164,75,398.16859
0.29047444,75,398.187403
0.39584672,75,398.188233
0.3746238,75,398.201437
0.3736148,75,398.202382
0.3919993,75,398.203223
0.35646296,75,398.20407
0.35405758,75,398.22709
0.3929879,75,398.230605
0.3678362,75,398.250091
0.3655558,75,398.250937
0.3517709,75,398.264147
0.37000433,75,398.265008
0.3677583,75,398.265862
0.37381163,75,398.266749
0.33534744,75,398.289284
0.35356808,75,398.292589
0.3610459,75,398.311902
0.3625275,75,398.312772
0.33365494,75,398.325955
0.35214907,75,398.326846
0.34424585,75,398.327621
0.37771067,75,398.328447
0.34058318,75,398.351674
0.38574964,75,398.354933
0.36214975,75,398.373716
0.36887732,75,398.374593
0.3674952,75,398.388149
0.34583047,75,398.389119
0.3632978,75,398.389993
0.3141284,75,398.390873
0.36543941,75,398.413457
0.34996095,75,398.416916
0.32031053,75,398.436236
0.37635908,75,398.437112
0.32686764,75,398.45051
0.37549987,75,398.451324
0.31438205,75,398.452141
0.37326878,75,398.452992
0.38971394,75,398.476376
0.35836178,75,398.479512
0.36421305,75,398.498462
0.31967896,75,398.499328
0.32435086,75,398.512955
0.34130704,75,398.513819
0.37128744,75,398.514664
0.34766686,75,398.515493
0.39468524,75,398.538358
0.39235693,75,398.541578
0.38138455,75,398.56118
0.396975,75,398.562026
0.3899487,75,398.575196
0.3210341,75,398.576053
0.371821,75,398.576868
0.37947413,75,398.577756
0.3020633,75,398.600745
0.3798339,75,398.603758
0.33269185,75,398.622942
0.35200736,75,398.62382
0.3650382,75,398.637036
0.34310505,75,398.637803
0.32255483,75,398.63862
0.40258583,75,398.6394
0.40485403,75,398.661731
0.34864742,75,398.665061
0.3564793,75,398.683803
0.3542488,75,398.684734
0.34624562,75,398.698285
0.39180022,75,398.699241
0.3523028,75,398.700134
0.37890884,75,398.700966
0.31302857,75,398.723877
0.31837887,75,398.72719
0.3795812,75,398.74651
0.38855064,75,398.747366
0.38689882,75,398.760992
0.3760728,75,398.761878
0.3323611,75,398.762735
0.37610883,75,398.763487
0.32416865,75,398.786905
0.38417745,75,398.790215
0.35156727,75,398.809299
0.38204226,75,398.810066
0.32542127,75,398.823491
0.3529386,75,398.824298
0.35207537,75,398.825265
0.36310813,75,398.826101
0.3486935,75,398.849068
0.39577252,75,398.852291
0.38274303,75,398.871247
0.37711477,75,398.872154
0.33058366,75,398.885063
0.30098763,75,398.886035
0.32487074,75,398.886987
0.36872843,75,398.887933
0.38442954,75,398.910696
0.38940674,75,398.913994
0.32178068,75,399.665412
0.37979978,75,399.6663
0.3422976,75,399.679616
0.37401044,75,399.680547
0.35403,75,399.681435
0.37950853,75,399.682292
0.39023197,75,399.705589
0.27907842,75,399.709081
0.36104888,75,399.727937
0.3657369,75,399.728803
0.36784708,75,399.74212
0.3474895,75,399.742918
0.37478825,75,399.743786
0.33323783,75,399.744577
0.32723016,75,399.767967
0.3523363,75,399.771478
0.39840943,75,399.790908
0.39172354,75,399.791789
0.3866039,75,399.804608
0.39323354,75,399.805475
0.36680943,75,399.806406
0.38703403,75,399.807307
0.4067634,75,399.830159
0.3653986,75,399.833553
0.32828572,75,399.852499
0.31638005,75,399.853343
0.35261938,75,399.866348
0.42731985,75,399.867285
0.40320128,75,399.868165
0.3432259,75,399.868918
0.3631192,75,399.892239
0.37637013,75,399.895643
0.3678228,75,399.914459
0.28862277,75,399.915346
0.39070827,75,399.928611
0.3350224,75,399.929532
0.306229,75,399.9304
0.36860153,75,399.931163
0.30576614,75,399.953856
0.40152368,75,399.957132
0.3295858,75,399.976184
0.37736762,75,399.977101
0.39872324,75,399.990221
0.3622062,75,399.991113
0.39717147,75,399.992079
0.37770545,75,399.99296
0.36495253,75,400.016345
0.36363718,75,400.019854
0.39887956,75,400.039384
0.3977448,75,400.040298
0.32625693,75,400.053788
0.41066512,75,400.05471
0.3823812,75,400.055552
0.3251071,75,400.056448
0.32419223,75,400.079554
0.34717748,75,400.082945
0.38009685,75,400.102314
0.36230332,75,400.103173
0.3121271,75,400.116276
0.37087324,75,400.117216
0.36684096,75,400.118093
0.3405674,75,400.118855
0.31529817,75,400.141917
0.36185277,75,400.145182
0.35290286,75,400.164186
0.35792518,75,400.165061
0.3769068,75,400.178452
0.39519826,75,400.179428
0.34718427,75,400.180316
0.37553367,75,400.181215
0.30702794,75,400.203827
0.30831873,75,400.2072
0.36907357,75,400.225886
0.3321423,75,400.226698
0.3729561,75,400.240038
0.40585998,75,400.24092
0.32041252,75,400.241806
0.37589514,75,400.242702
0.32878447,75,400.266099
0.36047587,75,400.2694
0.34231076,75,400.288946
0.35268041,75,400.289869
0.40591863,75,400.303449
0.35479286,75,400.30431
0.38879427,75,400.305093
0.36629057,75,400.305941
0.34604505,75,400.329757
0.3361105,75,400.333126
0.37624478,75,400.351754
0.37720296,75,400.352643
0.3520909,75,400.366718
0.3592156,75,400.367662
0.3986961,75,400.368528
0.3740502,75,400.369404
0.38417238,75,400.394061
0.3778163,75,400.397563
0.35666075,75,400.416324
0.37578246,75,400.417266
0.36882827,75,400.431117
0.30927977,75,400.432055
0.3768189,75,400.432956
0.29255897,75,400.433814
0.39754674,75,400.457437
0.35832566,75,400.461098
0.34303555,75,400.480807
0.39997077,75,400.48164
0.40532583,75,400.495303
0.38046378,75,400.496123
0.30993357,75,400.497091
0.33308768,75,400.497995
0.4055506,75,400.520908
0.3502576,75,400.524116
0.3688908,75,400.54295
0.3340066,75,400.543793
0.35862187,75,400.557065
0.35856658,75,400.558055
0.38154274,75,400.559025
0.39733735,75,400.559834
0.4053025,75,400.582894
0.3812615,75,400.586253
0.37517032,75,400.605867
0.33055606,75,400.606744
0.34903958,75,400.620192
0.3299162,75,400.621274
0.33318865,75,400.622266
0.37108883,75,400.623239
0.38422942,75,400.646352
0.36182994,75,400.649525
0.37093744,75,400.668369
0.404824,75,400.669226
0.38810247,75,400.68263
0.32252118,75,400.68348
0.3689436,75,400.684323
0.3768533,75,400.685181
0.37252262,75,400.708644
0.35320297,75,400.711961
0.33468235,75,400.7305
0.39704707,75,400.731487
0.3534485,75,400.744515
0.348798,75,400.745305
0.39145336,75,400.746197
0.3869195,75,400.747024
0.33416355,75,400.770286
0.31362107,75,400.773898
0.4044883,75,400.793307
0.34717286,75,400.79412
0.32843706,75,400.807251
0.3170709,75,400.808134
0.4034144,75,400.808893
0.38394532,75,400.809762
0.3656908,75,400.832389
0.37650475,75,400.835774
0.3354435,75,400.854711
0.37817317,75,400.855562
0.35107526,75,400.868735
0.34153828,75,400.869629
0.31541735,75,400.87052
0.36853486,75,400.871395
0.3651036,75,400.894295
0.33855498,75,400.897632
0.3819241,75,400.917016
0.37595767,75,400.917813
0.3604169,75,400.931068
0.3883429,75,400.931961
0.37218115,75,400.932866
0.35240108,75,400.933757
0.39048856,75,400.956316
0.3536427,75,400.959655
0.36858666,75,400.978546
0.30388755,75,400.979466
0.36101338,75,400.99274
0.34613758,75,400.993679
0.38968265,75,400.994492
0.34475994,75,400.995429
0.39896816,75,401.018143
0.38372323,75,401.021685
0.35831985,75,401.041707
0.3930749,75,401.042683
0.4076301,75,401.055967
0.38800722,75,401.056844
0.3561169,75,401.057697
0.36509398,75,401.058531
0.38682023,75,401.081598
0.3469588,75,401.084944
0.3303927,75,401.103617
0.3793661,75,401.104523
0.3646828,75,401.118169
0.36938965,75,401.118968
0.3798819,75,401.119837
0.36257872,75,401.1207
0.3938692,75,401.143703
0.37231243,75,401.146861
0.3726576,75,401.166057
0.32648218,75,401.166951
0.32737538,75,401.180489
0.37913376,75,401.181346
0.3891618,75,401.182229
0.33144686,75,401.183005
0.34058613,75,401.206313
0.3769782,75,401.209562
0.35696018,75,401.228455
0.35365415,75,401.229293
0.39086223,75,401.242508
0.39192137,75,401.243393
0.331346,75,401.244282
0.3796864,75,401.245126
0.3570009,75,401.268318
0.38488784,75,401.27173
0.38310504,75,401.290989
0.34836903,75,401.291832
0.3555846,75,401.30525
0.37092385,75,401.3063
0.3736016,75,401.307203
0.35706294,75,401.308092
0.37074205,75,401.331233
0.38621885,75,401.334737
0.35561606,75,401.353631
0.38041288,75,401.354468
0.3847077,75,402.092873
0.36372107,75,402.093868
0.35999534,75,402.094735
0.36302674,75,402.095497
0.3581832,75,402.118818
0.33881128,75,402.121924
0.36089337,75,402.14142
0.3710442,75,402.142269
0.37971425,75,402.155358
0.3694814,75,402.156276
0.37359256,75,402.157166
0.3610139,75,402.158027
0.36930534,75,402.181068
0.34143457,75,402.184328
0.31111446,75,402.202883
0.37888712,75,402.203795
0.32590726,75,402.216914
0.3867086,75,402.217837
0.34547043,75,402.218738
0.39476368,75,402.219572
0.3965053,75,402.242586
0.34583044,75,402.245843
0.3371591,75,402.264678
0.39223868,75,402.265532
0.35026908,75,402.279028
0.3556046,75,402.280014
0.37362918,75,402.280993
0.31754005,75,402.281866
0.38207856,75,402.305181
0.33634704,75,402.308682
0.35608906,75,402.32741
0.38584155,75,402.328255
0.36916238,75,402.34147
0.3440111,75,402.342355
0.23698872,75,402.343144
0.3729805,75,402.343906
0.37092224,75,402.367416
0.38194975,75,402.370789
0.35569808,75,402.390021
0.3379484,75,402.390833
0.33680975,75,402.404352
0.3443277,75,402.405297
0.35858563,75,402.406183
0.34903118,75,402.407035
0.34484193,75,402.430248
0.36799908,75,402.433784
0.3743433,75,402.453649
0.2960692,75,402.454661
0.3886349,75,402.468732
0.36778748,75,402.469588
0.33044496,75,402.470534
0.39505345,75,402.471492
0.406682,75,402.494713
0.3775988,75,402.498191
0.3661287,75,402.517221
0.38389462,75,402.51801
0.37981302,75,402.531149
0.34610048,75,402.532
0.37318772,75,402.53288
0.35897893,75,402.533813
0.35321167,75,402.557098
0.36464462,75,402.56056
0.29048234,75,402.579761
0.36608642,75,402.580661
0.35550404,75,402.594096
0.3643463,75,402.595105
0.3857563,75,402.595999
0.3335462,75,402.596868
0.33053142,75,402.620999
0.39148706,75,402.624388
0.36714414,75,402.643471
0.38868275,75,402.644446
0.39159244,75,402.657922
0.37632346,75,402.658866
0.37594068,75,402.659755
0.37383744,75,402.660596
0.32136658,75,402.683862
0.37179524,75,402.687185
0.38216427,75,402.706282
0.37083554,75,402.707203
0.3434183,75,402.720581
0.35747853,75,402.721492
0.34271672,75,402.722389
0.39396557,75,402.723255
0.349147,75,402.746763
0.3403748,75,402.750246
0.3674796,75,402.769876
0.38417128,75,402.770778
0.35688803,75,402.784466
0.40573198,75,402.785271
0.36350846,75,402.786191
0.3766905,75,402.786965
0.34803557,75,402.811
0.38983846,75,402.814453
0.3699598,75,402.834289
0.32742032,75,402.835111
0.37844473,75,402.848647
0.37974554,75,402.849568
0.38494495,75,402.850503
0.39830232,75,402.851265
0.3866847,75,402.874831
0.3695342,75,402.878059
0.37944487,75,402.897068
0.38286057,75,402.897903
0.3409832,75,402.911175
0.39195883,75,402.912163
0.3575903,75,402.913087
0.34645787,75,402.913962
0.36918187,75,402.937209
0.3754834,75,402.940508
0.38232046,75,402.95934
0.33411303,75,402.960163
0.37760755,75,402.973223
0.34532556,75,402.974134
0.3697092,75,402.974993
0.328961,75,402.975852
0.39758947,75,402.999207
0.37082055,75,403.002456
0.38491613,75,403.022036
0.31663072,75,403.022908
0.38819724,75,403.036137
0.34098113,75,403.036986
0.35224512,75,403.037825
0.39774054,75,403.03859
0.35163665,75,403.062196
0.3509027,75,403.065569
0.38136137,75,403.084551
0.38705397,75,403.085426
0.38980764,75,403.098626
0.34638965,75,403.09954
0.32691184,75,403.100317
0.34108314,75,403.101248
0.3680867,75,403.124503
0.36525095,75,403.127886
0.39999428,75,403.147194
0.3238868,75,403.14805
0.33199534,75,403.161468
0.36473376,75,403.16237
0.38355446,75,403.163251
0.35412544,75,403.164102
0.38330498,75,403.186813
0.37203756,75,403.190069
0.409085,75,403.208916
0.399822,75,403.209779
0.33834708,75,403.223287
0.37711135,75,403.224181
0.38534927,75,403.225054
0.36684313,75,403.225829
0.39870432,75,403.249078
0.39808378,75,403.25237
0.38659215,75,403.271427
0.40340772,75,403.27223
0.3663418,75,403.285356
0.3074283,75,403.286355
0.33028078,75,403.287301
0.37454247,75,403.288183
0.348661,75,403.311962
0.3282821,75,403.315338
0.39146858,75,403.334748
0.39727262,75,403.335547
0.38559616,75,403.349075
0.3164862,75,403.349885
0.38820526,75,403.350851
0.38894185,75,403.351714
0.38496566,75,403.374679
0.324698,75,403.378001
0.36324742,75,403.396723
0.32284924,75,403.397609
0.36736092,75,403.410673
0.37694693,75,403.411597
0.40837276,75,403.412484
0.3375669,75,403.413334
0.374339,75,403.436993
0.400462,75,403.440389
0.36167532,75,403.459193
0.34380627,75,403.460088
0.3555596,75,403.473043
0.36471742,75,403.473875
0.3570873,75,403.474752
0.35100365,75,403.475535
0.38317317,75,403.498298
0.33303237,75,403.501624
0.37839535,75,403.520222
0.33787873,75,403.521072
0.38754502,75,403.534587
0.3484505,75,403.535354
0.38488612,75,403.536133
0.3956741,75,403.537018
0.37408653,75,403.560182
0.3554778,75,403.563643
0.34774393,75,403.582732
0.33942,75,403.583564
0.39951688,75,403.596574
0.3704968,75,403.597453
0.38641325,75,403.598329
0.33841416,75,403.599168
0.36325982,75,403.622652
0.3614065,75,403.625989
0.38128614,75,403.645227
0.3596685,75,403.646162
0.33783787,75,403.659366
0.34779167,75,403.660239
0.3716952,75,403.661159
0.35121855,75,403.662032
0.403259,75,403.685775
0.33311623,75,403.689268
0.3721498,75,403.707733
0.3826256,75,403.708666
0.3284535,75,403.721868
0.31715867,75,403.722741
0.33520064,75,403.723647
0.36696774,75,403.724527
0.33914906,75,403.748258
0.36114398,75,403.751704
0.3513928,75,403.770689
0.35965788,75,403.771599
0.34081063,75,403.784947
0.39071965,75,403.785771
0.35886633,75,403.786544
0.3523125,75,403.787355
0.36540726,75,404.53494
0.34449518,75,404.538446
0.40786728,75,404.557982
0.35333878,75,404.558925
0.3579667,75,404.572132
0.33746958,75,404.572946
0.30389985,75,404.573861
0.34959266,75,404.574647
0.37196654,75,404.598053
0.35037804,75,404.601307
0.32828534,75,404.62036
0.3597362,75,404.621244
0.39116332,75,404.634545
0.37322158,75,404.635425
0.34832147,75,404.636309
0.35545814,75,404.637209
0.38523653,75,404.660498
0.3753087,75,404.664094
0.3451962,75,404.682948
0.3339413,75,404.683956
0.37160134,75,404.697938
0.39942357,75,404.698932
0.33632588,75,404.699756
0.34329703,75,404.700698
0.34969005,75,404.724372
0.3243422,75,404.727932
0.32931003,75,404.747841
0.31777042,75,404.748702
0.3694807,75,404.762671
0.36683398,75,404.763708
0.38838288,75,404.764645
0.3697345,75,404.76553
0.3421329,75,404.78872
0.39586622,75,404.792107
0.36715162,75,404.810787
0.3590159,75,404.811713
0.39672008,75,404.825588
0.38233826,75,404.826483
0.3686701,75,404.827247
0.38746625,75,404.828152
0.36000553,75,404.85145
0.3858126,75,404.854674
0.36624756,75,404.873916
0.37610137,75,404.874816
0.35595575,75,404.887927
0.34809136,75,404.888808
0.34613973,75,404.88979
0.3460785,75,404.890694
0.39433235,75,404.91394
0.36900738,75,404.917025
0.37270802,75,404.936069
0.37478298,75,404.936894
0.38597658,75,404.949815
0.36817557,75,404.950803
0.37683216,75,404.951696
0.3422953,75,404.952575
0.3403121,75,404.975678
0.37123716,75,404.979045
0.31570336,75,404.997906
0.36956444,75,404.998786
0.37974194,75,405.01183
0.32659316,75,405.012732
0.30271998,75,405.013578
0.3859573,75,405.014454
0.3458266,75,405.038162
0.344186,75,405.041491
0.38148552,75,405.05992
0.34289417,75,405.060771
0.32727906,75,405.073563
0.37265855,75,405.074424
0.35593304,75,405.075324
0.35012305,75,405.07609
0.3768178,75,405.099127
0.38671845,75,405.102254
0.34526095,75,405.121115
0.3801942,75,405.122031
0.3742459,75,405.135285
0.34474537,75,405.136127
0.36439624,75,405.13706
0.3518119,75,405.138
0.38781452,75,405.161616
0.36630514,75,405.165048
0.36355025,75,405.184252
0.40080398,75,405.185116
0.3871777,75,405.198485
0.34036162,75,405.199504
0.36386478,75,405.200471
0.38248244,75,405.201317
0.38916823,75,405.225598
0.37129197,75,405.229063
0.34995827,75,405.248566
0.39255756,75,405.249487
0.32425565,75,405.263077
0.3833013,75,405.264124
0.3851983,75,405.265139
0.35740575,75,405.266049
0.35015857,75,405.290194
0.38414964,75,405.293488
0.36773783,75,405.312166
0.3968925,75,405.313179
0.26417446,75,405.326931
0.35999778,75,405.327843
0.31273752,75,405.328778
0.38997915,75,405.329747
0.3320848,75,405.353153
0.3813011,75,405.356832
0.36819065,75,405.375436
0.31701303,75,405.376301
0.35478425,75,405.389448
0.38134357,75,405.390373
0.3647502,75,405.391311
0.39067182,75,405.392189
0.37654337,75,405.415218
0.31280714,75,405.418782
0.40069747,75,405.438208
0.3790574,75,405.439176
0.35763344,75,405.452637
0.4012972,75,405.453521
0.3423864,75,405.454299
0.31631225,75,405.455169
0.33015218,75,405.477929
0.3410713,75,405.481276
0.37809837,75,405.500392
0.38931945,75,405.501267
0.3656284,75,405.514522
0.3817924,75,405.515435
0.37681466,75,405.516285
0.39040592,75,405.517048
0.3749782,75,405.539578
0.38254347,75,405.542855
0.3878207,75,405.562089
0.39446586,75,405.562978
0.3465576,75,405.576418
0.36704138,75,405.577316
0.38052744,75,405.578192
0.34982556,75,405.57906
0.3640839,75,405.602515
0.38779828,75,405.605801
0.38498938,75,405.624804
0.38332337,75,405.625694
0.37855518,75,405.639348
0.35338843,75,405.640273
0.38055307,75,405.641211
0.36467335,75,405.642057
0.3333442,75,405.665041
0.3842364,75,405.668363
0.3557009,75,405.687441
0.32636228,75,405.688347
0.35325533,75,405.701952
0.35292807,75,405.70288
0.3287704,75,405.70368
0.35649386,75,405.704526
0.3891258,75,405.728113
0.349271,75,405.731474
0.37822714,75,405.750807
0.37547725,75,405.751686
0.30600014,75,405.765507
0.37839842,75,405.766397
0.3409039,75,405.767323
0.36010435,75,405.768171
0.3503423,75,405.791462
0.37522095,75,405.794782
0.36903402,75,405.8138
0.36686262,75,405.814782
0.39395955,75,405.828158
0.32664013,75,405.829073
0.34372994,75,405.829982
0.34037527,75,405.830746
0.38562912,75,405.854254
0.38889846,75,405.857703
0.36972377,75,405.87644
0.40363315,75,405.877302
0.34751526,75,405.890982
0.29981494,75,405.891807
0.38664588,75,405.892608
0.33243877,75,405.893426
0.3326044,75,405.916267
0.38309428,75,405.919399
0.3806182,75,405.938406
0.36315483,75,405.939358
0.36556482,75,405.952533
0.37513217,75,405.95336
0.39074466,75,405.954143
0.36362746,75,405.955018
0.40633008,75,405.977978
0.4165518,75,405.981309
0.37566316,75,406.000548
0.35811892,75,406.001347
0.36960253,75,406.014317
0.35092655,75,406.015166
0.31180018,75,406.016057
0.333422,75,406.01704
0.41129267,75,406.039903
0.30713007,75,406.043349
0.3160954,75,406.062479
0.3724711,75,406.063366
0.2993295,75,406.076514
0.32985738,75,406.077293
0.33658957,75,406.078074
0.3443054,75,406.078951
0.3125835,75,406.102836
0.34430665,75,406.106177
0.38078117,75,406.125025
0.36098027,75,406.125913
0.38831854,75,406.138985
0.35859418,75,406.139809
0.3207591,75,406.14068
0.37700564,75,406.141584
0.360731,75,406.164883
0.38938394,75,406.16811
0.32604405,75,406.187298
0.31209818,75,406.188156
0.33588108,75,406.201226
0.37715146,75,406.20205
0.42493513,75,406.202929
0.34796864,75,406.203789
0.38913888,75,406.227121
0.33427492,75,406.955384
0.37983084,75,406.975577
0.3974463,75,406.976465
0.3469534,75,406.989653
0.35637224,75,406.990576
0.3913853,75,406.991444
0.30983737,75,406.992258
0.32904607,75,407.015571
0.40451035,75,407.018983
0.36684933,75,407.038262
0.32350817,75,407.039182
0.2995142,75,407.052279
0.30762762,75,407.053206
0.3264919,75,407.053974
0.35049763,75,407.054841
0.37615776,75,407.077561
0.3385515,75,407.080845
0.35624397,75,407.100141
0.38899907,75,407.101084
0.39043358,75,407.114471
0.3564138,75,407.115393
0.29882142,75,407.116253
0.37330657,75,407.117152
0.36803892,75,407.141362
0.35923564,75,407.144746
0.38868582,75,407.163793
0.39553252,75,407.164767
0.37998694,75,407.178305
0.39128605,75,407.179249
0.3677605,75,407.18012
0.32363343,75,407.180988
0.33870158,75,407.204097
0.40201625,75,407.207579
0.34074157,75,407.227016
0.37652165,75,407.227967
0.35907325,75,407.240828
0.33911702,75,407.241779
0.35267752,75,407.242647
0.38311055,75,407.243527
0.3498858,75,407.267005
0.35010043,75,407.270164
0.3654648,75,407.288971
0.32339483,75,407.289863
0.32636812,75,407.30283
0.29768223,75,407.303747
0.36858854,75,407.304619
0.3846194,75,407.305514
0.37550908,75,407.328661
0.36776766,75,407.33224
0.34411794,75,407.350916
0.2581537,75,407.351798
0.38108397,75,407.365256
0.28820756,75,407.366078
0.40529513,75,407.36696
0.3362364,75,407.367811
0.3995608,75,407.390771
0.34577063,75,407.394115
0.38046828,75,407.413015
0.4036673,75,407.413819
0.36116076,75,407.427284
0.3032423,75,407.428245
0.34283727,75,407.429088
0.3211831,75,407.429963
0.3461815,75,407.453429
0.38289973,75,407.456699
0.32664472,75,407.475682
0.34083748,75,407.476535
0.3568281,75,407.490102
0.31254026,75,407.491062
0.3433608,75,407.49196
0.36159727,75,407.492831
0.38448885,75,407.515995
0.3254058,75,407.519254
0.40703192,75,407.538074
0.39039978,75,407.538922
0.39245066,75,407.55168
0.3574739,75,407.552612
0.38510066,75,407.553515
0.40495896,75,407.554388
0.40140927,75,407.577364
0.3668704,75,407.58086
0.35551143,75,407.599684
0.34203273,75,407.600607
0.40688756,75,407.613752
0.33826053,75,407.614675
0.33490327,75,407.615497
0.37476927,75,407.616249
0.39429736,75,407.639644
0.35334283,75,407.642917
0.33951575,75,407.662259
0.33646184,75,407.663136
0.33882248,75,407.676269
0.3214718,75,407.677155
0.35656905,75,407.678105
0.38549426,75,407.679065
0.35211593,75,407.702946
0.33863032,75,407.706295
0.33354062,75,407.725939
0.4059858,75,407.726906
0.39439815,75,407.740752
0.37847224,75,407.741687
0.34544754,75,407.742549
0.35668433,75,407.743433
0.3301187,75,407.767113
0.40441805,75,407.770503
0.3121862,75,407.789116
0.36287847,75,407.790006
0.37985682,75,407.803227
0.31862804,75,407.80413
0.3486106,75,407.805031
0.33030963,75,407.805877
0.38094956,75,407.828954
0.313263,75,407.832228
0.34930658,75,407.851382
0.39466995,75,407.852193
0.33799794,75,407.865291
0.38821277,75,407.866177
0.40415066,75,407.867252
0.3187426,75,407.868062
0.3241467,75,407.891705
0.38249707,75,407.894989
0.39427155,75,407.913933
0.34135905,75,407.914805
0.32455474,75,407.927876
0.35222453,75,407.928826
0.37746882,75,407.929631
0.3240087,75,407.930489
0.3794614,75,407.953568
0.31554267,75,407.956863
0.38490006,75,407.975956
0.35690236,75,407.97675
0.37344396,75,407.989472
0.39034295,75,407.990388
0.36791816,75,407.991319
0.4145393,75,407.992149
0.3927807,75,408.015082
0.37205923,75,408.018441
0.38476303,75,408.037342
0.3663255,75,408.03825
0.303887,75,408.051581
0.36384755,75,408.052402
0.35294938,75,408.053328
0.36163643,75,408.054217
0.36417502,75,408.077008
0.36188442,75,408.080431
0.3229969,75,408.09963
0.38333273,75,408.100452
0.36158955,75,408.113574
0.31600446,75,408.114413
0.41084427,75,408.115361
0.35773325,75,408.11614
0.38374835,75,408.140435
0.41219673,75,408.143621
0.4016569,75,408.163094
0.37760955,75,408.164198
0.352269,75,408.177639
0.33966973,75,408.178681
0.35658965,75,408.179658
0.37072134,75,408.18049
0.39261225,75,408.203617
0.29395446,75,408.207004
0.33061573,75,408.22618
0.4026645,75,408.227047
0.3111631,75,408.240281
0.33235654,75,408.241127
0.34691942,75,408.242013
0.34480792,75,408.242763
0.30788887,75,408.265437
0.36310974,75,408.268888
0.32480964,75,408.287724
0.40425342,75,408.288612
0.38527554,75,408.30168
0.3394542,75,408.302469
0.35596237,75,408.303327
0.36747295,75,408.304182
0.34695315,75,408.32669
0.41631234,75,408.329902
0.3655847,75,408.348759
0.35241553,75,408.349617
0.40682352,75,408.363132
0.3903469,75,408.364008
0.40381086,75,408.364945
0.36416218,75,408.365838
0.31705454,75,408.389345
0.3075246,75,408.392654
0.404919,75,408.411698
0.33124408,75,408.412523
0.36959508,75,408.426272
0.34226605,75,408.42709
0.37783265,75,408.427978
0.36969426,75,408.428821
0.4062786,75,408.452846
0.31988806,75,408.456398
0.38106203,75,408.475897
0.39647424,75,408.476756
0.36810324,75,408.490381
0.4087564,75,408.491293
0.34499592,75,408.492253
0.3684238,75,408.493109
0.36177236,75,408.51606
0.38656104,75,408.519345
0.37326103,75,408.538663
0.3707223,75,408.539554
0.36830205,75,408.552731
0.37857553,75,408.553663
0.3883811,75,408.554537
0.37243387,75,408.555399
0.38711047,75,408.578521
0.39020103,75,408.581685
0.341484,75,408.600433
0.33944836,75,408.601288
0.3463684,75,408.614229
0.39236513,75,408.615188
0.34590158,75,408.616124
0.34744573,75,408.616909
0.3450096,75,408.6406
0.3845,75,408.643994
0.33697188,75,409.391752
0.3219991,75,409.392832
0.381059,75,409.406691
0.41273165,75,409.407509
0.31572434,75,409.408305
0.39386952,75,409.409081
0.35428745,75,409.432184
0.28911576,75,409.435428
0.34290105,75,409.45443
0.39770997,75,409.455389
0.35194314,75,409.468621
0.31689698,75,409.469466
0.3953771,75,409.470322
0.37786296,75,409.471232
0.33718687,75,409.494527
0.34193066,75,409.497941
0.36863878,75,409.516958
0.39418057,75,409.517825
0.40310252,75,409.530779
0.38104734,75,409.531604
0.3301202,75,409.53254
0.33788818,75,409.533438
0.39786503,75,409.556842
0.3817896,75,409.560247
0.3907903,75,409.579109
0.38224992,75,409.579994
0.38439897,75,409.593032
0.34567246,75,409.593965
0.36076418,75,409.59477
0.3424638,75,409.595629
0.3531517,75,409.618751
0.4205686,75,409.622065
0.38667008,75,409.641153
0.39230034,75,409.642008
0.34046343,75,409.655028
0.38789576,75,409.655975
0.40289477,75,409.656933
0.36704326,75,409.657804
0.3247089,75,409.680668
0.3864097,75,409.684272
0.31227377,75,409.703085
0.384227,75,409.704038
0.38759807,75,409.717273
0.3993528,75,409.718057
0.38279027,75,409.718857
0.34472144,75,409.719804
0.3279215,75,409.742442
0.3747146,75,409.745724
0.34991473,75,409.764936
0.3845462,75,409.765827
0.33221465,75,409.778703
0.34841704,75,409.779685
0.4002555,75,409.780617
0.33570483,75,409.781479
0.31055942,75,409.804801
0.34034497,75,409.808239
0.3058805,75,409.827429
0.40113413,75,409.828316
0.33310193,75,409.841475
0.31017664,75,409.842333
0.35701177,75,409.843094
0.34074003,75,409.843955
0.35222024,75,409.867266
0.31991965,75,409.870572
0.40355867,75,409.890013
0.35637322,75,409.890871
0.38685504,75,409.903994
0.37765613,75,409.904917
0.360491,75,409.90586
0.40967897,75,409.906718
0.3687148,75,409.929663
0.34493315,75,409.933075
0.36441848,75,409.952318
0.3920639,75,409.953182
0.3481394,75,409.966605
0.36972347,75,409.967442
0.38646513,75,409.968323
0.37992042,75,409.96907
0.40889236,75,409.9927
0.3482107,75,409.996083
0.36087707,75,410.015321
0.35543922,75,410.016219
0.39344478,75,410.029945
0.39849097,75,410.030919
0.36116356,75,410.031844
0.336679,75,410.032701
0.39721382,75,410.056483
0.3527009,75,410.059918
0.35809255,75,410.07948
0.32128868,75,410.080391
0.4074763,75,410.093947
0.35689583,75,410.094795
0.34815538,75,410.095615
0.39569667,75,410.096444
0.3717284,75,410.120156
0.38950452,75,410.123516
0.38277513,75,410.142491
0.3169986,75,410.143292
0.3435714,75,410.156788
0.3516929,75,410.157692
0.38002083,75,410.158616
0.34074426,75,410.159462
0.34458873,75,410.182185
0.35098228,75,410.185435
0.32786554,75,410.204607
0.37978265,75,410.205513
0.3898163,75,410.218603
0.3211999,75,410.219436
0.39290908,75,410.220228
0.3909094,75,410.221145
0.37167686,75,410.244484
0.38829622,75,410.248049
0.3421209,75,410.267102
0.38609117,75,410.267902
0.37260804,75,410.280736
0.31514567,75,410.281612
0.3639176,75,410.282407
0.31063616,75,410.283293
0.35253003,75,410.306601
0.4072547,75,410.309924
0.38273725,75,410.329003
0.386348,75,410.329937
0.4047302,75,410.343085
0.33798537,75,410.343965
0.32162857,75,410.34476
0.37745154,75,410.345633
0.3778443,75,410.369318
0.39222026,75,410.372528
0.34741297,75,410.392006
0.35120928,75,410.393049
0.34836376,75,410.407392
0.3794886,75,410.408238
0.33581987,75,410.409098
0.36861047,75,410.410054
0.35681742,75,410.433464
0.3977468,75,410.436687
0.39883995,75,410.455567
0.3382024,75,410.456511
0.3590633,75,410.470613
0.37950292,75,410.471582
0.34149146,75,410.472513
0.32939953,75,410.473369
0.324486,75,410.497144
0.34403664,75,410.500478
0.38068098,75,410.519947
0.40192735,75,410.52084
0.33109343,75,410.534494
0.4113001,75,410.535281
0.38469657,75,410.536153
0.34288532,75,410.537142
0.3676851,75,410.561034
0.40305337,75,410.564372
0.37726936,75,410.583383
0.35146296,75,410.584309
0.3680745,75,410.597868
0.34019488,75,410.598782
0.2971451,75,410.59971
0.40118134,75,410.600602
0.35492977,75,410.624552
0.33846962,75,410.628007
0.3789783,75,410.647279
0.36407328,75,410.648146
0.33626476,75,410.661537
0.34183535,75,410.662367
0.3471305,75,410.663205
0.3601523,75,410.664074
0.36357683,75,410.687829
0.35786763,75,410.691203
0.33208644,75,410.710373
0.39225265,75,410.711291
0.36289623,75,410.72444
0.3850278,75,410.725305
0.33875906,75,410.72618
0.35905057,75,410.727039
0.40251106,75,410.750208
0.31977,75,410.753623
0.388124,75,410.772971
0.34619686,75,410.773828
0.34918174,75,410.787002
0.33129504,75,410.78789
0.34152612,75,410.788771
0.34987396,75,410.789674
0.38292944,75,410.812354
0.34161052,75,410.815865
0.40265194,75,410.835056
0.3767952,75,410.835927
0.36772332,75,410.849428
0.36079317,75,410.85027
0.37009686,75,410.851192
0.32940403,75,410.852023
0.3642534,75,410.875414
0.33029225,75,410.878644
0.3704511,75,410.89814
0.40620658,75,410.899039
0.33665416,75,410.912325
0.3691327,75,410.913194
0.3913086,75,410.914094
0.36633962,75,410.915009
0.34755284,75,410.938054
0.39033362,75,410.941298
0.3562022,75,410.960398
0.36575684,75,410.961357
0.34133354,75,410.974604
0.36042652,75,410.975429
0.38912788,75,410.976335
0.3494123,75,410.977175
0.3889676,75,411.000226
0.3918475,75,411.003348
0.38836572,75,411.021836
0.37977672,75,411.0227
0.37080637,75,411.036095
0.37092358,75,411.03693
0.32570136,75,411.037844
0.3233456,75,411.03871
0.4047715,75,411.062207
0.34344906,75,411.065529
0.39004835,75,411.084639
0.36071104,75,411.08543
0.359919,75,411.098824
0.34909528,75,411.09968
0.3894758,75,411.10062
0.38088843,75,411.101486
0.35020992,75,411.865426
0.36495203,75,411.868779
0.41687363,75,411.887879
0.33861014,75,411.888728
0.3785626,75,411.90197
0.3674828,75,411.90291
0.3830439,75,411.90379
0.38449395,75,411.904679
0.38209656,75,411.927462
0.38669246,75,411.930767
0.34242532,75,411.950084
0.37082303,75,411.950923
0.34768766,75,411.964078
0.34412876,75,411.965023
0.31896606,75,411.965918
0.37885395,75,411.966697
0.38126332,75,411.990176
0.3911144,75,411.99354
0.40568605,75,412.012082
0.37354073,75,412.012935
0.36362386,75,412.026418
0.35875747,75,412.027207
0.39786965,75,412.028121
0.36616778,75,412.02901
0.3567055,75,412.052104
0.3517855,75,412.055368
0.3640233,75,412.074115
0.35745394,75,412.074934
0.3905414,75,412.088572
0.30656335,75,412.089487
0.34426838,75,412.090387
0.33715904,75,412.091289
0.32680807,75,412.114405
0.36169207,75,412.11769
0.35333037,75,412.136026
0.36463356,75,412.136917
0.363049,75,412.150216
0.3846292,75,412.151032
0.37551066,75,412.151839
0.37146977,75,412.152621
0.345407,75,412.175734
0.36585242,75,412.179178
0.38338408,75,412.197732
0.3754344,75,412.19861
0.36716065,75,412.211709
0.36741167,75,412.212529
0.3607373,75,412.213414
0.36294267,75,412.214184
0.32308376,75,412.237336
0.35677,75,412.240597
0.3764154,75,412.259748
0.37394857,75,412.260642
0.415515,75,412.273624
0.40033796,75,412.274586
0.31558055,75,412.275357
0.35137683,75,412.276229
0.381386,75,412.29969
0.35843456,75,412.303077
0.41902483,75,412.322051
0.35865855,75,412.32298
0.35853672,75,412.335994
0.3675883,75,412.336897
0.36161888,75,412.337745
0.38244265,75,412.338539
0.40268457,75,412.361982
0.332756,75,412.365425
0.3610864,75,412.383854
0.34674335,75,412.384694
0.37578705,75,412.398107
0.35535878,75,412.399008
0.30969092,75,412.399996
0.40156722,75,412.400936
0.28929734,75,412.423869
0.38239115,75,412.427004
0.37262332,75,412.446245
0.37156007,75,412.447188
0.37780583,75,412.461159
0.39806715,75,412.462044
0.3597961,75,412.46295
0.37823734,75,412.46382
0.32836026,75,412.487513
0.3849407,75,412.490921
0.3856033,75,412.510606
0.3748458,75,412.511581
0.38295108,75,412.524674
0.38093388,75,412.52556
0.34982324,75,412.526477
0.3698297,75,412.52734
0.37314096,75,412.550585
0.3943093,75,412.554196
0.3319158,75,412.573887
0.33383688,75,412.574868
0.3588094,75,412.588417
0.37054214,75,412.589303
0.39981693,75,412.590249
0.35310343,75,412.591028
0.41121024,75,412.614702
0.3474075,75,412.618119
0.35621965,75,412.6378
0.371613,75,412.638712
0.35060248,75,412.652303
0.34397495,75,412.653188
0.34414485,75,412.654089
0.38704434,75,412.654854
0.35333702,75,412.679065
0.3962781,75,412.682428
0.35444942,75,412.701395
0.3514785,75,412.702246
0.33700317,75,412.715267
0.36531314,75,412.716064
0.31618795,75,412.716954
0.34121415,75,412.717773
0.37858006,75,412.740466
0.35604718,75,412.743802
0.31238887,75,412.762512
0.38411522,75,412.763412
0.38688597,75,412.77622
0.4039801,75,412.777066
0.35864937,75,412.777888
0.40735957,75,412.778926
0.38178238,75,412.801739
0.33484116,75,412.80508
0.34422183,75,412.824089
0.39971045,75,412.824996
0.38854104,75,412.83817
0.3801991,75,412.839108
0.35512343,75,412.840007
0.37249455,75,412.840884
0.33357477,75,412.86375
0.3557326,75,412.867006
0.3466348,75,412.886256
0.37687844,75,412.887166
0.33732224,75,412.900064
0.35161278,75,412.900991
0.3775209,75,412.901804
0.36850914,75,412.902626
0.3270361,75,412.926011
0.33654678,75,412.929287
0.3710302,75,412.948105
0.40515995,75,412.949018
0.3630514,75,412.962324
0.4039889,75,412.963235
0.35693106,75,412.964129
0.37650028,75,412.965022
0.37794438,75,412.987851
0.32185552,75,412.991129
0.36310703,75,413.010009
0.3921609,75,413.010802
0.37045503,75,413.024254
0.41408905,75,413.025249
0.29886413,75,413.0262
0.36084056,75,413.026974
0.31767595,75,413.051163
0.38563585,75,413.054605
0.33717862,75,413.074655
0.34276062,75,413.075663
0.370047,75,413.08933
0.31625542,75,413.090291
0.39587572,75,413.091161
0.29508612,75,413.091957
0.34860626,75,413.115461
0.38221234,75,413.118986
0.34319755,75,413.139853
0.39257234,75,413.1408
0.34972665,75,413.15459
0.3704727,75,413.155507
0.38430306,75,413.156311
0.33067146,75,413.15713
0.33474216,75,413.179868
0.3360876,75,413.183062
0.33815333,75,413.201929
0.3835809,75,413.202812
0.39753145,75,413.215873
0.3642625,75,413.216841
0.33952516,75,413.217729
0.346413,75,413.218559
0.3649677,75,413.241689
0.37579036,75,413.244905
0.33637667,75,413.263694
0.3421378,75,413.264498
0.39954832,75,413.277446
0.30855954,75,413.278246
0.3929286,75,413.279184
0.38284373,75,413.279977
0.31079847,75,413.302885
0.37241116,75,413.306133
0.33914202,75,413.325054
0.35561305,75,413.325948
0.38150203,75,413.33936
0.3459198,75,413.34029
0.3656436,75,413.341172
0.34265542,75,413.342006
0.33704263,75,413.36491
0.36025426,75,413.368154
0.28839493,75,413.390062
0.36729053,75,413.39098
0.37310767,75,413.404313
0.35456,75,413.405292
0.34694374,75,413.40622
0.39814195,75,413.407099
0.37556353,75,413.430557
0.34875077,75,413.433945
0.3178979,75,413.452793
0.39806163,75,413.453645
0.34542096,75,413.466664
0.37694457,75,413.467502
0.36613917,75,413.468277
0.3163968,75,413.469048
0.3159597,75,413.492286
0.36763158,75,413.495687
0.38255933,75,413.514913
0.35343263,75,413.51577
0.38832387,75,413.529103
0.38797262,75,413.530082
0.32047108,75,413.530965
0.3411399,75,413.531862
0.3689046,75,414.286246
0.3767299,75,414.290368
0.3868226,75,414.310019
0.3912134,75,414.310969
0.34169382,75,414.324275
0.37761876,75,414.325264
0.38059837,75,414.326249
0.37204862,75,414.327182
0.31654063,75,414.351699
0.3427836,75,414.35552
0.3785159,75,414.374429
0.3760317,75,414.375462
0.36804223,75,414.388926
0.34109956,75,414.38974
0.3493721,75,414.390591
0.3805737,75,414.391437
0.3935353,75,414.413769
0.3735164,75,414.417227
0.40814465,75,414.436579
0.38253543,75,414.437501
0.32847413,75,414.451162
0.3457986,75,414.452044
0.35367787,75,414.453117
0.32585987,75,414.454044
0.3667874,75,414.477333
0.35323507,75,414.480434
0.38136378,75,414.500117
0.33752632,75,414.501037
0.3576937,75,414.514578
0.34296495,75,414.515452
0.40450907,75,414.51629
0.3598674,75,414.517138
0.37926722,75,414.540212
0.34780204,75,414.543454
0.3173665,75,414.562396
0.3731095,75,414.563247
0.3913778,75,414.576294
0.37960115,75,414.577228
0.33500785,75,414.578227
0.3908942,75,414.579076
0.31789273,75,414.602029
0.37464637,75,414.605419
0.3987366,75,414.624511
0.37320182,75,414.625522
0.34537092,75,414.638694
0.39105076,75,414.639535
0.37087417,75,414.640404
0.38628483,75,414.641245
0.3653728,75,414.664799
0.35232645,75,414.668035
0.3899387,75,414.687356
0.3543451,75,414.688213
0.327902,75,414.701276
0.377113,75,414.702248
0.35097775,75,414.703201
0.34474838,75,414.7041
0.31885198,75,414.727296
0.38534322,75,414.730671
0.37247232,75,414.749134
0.3686379,75,414.750018
0.3676413,75,414.763092
0.35747498,75,414.763962
0.37013724,75,414.764825
0.38255918,75,414.765686
0.3218794,75,414.789352
0.34490818,75,414.792816
0.32853016,75,414.811687
0.31373668,75,414.812486
0.34970936,75,414.826019
0.3303738,75,414.826788
0.37100708,75,414.827569
0.39468575,75,414.8284
0.32347268,75,414.85149
0.34463236,75,414.854827
0.361612,75,414.873622
0.32918936,75,414.874554
0.34970376,75,414.88757
0.3897682,75,414.888482
0.39650008,75,414.889406
0.3319803,75,414.890286
0.3888385,75,414.913199
0.39395195,75,414.91698
0.38186827,75,414.937009
0.34598884,75,414.937906
0.38598484,75,414.952074
0.3888065,75,414.953122
0.34541067,75,414.954156
0.37588215,75,414.955069
0.34300905,75,414.979435
0.4008277,75,414.983008
0.38777933,75,415.002081
0.34543848,75,415.002964
0.34461048,75,415.016595
0.35496065,75,415.017427
0.34108186,75,415.018369
0.38717633,75,415.019354
0.40672764,75,415.043027
0.34973687,75,415.046523
0.35526428,75,415.06703
0.36809197,75,415.067851
0.34030405,75,415.081309
0.36329603,75,415.082339
0.37387788,75,415.083259
0.40108454,75,415.084192
0.3707435,75,415.108188
0.35034725,75,415.111603
0.37613067,75,415.131162
0.3190565,75,415.132056
0.3564858,75,415.145273
0.39191657,75,415.146076
0.3574961,75,415.146898
0.38297778,75,415.147737
0.3572928,75,415.17134
0.37584844,75,415.174704
0.3467495,75,415.193578
0.3761719,75,415.194395
0.3750561,75,415.207877
0.35268527,75,415.208778
0.35095614,75,415.209544
0.41088322,75,415.210384
0.36707947,75,415.233258
0.39037424,75,415.236632
0.404382,75,415.255437
0.37481946,75,415.256384
0.34285852,75,415.269504
0.3294294,75,415.270412
0.35760188,75,415.271308
0.3947487,75,415.272196
0.35913265,75,415.295395
0.3432594,75,415.298706
0.35843587,75,415.317739
0.33960116,75,415.318532
0.33809453,75,415.331946
0.325875,75,415.332877
0.3735144,75,415.333665
0.34288442,75,415.334479
0.42187977,75,415.357419
0.3596355,75,415.360579
0.36720556,75,415.3796
0.34324872,75,415.380576
0.3422896,75,415.394021
0.4198781,75,415.394941
0.32938656,75,415.395822
0.4017243,75,415.396653
0.37516075,75,415.42041
0.3972335,75,415.423783
0.39833966,75,415.443292
0.4096274,75,415.444308
0.33231488,75,415.458135
0.3452085,75,415.458998
0.32185593,75,415.459971
0.36365044,75,415.460811
0.34692496,75,415.484661
0.41071177,75,415.488287
0.35949722,75,415.507752
0.39064053,75,415.508771
0.3205411,75,415.521943
0.36974558,75,415.52289
0.374991,75,415.52379
0.33367464,75,415.524656
0.37032562,75,415.547542
0.36760417,75,415.550888
0.40046313,75,415.570563
0.35363367,75,415.571382
0.3449344,75,415.584826
0.39732465,75,415.585632
0.3528523,75,415.586472
0.3841052,75,415.587323
0.36298388,75,415.610499
0.31218648,75,415.613959
0.3631711,75,415.633115
0.40445852,75,415.633936
0.36069933,75,415.647514
0.3619526,75,415.648475
0.37832373,75,415.649435
0.3185265,75,415.650366
0.3709547,75,415.674385
0.3539924,75,415.677553
0.3325027,75,415.696986
0.35711858,75,415.697963
0.30507427,75,415.711673
0.39705694,75,415.712634
0.3432383,75,415.71354
0.3623794,75,415.714428
0.36738703,75,415.737017
0.34226876,75,415.740404
0.3829344,75,415.759679
0.36481538,75,415.760532
0.36315462,75,415.773563
0.3302962,75,415.774469
0.37581757,75,415.775372
0.35840917,75,415.776217
0.31307107,75,415.798818
0.36878088,75,415.801967
0.36642978,75,415.821168
0.3781371,75,415.822042
0.3583747,75,415.835333
0.37638518,75,415.836225
0.3531025,75,415.83708
0.359512,75,415.837925
0.37282777,75,415.860736
0.39981702,75,415.864136
0.32297212,75,415.882578
0.37989733,75,415.883466
0.40255654,75,415.896578
0.37683827,75,415.897526
0.36978304,75,415.898415
0.3390448,75,415.899309
0.3569203,75,415.922408
0.35621828,75,415.925779
0.3532763,75,415.944553
0.35311335,75,415.945399
0.39026907,75,415.958723
0.39645615,75,415.959708
0.35635838,75,415.960611
0.35215467,75,415.961421
0.35954836,75,415.985132
0.35171133,75,415.988557
0.33035251,75,416.742763
0.40933484,75,416.743615
0.30510908,75,416.757458
0.3905099,75,416.758487
0.25604588,75,416.759293
0.33571565,75,416.760077
0.41546696,75,416.782913
0.36577913,75,416.786169
0.38224167,75,416.805244
0.36175534,75,416.806046
0.3445732,75,416.819191
0.37605423,75,416.820124
0.3589263,75,416.820965
0.35174906,75,416.821813
0.40910235,75,416.844661
0.36328208,75,416.84821
0.3619544,75,416.86748
0.32105634,75,416.868364
0.3956393,75,416.881338
0.3210726,75,416.882223
0.3942663,75,416.88313
0.3684401,75,416.883976
0.4002849,75,416.907103
0.3517121,75,416.910607
0.35185224,75,416.929026
0.35456884,75,416.929939
0.4018461,75,416.943127
0.32034793,75,416.943938
0.31721005,75,416.944729
0.389623,75,416.945583
0.39198545,75,416.968757
0.35376763,75,416.972179
0.3464533,75,416.99093
0.3598708,75,416.991791
0.3702182,75,417.005084
0.43227696,75,417.006021
0.3725325,75,417.006921
0.38690612,75,417.007807
0.37374866,75,417.030433
0.33192316,75,417.03392
0.3654917,75,417.052819
0.34651458,75,417.053686
0.36677098,75,417.067065
0.3826912,75,417.067849
0.34574327,75,417.068649
0.38864362,75,417.069492
0.36966336,75,417.092737
0.35236424,75,417.095952
0.31510025,75,417.114884
0.36615172,75,417.115785
0.32210737,75,417.128958
0.37686163,75,417.129845
0.34996986,75,417.130746
0.3956976,75,417.131572
0.38223508,75,417.154651
0.35756212,75,417.158114
0.3783272,75,417.177011
0.32094762,75,417.177902
0.36830235,75,417.190417
0.4099371,75,417.191279
0.41476437,75,417.192222
0.40471625,75,417.193113
0.3079895,75,417.21598
0.35189694,75,417.219582
0.39073187,75,417.238606
0.30871153,75,417.239432
0.39162773,75,417.25274
0.37554646,75,417.25353
0.3506765,75,417.254323
0.35024408,75,417.255064
0.3280554,75,417.277968
0.38374677,75,417.281073
0.368363,75,417.299994
0.35964504,75,417.300903
0.37092614,75,417.314147
0.37921074,75,417.314968
0.40547368,75,417.315875
0.3465404,75,417.316685
0.35248312,75,417.339629
0.38111645,75,417.342764
0.40171835,75,417.362516
0.37393636,75,417.363482
0.34169507,75,417.37723
0.33537412,75,417.378169
0.3670213,75,417.37904
0.36267883,75,417.379912
0.35957244,75,417.403292
0.3749857,75,417.406759
0.36172044,75,417.426004
0.33581737,75,417.427062
0.34637222,75,417.441062
0.36023214,75,417.442049
0.34007865,75,417.442975
0.31936052,75,417.44396
0.35339823,75,417.468139
0.32894224,75,417.471523
0.3952238,75,417.491151
0.38163126,75,417.492157
0.36955065,75,417.505892
0.41047424,75,417.506749
0.3916166,75,417.507665
0.3528089,75,417.508553
0.39736786,75,417.532329
0.34763116,75,417.535417
0.3818655,75,417.555528
0.39146248,75,417.556363
0.36059797,75,417.569183
0.3552671,75,417.569999
0.3473393,75,417.57084
0.41984385,75,417.571616
0.3755464,75,417.594874
0.34773156,75,417.598193
0.39760163,75,417.616824
0.33088848,75,417.617714
0.39111078,75,417.631162
0.40788144,75,417.632003
0.39817896,75,417.632862
0.3612883,75,417.633713
0.36104283,75,417.657054
0.3725148,75,417.66042
0.38045993,75,417.679475
0.3439077,75,417.680366
0.40445387,75,417.693764
0.40165696,75,417.694755
0.3803888,75,417.695664
0.40293777,75,417.696535
0.39224726,75,417.719724
0.41881,75,417.722979
0.35710528,75,417.742411
0.39673492,75,417.743274
0.41768694,75,417.756847
0.3498844,75,417.757773
0.38739917,75,417.758764
0.38560656,75,417.759615
0.33645925,75,417.782881
0.32765988,75,417.786244
0.36674297,75,417.805528
0.3883761,75,417.80638
0.38856727,75,417.819246
0.35559016,75,417.820161
0.27861667,75,417.821149
0.38139233,75,417.821922
0.38372302,75,417.84497
0.34069008,75,417.848348
0.355463,75,417.868277
0.39127323,75,417.869081
0.39756015,75,417.881957
0.3653583,75,417.882866
0.34639356,75,417.883826
0.41116986,75,417.884725
0.41522014,75,417.908705
0.3345773,75,417.912184
0.388267,75,417.932406
0.41534945,75,417.933303
0.38738605,75,417.946534
0.32206124,75,417.947424
0.3405373,75,417.948301
0.36042184,75,417.949149
0.38298085,75,417.97282
0.33747533,75,417.97649
0.4093242,75,417.995758
0.37908244,75,417.996707
0.35440695,75,418.009798
0.35798293,75,418.010571
0.30647224,75,418.011501
0.3707743,75,418.0123
0.36416492,75,418.035635
0.38174278,75,418.038969
0.36387956,75,418.058267
0.33055618,75,418.059176
0.39387152,75,418.072308
0.3770754,75,418.073199
0.36390743,75,418.07403
0.35360014,75,418.074801
0.38761085,75,418.097444
0.3975456,75,418.100528
0.35819077,75,418.119638
0.33667085,75,418.120547
0.33910108,75,418.133559
0.40782186,75,418.134351
0.40099922,75,418.135132
0.3898187,75,418.13596
0.39588943,75,418.158336
0.3722597,75,418.161504
0.35737574,75,418.180189
0.3379985,75,418.181055
0.42367694,75,418.194435
0.3397125,75,418.195318
0.38319165,75,418.196168
0.3032223,75,418.197138
0.34952423,75,418.220261
0.39167872,75,418.223698
0.35631466,75,418.242736
0.35242063,75,418.243638
0.3578582,75,418.256516
0.36755618,75,418.25744
0.34882957,75,418.258335
0.31312904,75,418.259202
0.39847487,75,418.281973
0.3610869,75,418.285368
0.36348897,75,418.304544
0.39413363,75,418.305448
0.4183824,75,418.318908
0.37709805,75,418.31974
0.3723348,75,418.320535
0.38317773,75,418.321333
0.40047917,75,418.344754
0.40116894,75,418.348166
0.3549479,75,418.367707
0.35945666,75,418.368602
0.36137015,75,418.381992
0.38313192,75,418.382856
0.381433,75,418.383633
0.33258152,75,418.384451
0.36124894,75,418.407853
0.32939214,75,418.411337
0.37266487,75,418.430683
0.36657256,75,418.431521
0.3555965,75,419.172074
0.38982132,75,419.173123
0.36610574,75,419.173996
0.35395095,75,419.174833
0.39508474,75,419.198076
0.3911859,75,419.201279
0.37659147,75,419.220905
0.36327645,75,419.22178
0.35270497,75,419.235013
0.4146468,75,419.235831
0.35699046,75,419.236705
0.3712453,75,419.237577
0.4149647,75,419.260705
0.40195447,75,419.264252
0.37079427,75,419.28405
0.34582418,75,419.285041
0.33100107,75,419.298576
0.3159204,75,419.299438
0.38514993,75,419.300368
0.37713072,75,419.301253
0.35661936,75,419.324224
0.31646392,75,419.327626
0.3216321,75,419.346578
0.3644889,75,419.347487
0.34289223,75,419.360774
0.3734073,75,419.36156
0.3748182,75,419.362474
0.34114587,75,419.363282
0.34741274,75,419.386128
0.39621776,75,419.389434
0.34313786,75,419.408561
0.3762373,75,419.409403
0.339081,75,419.422219
0.38226563,75,419.423178
0.3339949,75,419.424049
0.4016734,75,419.424838
0.37180275,75,419.44811
0.3851778,75,419.451557
0.37212312,75,419.470264
0.3481735,75,419.471151
0.3926611,75,419.484293
0.3506259,75,419.485199
0.38901523,75,419.486127
0.35550314,75,419.486981
0.3723567,75,419.510308
0.33323017,75,419.513913
0.3585351,75,419.532317
0.39736038,75,419.533217
0.36850908,75,419.546319
0.39312035,75,419.547242
0.37771893,75,419.548217
0.344518,75,419.549059
0.32129684,75,419.572407
0.37454093,75,419.575783
0.38615748,75,419.594802
0.39474362,75,419.595655
0.34216988,75,419.608907
0.35447377,75,419.609729
0.3925016,75,419.610522
0.38297054,75,419.61139
0.38947114,75,419.634879
0.3995427,75,419.638202
0.3445389,75,419.657455
0.39520267,75,419.658333
0.3243903,75,419.671654
0.3397392,75,419.672569
0.3770446,75,419.673408
0.36849636,75,419.674254
0.35879257,75,419.696442
0.38455322,75,419.699925
0.3680427,75,419.718487
0.39536574,75,419.719292
0.39707613,75,419.732337
0.40637916,75,419.733249
0.3613959,75,419.734166
0.3457538,75,419.735048
0.36714667,75,419.757696
0.367965,75,419.760822
0.31896698,75,419.779863
0.40993577,75,419.780803
0.40148187,75,419.79384
0.37412527,75,419.794654
0.35119146,75,419.795502
0.37781355,75,419.796379
0.36639848,75,419.820151
0.33889708,75,419.823625
0.36876586,75,419.843183
0.37490183,75,419.844153
0.37984538,75,419.857696
0.38317853,75,419.858567
0.33578217,75,419.859579
0.40834025,75,419.860518
0.36437505,75,419.885277
0.33594376,75,419.888766
0.3694725,75,419.908686
0.38824525,75,419.909569
0.39735332,75,419.923084
0.4216926,75,419.923913
0.28352574,75,419.924774
0.34112215,75,419.92575
0.3903736,75,419.9487
0.362635,75,419.952177
0.3522093,75,419.971467
0.3944447,75,419.972338
0.37751293,75,419.98557
0.43535376,75,419.986501
0.37892205,75,419.987326
0.33947137,75,419.98815
0.3391331,75,420.010967
0.35138386,75,420.014424
0.37861183,75,420.033759
0.37691846,75,420.034704
0.40820423,75,420.048108
0.39975232,75,420.049066
0.34635416,75,420.050018
0.36747995,75,420.050764
0.3264509,75,420.074113
0.36385018,75,420.077243
0.370778,75,420.096282
0.40814516,75,420.097097
0.36122036,75,420.11026
0.34948438,75,420.111109
0.36677828,75,420.111964
0.36290175,75,420.112881
0.37764055,75,420.136395
0.3635347,75,420.139791
0.3947812,75,420.159053
0.37462407,75,420.159843
0.40201634,75,420.173129
0.38653627,75,420.174014
0.40709686,75,420.174948
0.3483221,75,420.175713
0.34409362,75,420.19854
0.3501953,75,420.201956
0.35692963,75,420.221091
0.42021012,75,420.222002
0.34091714,75,420.235096
0.34589398,75,420.235964
0.39318013,75,420.236841
0.3180685,75,420.237736
0.37133852,75,420.26088
0.36101925,75,420.264021
0.37195927,75,420.282661
0.39927477,75,420.283532
0.39545032,75,420.296276
0.3917166,75,420.297208
0.35692933,75,420.298231
0.33324435,75,420.299082
0.34647128,75,420.322146
0.40524864,75,420.325351
0.3738559,75,420.34407
0.37089646,75,420.344966
0.37924355,75,420.358638
0.36129668,75,420.359448
0.40704983,75,420.360334
0.3809018,75,420.361217
0.35304466,75,420.384816
0.38276935,75,420.388172
0.40016013,75,420.408963
0.36975175,75,420.409939
0.39185533,75,420.426371
0.38122877,75,420.42742
0.37964606,75,420.42862
0.36665666,75,420.429895
0.3584725,75,420.468276
0.40450728,75,420.471694
0.38281864,75,420.491329
0.38353342,75,420.492264
0.3194109,75,420.505403
0.40838724,75,420.506304
0.39058334,75,420.507147
0.39227614,75,420.507958
0.36341193,75,420.531906
0.35402778,75,420.535401
0.35798335,75,420.554458
0.33339638,75,420.555408
0.36618593,75,420.568697
0.33440092,75,420.569672
0.40018228,75,420.570599
0.3691005,75,420.571459
0.34613612,75,420.594475
0.36487013,75,420.597871
0.3812378,75,420.616465
0.40268955,75,420.617442
0.3758702,75,420.630676
0.36509615,75,420.631602
0.39240518,75,420.632455
0.38419315,75,420.633331
0.36969388,75,420.656295
0.32869402,75,420.659485
0.33195573,75,420.678802
0.39310738,75,420.679706
0.35344625,75,420.693362
0.3722569,75,420.694232
0.3260159,75,420.695124
0.3354799,75,420.696007
0.33641735,75,420.719371
0.3862936,75,420.722541
0.3672745,75,420.742046
0.3581475,75,420.742842
0.3820111,75,420.756774
0.3546283,75,420.757696
0.36901852,75,420.758619
0.36389136,75,420.75949
0.3667538,75,420.782595
0.38304973,75,420.785822
0.37680528,75,420.804965
0.38073927,75,420.805861
0.35748214,75,420.818991
0.40369898,75,420.819946
0.39692375,75,420.820949
0.3791631,75,420.821884
0.351299,75,420.84492
0.36991665,75,420.84835
0.359372,75,420.867824
0.41422224,75,420.868595
0.3779896,75,420.881474
0.36757612,75,420.882367
0.33604163,75,420.883249
0.3240698,75,420.884121
0.35533968,75,421.632007
0.34478197,75,421.635489
0.30721933,75,421.654449
0.4028653,75,421.655315
0.3759398,75,421.66837
0.4110553,75,421.669156
0.38569877,75,421.670129
0.3268297,75,421.671033
0.38297427,75,421.694286
0.40449947,75,421.697535
0.35163516,75,421.716743
0.38049322,75,421.717608
0.3940987,75,421.730552
0.38760394,75,421.731492
0.35144356,75,421.732395
0.3325129,75,421.733264
0.38370118,75,421.756179
0.34849042,75,421.759678
0.40615344,75,421.778721
0.3861976,75,421.779633
0.34996364,75,421.792933
0.368375,75,421.793779
0.34690315,75,421.794786
0.36154205,75,421.795692
0.31250504,75,421.81889
0.37054965,75,421.82224
0.3852598,75,421.841257
0.3709495,75,421.8422
0.3722482,75,421.855578
0.33041084,75,421.856501
0.381136,75,421.85741
0.3722118,75,421.858253
0.38202515,75,421.881457
0.37532395,75,421.885005
0.41070586,75,421.904048
0.36079425,75,421.904948
0.35911942,75,421.917989
0.35671923,75,421.918837
0.35743704,75,421.919794
0.3697945,75,421.92067
0.36681017,75,421.943526
0.38372087,75,421.946655
0.38654402,75,421.965897
0.30613732,75,421.966818
0.36429247,75,421.979655
0.33233163,75,421.98058
0.39907238,75,421.981454
0.38793498,75,421.982292
0.3597934,75,422.004909
0.36289585,75,422.008711
0.33186617,75,422.028061
0.3515797,75,422.028895
0.40374064,75,422.042035
0.33790573,75,422.042935
0.38329008,75,422.043777
0.3805872,75,422.044746
0.32476622,75,422.067936
0.365335,75,422.071112
0.3797226,75,422.09143
0.38504958,75,422.09231
0.3365077,75,422.105584
0.37561634,75,422.106483
0.38829973,75,422.107315
0.38548276,75,422.108226
0.34658703,75,422.131468
0.414924,75,422.134886
0.37270057,75,422.154052
0.40076688,75,422.154951
0.3769949,75,422.168055
0.37504187,75,422.168954
0.34464395,75,422.169717
0.3921127,75,422.170606
0.40510386,75,422.193789
0.3462781,75,422.197153
0.35025033,75,422.215839
0.3786042,75,422.216731
0.34247676,75,422.230309
0.40797848,75,422.231268
0.33873475,75,422.232207
0.38678992,75,422.232993
0.3682295,75,422.256193
0.294091,75,422.259284
0.3671529,75,422.278417
0.3584214,75,422.279308
0.3411471,75,422.293095
0.34929588,75,422.293947
0.3608398,75,422.294792
0.3127211,75,422.295652
0.33650073,75,422.319674
0.35956854,75,422.323033
0.36077064,75,422.342229
0.36226422,75,422.343128
0.35871908,75,422.357306
0.3356673,75,422.358186
0.35395423,75,422.359129
0.3776152,75,422.360081
0.36331096,75,422.384544
0.29740936,75,422.388149
0.38455904,75,422.408586
0.35101792,75,422.409566
0.30628783,75,422.423424
0.38759977,75,422.424251
0.3798011,75,422.425202
0.32884517,75,422.426058
0.3685625,75,422.449873
0.39248312,75,422.453058
0.38764372,75,422.472097
0.33796024,75,422.472984
0.35275465,75,422.486264
0.39854357,75,422.487211
0.3920412,75,422.488044
0.34060776,75,422.488933
0.41068742,75,422.512406
0.31766602,75,422.51594
0.3774922,75,422.534836
0.37694204,75,422.535637
0.3802672,75,422.548768
0.3554189,75,422.549731
0.3795035,75,422.550695
0.38782415,75,422.551579
0.33428925,75,422.575154
0.36705303,75,422.57873
0.33652514,75,422.597979
0.38658813,75,422.598833
0.3791282,75,422.611951
0.36935422,75,422.612772
0.3360304,75,422.61361
0.38978833,75,422.614479
0.41275376,75,422.638016
0.40598193,75,422.641419
0.39578128,75,422.660267
0.340855,75,422.66117
0.33855823,75,422.67445
0.395307,75,422.675256
0.32150832,75,422.676052
0.32068872,75,422.676814
0.39424822,75,422.700115
0.3398685,75,422.703341
0.35900575,75,422.722409
0.39849153,75,422.723194
0.35694465,75,422.736311
0.40695363,75,422.737224
0.36914194,75,422.738205
0.35253787,75,422.739043
0.2866098,75,422.762418
0.39778715,75,422.76573
0.33878204,75,422.784503
0.40481657,75,422.785328
0.334663,75,422.797974
0.39373562,75,422.798925
0.37442946,75,422.799732
0.39621723,75,422.800655
0.36319688,75,422.824125
0.3676006,75,422.82734
0.33886895,75,422.846784
0.37308973,75,422.847588
0.3536483,75,422.860595
0.38362858,75,422.861404
0.35666907,75,422.862303
0.4173834,75,422.863141
0.32047325,75,422.885931
0.35074922,75,422.889493
0.3722406,75,422.908672
0.37626597,75,422.909543
0.38645837,75,422.922912
0.37216,75,422.923702
0.4117597,75,422.924569
0.3504019,75,422.92546
0.3612153,75,422.948355
0.38133302,75,422.951822
0.34022573,75,422.970519
0.4056735,75,422.971425
0.3362401,75,422.985474
0.3967724,75,422.986354
0.37754238,75,422.987218
0.34739038,75,422.988031
0.3852725,75,423.010654
0.35373282,75,423.014021
0.35450742,75,423.033056
0.35164437,75,423.033875
0.32367724,75,423.046888
0.36863208,75,423.047772
0.33127624,75,423.048683
0.33414197,75,423.049541
0.3637521,75,423.072956
0.34011763,75,423.076339
0.3384573,75,423.095198
0.37500075,75,423.09608
0.40689498,75,423.109395
0.38149962,75,423.110191
0.36612678,75,423.111056
0.3443024,75,423.111963
0.39605576,75,423.135433
0.33107668,75,423.138675
0.3634077,75,423.157438
0.35631463,75,423.158321
0.36961642,75,423.171272
0.39883718,75,423.172198
0.42020565,75,423.173088
0.33524728,75,423.173963
0.34318075,75,423.19771
0.36526826,75,423.201056
0.42438793,75,423.220099
0.35999,75,423.220976
0.3961279,75,423.234759
0.36225593,75,423.235662
0.3972287,75,423.236454
0.3241806,75,423.237339
0.37410998,75,423.260295
0.4081277,75,423.263638
0.42093632,75,423.281647
0.39356735,75,423.282518
0.3619909,75,423.295541
0.39326888,75,423.296438
0.38832304,75,423.297346
0.3112453,75,423.298166
0.34778038,75,423.321049
0.36065286,75,423.324276
0.31976682,75,424.067309
0.37405646,75,424.068277
0.3750071,75,424.081824
0.38796014,75,424.082776
0.37761837,75,424.083749
0.38930547,75,424.084553
0.34186172,75,424.10894
0.3120573,75,424.112433
0.3807298,75,424.131292
0.39806944,75,424.132152
0.3150069,75,424.145327
0.34468907,75,424.146183
0.33324364,75,424.147116
0.39492032,75,424.14798
0.3698775,75,424.171543
0.32664803,75,424.174965
0.35881242,75,424.193829
0.38025555,75,424.194636
0.38960546,75,424.207773
0.39105743,75,424.208562
0.3228839,75,424.209328
0.35423523,75,424.210115
0.3358491,75,424.233193
0.33404896,75,424.236374
0.37826192,75,424.2553
0.36359602,75,424.256175
0.34039205,75,424.26975
0.4015637,75,424.2707
0.39635807,75,424.271591
0.37394822,75,424.272437
0.36326706,75,424.2952
0.36729458,75,424.298602
0.3545989,75,424.317653
0.39697593,75,424.318459
0.3656852,75,424.331581
0.3085798,75,424.332365
0.3812378,75,424.333225
0.38616806,75,424.334056
0.3680762,75,424.357972
0.37345648,75,424.361267
0.37780702,75,424.380311
0.33514786,75,424.381128
0.33237824,75,424.394342
0.33879223,75,424.395318
0.40454593,75,424.396215
0.3985555,75,424.397081
0.33382174,75,424.420002
0.37840834,75,424.423442
0.34836495,75,424.44223
0.37579834,75,424.443015
0.31463155,75,424.456376
0.35256183,75,424.457257
0.3271311,75,424.458082
0.3800807,75,424.458848
0.38931972,75,424.48229
0.37351915,75,424.485635
0.33182088,75,424.504556
0.40785408,75,424.505455
0.34483567,75,424.518688
0.39104015,75,424.519652
0.36265162,75,424.520568
0.3873841,75,424.521401
0.37252483,75,424.544699
0.3907664,75,424.548086
0.35184592,75,424.567406
0.3239883,75,424.568228
0.3392055,75,424.581465
0.34321088,75,424.582311
0.37803647,75,424.583167
0.4061557,75,424.583968
0.33395916,75,424.607014
0.39163643,75,424.610328
0.3248184,75,424.629138
0.39554384,75,424.629945
0.37205243,75,424.642719
0.29442996,75,424.643684
0.38910016,75,424.644617
0.3639861,75,424.645471
0.39906582,75,424.669212
0.3955887,75,424.672648
0.36071566,75,424.692299
0.37148836,75,424.693276
0.39187855,75,424.706712
0.37655032,75,424.707641
0.3872026,75,424.708616
0.36817822,75,424.709425
0.35405326,75,424.733555
0.38569286,75,424.736957
0.36492625,75,424.756421
0.36575112,75,424.757327
0.3953211,75,424.770762
0.4220448,75,424.771616
0.3482222,75,424.772583
0.3748755,75,424.773498
0.3386082,75,424.798085
0.38524735,75,424.801369
0.37625688,75,424.820661
0.39802462,75,424.821615
0.33317798,75,424.834864
0.34955034,75,424.835755
0.34657317,75,424.836633
0.36509848,75,424.837503
0.37340847,75,424.860751
0.38554123,75,424.863969
0.37952274,75,424.883251
0.34662375,75,424.884249
0.35034555,75,424.898014
0.388104,75,424.898924
0.34712753,75,424.899727
0.38159207,75,424.900486
0.34587142,75,424.923743
0.34009108,75,424.927007
0.38916573,75,424.945734
0.41309175,75,424.946596
0.3361184,75,424.959992
0.33347425,75,424.960791
0.4093006,75,424.961755
0.3243839,75,424.962574
0.38749215,75,424.985923
0.38190377,75,424.989186
0.34007242,75,425.008062
0.38651922,75,425.008949
0.4153506,75,425.02177
0.3793549,75,425.022633
0.36801535,75,425.023431
0.39333054,75,425.024254
0.303193,75,425.046889
0.3676059,75,425.050403
0.41971388,75,425.069178
0.3704483,75,425.070082
0.3726107,75,425.083555
0.2919832,75,425.084507
0.34517047,75,425.085449
0.40651882,75,425.086427
0.3906442,75,425.109154
0.32062668,75,425.112703
0.33204228,75,425.131702
0.3583361,75,425.13259
0.35915563,75,425.145681
0.389449,75,425.146533
0.34604675,75,425.147459
0.35398078,75,425.14839
0.40320075,75,425.171493
0.39648002,75,425.174965
0.31142586,75,425.193839
0.3571952,75,425.194695
0.3841601,75,425.20807
0.35225862,75,425.208907
0.3602575,75,425.209786
0.38764197,75,425.210562
0.32891256,75,425.233825
0.38252527,75,425.237001
0.37833017,75,425.256182
0.34924653,75,425.257066
0.3810914,75,425.269833
0.35804412,75,425.27071
0.31878886,75,425.271668
0.30771172,75,425.272606
0.38153964,75,425.296133
0.31872848,75,425.299665
0.3364638,75,425.318269
0.32761538,75,425.319084
0.36400673,75,425.332085
0.3097682,75,425.33297
0.34739646,75,425.333822
0.3078227,75,425.334597
0.32164964,75,425.357739
0.351476,75,425.360956
0.3417992,75,425.379475
0.35812044,75,425.380359
0.340271,75,425.393399
0.37709817,75,425.394382
0.35712343,75,425.395317
0.39268938,75,425.396091
0.32620725,75,425.419496
0.3628239,75,425.422727
0.34382567,75,425.44094
0.3680061,75,425.441892
0.37191617,75,425.454893
0.40086752,75,425.455855
0.36283225,75,425.456738
0.36039966,75,425.45759
0.39330634,75,425.480186
0.32109904,75,425.483557
0.33324715,75,425.502455
0.37994772,75,425.503294
0.35651416,75,425.516751
0.35112527,75,425.517603
0.35175705,75,425.518495
0.40277705,75,425.51926
0.3278408,75,425.542608
0.36550617,75,425.54583
0.39479452,75,425.565292
0.39046615,75,425.566176
0.3422747,75,425.579841
0.37777716,75,425.580778
0.3187788,75,425.581602
0.3318382,75,425.582465
0.3337724,75,425.605181
0.37123322,75,425.608479
0.3776239,75,425.627193
0.36313924,75,425.627986
0.37634763,75,425.641007
0.40795317,75,425.641961
0.35285103,75,425.642813
0.36177576,75,425.643729
0.35836414,75,425.666922
0.361473,75,425.670092
0.39497206,75,425.68911
0.35789254,75,425.689964
0.37725824,75,425.703202
0.36169016,75,425.70408
0.37563843,75,425.705
0.3783742,75,425.705862
0.350378,75,425.729108
0.39689812,75,425.732448
0.32488644,75,425.751697
0.37918413,75,425.752565
0.3517805,75,426.493798
0.35055882,75,426.494677
0.33980212,75,426.495586
0.2739054,75,426.496505
0.3691166,75,426.519847
0.3502661,75,426.52321
0.336037,75,426.542041
0.4001735,75,426.542825
0.3581338,75,426.555884
0.33632746,75,426.556758
0.4184312,75,426.557668
0.3835629,75,426.558613
0.3815172,75,426.581723
0.30676958,75,426.585065
0.41005325,75,426.604107
0.35279608,75,426.605008
0.35079554,75,426.618572
0.35165337,75,426.619579
0.351209,75,426.62051
0.37993923,75,426.6214
0.325524,75,426.645436
0.38640144,75,426.648753
0.32099453,75,426.667755
0.41402423,75,426.668535
0.3552304,75,426.681428
0.36880812,75,426.682258
0.3928054,75,426.683134
0.3647758,75,426.684034
0.41126323,75,426.707211
0.40771493,75,426.710567
0.3858264,75,426.729715
0.4169078,75,426.730553
0.38474625,75,426.74362
0.35358974,75,426.744514
0.36095405,75,426.745409
0.3830473,75,426.746193
0.36749652,75,426.769006
0.40294084,75,426.772312
0.35534963,75,426.791612
0.36018506,75,426.792421
0.40114817,75,426.80522
0.36600536,75,426.806106
0.35256597,75,426.806994
0.36731282,75,426.807835
0.35241836,75,426.830783
0.3989524,75,426.834268
0.37493417,75,426.853414
0.3398649,75,426.854202
0.36453456,75,426.867441
0.41200662,75,426.868395
0.34081867,75,426.869251
0.357682,75,426.870118
0.38625485,75,426.893244
0.3487492,75,426.896599
0.41407123,75,426.914952
0.3343781,75,426.91581
0.40727693,75,426.928786
0.3797095,75,426.929697
0.34994403,75,426.930554
0.38197473,75,426.931426
0.36317804,75,426.95485
0.4275881,75,426.958393
0.38171643,75,426.977302
0.35555667,75,426.978196
0.3733771,75,426.991264
0.39122215,75,426.992114
0.39232022,75,426.99303
0.41223896,75,426.993868
0.3707657,75,427.016928
0.3456181,75,427.020284
0.35163802,75,427.038886
0.3855743,75,427.039718
0.3439374,75,427.053078
0.40581876,75,427.053916
0.4126144,75,427.054733
0.3723479,75,427.0556
0.35628608,75,427.078569
0.32839695,75,427.081995
0.4189703,75,427.100882
0.36597008,75,427.10173
0.3359506,75,427.115284
0.3726378,75,427.116185
0.34557492,75,427.117035
0.41569015,75,427.117799
0.38947818,75,427.141234
0.3540524,75,427.144414
0.37857693,75,427.164348
0.35184804,75,427.165285
0.3547401,75,427.178724
0.3681356,75,427.179581
0.35148248,75,427.180519
0.37467617,75,427.181427
0.3606183,75,427.204428
0.38181412,75,427.207871
0.36539817,75,427.227383
0.3843526,75,427.228263
0.33362198,75,427.241689
0.34906378,75,427.242614
0.37450054,75,427.243456
0.3769343,75,427.244326
0.40255404,75,427.269578
0.33522922,75,427.272959
0.34598565,75,427.292892
0.4028453,75,427.293732
0.395022,75,427.307308
0.376377,75,427.308244
0.3924987,75,427.309177
0.41423804,75,427.31002
0.35343277,75,427.333057
0.4063916,75,427.33636
0.37613368,75,427.354934
0.34242293,75,427.355838
0.3666963,75,427.369024
0.3186483,75,427.369849
0.3570122,75,427.370629
0.4014573,75,427.371438
0.34851873,75,427.395037
0.38156635,75,427.39855
0.35586485,75,427.417308
0.3425986,75,427.418171
0.4016508,75,427.431458
0.3619359,75,427.432334
0.33836263,75,427.433179
0.36210233,75,427.433945
0.38929772,75,427.456901
0.35893208,75,427.460082
0.360268,75,427.478884
0.3411678,75,427.479778
0.3922004,75,427.492995
0.37771973,75,427.493861
0.3659818,75,427.494729
0.36111665,75,427.495601
0.37782988,75,427.518926
0.38175207,75,427.522279
0.38701794,75,427.541402
0.32418355,75,427.542254
0.35390905,75,427.555752
0.36157063,75,427.556678
0.3682693,75,427.557579
0.30116466,75,427.558495
0.38317603,75,427.582281
0.3090389,75,427.585472
0.31653297,75,427.604547
0.38686454,75,427.605389
0.3945614,75,427.61847
0.38657826,75,427.619313
0.36213213,75,427.620191
0.35488057,75,427.620963
0.3900001,75,427.644281
0.3968404,75,427.647712
0.4224352,75,427.667346
0.36763942,75,427.668212
0.32109743,75,427.681412
0.38647863,75,427.682368
0.40635446,75,427.683211
0.34586972,75,427.684128
0.3541997,75,427.70795
0.4045394,75,427.711302
0.3668048,75,427.730779
0.3825034,75,427.731665
0.34307802,75,427.744957
0.39990914,75,427.745802
0.3977771,75,427.746644
0.3709977,75,427.747482
0.3543873,75,427.771027
0.44239968,75,427.774375
0.32460344,75,427.793071
0.3878203,75,427.793871
0.34502268,75,427.807263
0.35201073,75,427.808155
0.42750242,75,427.808998
0.3841763,75,427.809802
0.3536951,75,427.833328
0.39824185,75,427.836393
0.2874913,75,427.855594
0.38421306,75,427.856393
0.31031352,75,427.86954
0.3974298,75,427.870452
0.35822853,75,427.87138
0.3906178,75,427.872138
0.38960093,75,427.894957
0.38280198,75,427.898197
0.33463505,75,427.916801
0.39836776,75,427.917596
0.36428714,75,427.930631
0.3599929,75,427.931573
0.36780983,75,427.932413
0.4025964,75,427.93317
0.35565603,75,427.956523
0.37973028,75,427.959883
0.39196837,75,427.978885
0.33708408,75,427.979728
0.40901986,75,427.99273
0.34746498,75,427.99357
0.38575637,75,427.994483
0.38849586,75,427.995325
0.42369235,75,428.018637
0.40151405,75,428.022251
0.37726855,75,428.041316
0.37669608,75,428.042203
0.3655278,75,428.055342
0.37729508,75,428.056287
0.38256186,75,428.05713
0.3988701,75,428.058005
0.4098431,75,428.079989
0.37029767,75,428.083167
0.39451674,75,428.101912
0.3613613,75,428.10272
0.35695428,75,428.116016
0.34856617,75,428.116834
0.3872676,75,428.117653
0.39244008,75,428.11852
0.3537278,75,428.141161
0.37218004,75,428.144209
0.337485,75,428.163011
0.35542566,75,428.163865
0.380871,75,428.177023
0.3575542,75,428.178049
0.40140748,75,428.178927
0.39980555,75,428.179818
0.4188221,75,428.927923
0.39012283,75,428.931301
0.34440953,75,428.950216
0.37723416,75,428.951166
0.33543685,75,428.964467
0.3958826,75,428.965389
0.36928064,75,428.966311
0.36308718,75,428.967173
0.3686353,75,428.99005
0.37391046,75,428.99339
0.4007735,75,429.011789
0.31756043,75,429.012683
0.36214733,75,429.026093
0.35329208,75,429.02693
0.38571185,75,429.027733
0.37475204,75,429.028503
0.32280993,75,429.052024
0.3355401,75,429.055248
0.36393592,75,429.074613
0.37524107,75,429.075443
0.39317185,75,429.08894
0.29802167,75,429.089867
0.35239175,75,429.09077
0.36733615,75,429.091583
0.38366497,75,429.114452
0.40178284,75,429.117791
0.34730968,75,429.136887
0.4026878,75,429.137859
0.3642457,75,429.150936
0.37287834,75,429.15184
0.42732054,75,429.152658
0.3699305,75,429.153524
0.39008802,75,429.176553
0.3555277,75,429.180154
0.3627407,75,429.19887
0.4111963,75,429.199802
0.34319395,75,429.2128
0.40542644,75,429.213619
0.37798867,75,429.214545
0.38828182,75,429.215311
0.369246,75,429.238602
0.3861473,75,429.242003
0.36256796,75,429.261221
0.35326526,75,429.26215
0.34148514,75,429.275194
0.37555516,75,429.276066
0.39217436,75,429.276934
0.36640543,75,429.277765
0.3791404,75,429.300741
0.3613536,75,429.303988
0.39754444,75,429.322756
0.39891833,75,429.323658
0.41152477,75,429.337213
0.3521709,75,429.338059
0.2951302,75,429.338909
0.37048137,75,429.339807
0.3533034,75,429.362774
0.3477753,75,429.366194
0.35885397,75,429.385045
0.39130908,75,429.385901
0.38096493,75,429.39945
0.3528072,75,429.400264
0.39129052,75,429.401044
0.34647915,75,429.401802
0.35096216,75,429.425239
0.38229412,75,429.428575
0.36363083,75,429.448318
0.39591312,75,429.449211
0.36384988,75,429.462209
0.34627327,75,429.463063
0.3763278,75,429.463884
0.34594363,75,429.464765
0.3624774,75,429.48824
0.37135568,75,429.491568
0.34476036,75,429.510415
0.3605765,75,429.511387
0.38738215,75,429.524443
0.36406097,75,429.525349
0.3338265,75,429.526185
0.3278779,75,429.526995
0.35005078,75,429.550025
0.40163594,75,429.55363
0.3870464,75,429.57303
0.4040321,75,429.573957
0.41464576,75,429.587533
0.32346913,75,429.588432
0.33611244,75,429.589301
0.33684114,75,429.590181
0.35850003,75,429.613595
0.3974595,75,429.616785
0.3735425,75,429.636356
0.3688386,75,429.637205
0.36746842,75,429.650976
0.3997534,75,429.651825
0.36919636,75,429.652712
0.33947667,75,429.653615
0.36322287,75,429.677797
0.34996545,75,429.680982
0.38934472,75,429.70065
0.37356266,75,429.701521
0.36681065,75,429.714706
0.36939946,75,429.715509
0.38871723,75,429.716346
0.34993702,75,429.717199
0.42873737,75,429.740181
0.34867063,75,429.743256
0.36102888,75,429.761932
0.33699685,75,429.762796
0.38828704,75,429.776119
0.42066363,75,429.777038
0.3894022,75,429.777958
0.3521217,75,429.778912
0.34815824,75,429.801744
0.3767058,75,429.805152
0.3960819,75,429.824218
0.3441498,75,429.825185
0.44050294,75,429.838363
0.3428816,75,429.839246
0.36865652,75,429.840099
0.35478735,75,429.840924
0.35268953,75,429.863991
0.36180288,75,429.867459
0.31205413,75,429.886395
0.32400355,75,429.887314
0.38532937,75,429.90051
0.34845448,75,429.901339
0.40353572,75,429.902161
0.34761843,75,429.903044
0.3947896,75,429.926351
0.31022578,75,429.929653
0.33358505,75,429.948203
0.32165143,75,429.949061
0.36976537,75,429.962804
0.40491274,75,429.96369
0.38270372,75,429.964568
0.37524408,75,429.96547
0.39728284,75,429.988316
0.37157592,75,429.991582
0.31186277,75,430.010395
0.41063705,75,430.011333
0.39679328,75,430.024786
0.34791917,75,430.025748
0.33225048,75,430.026657
0.3672058,75,430.027498
0.31878933,75,430.050767
0.38907012,75,430.053755
0.32856423,75,430.073398
0.38593358,75,430.074301
0.39875495,75,430.087456
0.39639357,75,430.088241
0.37389332,75,430.089012
0.42163163,75,430.0899
0.36313033,75,430.113691
0.36971676,75,430.117116
0.33760458,75,430.137088
0.36459872,75,430.137949
0.34534135,75,430.151346
0.38258457,75,430.152321
0.3641297,75,430.153283
0.3395583,75,430.154265
0.4009178,75,430.177679
0.36360425,75,430.181036
0.33362344,75,430.199915
0.41248584,75,430.200757
0.40897924,75,430.213727
0.3551633,75,430.214686
0.44249672,75,430.215589
0.39701048,75,430.216466
0.36205155,75,430.239756
0.38311297,75,430.243188
0.41426197,75,430.262185
0.3451986,75,430.263103
0.35821503,75,430.276555
0.39852723,75,430.277326
0.39405692,75,430.278099
0.36947563,75,430.278938
0.42110243,75,430.302262
0.38828915,75,430.305478
0.32410523,75,430.324019
0.41356847,75,430.324867
0.3951704,75,430.338341
0.38812175,75,430.339268
0.3731077,75,430.34017
0.41226497,75,430.341038
0.41555023,75,430.364383
0.39295995,75,430.367829
0.37591112,75,430.387127
0.3739501,75,430.388165
0.39160883,75,430.402191
0.33617112,75,430.403085
0.37761065,75,430.403947
0.38047612,75,430.404916
0.40568137,75,430.427864
0.35904127,75,430.431394
0.4087799,75,430.450722
0.360479,75,430.45156
0.37995073,75,430.465429
0.37817982,75,430.466384
0.34526604,75,430.467231
0.31753874,75,430.468089
0.31899023,75,430.490196
0.39408147,75,430.493287
0.37315995,75,430.519853
0.37544075,75,430.52077
0.40377674,75,430.537873
0.337743,75,430.540457
0.40663636,75,430.541961
0.35100588,75,430.543173
0.35618967,75,430.570888
0.31243104,75,430.574629
0.37004495,75,430.596864
0.3638787,75,430.597768
0.33679163,75,430.611782
0.33849096,75,430.612662
0.3215802,75,430.613466
0.37009013,75,430.614327
0.39279863,75,430.63889
0.38474354,75,430.642182
0.35970178,75,431.407528
0.3847481,75,431.408609
0.36282,75,431.423394
0.38321066,75,431.424498
0.36793876,75,431.425463
0.38008192,75,431.426247
0.37117568,75,431.451373
0.43155617,75,431.454842
0.39145175,75,431.47615
0.36641452,75,431.477003
0.42778248,75,431.492132
0.382624,75,431.492963
0.39797804,75,431.493871
0.3456811,75,431.494734
0.3482406,75,431.519481
0.35663697,75,431.523205
0.37974414,75,431.54418
0.38962746,75,431.545101
0.35201398,75,431.560138
0.32631195,75,431.560981
0.4325375,75,431.561881
0.37141356,75,431.562793
0.3540249,75,431.587843
0.32434586,75,431.591461
0.36048403,75,431.61167
0.37088037,75,431.612577
0.36394554,75,431.627175
0.37546286,75,431.628183
0.40144524,75,431.629072
0.32824525,75,431.629963
0.28307512,75,431.654055
0.37787548,75,431.657603
0.36911136,75,431.678589
0.33446285,75,431.679579
0.41775915,75,431.694107
0.35813653,75,431.694954
0.3882172,75,431.695794
0.34782246,75,431.696652
0.36947662,75,431.720702
0.40043575,75,431.724202
0.40605152,75,431.744641
0.32836032,75,431.745532
0.337313,75,431.759391
0.354972,75,431.760228
0.33900565,75,431.761116
0.4133912,75,431.761984
0.37428322,75,431.786492
0.34059897,75,431.789847
0.38444066,75,431.810385
0.3592828,75,431.811314
0.36427075,75,431.826365
0.39239043,75,431.827229
0.32761326,75,431.828165
0.4071495,75,431.829033
0.38431895,75,431.853152
0.3340168,75,431.85641
0.34883517,75,431.877189
0.36256725,75,431.878052
0.3612371,75,431.89226
0.35838276,75,431.893136
0.35673872,75,431.893995
0.39123052,75,431.894841
0.3935308,75,431.918896
0.34554872,75,431.922515
0.33741787,75,431.942319
0.32952362,75,431.943164
0.332935,75,431.956964
0.3351481,75,431.957969
0.3701688,75,431.958813
0.35858932,75,431.959581
0.36573413,75,431.984172
0.34563273,75,431.987777
0.3679235,75,432.00848
0.36657986,75,432.009368
0.36250645,75,432.023763
0.41301703,75,432.024715
0.34177008,75,432.025712
0.3991317,75,432.026531
0.4251041,75,432.05064
0.4159675,75,432.05408
0.36805665,75,432.074815
0.37049395,75,432.075635
0.35201573,75,432.089651
0.33653188,75,432.090652
0.40921852,75,432.091507
0.36675164,75,432.092442
0.37991172,75,432.116554
0.33932835,75,432.119871
0.35295177,75,432.139487
0.37027588,75,432.140389
0.39770827,75,432.153323
0.42405757,75,432.154178
0.38517654,75,432.155055
0.394949,75,432.155818
0.37475574,75,432.179766
0.3728831,75,432.183232
0.4123831,75,432.202833
0.3225367,75,432.203725
0.36210027,75,432.216802
0.3947386,75,432.217696
0.36849248,75,432.218565
0.35199022,75,432.219507
0.38730457,75,432.242593
0.36841628,75,432.246197
0.3797019,75,432.265067
0.3817306,75,432.265938
0.3472738,75,432.277731
0.36501843,75,432.278598
0.34109896,75,432.279516
0.34543222,75,432.280406
0.37024269,75,432.303631
0.35619769,75,432.306856
0.39472964,75,432.326128
0.33720213,75,432.326992
0.38235986,75,432.340548
0.37987083,75,432.341356
0.36487615,75,432.342183
0.3838924,75,432.342983
0.37632495,75,432.366158
0.3847667,75,432.369335
0.3600433,75,432.388466
0.33801082,75,432.389312
0.41786075,75,432.402611
0.38970187,75,432.403473
0.3239705,75,432.404331
0.3921553,75,432.405217
0.41773555,75,432.428914
0.40558586,75,432.432303
0.37174863,75,432.451352
0.43087965,75,432.452211
0.34757403,75,432.465241
0.36913732,75,432.466215
0.39436626,75,432.467084
0.40598145,75,432.467943
0.3783179,75,432.490954
0.36164623,75,432.49424
0.3621027,75,432.512884
0.39851624,75,432.513858
0.32370758,75,432.527239
0.34218222,75,432.528177
0.36810654,75,432.529021
0.42207596,75,432.529865
0.42178234,75,432.553145
0.33202264,75,432.55644
0.4048577,75,432.575372
0.3919314,75,432.576286
0.36386696,75,432.589558
0.37570336,75,432.590513
0.34971848,75,432.591412
0.41824016,75,432.592279
0.34535205,75,432.615579
0.35412565,75,432.619044
0.3975693,75,432.638453
0.33011684,75,432.639372
0.41240183,75,432.653177
0.3371612,75,432.654069
0.38187593,75,432.654928
0.38105255,75,432.655851
0.34178847,75,432.680248
0.38201907,75,432.683631
0.35542876,75,432.703002
0.3986785,75,432.703953
0.38766143,75,432.717413
0.3358317,75,432.718265
0.3556959,75,432.719122
0.41500515,75,432.719983
0.3405806,75,432.743011
0.35413694,75,432.746112
0.35761973,75,432.765468
0.3889778,75,432.766323
0.39139897,75,432.77967
0.37657312,75,432.780557
0.4025543,75,432.781337
0.31749707,75,432.782194
0.39308107,75,432.805427
0.3761585,75,432.808595
0.35663944,75,432.827569
0.33174103,75,432.828446
0.3997928,75,432.84187
0.3847913,75,432.84268
0.35992888,75,432.843564
0.3645956,75,432.844444
0.35117432,75,432.868385
0.38083258,75,432.8719
0.35494328,75,432.891549
0.39193803,75,432.892458
0.2920077,75,432.905634
0.33367103,75,432.906603
0.36103866,75,432.90755
0.3407151,75,432.908453
0.3864984,75,432.931917
0.3286223,75,432.935256
0.36683154,75,432.954369
0.31041336,75,432.955309
0.33775645,75,432.968747
0.3935789,75,432.969568
0.353861,75,432.970461
0.3553306,75,432.971355
0.33943212,75,432.994808
0.3902455,75,432.998166
0.3763549,75,433.017297
0.3728644,75,433.018295
0.408025,75,433.031268
0.3878633,75,433.032193
0.37044296,75,433.033052
0.3729986,75,433.033926
0.34052065,75,433.056926
0.3890296,75,433.060228
0.37560076,75,433.079437
0.40269458,75,433.080343
0.29814076,75,433.094076
0.36247617,75,433.09498
0.42057392,75,433.095908
0.321102,75,433.096858
0.37292826,75,433.12069
0.38631335,75,433.124022
0.33058515,75,433.143166
0.40614867,75,433.143997
0.39119107,75,433.872753
0.39461002,75,433.873622
0.3464616,75,433.874577
0.4170724,75,433.875464
0.3463797,75,433.898902
0.38113764,75,433.902248
0.37011343,75,433.921406
0.3459397,75,433.922335
0.32865366,75,433.935849
0.41514733,75,433.936815
0.3504408,75,433.937825
0.39493254,75,433.938747
0.3982161,75,433.962906
0.3355863,75,433.966215
0.34893754,75,433.98572
0.38020802,75,433.986531
0.37290314,75,434.000383
0.3487532,75,434.001275
0.38294873,75,434.002089
0.32474372,75,434.002855
0.3535833,75,434.026012
0.374932,75,434.029146
0.3138739,75,434.048391
0.38247246,75,434.049289
0.40276325,75,434.063071
0.40023768,75,434.063962
0.37729242,75,434.064914
0.3330765,75,434.065706
0.37040532,75,434.089553
0.33508128,75,434.093032
0.40139562,75,434.11279
0.35100618,75,434.113775
0.40353498,75,434.12821
0.34876755,75,434.129178
0.36032096,75,434.130128
0.33927888,75,434.131036
0.42688498,75,434.155304
0.3422325,75,434.159084
0.3925292,75,434.178925
0.30801654,75,434.179783
0.3823587,75,434.194147
0.32873622,75,434.195053
0.40140733,75,434.195903
0.40501553,75,434.196681
0.41370735,75,434.220791
0.38199544,75,434.224451
0.40254906,75,434.243891
0.36750293,75,434.244875
0.3389267,75,434.258991
0.3787577,75,434.259953
0.43242037,75,434.26095
0.39248693,75,434.261939
0.36005414,75,434.285795
0.40047592,75,434.289572
0.39175153,75,434.308735
0.381295,75,434.309553
0.38273412,75,434.322879
0.42358372,75,434.32379
0.35701084,75,434.324634
0.39286405,75,434.325488
0.3541957,75,434.348339
0.39582917,75,434.351914
0.33336964,75,434.371331
0.37038136,75,434.372294
0.3674435,75,434.386072
0.33442923,75,434.387015
0.2988733,75,434.387877
0.2964684,75,434.388745
0.37830374,75,434.413698
0.3734586,75,434.417188
0.37823415,75,434.437468
0.3593198,75,434.438542
0.3992724,75,434.452085
0.33602053,75,434.452995
0.35758793,75,434.453821
0.35605612,75,434.454587
0.3892905,75,434.478598
0.36606258,75,434.481855
0.37561956,75,434.501582
0.34558883,75,434.502494
0.3273349,75,434.516562
0.39615688,75,434.517449
0.38382226,75,434.518267
0.39936858,75,434.519216
0.3497294,75,434.544662
0.36540148,75,434.548265
0.33358055,75,434.569411
0.3399415,75,434.570333
0.3884495,75,434.584693
0.3955667,75,434.585742
0.40154678,75,434.586705
0.35213786,75,434.587501
0.32821488,75,434.612588
0.34990776,75,434.616086
0.3458146,75,434.636434
0.3787368,75,434.637358
0.41980222,75,434.651325
0.36271352,75,434.652127
0.34227687,75,434.653053
0.33517122,75,434.653866
0.33438072,75,434.678086
0.40278673,75,434.681415
0.40559188,75,434.701081
0.3446492,75,434.702063
0.38483727,75,434.716171
0.40302777,75,434.717183
0.3856462,75,434.718008
0.36623827,75,434.718987
0.37048155,75,434.744278
0.3525997,75,434.747627
0.3225601,75,434.767214
0.38082686,75,434.768131
0.32968777,75,434.781604
0.35659304,75,434.782542
0.38085216,75,434.783618
0.39300862,75,434.784575
0.3591996,75,434.809723
0.40321308,75,434.813069
0.3694769,75,434.832992
0.39781448,75,434.833831
0.33787912,75,434.847655
0.38051867,75,434.848756
0.3689251,75,434.849709
0.3516586,75,434.850503
0.3845144,75,434.874739
0.35217842,75,434.877832
0.3306615,75,434.897736
0.36772338,75,434.898757
0.3716663,75,434.912172
0.38046402,75,434.913104
0.40070462,75,434.914014
0.3326831,75,434.914922
0.32131478,75,434.937878
0.32475734,75,434.941211
0.37012875,75,434.960301
0.39153114,75,434.961165
0.38649297,75,434.974202
0.3672716,75,434.975099
0.3359726,75,434.975877
0.33619463,75,434.976751
0.43094268,75,435.000241
0.40255395,75,435.003482
0.31596518,75,435.022449
0.3601785,75,435.023333
0.38881674,75,435.03615
0.38638955,75,435.036929
0.33970422,75,435.037722
0.3501883,75,435.038521
0.36290306,75,435.062483
0.3709537,75,435.065791
0.37531075,75,435.084756
0.35779175,75,435.085741
0.3449988,75,435.098881
0.36792922,75,435.099774
0.35044867,75,435.100644
0.35068324,75,435.101524
0.36620596,75,435.124803
0.38072115,75,435.128055
0.35945192,75,435.146795
0.3848595,75,435.14769
0.3615125,75,435.161162
0.41192648,75,435.162051
0.3657964,75,435.162921
0.35649323,75,435.163753
0.3547523,75,435.186812
0.357843,75,435.189968
0.32388186,75,435.208646
0.3543967,75,435.209507
0.34753507,75,435.223216
0.39916885,75,435.224131
0.40631297,75,435.225051
0.32237798,75,435.225959
0.37995696,75,435.249281
0.32995284,75,435.252755
0.37053356,75,435.271922
0.40291885,75,435.272737
0.342687,75,435.285867
0.39407784,75,435.286902
0.35592797,75,435.28777
0.35168922,75,435.288645
0.34363315,75,435.312128
0.36307824,75,435.315738
0.3580471,75,435.335049
0.37480423,75,435.335975
0.37718266,75,435.349111
0.35291076,75,435.35
0.31398472,75,435.350943
0.37152937,75,435.351774
0.35598812,75,435.375519
0.35440063,75,435.378869
0.3923544,75,435.397689
0.35329306,75,435.398575
0.34140623,75,435.411803
0.35687202,75,435.412712
0.39466414,75,435.413599
0.3792778,75,435.414417
0.38335806,75,435.438066
0.36027482,75,435.441389
0.40116292,75,435.460013
0.35008165,75,435.460904
0.35827184,75,435.474183
0.37754786,75,435.474979
0.3823393,75,435.475785
0.36791715,75,435.47659
0.36356464,75,435.499956
0.35957378,75,435.503086
0.38141796,75,435.522347
0.3498847,75,435.523267
0.3716687,75,435.536781
0.37406644,75,435.5376
0.34711,75,435.538476
0.33023953,75,435.539353
0.37556052,75,435.56246
0.40378362,75,435.565899
0.34668785,75,435.58465
0.41286826,75,435.585473
0.3012519,75,435.598832
0.3801151,75,435.599652
0.3039217,75,435.60056
0.34585324,75,435.601433
0.3818647,75,436.342344
0.3388778,75,436.3457
0.37069649,75,436.365332
0.31172806,75,436.366215
0.37411147,75,436.379589
0.35757735,75,436.380474
0.3968385,75,436.381426
0.36551493,75,436.38232
0.39033827,75,436.405303
0.35634515,75,436.408557
0.3348762,75,436.428066
0.4084188,75,436.428985
0.32811493,75,436.442315
0.3299707,75,436.443151
0.35704598,75,436.444078
0.32656994,75,436.44493
0.32705262,75,436.470065
0.37247896,75,436.473753
0.41628075,75,436.49339
0.3632661,75,436.494255
0.35898742,75,436.507572
0.37189278,75,436.508461
0.34315696,75,436.509329
0.32643172,75,436.510146
0.36544076,75,436.533017
0.363423,75,436.536272
0.37535205,75,436.554983
0.39407435,75,436.555881
0.32362032,75,436.569018
0.33031562,75,436.569907
0.3884587,75,436.570795
0.38194475,75,436.571691
0.3276212,75,436.594904
0.3445121,75,436.598306
0.37921035,75,436.617357
0.3608676,75,436.618234
0.35359532,75,436.631479
0.32810944,75,436.632351
0.33122325,75,436.633279
0.36499023,75,436.634041
0.36253643,75,436.657072
0.3500204,75,436.660336
0.38215888,75,436.679484
0.34524992,75,436.680361
0.39280912,75,436.693875
0.34512195,75,436.694803
0.36575875,75,436.695635
0.3875695,75,436.696387
0.373967,75,436.719762
0.36719066,75,436.723212
0.3231147,75,436.742503
0.36324632,75,436.743368
0.36413193,75,436.756733
0.42415616,75,436.757665
0.33407485,75,436.758557
0.31554657,75,436.759431
0.34822282,75,436.782741
0.38808265,75,436.786013
0.36897507,75,436.805087
0.31159315,75,436.805989
0.37573045,75,436.818774
0.30486158,75,436.819678
0.3230605,75,436.820553
0.39352024,75,436.821374
0.40745395,75,436.844835
0.3559644,75,436.848107
0.4092852,75,436.866721
0.41680035,75,436.867521
0.34549004,75,436.880663
0.34590268,75,436.881683
0.3420776,75,436.882581
0.3490789,75,436.883507
0.36454996,75,436.906319
0.37969425,75,436.909814
0.40043396,75,436.92893
0.35757145,75,436.929917
0.34831226,75,436.943231
0.39628297,75,436.944088
0.35029167,75,436.944898
0.41021836,75,436.945653
0.35074168,75,436.969857
0.3758913,75,436.97349
0.36449724,75,436.993215
0.39604175,75,436.994074
0.3481811,75,437.007335
0.37350973,75,437.008186
0.42570344,75,437.009059
0.3596451,75,437.009955
0.30797425,75,437.034027
0.36208612,75,437.037561
0.38994431,75,437.057508
0.3445194,75,437.058431
0.35184586,75,437.072154
0.3829536,75,437.073086
0.40138704,75,437.07389
0.40777028,75,437.074668
0.37469962,75,437.098371
0.3433436,75,437.101581
0.34350473,75,437.120511
0.35828355,75,437.121431
0.36904478,75,437.134726
0.40574095,75,437.135511
0.39033335,75,437.136438
0.38714203,75,437.137262
0.39257175,75,437.160529
0.38638088,75,437.16383
0.3896098,75,437.182938
0.32522076,75,437.183766
0.40878063,75,437.197048
0.34424883,75,437.197903
0.35628223,75,437.198789
0.36693,75,437.199702
0.35367367,75,437.223007
0.3465942,75,437.226411
0.33049306,75,437.24562
0.3401003,75,437.246525
0.38209683,75,437.259538
0.34638536,75,437.260477
0.35567078,75,437.261436
0.3093529,75,437.262227
0.33046278,75,437.285422
0.36277342,75,437.288942
0.37168327,75,437.307901
0.4000694,75,437.308791
0.37561104,75,437.322072
0.37234294,75,437.322995
0.32881597,75,437.323851
0.39374566,75,437.324679
0.40685368,75,437.347697
0.31711164,75,437.351196
0.3372538,75,437.370287
0.4000351,75,437.371136
0.36615825,75,437.38427
0.3645565,75,437.385097
0.37608317,75,437.385934
0.40650398,75,437.386768
0.3819037,75,437.409695
0.39255866,75,437.412885
0.37429208,75,437.432165
0.38758552,75,437.433017
0.35760292,75,437.446217
0.41617352,75,437.447123
0.3983177,75,437.448023
0.33332416,75,437.448868
0.4136008,75,437.472022
0.3898421,75,437.475366
0.39145684,75,437.494554
0.40987244,75,437.495521
0.32366225,75,437.508589
0.3805275,75,437.509449
0.3770143,75,437.510307
0.39740628,75,437.511281
0.32326245,75,437.533892
0.404864,75,437.536971
0.33683178,75,437.555704
0.38873616,75,437.556572
0.3150041,75,437.569704
0.42185456,75,437.570541
0.40629098,75,437.571424
0.4145872,75,437.572291
0.36048242,75,437.595361
0.33092716,75,437.598644
0.35314026,75,437.617373
0.36880517,75,437.618256
0.36148062,75,437.631361
0.37297657,75,437.63227
0.38193414,75,437.633073
0.34415868,75,437.63394
0.32887244,75,437.656859
0.378623,75,437.660227
0.37351727,75,437.678875
0.3509659,75,437.679801
0.2994452,75,437.69303
0.339253,75,437.693853
0.31043568,75,437.694756
0.3294927,75,437.695533
0.4280327,75,437.718522
0.36431265,75,437.72189
0.4043132,75,437.741205
0.4151944,75,437.742072
0.32726222,75,437.755416
0.36216038,75,437.7563
0.38700074,75,437.757215
0.36950827,75,437.758072
0.30610234,75,437.781018
0.32539463,75,437.784526
0.41560233,75,437.803495
0.35771966,75,437.804393
0.32107505,75,437.817335
0.3565087,75,437.818173
0.3690297,75,437.819015
0.37006873,75,437.819778
0.3574698,75,437.842865
0.39526215,75,437.846197
0.3785923,75,437.864918
0.34421185,75,437.865832
0.39150319,75,437.878711
0.40900224,75,437.87962
0.39306742,75,437.880515
0.38469195,75,437.881419
0.35798445,75,437.904948
0.36868852,75,437.908468
0.40198833,75,437.9271
0.38185072,75,437.928072
0.4214829,75,437.941301
0.38050643,75,437.942186
0.3300579,75,437.943001
0.30117837,75,437.943843
0.31607413,75,437.967306
0.40457332,75,437.970561
0.38042265,75,437.990425
0.33766034,75,437.991388
0.3413688,75,438.004811
0.38738576,75,438.005674
0.41058362,75,438.00656
0.35846773,75,438.007479
0.3468584,75,438.031027
0.37754905,75,438.777993
0.38164768,75,438.798086
0.33998466,75,438.798934
0.35456374,75,438.811649
0.33883634,75,438.812551
0.34713688,75,438.813491
0.38344887,75,438.814373
0.37915823,75,438.837982
0.38597852,75,438.841496
0.3870716,75,438.860986
0.39062542,75,438.861858
0.3243072,75,438.875378
0.38261002,75,438.87616
0.36504903,75,438.876977
0.3741928,75,438.87781
0.38872692,75,438.900977
0.37837005,75,438.904448
0.40894336,75,438.923806
0.34350526,75,438.924628
0.35369527,75,438.937762
0.41960782,75,438.9387
0.38843152,75,438.939627
0.32594255,75,438.940416
0.36506972,75,438.963833
0.3907491,75,438.967266
0.36541244,75,438.985726
0.41037822,75,438.986593
0.3477061,75,438.999733
0.31856278,75,439.000705
0.40550375,75,439.001508
0.35295975,75,439.002378
0.33290294,75,439.025864
0.34985867,75,439.02919
0.41363424,75,439.048134
0.35925078,75,439.04904
0.3874566,75,439.062147
0.37380058,75,439.063012
0.41212857,75,439.063875
0.39044648,75,439.064777
0.4174283,75,439.088361
0.3664464,75,439.091758
0.3583863,75,439.110546
0.40459415,75,439.111416
0.36889675,75,439.124037
0.4006914,75,439.124868
0.36240616,75,439.12569
0.41355494,75,439.126551
0.42066044,75,439.148464
0.3985968,75,439.151608
0.40286493,75,439.169663
0.35959697,75,439.170511
0.43019,75,439.183198
0.35091907,75,439.184079
0.42533216,75,439.184905
0.3602071,75,439.185724
0.4188471,75,439.207644
0.3839478,75,439.210689
0.36677667,75,439.229618
0.40802214,75,439.230548
0.36076427,75,439.243929
0.41766956,75,439.244749
0.41149363,75,439.245688
0.38162738,75,439.246564
0.335152,75,439.270782
0.3606205,75,439.274064
0.39816657,75,439.294333
0.36731067,75,439.295236
0.3507663,75,439.309187
0.33980572,75,439.310078
0.41308075,75,439.311043
0.39887905,75,439.311992
0.39449808,75,439.335851
0.3548189,75,439.339412
0.34549698,75,439.359224
0.39924154,75,439.360121
0.37965986,75,439.374113
0.41956356,75,439.374987
0.3435727,75,439.375803
0.4107007,75,439.376699
0.39926347,75,439.401174
0.36940855,75,439.404701
0.37238562,75,439.425065
0.3470057,75,439.426119
0.4117108,75,439.439239
0.4036944,75,439.440056
0.37602153,75,439.440927
0.38508344,75,439.44177
0.35353258,75,439.463549
0.400292,75,439.466748
0.32668015,75,439.484113
0.33398184,75,439.48492
0.35232526,75,439.498667
0.40255937,75,439.499629
0.3850525,75,439.500524
0.3539565,75,439.501398
0.3099522,75,439.52372
0.35991126,75,439.526933
0.4142796,75,439.544394
0.410985,75,439.545195
0.3396532,75,439.556827
0.34618148,75,439.557593
0.3686436,75,439.558437
0.35772878,75,439.55925
0.34016865,75,439.57949
0.37309784,75,439.582877
0.36217153,75,439.599318
0.3902737,75,439.600138
0.32206067,75,439.61175
0.38220713,75,439.612535
0.3962615,75,439.613296
0.32472438,75,439.614029
0.3483981,75,439.634879
0.3508598,75,439.637768
0.41124752,75,439.654557
0.43374515,75,439.655312
0.35313952,75,439.666895
0.39834517,75,439.667641
0.38132212,75,439.668379
0.3964879,75,439.669116
0.33611095,75,439.689531
0.3636295,75,439.692549
0.30928668,75,439.709315
0.39208472,75,439.710085
0.32781792,75,439.721927
0.3495174,75,439.722704
0.38114476,75,439.723444
0.34807882,75,439.724209
0.35940635,75,439.74446
0.41175142,75,439.747345
0.37410176,75,439.763946
0.37253457,75,439.764718
0.3458116,75,439.776339
0.39725623,75,439.777105
0.37517762,75,439.777895
0.41123044,75,439.778707
0.3586226,75,439.798905
0.33627233,75,439.801809
0.3526546,75,439.8184
0.35344738,75,439.819206
0.36826736,75,439.830874
0.35112646,75,439.831643
0.3449773,75,439.832404
0.35726386,75,439.833158
0.33223033,75,439.853551
0.40539703,75,439.856455
0.41363102,75,439.872999
0.3751313,75,439.873779
0.38906246,75,439.885373
0.36551884,75,439.886204
0.37296766,75,439.88705
0.37134773,75,439.887823
0.3750057,75,439.907974
0.3347481,75,439.910944
0.35241038,75,439.92775
0.41819057,75,439.928497
0.3791865,75,439.940243
0.38129675,75,439.94102
0.35632065,75,439.941758
0.3628597,75,439.942501
0.3573919,75,439.962939
0.36393857,75,439.965882
0.37220085,75,439.982502
0.39142966,75,439.983305
0.3558464,75,439.994738
0.35276353,75,439.995491
0.33603975,75,439.996262
0.38718656,75,439.996983
0.39276162,75,440.017315
0.32055655,75,440.020241
0.4062093,75,440.03689
0.40955755,75,440.037663
0.36995843,75,440.049204
0.35387683,75,440.050041
0.3440724,75,440.050831
0.39429557,75,440.051562
0.39742988,75,440.071696
0.39155206,75,440.074615
0.32435185,75,440.091151
0.35277325,75,440.091919
0.3378541,75,440.103258
0.41473478,75,440.104043
0.38373405,75,440.104788
0.3365283,75,440.105559
0.38806108,75,440.125842
0.33883533,75,440.128733
0.32590064,75,440.145356
0.36871138,75,440.14611
0.37628686,75,440.157789
0.32924813,75,440.158601
0.39774072,75,440.159371
0.36018336,75,440.160101
0.3096902,75,440.180337
0.34592608,75,440.18323
0.36886978,75,440.199753
0.36049795,75,440.200529
0.39778566,75,440.212003
0.33647814,75,440.212772
0.39598376,75,440.213499
0.32478473,75,440.214274
0.39727286,75,440.234548
0.35634404,75,440.237544
0.30523837,75,440.254161
0.35180527,75,440.254913
0.4049162,75,440.266346
0.39937145,75,440.267109
0.39116588,75,440.267858
0.33474645,75,440.268595
0.35129818,75,440.288941
0.37701866,75,440.291847
0.37665406,75,440.308401
0.3385221,75,440.30918
0.40106523,75,440.320774
0.39051697,75,440.321532
0.39199048,75,440.322288
0.35519487,75,440.323035
0.31102824,75,440.343229
0.34697816,75,440.346084
0.41213757,75,440.982758
0.43353146,75,440.98372
0.3308701,75,440.996367
0.34114712,75,440.9972
0.332953,75,440.998019
0.32923946,75,440.998788
0.40690425,75,441.019309
0.40006045,75,441.022349
0.35636684,75,441.039965
0.33074284,75,441.040816
0.34108207,75,441.052661
0.35968953,75,441.053422
0.31157884,75,441.054196
0.3740702,75,441.054936
0.4203926,75,441.075152
0.3511524,75,441.078085
0.36461696,75,441.09471
0.3618848,75,441.095482
0.3676417,75,441.107113
0.40514082,75,441.107889
0.33920506,75,441.108676
0.38736156,75,441.109413
0.37018797,75,441.129603
0.41970262,75,441.132465
0.35818422,75,441.149007
0.3251729,75,441.149796
0.39327013,75,441.16137
0.3283383,75,441.162114
0.3579697,75,441.162854
0.34968492,75,441.163603
0.4347892,75,441.183799
0.31800744,75,441.186769
0.34626752,75,441.203615
0.39221463,75,441.204379
0.37740046,75,441.215944
0.4015267,75,441.216748
0.39855596,75,441.217552
0.33264703,75,441.218345
0.3802082,75,441.238977
0.29246572,75,441.241936
0.38299328,75,441.258745
0.3930663,75,441.259564
0.36750337,75,441.271627
0.33830535,75,441.272439
0.390084,75,441.273226
0.34876812,75,441.273999
0.37615418,75,441.294748
0.34915727,75,441.298063
0.38725778,75,441.315497
0.3570989,75,441.316312
0.36040494,75,441.327945
0.32023725,75,441.328749
0.397915,75,441.329583
0.35351047,75,441.330331
0.35366482,75,441.350805
0.3536653,75,441.35381
0.38532168,75,441.370495
0.32606176,75,441.371253
0.36288384,75,441.382933
0.3411641,75,441.383743
0.3349693,75,441.384524
0.30381972,75,441.385265
0.4108986,75,441.406637
0.3062931,75,441.40992
0.3333538,75,441.427186
0.40394926,75,441.428005
0.33864042,75,441.440931
0.30626562,75,441.441807
0.3786277,75,441.442629
0.39701742,75,441.443379
0.42752916,75,441.46588
0.35128853,75,441.468869
0.39134604,75,441.486098
0.38969296,75,441.486906
0.31035984,75,441.499679
0.4031784,75,441.500617
0.38916972,75,441.501479
0.3573245,75,441.502288
0.39504743,75,441.523667
0.35554,75,441.52667
0.4199064,75,441.544628
0.34259316,75,441.545434
0.37070337,75,441.557403
0.38894707,75,441.558237
0.3717085,75,441.559024
0.4205635,75,441.559768
0.3546717,75,441.581182
0.38815808,75,441.584145
0.3170152,75,441.601461
0.3390545,75,441.602245
0.3369944,75,441.614306
0.4112667,75,441.615104
0.42557296,75,441.615918
0.35271648,75,441.61669
0.39316767,75,441.63822
0.38527358,75,441.64138
0.36290407,75,441.658702
0.3706955,75,441.659547
0.42689735,75,441.67152
0.3890299,75,441.672339
0.3216355,75,441.673169
0.34112495,75,441.673934
0.3307054,75,441.69554
0.40553945,75,441.698519
0.31549743,75,441.716216
0.3787992,75,441.717033
0.32980642,75,441.729951
0.36033058,75,441.73075
0.38470224,75,441.731543
0.3756665,75,441.732373
0.4034326,75,441.754256
0.37433645,75,441.75777
0.3589033,75,441.776121
0.3296802,75,441.776949
0.3683295,75,441.789846
0.39301375,75,441.790703
0.35471374,75,441.791493
0.37453493,75,441.79244
0.34281418,75,441.815444
0.35375005,75,441.819287
0.30176118,75,441.83763
0.32853764,75,441.83845
0.3565407,75,441.851368
0.38625085,75,441.852242
0.34540838,75,441.853203
0.42844307,75,441.854148
0.37665153,75,441.877027
0.4022312,75,441.880192
0.36292547,75,441.898803
0.34596312,75,441.899723
0.34816062,75,441.912623
0.3708678,75,441.913528
0.3169674,75,441.914329
0.39371845,75,441.915096
0.35217902,75,441.937388
0.3460725,75,441.940394
0.40784386,75,441.958685
0.41202164,75,441.959492
0.3864016,75,441.971804
0.32340735,75,441.972606
0.39259887,75,441.973391
0.41658676,75,441.974155
0.33603957,75,441.99582
0.35186422,75,441.999202
0.40854988,75,442.016511
0.3759402,75,442.017467
0.3643552,75,442.030651
0.35052165,75,442.031524
0.32363084,75,442.03233
0.3539164,75,442.033072
0.38283786,75,442.054271
0.36456075,75,442.057283
0.3680648,75,442.075734
0.38799348,75,442.07653
0.30575722,75,442.089152
0.36976233,75,442.090083
0.35694385,75,442.090955
0.3642784,75,442.091737
0.37389916,75,442.113348
0.42917168,75,442.116713
0.3217089,75,442.134643
0.325037,75,442.135442
0.360881,75,442.148134
0.41949588,75,442.149
0.40103874,75,442.149797
0.32822233,75,442.150607
0.31735218,75,442.171976
0.41319603,75,442.174969
0.340904,75,442.191794
0.32980388,75,442.192619
0.33154738,75,442.20419
0.38876036,75,442.204948
0.38769832,75,442.205748
0.3549904,75,442.20653
0.3722097,75,442.227112
0.35672656,75,442.23035
0.37477475,75,442.247139
0.36190265,75,442.247959
0.33310843,75,442.259435
0.36517334,75,442.260245
0.34749934,75,442.261101
0.40528658,75,442.261836
0.35994035,75,442.282065
0.3656407,75,442.285046
0.40858728,75,442.302289
0.33192927,75,442.303189
0.38140753,75,442.316562
0.31837797,75,442.31743
0.38933995,75,442.318351
0.3421361,75,442.319392
0.3773054,75,442.343687
0.34477597,75,442.347595
0.41474098,75,442.366113
0.38723817,75,442.366955
0.36723578,75,442.378645
0.39835098,75,442.379533
0.2985697,75,442.380353
0.3727274,75,442.381206
0.39970917,75,442.401686
0.3666392,75,442.404684
0.40877306,75,442.421491
0.35432175,75,442.422269
0.29129845,75,442.433981
0.37431738,75,442.434771
0.44935694,75,442.435562
0.31213564,75,442.436327
0.3730273,75,442.456545
0.3634819,75,442.459521
0.35446218,75,442.47643
0.3519888,75,442.477188
0.34018975,75,442.488888
0.3506316,75,442.489652
0.3126363,75,442.490439
0.38683087,75,442.491224
0.3176346,75,442.511426
0.36786437,75,442.514387
0.35133564,75,442.53129
0.40741888,75,442.53206
0.38042212,75,442.543629
0.3581447,75,442.544403
0.33720234,75,442.545196
0.38059798,75,442.54593
0.34513992,75,443.188746
0.3065834,75,443.191933
0.3676201,75,443.208831
0.42291582,75,443.209638
0.41507617,75,443.221222
0.33998153,75,443.222008
0.35330722,75,443.222795
0.34139603,75,443.223551
0.34225678,75,443.243756
0.3579197,75,443.246755
0.36914966,75,443.263339
0.34704724,75,443.264183
0.37949094,75,443.275831
0.31855112,75,443.276578
0.36796397,75,443.277374
0.36891332,75,443.278121
0.3896326,75,443.298461
0.37614274,75,443.301373
0.3955237,75,443.318261
0.37023062,75,443.319046
0.3730436,75,443.33576
0.38437203,75,443.336592
0.41920096,75,443.337443
0.3768768,75,443.338307
0.36394355,75,443.358987
0.4190438,75,443.361879
0.3792159,75,443.378497
0.4140888,75,443.379277
0.375435,75,443.390906
0.3691354,75,443.391696
0.34125847,75,443.392466
0.37003344,75,443.393278
0.3842533,75,443.413197
0.4246894,75,443.41613
0.4134675,75,443.433032
0.37617046,75,443.433802
0.39716375,75,443.445378
0.36698174,75,443.446152
0.34995726,75,443.446902
0.39383593,75,443.447671
0.35589346,75,443.467657
0.32758766,75,443.470582
0.3701547,75,443.487495
0.34922126,75,443.488278
0.3154881,75,443.499679
0.36831763,75,443.500458
0.33101022,75,443.501231
0.3249801,75,443.501967
0.40450257,75,443.522139
0.39,75,443.524963
0.35718247,75,443.54152
0.36020872,75,443.54229
0.36669007,75,443.5539
0.36234716,75,443.554659
0.34584612,75,443.555394
0.4192366,75,443.556125
0.35200518,75,443.576076
0.348449,75,443.5791
0.39363796,75,443.59551
0.32612494,75,443.596265
0.31197643,75,443.607706
0.3677544,75,443.608449
0.312513,75,443.609203
0.3761245,75,443.609945
0.40590578,75,443.630058
0.3846298,75,443.632933
0.31806827,75,443.649729
0.4081483,75,443.650512
0.38048226,75,443.662204
0.32145047,75,443.662943
0.32137638,75,443.663685
0.3301645,75,443.664441
0.35237902,75,443.684484
0.37779155,75,443.687539
0.32869324,75,443.704153
0.40453154,75,443.704923
0.36624432,75,443.716529
0.34615692,75,443.717285
0.3418097,75,443.718052
0.39188388,75,443.718786
0.35717553,75,443.738958
0.36674088,75,443.741841
0.38726804,75,443.75866
0.3641223,75,443.759421
0.36050135,75,443.770824
0.35529554,75,443.771593
0.40583542,75,443.772338
0.37461197,75,443.773063
0.38300404,75,443.793013
0.34401873,75,443.79588
0.4105891,75,443.812562
0.40741026,75,443.813311
0.35195506,75,443.825266
0.376201,75,443.826062
0.34790957,75,443.826847
0.33435434,75,443.827596
0.3979282,75,443.847955
0.40983248,75,443.850866
0.40894926,75,443.867457
0.43614596,75,443.868213
0.34345138,75,443.879677
0.30877104,75,443.880456
0.39208633,75,443.881299
0.39088407,75,443.882043
0.34822747,75,443.902416
0.35788825,75,443.905485
0.35145923,75,443.922319
0.37278593,75,443.923158
0.4053637,75,443.934932
0.28644985,75,443.935753
0.3992831,75,443.93658
0.32716188,75,443.937398
0.3260022,75,443.958065
0.36706972,75,443.961131
0.3648352,75,443.977934
0.3558719,75,443.97876
0.36245826,75,443.990308
0.34083822,75,443.991096
0.3704801,75,443.991894
0.41837522,75,443.992642
0.369788,75,444.013146
0.3894943,75,444.016192
0.39946917,75,444.033121
0.37641054,75,444.03391
0.4039743,75,444.045511
0.37064746,75,444.046278
0.3735686,75,444.047034
0.42260498,75,444.047782
0.33337513,75,444.067833
0.40725255,75,444.070761
0.37746993,75,444.08752
0.41911256,75,444.088292
0.3663446,75,444.099781
0.2762363,75,444.10054
0.37855798,75,444.101301
0.40544057,75,444.102023
0.3687283,75,444.122302
0.38354042,75,444.125191
0.35992128,75,444.141846
0.3607974,75,444.142599
0.33975735,75,444.154122
0.38175598,75,444.154897
0.30514893,75,444.155729
0.3577264,75,444.156472
0.37078726,75,444.176537
0.40739763,75,444.179504
0.3442454,75,444.196007
0.36688998,75,444.196772
0.3807399,75,444.208399
0.38219398,75,444.209138
0.39164403,75,444.209889
0.40377393,75,444.210637
0.40386078,75,444.230725
0.32144368,75,444.233646
0.42151615,75,444.250356
0.37658793,75,444.251114
0.3483175,75,444.262583
0.35237783,75,444.263376
0.41578633,75,444.264141
0.43367416,75,444.264878
0.35739583,75,444.285059
0.33803272,75,444.288112
0.39512393,75,444.30462
0.36862066,75,444.305377
0.3642473,75,444.318315
0.41296938,75,444.319098
0.39289355,75,444.319946
0.36245325,75,444.320717
0.38073632,75,444.342334
0.38709208,75,444.34527
0.4046744,75,444.362321
0.28728586,75,444.363097
0.3464791,75,444.374754
0.3625521,75,444.375543
0.371646,75,444.376278
0.37931302,75,444.377042
0.41934323,75,444.397638
0.4004553,75,444.400593
0.40328205,75,444.417036
0.33945808,75,444.417824
0.40192252,75,444.429985
0.38752708,75,444.430898
0.39575204,75,444.431702
0.38235128,75,444.432441
0.336053,75,444.453622
0.3797532,75,444.457119
0.40297133,75,444.474167
0.3601018,75,444.474954
0.35274583,75,444.486579
0.3510423,75,444.487475
0.40432227,75,444.488426
0.43630973,75,444.489219
0.34667888,75,444.509807
0.41279235,75,444.512792
0.3372884,75,444.530089
0.4216455,75,444.53092
0.4077604,75,444.542693
0.38383391,75,444.543453
0.34509155,75,444.54427
0.37866297,75,444.545014
0.3835347,75,444.566228
0.3353062,75,444.56943
0.38485172,75,444.586312
0.3858212,75,444.587092
0.34666324,75,444.59892
0.41385704,75,444.599751
0.37382054,75,444.600543
0.31702238,75,444.601298
0.39811212,75,444.622451
0.42281437,75,444.625471
0.42120636,75,444.642085
0.3912676,75,444.642854
0.35995182,75,444.654507
0.39385214,75,444.655269
0.36581266,75,444.656071
0.32543913,75,444.656814
0.39124936,75,445.300269
0.3946514,75,445.303303
0.33852687,75,445.320079
0.33026233,75,445.320909
0.40160537,75,445.332372
0.32478595,75,445.333196
0.4008579,75,445.334073
0.3905046,75,445.334833
0.35363907,75,445.35514
0.39373443,75,445.358032
0.39203793,75,445.374599
0.41898116,75,445.375397
0.40925542,75,445.387092
0.32687518,75,445.387882
0.33318487,75,445.388629
0.39650977,75,445.389381
0.35158905,75,445.409518
0.40410483,75,445.412445
0.35344872,75,445.429137
0.35324058,75,445.429918
0.349026,75,445.44148
0.37663355,75,445.442267
0.35808575,75,445.443028
0.40281236,75,445.443756
0.34128496,75,445.463963
0.37619036,75,445.466888
0.3602857,75,445.483526
0.369662,75,445.484371
0.3521043,75,445.496033
0.399705,75,445.496807
0.4201152,75,445.497619
0.41125387,75,445.498374
0.3679633,75,445.518547
0.34301847,75,445.521462
0.3928687,75,445.538048
0.3400106,75,445.538857
0.3898934,75,445.550203
0.36995488,75,445.55097
0.38360548,75,445.551716
0.34156853,75,445.552528
0.3469604,75,445.572571
0.41192758,75,445.57552
0.36986414,75,445.592141
0.44052127,75,445.592913
0.39235562,75,445.604537
0.32788688,75,445.605278
0.36649686,75,445.606043
0.30811864,75,445.606798
0.3376163,75,445.626943
0.3571509,75,445.629864
0.40223703,75,445.646651
0.33763838,75,445.64744
0.35278094,75,445.658881
0.38499725,75,445.65963
0.4236758,75,445.660416
0.36648878,75,445.661183
0.3242214,75,445.681369
0.38861936,75,445.684356
0.41774818,75,445.70089
0.42886877,75,445.701632
0.39847654,75,445.713171
0.39573961,75,445.71398
0.39490828,75,445.714742
0.43519288,75,445.715482
0.38654634,75,445.735585
0.40329224,75,445.738547
0.35757536,75,445.755381
0.350931,75,445.756141
0.3126589,75,445.767651
0.38729244,75,445.768407
0.3217045,75,445.769174
0.37816486,75,445.769911
0.29718262,75,445.79008
0.41233724,75,445.792942
0.39626327,75,445.809572
0.39928433,75,445.810333
0.39970455,75,445.824691
0.38589418,75,445.825532
0.3830933,75,445.826346
0.4079623,75,445.827072
0.33625406,75,445.847669
0.33357006,75,445.850706
0.337162,75,445.867706
0.32427457,75,445.868502
0.37120268,75,445.88005
0.361873,75,445.880844
0.37459373,75,445.881611
0.3482,75,445.88236
0.38780934,75,445.902672
0.33054754,75,445.905641
0.40730006,75,445.922228
0.37071773,75,445.923033
0.3636912,75,445.93452
0.33575955,75,445.935297
0.3718667,75,445.936102
0.407361,75,445.936848
0.34968668,75,445.957337
0.3376402,75,445.960281
0.37844765,75,445.976795
0.42064643,75,445.977693
0.42583206,75,445.989259
0.336557,75,445.990016
0.33326936,75,445.990812
0.34674782,75,445.991542
0.3398828,75,446.011758
0.3584597,75,446.014741
0.40788174,75,446.031791
0.3447141,75,446.032572
0.33636278,75,446.044481
0.4300892,75,446.045314
0.32622305,75,446.046084
0.423406,75,446.046875
0.354691,75,446.067365
0.34880957,75,446.07038
0.36404547,75,446.087342
0.31316775,75,446.088152
0.37627935,75,446.099981
0.40479937,75,446.100782
0.42372978,75,446.101555
0.40230355,75,446.102356
0.3591192,75,446.123882
0.33160973,75,446.126824
0.39540246,75,446.143704
0.3916506,75,446.144485
0.40095195,75,446.156214
0.40599903,75,446.156973
0.36462876,75,446.157793
0.31024814,75,446.158554
0.4115443,75,446.178767
0.37789372,75,446.181719
0.36849093,75,446.198296
0.3805367,75,446.199089
0.395941,75,446.210609
0.36446977,75,446.211341
0.35467964,75,446.212124
0.3355639,75,446.212866
0.37347552,75,446.233097
0.40951988,75,446.236063
0.39352983,75,446.252668
0.33548263,75,446.253427
0.33214295,75,446.264852
0.3982538,75,446.265599
0.4056879,75,446.266361
0.372352,75,446.267147
0.3731669,75,446.287402
0.39140567,75,446.290313
0.3144854,75,446.306666
0.34984654,75,446.307444
0.32686546,75,446.319177
0.36188796,75,446.319919
0.3297746,75,446.320693
0.38363835,75,446.321421
0.30821806,75,446.341668
0.341353,75,446.344536
0.363788,75,446.361221
0.32617748,75,446.361977
0.3541231,75,446.373407
0.34543416,75,446.374206
0.42766315,75,446.375006
0.32711774,75,446.375782
0.35703003,75,446.396
0.4194924,75,446.3989
0.3968207,75,446.415562
0.37817797,75,446.416333
0.35773295,75,446.428045
0.36038506,75,446.428819
0.35577947,75,446.42956
0.34448054,75,446.430304
0.38558662,75,446.450421
0.3960292,75,446.45332
0.38556415,75,446.469947
0.38616905,75,446.470721
0.3568819,75,446.482215
0.33908066,75,446.482993
0.36422825,75,446.483807
0.329622,75,446.484584
0.38407713,75,446.504517
0.37612215,75,446.507376
0.39606333,75,446.524045
0.39790615,75,446.524805
0.39663905,75,446.536327
0.38808978,75,446.537121
0.40951473,75,446.537911
0.40455827,75,446.538648
0.33794916,75,446.558956
0.38822687,75,446.561829
0.30131793,75,446.578369
0.3573891,75,446.579138
0.41597402,75,446.590647
0.35782492,75,446.591421
0.32117543,75,446.592148
0.42583975,75,446.592886
0.3548285,75,446.613002
0.3394499,75,446.615938
0.35957253,75,446.632639
0.3135751,75,446.633417
0.3697267,75,446.644793
0.35891607,75,446.645582
0.3845443,75,446.646329
0.42232427,75,446.647144
0.3499104,75,446.667246
0.35692683,75,446.670131
0.3675514,75,446.686694
0.38288912,75,446.687474
0.38226455,75,446.698903
0.33629337,75,446.699668
0.4268798,75,446.700443
0.36337358,75,446.701204
0.39407232,75,446.721133
0.38689265,75,446.724038
0.35850662,75,446.740686
0.43664083,75,446.741471
0.3421992,75,446.752952
0.3846184,75,446.753756
0.40357304,75,446.754504
0.39710924,75,446.755238
0.4013893,75,446.775303
0.36555105,75,446.778325
0.3105827,75,447.450154
0.34204322,75,447.451121
0.43616915,75,447.463564
0.28872025,75,447.464404
0.37128487,75,447.465223
0.381559,75,447.466066
0.3720485,75,447.486901
0.4247185,75,447.489948
0.37885827,75,447.506744
0.39515996,75,447.507542
0.38853005,75,447.519217
0.41574132,75,447.520028
0.3906936,75,447.520778
0.3762648,75,447.521536
0.31010103,75,447.542894
0.3611752,75,447.545827
0.37953717,75,447.562848
0.38991925,75,447.56362
0.37524188,75,447.57525
0.41818815,75,447.576018
0.424783,75,447.576761
0.37102023,75,447.577547
0.34740713,75,447.598365
0.3610274,75,447.601387
0.4197567,75,447.618493
0.37187007,75,447.619332
0.40501586,75,447.6313
0.41964972,75,447.632117
0.34567365,75,447.632914
0.42937654,75,447.633755
0.40567204,75,447.654965
0.36145094,75,447.658027
0.4066259,75,447.675322
0.38299328,75,447.676114
0.37614498,75,447.687939
0.33994892,75,447.688712
0.33910152,75,447.689489
0.38856655,75,447.690241
0.37812844,75,447.711156
0.36494288,75,447.714272
0.4137646,75,447.731622
0.35492045,75,447.732423
0.4095098,75,447.744176
0.29732138,75,447.744978
0.40670994,75,447.745751
0.32807225,75,447.746494
0.35746932,75,447.766942
0.33299628,75,447.770135
0.36088103,75,447.787699
0.32337388,75,447.788485
0.37583375,75,447.800453
0.36439794,75,447.801231
0.40124464,75,447.801994
0.36756212,75,447.802752
0.37828913,75,447.823707
0.37628022,75,447.826712
0.33806333,75,447.843986
0.38983926,75,447.844854
0.34946567,75,447.856991
0.36390764,75,447.85783
0.38342935,75,447.858689
0.34533137,75,447.859526
0.31946856,75,447.88008
0.3571955,75,447.883057
0.3360601,75,447.899985
0.34722838,75,447.900873
0.4198491,75,447.913207
0.334587,75,447.914052
0.38373455,75,447.914972
0.40631694,75,447.915799
0.41559154,75,447.936212
0.37119076,75,447.93918
0.42119426,75,447.956364
0.37597126,75,447.957187
0.37026158,75,447.968835
0.41136694,75,447.969614
0.35805878,75,447.970399
0.38022503,75,447.97114
0.36800528,75,447.991714
0.38457775,75,447.994674
0.36390287,75,448.011334
0.31951886,75,448.012084
0.34823105,75,448.023661
0.35425192,75,448.024428
0.34076345,75,448.02522
0.42962822,75,448.025965
0.40030286,75,448.046299
0.35628495,75,448.04929
0.37361577,75,448.066078
0.3417362,75,448.066877
0.39955097,75,448.078373
0.35692713,75,448.079121
0.37045595,75,448.079866
0.34701106,75,448.080614
0.3796521,75,448.100918
0.4053759,75,448.103832
0.40921405,75,448.120487
0.40145496,75,448.121249
0.39443228,75,448.13282
0.36212367,75,448.133594
0.3430424,75,448.134348
0.3725323,75,448.135084
0.34681067,75,448.155706
0.36916155,75,448.15862
0.382841,75,448.175788
0.39722767,75,448.176585
0.38554585,75,448.18826
0.37307206,75,448.189086
0.3693721,75,448.189864
0.3553116,75,448.190672
0.37254384,75,448.211459
0.31652954,75,448.214479
0.4267453,75,448.23143
0.4134165,75,448.232222
0.35424682,75,448.244293
0.30894047,75,448.245131
0.3873066,75,448.245942
0.38126883,75,448.246833
0.37114,75,448.267935
0.37366968,75,448.270828
0.39876533,75,448.287599
0.36395323,75,448.288389
0.3608408,75,448.299941
0.36249158,75,448.300751
0.36227727,75,448.301511
0.37216422,75,448.302251
0.35515994,75,448.322591
0.35496116,75,448.325472
0.39705122,75,448.342086
0.37593743,75,448.342834
0.3815968,75,448.354368
0.3863202,75,448.355135
0.42142883,75,448.355927
0.3822736,75,448.356659
0.39693382,75,448.376975
0.34730503,75,448.379949
0.4328679,75,448.396623
0.3746256,75,448.397407
0.43152487,75,448.408963
0.39544952,75,448.409769
0.39839002,75,448.410524
0.3839663,75,448.411258
0.39640397,75,448.431452
0.37666258,75,448.434418
0.38664773,75,448.451037
0.4045123,75,448.451794
0.3671477,75,448.463274
0.35571796,75,448.46409
0.3410599,75,448.46484
0.3715142,75,448.465589
0.37716728,75,448.485711
0.35345253,75,448.488702
0.38301787,75,448.505217
0.44467366,75,448.505993
0.43050963,75,448.517727
0.39798287,75,448.518507
0.4124557,75,448.519251
0.39119434,75,448.519992
0.38131005,75,448.540045
0.33951268,75,448.542956
0.379457,75,448.559788
0.32840648,75,448.560551
0.3756766,75,448.572025
0.34522134,75,448.572779
0.3338389,75,448.573549
0.31736076,75,448.574315
0.3425212,75,448.594602
0.37974894,75,448.597553
0.41199762,75,448.614118
0.39157724,75,448.614892
0.3809695,75,448.626518
0.3665241,75,448.627259
0.38632154,75,448.628033
0.3254874,75,448.628765
0.3729664,75,448.648915
0.4035302,75,448.651854
0.37120625,75,448.668436
0.381234,75,448.669244
0.3375569,75,448.680734
0.4169788,75,448.681482
0.39857417,75,448.68227
0.37677673,75,448.68303
0.4224502,75,448.703363
0.36566746,75,448.706226
0.38396862,75,448.722715
0.4311459,75,448.723478
0.33032474,75,448.734947
0.35448012,75,448.735729
0.3749171,75,448.736502
0.3758789,75,448.737275
0.38036242,75,448.757634
0.4013751,75,448.760542
0.37433144,75,448.777118
0.39470518,75,448.777895
0.40448296,75,448.789362
0.37911418,75,448.790111
0.42344236,75,448.790876
0.3807328,75,448.791622
0.34528354,75,448.811972
0.3120387,75,448.814845
0.40122205,75,448.831618
0.374776,75,448.83238
0.3918787,75,448.843937
0.4198148,75,448.844709
0.3607053,75,448.845458
0.39240894,75,448.846202
0.40314892,75,448.86625
0.38612145,75,448.869191
0.38050538,75,448.885982
0.40139395,75,448.88678
0.36442596,75,448.898363
0.37932363,75,448.899132
0.3644985,75,448.899867
0.3478538,75,448.900621
0.39329708,75,448.921123
0.38394994,75,448.92403
0.3709222,75,448.94058
0.34123728,75,448.941367
0.37993705,75,449.57578
0.35025686,75,449.576667
0.36254883,75,449.577567
0.41822934,75,449.578424
0.40130693,75,449.598886
0.3946172,75,449.601969
0.38517898,75,449.618973
0.3990417,75,449.619768
0.41335842,75,449.631431
0.4111302,75,449.632195
0.42185044,75,449.63296
0.36638835,75,449.633747
0.37833604,75,449.653959
0.39495033,75,449.656917
0.3748444,75,449.673621
0.3421889,75,449.674422
0.40328726,75,449.686113
0.32528073,75,449.686911
0.3676295,75,449.687661
0.3349533,75,449.688395
0.38633594,75,449.70854
0.40107784,75,449.711439
0.40259233,75,449.727915
0.416888,75,449.728696
0.37922743,75,449.740383
0.3236583,75,449.741139
0.31116238,75,449.741898
0.3778889,75,449.74263
0.35598236,75,449.76279
0.36687616,75,449.7657
0.3786176,75,449.782395
0.33922145,75,449.783197
0.39511037,75,449.794645
0.37108073,75,449.795389
0.3922928,75,449.796138
0.35305962,75,449.796897
0.36431476,75,449.817056
0.38945848,75,449.820064
0.35610184,75,449.836685
0.36065313,75,449.837461
0.34131926,75,449.848899
0.4022225,75,449.849736
0.3510467,75,449.850486
0.39435014,75,449.851215
0.41296,75,449.871482
0.38282603,75,449.8744
0.3526722,75,449.891647
0.354609,75,449.892436
0.38966838,75,449.903938
0.38509625,75,449.904711
0.3340871,75,449.905535
0.36104316,75,449.906325
0.3609088,75,449.926648
0.37904665,75,449.929639
0.37414938,75,449.946177
0.3619651,75,449.946968
0.39530036,75,449.95863
0.33828273,75,449.959408
0.38028362,75,449.960175
0.34773186,75,449.960946
0.4338281,75,449.981319
0.36401787,75,449.984262
0.31420228,75,450.000805
0.42177227,75,450.001568
0.3755061,75,450.013064
0.37779945,75,450.013822
0.35297832,75,450.014567
0.41412315,75,450.015296
0.35959473,75,450.035552
0.38046548,75,450.038408
0.3581805,75,450.055169
0.36077428,75,450.055939
0.410313,75,450.06754
0.3802766,75,450.068319
0.3851736,75,450.069046
0.3938036,75,450.069776
0.39309567,75,450.090158
0.41304833,75,450.093058
0.37895653,75,450.109653
0.40446568,75,450.110442
0.36987987,75,450.121789
0.35847,75,450.122586
0.36628956,75,450.123358
0.36594212,75,450.124103
0.4513706,75,450.144192
0.36939418,75,450.147049
0.33859143,75,450.163795
0.3958241,75,450.164556
0.41924787,75,450.175918
0.3917509,75,450.17668
0.41146252,75,450.177482
0.3840545,75,450.178292
0.37331474,75,450.19841
0.3785919,75,450.2013
0.39802024,75,450.217657
0.35211346,75,450.218424
0.40277046,75,450.229931
0.40543178,75,450.230688
0.38906392,75,450.231452
0.34076694,75,450.232187
0.3808888,75,450.252613
0.37784615,75,450.255458
0.4119744,75,450.272049
0.3580502,75,450.272825
0.4123464,75,450.284383
0.3802581,75,450.285186
0.35860872,75,450.285994
0.38865894,75,450.286782
0.41616863,75,450.307206
0.41060477,75,450.310132
0.37513903,75,450.327358
0.37545484,75,450.328185
0.35894442,75,450.339901
0.43187943,75,450.340717
0.3749967,75,450.341505
0.41532603,75,450.342375
0.33897606,75,450.362934
0.37313503,75,450.365847
0.3819354,75,450.382804
0.33758816,75,450.383586
0.32284877,75,450.395535
0.409922,75,450.396393
0.3754612,75,450.397201
0.39165086,75,450.397958
0.39564878,75,450.418376
0.3780094,75,450.421463
0.3808911,75,450.438186
0.39271697,75,450.438948
0.37136516,75,450.450679
0.35623983,75,450.451463
0.33556044,75,450.452219
0.42817378,75,450.452954
0.3659538,75,450.47298
0.4141288,75,450.475885
0.39841792,75,450.492536
0.32869682,75,450.49331
0.32241327,75,450.504832
0.31468132,75,450.505589
0.35512644,75,450.506353
0.40759635,75,450.507097
0.39456174,75,450.527283
0.34372485,75,450.530251
0.36067906,75,450.546837
0.39085004,75,450.54766
0.41514292,75,450.559256
0.35696676,75,450.560011
0.3783535,75,450.560796
0.37404412,75,450.56153
0.34553555,75,450.581481
0.35949606,75,450.58436
0.3936786,75,450.600886
0.39771366,75,450.601632
0.43653122,75,450.613135
0.35530126,75,450.613895
0.32909122,75,450.614687
0.3700546,75,450.615422
0.40496194,75,450.635559
0.3739648,75,450.638455
0.32911405,75,450.655147
0.43130818,75,450.655901
0.4208519,75,450.667463
0.37837452,75,450.668233
0.37625265,75,450.669016
0.34831747,75,450.669742
0.37361,75,450.68999
0.3484891,75,450.6929
0.4206072,75,450.709337
0.41483563,75,450.710086
0.38590783,75,450.721765
0.4034161,75,450.722514
0.36931145,75,450.723291
0.3402488,75,450.72403
0.36636454,75,450.744219
0.39953703,75,450.747091
0.40542638,75,450.763706
0.41805378,75,450.764541
0.40976122,75,450.775972
0.38798997,75,450.776724
0.43065953,75,450.777548
0.29589432,75,450.778383
0.35914734,75,450.798489
0.37921703,75,450.801407
0.3760769,75,450.818044
0.37479433,75,450.818819
0.3584574,75,450.830378
0.35858673,75,450.831171
0.4068089,75,450.83191
0.36882818,75,450.832655
0.33216265,75,450.852929
0.3857191,75,450.855819
0.4029975,75,450.872453
0.39137682,75,450.873188
0.39367086,75,450.884735
0.3915659,75,450.885502
0.37426022,75,450.886287
0.39726275,75,450.887126
0.34531355,75,450.907204
0.3940688,75,450.91014
0.41527656,75,450.92695
0.40114713,75,450.927765
0.40030715,75,450.939489
0.40948835,75,450.940293
0.39239976,75,450.941087
0.4007856,75,450.941818
0.38927957,75,450.962063
0.37368807,75,450.96495
0.37593967,75,450.981609
0.4030879,75,450.982379
0.3569313,75,450.993897
0.4072037,75,450.994659
0.40482998,75,450.995448
0.41859356,75,450.996179
0.40099096,75,451.016249
0.37510628,75,451.019297
0.40169033,75,451.035988
0.352934,75,451.036749
0.3493377,75,451.048462
0.42601734,75,451.049262
0.346023,75,451.050034
0.41801953,75,451.050763
0.4027202,75,451.68123
0.3522097,75,451.684236
0.38930804,75,451.70122
0.3335797,75,451.702006
0.435849,75,451.713715
0.357996,75,451.714535
0.35538244,75,451.715329
0.3873657,75,451.716143
0.41291523,75,451.736156
0.39520338,75,451.7391
0.3860695,75,451.756035
0.40505818,75,451.756806
0.35474703,75,451.768226
0.3526925,75,451.768985
0.42417014,75,451.769758
0.3828363,75,451.770498
0.37100086,75,451.790601
0.40765545,75,451.793458
0.41949785,75,451.810079
0.43589115,75,451.810853
0.36922833,75,451.822458
0.4287601,75,451.823222
0.37012532,75,451.823972
0.34961438,75,451.824718
0.41304412,75,451.84515
0.36238825,75,451.84807
0.43554258,75,451.864754
0.4442567,75,451.865551
0.34243634,75,451.877166
0.39581296,75,451.877921
0.41134956,75,451.878712
0.41392636,75,451.879462
0.42838016,75,451.899946
0.38916406,75,451.902837
0.39993328,75,451.919649
0.36804324,75,451.920424
0.38606676,75,451.932094
0.37347978,75,451.932908
0.39272362,75,451.933705
0.35095602,75,451.93445
0.41745415,75,451.954802
0.38460118,75,451.957743
0.33728468,75,451.974376
0.41293597,75,451.975168
0.4171361,75,451.986761
0.38890415,75,451.987507
0.39037335,75,451.988277
0.39570084,75,451.989047
0.39416444,75,452.009315
0.38602978,75,452.012185
0.35874265,75,452.028768
0.41550556,75,452.029523
0.4273858,75,452.041105
0.3812711,75,452.041913
0.38702863,75,452.042642
0.3262754,75,452.043369
0.38525975,75,452.063618
0.35968232,75,452.066536
0.3963453,75,452.083007
0.4061213,75,452.083819
0.34506112,75,452.095437
0.4138337,75,452.096192
0.3636469,75,452.096941
0.37205002,75,452.097762
0.38235107,75,452.117922
0.41115916,75,452.120778
0.39605752,75,452.137331
0.40496674,75,452.138108
0.41161287,75,452.149356
0.3827012,75,452.150111
0.3866906,75,452.150893
0.36851016,75,452.151642
0.36170948,75,452.171823
0.38194662,75,452.174733
0.39618254,75,452.191252
0.38866985,75,452.192026
0.33645797,75,452.203439
0.369294,75,452.204197
0.3351658,75,452.204973
0.38175875,75,452.205711
0.42168075,75,452.225849
0.38839224,75,452.228701
0.40329993,75,452.245439
0.3694647,75,452.246197
0.36901766,75,452.257752
0.36890423,75,452.258511
0.42501158,75,452.259256
0.3954438,75,452.260002
0.4310651,75,452.280015
0.38106874,75,452.282989
0.35996562,75,452.299743
0.3860601,75,452.300525
0.40790614,75,452.312156
0.42571023,75,452.312949
0.39276773,75,452.313775
0.41323814,75,452.314538
0.36717784,75,452.334404
0.39392915,75,452.337308
0.30990613,75,452.354086
0.40311727,75,452.35486
0.42423674,75,452.366317
0.3651769,75,452.36712
0.39641726,75,452.367869
0.37423956,75,452.368594
0.4098712,75,452.38865
0.3818045,75,452.391518
0.38905716,75,452.408329
0.3888626,75,452.40909
0.35347798,75,452.420929
0.34291783,75,452.421758
0.41876838,75,452.422537
0.43098816,75,452.423283
0.37969822,75,452.444107
0.36402312,75,452.447064
0.36892524,75,452.463997
0.4094321,75,452.464782
0.424841,75,452.476597
0.37938398,75,452.477371
0.4305193,75,452.478161
0.40313742,75,452.478933
0.3873171,75,452.499868
0.39870724,75,452.502738
0.38903943,75,452.51984
0.38233203,75,452.520616
0.40002096,75,452.532394
0.39911908,75,452.533273
0.43096322,75,452.53405
0.37435618,75,452.534788
0.3758573,75,452.555077
0.36721873,75,452.557991
0.34647197,75,452.574601
0.40338942,75,452.575387
0.41684088,75,452.586994
0.398727,75,452.587733
0.39144775,75,452.588509
0.39257154,75,452.589301
0.43275824,75,452.609356
0.37560883,75,452.612238
0.3875991,75,452.629005
0.40008298,75,452.62978
0.4222354,75,452.641253
0.36895847,75,452.642019
0.38575137,75,452.642787
0.39563072,75,452.643524
0.36983103,75,452.663802
0.44416142,75,452.666733
0.31999627,75,452.683186
0.3925525,75,452.683973
0.41859442,75,452.695455
0.37227476,75,452.696235
0.39060047,75,452.697025
0.3464422,75,452.697801
0.3696654,75,452.717935
0.41470435,75,452.720785
0.36083606,75,452.737098
0.34718305,75,452.737863
0.34729904,75,452.7494
0.34515724,75,452.750187
0.337897,75,452.75093
0.39867914,75,452.751772
0.43479246,75,452.771867
0.39188775,75,452.774784
0.4145171,75,452.791347
0.3569126,75,452.792104
0.38890675,75,452.803665
0.36708242,75,452.804425
0.40035015,75,452.805203
0.411121,75,452.805942
0.3971138,75,452.826049
0.35101333,75,452.828963
0.35241023,75,452.845659
0.38323104,75,452.846463
0.4210917,75,452.857816
0.3746694,75,452.858544
0.3773917,75,452.85932
0.36110562,75,452.860075
0.4065064,75,452.880228
0.33700225,75,452.88312
0.3486627,75,452.899947
0.3745153,75,452.900732
0.38131183,75,452.912391
0.3635615,75,452.913178
0.3473345,75,452.913939
0.3690586,75,452.914688
0.3610814,75,452.934724
0.3602969,75,452.937627
0.40219167,75,452.954556
0.39829585,75,452.955337
0.41617286,75,452.966992
0.3451901,75,452.967783
0.40127993,75,452.968543
0.36082542,75,452.969317
0.35406744,75,452.989616
0.34805727,75,452.992479
0.39692074,75,453.009268
0.36418775,75,453.010037
0.41780308,75,453.022017
0.309553,75,453.022793
0.3908418,75,453.023534
0.40512544,75,453.024303
0.35368598,75,453.044589
0.38047048,75,453.047514
0.39645925,75,453.064068
0.41229013,75,453.064824
0.35513982,75,453.076326
0.34417793,75,453.077072
0.33224568,75,453.077836
0.39090866,75,453.078577
0.41125047,75,453.098863
0.37984648,75,453.101816
0.3780706,75,453.118563
0.39095536,75,453.119331
0.38875374,75,453.130736
0.36652166,75,453.131523
0.43306577,75,453.132304
0.38316515,75,453.133054
0.38314176,75,453.153336
0.38440272,75,453.156276
0.39262697,75,453.787641
0.42647243,75,453.788449
0.37359545,75,453.800181
0.42692435,75,453.80098
0.35264087,75,453.801777
0.38843557,75,453.802617
0.38476518,75,453.823102
0.3746356,75,453.826012
0.38924572,75,453.842593
0.34137514,75,453.843367
0.43016174,75,453.855044
0.2933483,75,453.855855
0.3737854,75,453.8566
0.39640576,75,453.857368
0.37508762,75,453.877514
0.37529546,75,453.880383
0.4131767,75,453.897039
0.4168074,75,453.897837
0.37565598,75,453.909326
0.43258706,75,453.91006
0.3693528,75,453.910879
0.33644578,75,453.911673
0.4203999,75,453.931891
0.3800672,75,453.934855
0.39537358,75,453.951812
0.4115906,75,453.952677
0.39570162,75,453.964345
0.38973844,75,453.96511
0.40873638,75,453.965903
0.3486386,75,453.966666
0.39608902,75,453.986833
0.3611242,75,453.989773
0.35661516,75,454.006445
0.36689743,75,454.007211
0.40101758,75,454.018718
0.3765266,75,454.019495
0.3760605,75,454.020324
0.41345805,75,454.021066
0.41392967,75,454.041173
0.36215758,75,454.044048
0.37426552,75,454.060647
0.3668448,75,454.061443
0.44192266,75,454.072984
0.35979882,75,454.073805
0.36189976,75,454.074556
0.4242304,75,454.075303
0.39327398,75,454.095531
0.3718475,75,454.098474
0.4059559,75,454.115054
0.3366293,75,454.115851
0.38468927,75,454.127417
0.38551193,75,454.128156
0.41918093,75,454.128901
0.36322883,75,454.129641
0.3638397,75,454.149705
0.39856452,75,454.152688
0.39215025,75,454.16931
0.38829687,75,454.170082
0.3737237,75,454.181642
0.43816772,75,454.182436
0.3995246,75,454.1832
0.34051642,75,454.183944
0.35548934,75,454.203932
0.40746418,75,454.206926
0.4032747,75,454.223645
0.3970678,75,454.224407
0.37507567,75,454.235939
0.41666982,75,454.236694
0.34242183,75,454.237439
0.4185361,75,454.238188
0.36139426,75,454.258275
0.4328375,75,454.261147
0.35865334,75,454.277779
0.40553224,75,454.278548
0.37903675,75,454.29027
0.40676433,75,454.291031
0.39799085,75,454.291851
0.41148812,75,454.292592
0.38021734,75,454.312878
0.39545923,75,454.31582
0.39414507,75,454.332414
0.3818867,75,454.333219
0.41498893,75,454.344805
0.3891373,75,454.345579
0.39740893,75,454.346309
0.33158475,75,454.347031
0.3129377,75,454.367133
0.39040795,75,454.370003
0.40602845,75,454.386605
0.41957906,75,454.387375
0.3846035,75,454.398853
0.40133467,75,454.399652
0.33195004,75,454.400426
0.3842288,75,454.401152
0.3668101,75,454.421384
0.40937787,75,454.424318
0.3735535,75,454.441114
0.4051658,75,454.441932
0.4231178,75,454.4538
0.35424787,75,454.454542
0.42347628,75,454.455286
0.39610142,75,454.456021
0.35992193,75,454.476327
0.3350165,75,454.479172
0.40145308,75,454.495942
0.4250427,75,454.49672
0.39373335,75,454.508291
0.34145004,75,454.509047
0.35161018,75,454.509788
0.40663126,75,454.510513
0.41751295,75,454.530605
0.38139912,75,454.533665
0.35540655,75,454.550562
0.35344318,75,454.551348
0.3825366,75,454.563253
0.3671248,75,454.564123
0.36981007,75,454.564902
0.39945772,75,454.56566
0.35454437,75,454.5861
0.38218573,75,454.589009
0.36258873,75,454.605923
0.3337877,75,454.606719
0.37629145,75,454.618416
0.3537801,75,454.619257
0.33384463,75,454.620048
0.37646565,75,454.62082
0.35510275,75,454.641286
0.39344066,75,454.644209
0.38353947,75,454.660935
0.41578126,75,454.661718
0.37558633,75,454.673167
0.39126894,75,454.673933
0.39258105,75,454.674708
0.42321104,75,454.675437
0.36939743,75,454.695609
0.38113508,75,454.698484
0.36530218,75,454.715127
0.42822474,75,454.715887
0.33085194,75,454.727316
0.3611586,75,454.728062
0.35059682,75,454.728834
0.3969715,75,454.72956
0.34718132,75,454.74968
0.4054755,75,454.752708
0.38121143,75,454.769223
0.3409994,75,454.769978
0.40336418,75,454.781556
0.3940119,75,454.782312
0.4116284,75,454.783075
0.3556056,75,454.783814
0.35881543,75,454.803753
0.43387517,75,454.806639
0.4325679,75,454.823298
0.39396074,75,454.824076
0.40927604,75,454.835496
0.41652435,75,454.836267
0.40663004,75,454.837018
0.3869707,75,454.837756
0.42833483,75,454.858156
0.41751155,75,454.861085
0.38392687,75,454.877616
0.3476509,75,454.878368
0.37955242,75,454.889926
0.36871904,75,454.890702
0.39827237,75,454.891472
0.3694799,75,454.892205
0.34598562,75,454.912129
0.41483632,75,454.915038
0.3916059,75,454.931531
0.35289568,75,454.932302
0.3660314,75,454.944045
0.43540978,75,454.944791
0.35990733,75,454.945568
0.40117908,75,454.946307
0.40900007,75,454.966848
0.41843587,75,454.969791
0.36253402,75,454.986539
0.3435943,75,454.987304
0.39625221,75,454.998763
0.37101808,75,454.999543
0.36645287,75,455.000309
0.40279463,75,455.001039
0.3343888,75,455.021513
0.36994722,75,455.024449
0.42277843,75,455.040894
0.3733012,75,455.041694
0.37172547,75,455.053159
0.36948085,75,455.053901
0.38090327,75,455.054637
0.37049097,75,455.055445
0.35287517,75,455.075613
0.4069045,75,455.078511
0.3489301,75,455.095262
0.33843803,75,455.096033
0.3701434,75,455.107548
0.3493972,75,455.108323
0.32354403,75,455.109087
0.40500647,75,455.109829
0.3496611,75,455.129906
0.38074732,75,455.132862
0.3550236,75,455.149558
0.35019976,75,455.150384
0.35435307,75,455.161904
0.33403957,75,455.162698
0.36467016,75,455.163499
0.35024267,75,455.164264
0.3851247,75,455.184354
0.3880379,75,455.187239
0.40558097,75,455.203757
0.33814636,75,455.204555
0.36784115,75,455.216055
0.37341657,75,455.216884
0.35985902,75,455.217637
0.37848577,75,455.218425
0.37054184,75,455.23848
0.36267176,75,455.241419
0.42860502,75,455.25815
0.37937272,75,455.25892
0.40287307,75,455.898044
0.3959993,75,455.898882
0.40315884,75,455.89968
0.4436595,75,455.900543
0.44079232,75,455.921269
0.37547398,75,455.924303
0.37533003,75,455.941344
0.41562784,75,455.942116
0.42514372,75,455.953816
0.38752252,75,455.954656
0.37847826,75,455.95559
0.35974827,75,455.956353
0.40238604,75,455.977005
0.38448882,75,455.979954
0.35872877,75,455.996825
0.36984965,75,455.99763
0.3451319,75,456.009136
0.41256878,75,456.009931
0.4004273,75,456.010717
0.38323638,75,456.011444
0.38241562,75,456.031635
0.36499548,75,456.034559
0.4435701,75,456.051128
0.41221237,75,456.05189
0.33644116,75,456.063352
0.41221312,75,456.064143
0.43009844,75,456.064887
0.41170287,75,456.065629
0.34622782,75,456.085805
0.3611979,75,456.088809
0.4005559,75,456.105286
0.43571514,75,456.106044
0.37537473,75,456.11752
0.3862295,75,456.118298
0.36319017,75,456.119112
0.36065888,75,456.119847
0.42449975,75,456.139796
0.41150013,75,456.142722
0.3510263,75,456.159587
0.38637057,75,456.160356
0.388538,75,456.171892
0.38765854,75,456.172668
0.3881697,75,456.173427
0.35233283,75,456.174163
0.39938802,75,456.194186
0.4079918,75,456.197114
0.43370515,75,456.213756
0.3863665,75,456.214512
0.4171867,75,456.226262
0.3789492,75,456.227015
0.36390108,75,456.227811
0.40800786,75,456.228541
0.41487935,75,456.248738
0.3301361,75,456.251657
0.42662406,75,456.268323
0.40619516,75,456.269093
0.38133764,75,456.280588
0.34093747,75,456.281353
0.41096407,75,456.282109
0.4010017,75,456.282856
0.3189716,75,456.303018
0.389022,75,456.305933
0.40289846,75,456.322695
0.37990212,75,456.323454
0.42284107,75,456.334984
0.38300562,75,456.335803
0.4075404,75,456.336554
0.3692111,75,456.33737
0.41183904,75,456.357584
0.40772006,75,456.360489
0.40413767,75,456.377267
0.3838735,75,456.378113
0.3619023,75,456.389608
0.42403713,75,456.390365
0.4246979,75,456.39112
0.37312365,75,456.391856
0.4348938,75,456.411962
0.3763504,75,456.414856
0.3549999,75,456.431628
0.43920684,75,456.432399
0.3406942,75,456.443965
0.39351967,75,456.444733
0.36813158,75,456.445567
0.40687189,75,456.446321
0.34511408,75,456.466469
0.39962932,75,456.469353
0.36503035,75,456.486411
0.37889057,75,456.487202
0.3439866,75,456.498954
0.35611838,75,456.499724
0.35425326,75,456.500509
0.35969192,75,456.501276
0.39106753,75,456.521584
0.40484563,75,456.524562
0.40347692,75,456.541234
0.40348178,75,456.542005
0.3667252,75,456.553754
0.42351598,75,456.554543
0.36102015,75,456.555308
0.4051162,75,456.556046
0.40806526,75,456.576154
0.41020495,75,456.57918
0.404054,75,456.595697
0.36583978,75,456.596469
0.4268028,75,456.608154
0.3929451,75,456.608944
0.3366388,75,456.609706
0.34986869,75,456.610432
0.35557762,75,456.631039
0.43054405,75,456.63395
0.4233238,75,456.650944
0.38569105,75,456.651717
0.39816034,75,456.663597
0.41308436,75,456.664406
0.36972013,75,456.665184
0.33964434,75,456.66602
0.3632599,75,456.686819
0.40497562,75,456.68979
0.38329735,75,456.706539
0.42190525,75,456.70733
0.3766917,75,456.718922
0.38326707,75,456.719675
0.38766047,75,456.720508
0.3770332,75,456.721271
0.41322044,75,456.741855
0.36088076,75,456.744777
0.37317476,75,456.761552
0.35356584,75,456.762316
0.37924272,75,456.773802
0.34622216,75,456.774552
0.35676837,75,456.775334
0.39090857,75,456.776082
0.38036758,75,456.796411
0.41211504,75,456.799324
0.43721196,75,456.815711
0.40605882,75,456.81651
0.33493447,75,456.827856
0.43892184,75,456.828618
0.37004906,75,456.82934
0.38752982,75,456.830071
0.37143728,75,456.849999
0.3822476,75,456.852868
0.41648087,75,456.86945
0.3873698,75,456.87021
0.4318874,75,456.881696
0.4035069,75,456.882471
0.4391454,75,456.883297
0.3241927,75,456.884072
0.38056123,75,456.904146
0.34795272,75,456.907022
0.37707752,75,456.923502
0.4408787,75,456.924253
0.4089262,75,456.935672
0.44115475,75,456.936453
0.36891448,75,456.937216
0.4144017,75,456.937979
0.41314662,75,456.958351
0.4043243,75,456.961216
0.3623789,75,456.977937
0.3737257,75,456.978802
0.3632343,75,456.990415
0.39474922,75,456.99117
0.40505403,75,456.991928
0.36123234,75,456.992669
0.39889827,75,457.012859
0.3816568,75,457.015953
0.34276813,75,457.032807
0.40181905,75,457.033586
0.4072083,75,457.045106
0.4061265,75,457.045866
0.4332193,75,457.046636
0.39031914,75,457.047385
0.40094352,75,457.067338
0.38221884,75,457.070195
0.39044505,75,457.086885
0.3962464,75,457.087654
0.4019116,75,457.099173
0.33606184,75,457.099919
0.37915477,75,457.100692
0.34724045,75,457.101436
0.380175,75,457.121734
0.39368793,75,457.124651
0.32271314,75,457.141312
0.39184043,75,457.142073
0.42223427,75,457.153642
0.4259271,75,457.154401
0.37452453,75,457.155137
0.41130736,75,457.155872
0.4050716,75,457.175921
0.4031125,75,457.178909
0.40093353,75,457.195642
0.3737136,75,457.196409
0.4289473,75,457.207961
0.38774478,75,457.208697
0.3908964,75,457.20944
0.40523398,75,457.210165
0.43404046,75,457.230352
0.34686506,75,457.233256
0.43535876,75,457.249906
0.3648362,75,457.250682
0.38468984,75,457.262332
0.37564915,75,457.2631
0.39827707,75,457.263879
0.3860321,75,457.264616
0.3956821,75,457.284873
0.39795822,75,457.287884
0.36932203,75,457.304412
0.42582563,75,457.305179
0.44126016,75,457.316873
0.3841021,75,457.317615
0.41408962,75,457.318358
0.40633106,75,457.319101
0.33240572,75,457.339554
0.4153599,75,457.342501
0.351829,75,457.359302
0.3962438,75,457.360056
0.3493881,75,457.371664
0.39546117,75,457.372475
0.36947447,75,457.373242
0.41932678,75,457.373997
0.3642036,75,458.00548
0.43088755,75,458.008489
0.40628666,75,458.025556
0.36601898,75,458.026327
0.38504952,75,458.037864
0.34512773,75,458.038656
0.36263534,75,458.039448
0.36924022,75,458.040183
0.39072588,75,458.060592
0.39072147,75,458.063498
0.40587997,75,458.08011
0.40429863,75,458.080892
0.40131184,75,458.092441
0.38427508,75,458.093215
0.37858695,75,458.093945
0.36892956,75,458.09468
0.4388302,75,458.114846
0.36703393,75,458.11781
0.4192464,75,458.134339
0.40908012,75,458.13511
0.39467332,75,458.146742
0.3848307,75,458.147538
0.3759425,75,458.148267
0.42266613,75,458.149035
0.35177088,75,458.169206
0.37000906,75,458.172114
0.37129205,75,458.188725
0.43772793,75,458.189484
0.43226337,75,458.201026
0.41053212,75,458.201772
0.41506466,75,458.202563
0.38204294,75,458.203344
0.42389107,75,458.223627
0.44404763,75,458.226549
0.38060448,75,458.243176
0.38428247,75,458.243963
0.393631,75,458.255519
0.39921597,75,458.256284
0.40715915,75,458.257045
0.38683072,75,458.257793
0.41268903,75,458.277962
0.4308182,75,458.280939
0.35561314,75,458.297715
0.40698433,75,458.298482
0.34503105,75,458.309953
0.4403479,75,458.310761
0.36987165,75,458.311596
0.44166896,75,458.312338
0.42738345,75,458.332403
0.3771101,75,458.335356
0.41603845,75,458.351998
0.37830088,75,458.352774
0.39731205,75,458.364361
0.3273664,75,458.365102
0.36430153,75,458.365873
0.3983844,75,458.366627
0.38826048,75,458.386881
0.37662596,75,458.389784
0.4167385,75,458.406296
0.40039828,75,458.40708
0.4229257,75,458.418649
0.39091486,75,458.419455
0.370459,75,458.420199
0.41154492,75,458.420955
0.43301484,75,458.441048
0.41963997,75,458.443985
0.33465824,75,458.46068
0.40471563,75,458.461428
0.35840398,75,458.473002
0.38323247,75,458.473773
0.36096177,75,458.474559
0.44364288,75,458.475287
0.3764838,75,458.495715
0.3607327,75,458.498744
0.40893772,75,458.515438
0.3894329,75,458.516213
0.41720742,75,458.527755
0.4237218,75,458.52853
0.35597077,75,458.529303
0.37606347,75,458.530051
0.37744796,75,458.550155
0.34188664,75,458.553357
0.4133287,75,458.569919
0.33543086,75,458.570697
0.39400682,75,458.582413
0.3812851,75,458.583191
0.34436193,75,458.583969
0.35419178,75,458.584693
0.39753053,75,458.604759
0.42262754,75,458.607666
0.4028249,75,458.624414
0.3573509,75,458.625178
0.39116696,75,458.63671
0.36188102,75,458.63746
0.33621544,75,458.63822
0.37022936,75,458.638992
0.39571574,75,458.659199
0.40810692,75,458.662086
0.40801984,75,458.678675
0.37929296,75,458.679441
0.37429178,75,458.691069
0.39450777,75,458.691832
0.34828278,75,458.692584
0.389182,75,458.693328
0.38286552,75,458.713576
0.37615424,75,458.716529
0.44618243,75,458.733146
0.36046037,75,458.733923
0.39148873,75,458.745635
0.39420122,75,458.746453
0.3852605,75,458.747197
0.3652993,75,458.74795
0.42237937,75,458.768829
0.43530923,75,458.771741
0.37035397,75,458.788599
0.40351292,75,458.789362
0.4092063,75,458.801035
0.33243692,75,458.801889
0.39284956,75,458.802685
0.4001177,75,458.80344
0.34310916,75,458.824196
0.37361848,75,458.827246
0.39730376,75,458.844201
0.3062987,75,458.845055
0.4175406,75,458.856608
0.39178696,75,458.857381
0.395439,75,458.858167
0.42245248,75,458.858924
0.3799384,75,458.879165
0.3656469,75,458.882026
0.41045088,75,458.898797
0.3412746,75,458.899577
0.43317384,75,458.91093
0.3652533,75,458.911757
0.43075454,75,458.912515
0.38174888,75,458.913272
0.39062557,75,458.933331
0.35911828,75,458.93618
0.38054368,75,458.952841
0.34719467,75,458.953715
0.36643574,75,458.965302
0.42883158,75,458.966043
0.35205197,75,458.966838
0.3460794,75,458.967575
0.41002405,75,458.987773
0.35469955,75,458.990688
0.3887879,75,459.007371
0.3711421,75,459.008135
0.38144758,75,459.019737
0.38620687,75,459.020536
0.40968496,75,459.021291
0.3679445,75,459.022058
0.4140468,75,459.042322
0.40768254,75,459.045255
0.40665537,75,459.061738
0.38148862,75,459.062502
0.4029884,75,459.074053
0.36357203,75,459.074807
0.40438223,75,459.075542
0.3911296,75,459.076264
0.3339358,75,459.096559
0.3546788,75,459.099469
0.39192584,75,459.116182
0.44742167,75,459.11694
0.37237144,75,459.128419
0.38175705,75,459.129169
0.41633263,75,459.129911
0.3921473,75,459.130681
0.35295978,75,459.150972
0.32558963,75,459.153964
0.34879398,75,459.170697
0.37829745,75,459.171463
0.43182674,75,459.183019
0.38517386,75,459.183798
0.39054474,75,459.184548
0.39951283,75,459.185276
0.4064385,75,459.205294
0.34826067,75,459.208183
0.41383657,75,459.225019
0.33534777,75,459.225803
0.37939018,75,459.237412
0.37485927,75,459.238222
0.41877177,75,459.238999
0.43795997,75,459.23973
0.4118569,75,459.260038
0.3545959,75,459.262976
0.41719314,75,459.279486
0.3731916,75,459.280257
0.39668986,75,459.291907
0.40622875,75,459.292668
0.36361676,75,459.293467
0.43229312,75,459.294236
0.42467672,75,459.314386
0.36457545,75,459.31731
0.39986312,75,459.333682
0.41426444,75,459.334443
0.39367133,75,459.345874
0.42878345,75,459.34666
0.4156104,75,459.347474
0.33030945,75,459.348212
0.4204131,75,459.368364
0.3962427,75,459.371232
0.39053103,75,459.387813
0.4394283,75,459.388576
0.4069373,75,459.400103
0.41839713,75,459.400843
0.35704067,75,459.401589
0.40576917,75,459.402321
0.4083463,75,459.422432
0.38739198,75,459.425328
0.39070946,75,459.441895
0.40786973,75,459.442642
0.42948383,75,459.454107
0.38501567,75,459.454875
0.32814506,75,459.455653
0.4012091,75,459.456414
0.41330275,75,459.476406
0.39905268,75,459.47923
0.3943006,75,460.108618
0.42109016,75,460.109421
0.40633383,75,460.121221
0.42301616,75,460.122084
0.39540568,75,460.122939
0.34996235,75,460.123826
0.42222044,75,460.144086
0.42946842,75,460.147121
0.37301984,75,460.163976
0.3991897,75,460.164759
0.43202496,75,460.176409
0.4267024,75,460.177175
0.3431517,75,460.177963
0.41572213,75,460.178772
0.35733995,75,460.199046
0.3298809,75,460.201991
0.32859984,75,460.218822
0.35562226,75,460.219597
0.44177213,75,460.231316
0.36645216,75,460.23207
0.3716213,75,460.232817
0.38594624,75,460.233582
0.34153375,75,460.254012
0.4363537,75,460.256905
0.42342934,75,460.273572
0.38061845,75,460.274371
0.33918193,75,460.285993
0.43077525,75,460.286752
0.36308935,75,460.287524
0.38676894,75,460.288264
0.35962573,75,460.30842
0.37614146,75,460.311368
0.42590716,75,460.328053
0.36688685,75,460.328855
0.36007658,75,460.340394
0.3956333,75,460.341145
0.4184211,75,460.341918
0.3833406,75,460.342649
0.43400577,75,460.363036
0.34566572,75,460.365936
0.39592192,75,460.383672
0.38321444,75,460.384459
0.45896098,75,460.396037
0.4341729,75,460.396781
0.36763245,75,460.39757
0.3794505,75,460.398314
0.44391382,75,460.418639
0.33685577,75,460.42172
0.34921467,75,460.438158
0.35472837,75,460.438948
0.409938,75,460.450495
0.43900684,75,460.451248
0.338665,75,460.452017
0.36756125,75,460.452756
0.3905649,75,460.472692
0.3853033,75,460.475566
0.35985115,75,460.4924
0.36367834,75,460.493217
0.34599042,75,460.504685
0.35656667,75,460.505446
0.37794325,75,460.506219
0.35402393,75,460.506968
0.42175665,75,460.527196
0.33287928,75,460.53011
0.37141564,75,460.546911
0.3933846,75,460.547682
0.41550976,75,460.559584
0.33733204,75,460.560342
0.3548734,75,460.561074
0.3712918,75,460.56181
0.38824904,75,460.582164
0.45191365,75,460.585119
0.3986952,75,460.602222
0.34345084,75,460.603075
0.40167582,75,460.614788
0.41320133,75,460.615561
0.42213163,75,460.616356
0.39431125,75,460.617084
0.36876956,75,460.638118
0.37023082,75,460.64109
0.40021104,75,460.657942
0.37671587,75,460.658768
0.40761226,75,460.670262
0.41498244,75,460.671024
0.3697654,75,460.671822
0.42982686,75,460.672569
0.39470103,75,460.692756
0.32052284,75,460.695698
0.38856524,75,460.712552
0.3977598,75,460.713338
0.38378555,75,460.724972
0.36024082,75,460.72575
0.4107939,75,460.726521
0.35495812,75,460.727501
0.42826086,75,460.748313
0.3853959,75,460.751355
0.38909262,75,460.768035
0.3800655,75,460.768796
0.3753032,75,460.780294
0.4379339,75,460.781052
0.37454465,75,460.781815
0.3843459,75,460.782578
0.39585373,75,460.802639
0.40631258,75,460.805617
0.42969358,75,460.822303
0.366888,75,460.823076
0.40386552,75,460.834603
0.39212388,75,460.83556
0.39266643,75,460.836337
0.38614282,75,460.837079
0.40411374,75,460.857704
0.4166253,75,460.860806
0.36165282,75,460.877749
0.40138242,75,460.87851
0.33980405,75,460.890556
0.4257882,75,460.891403
0.36780712,75,460.892284
0.34485352,75,460.893177
0.39619914,75,460.913671
0.35924017,75,460.91666
0.42043713,75,460.933552
0.41592568,75,460.934326
0.41100696,75,460.946
0.37327975,75,460.946796
0.34542042,75,460.94758
0.42545366,75,460.948341
0.4251343,75,460.968988
0.41047,75,460.971896
0.37107852,75,460.98867
0.36833853,75,460.989433
0.4167673,75,461.000995
0.38047716,75,461.00178
0.35592318,75,461.002551
0.42954993,75,461.003282
0.3390166,75,461.023696
0.3784594,75,461.026723
0.35630307,75,461.043483
0.36456954,75,461.044275
0.43019855,75,461.05592
0.39285064,75,461.056685
0.36882985,75,461.057454
0.41117838,75,461.058242
0.40695012,75,461.078622
0.45535082,75,461.081559
0.35826015,75,461.098223
0.394325,75,461.098992
0.390522,75,461.110519
0.4098906,75,461.111282
0.40357068,75,461.112106
0.34895998,75,461.112855
0.40233746,75,461.132988
0.39026758,75,461.135963
0.40246361,75,461.152711
0.39274418,75,461.15348
0.37039983,75,461.164869
0.35837582,75,461.165658
0.40455973,75,461.166443
0.4142668,75,461.167174
0.37014383,75,461.187275
0.4121334,75,461.190205
0.38872126,75,461.206869
0.36765528,75,461.207692
0.42523828,75,461.219261
0.36807188,75,461.22003
0.40105754,75,461.220822
0.3799243,75,461.221561
0.41440228,75,461.24175
0.41904217,75,461.244748
0.39730197,75,461.261284
0.41819033,75,461.262046
0.41892642,75,461.273777
0.35690874,75,461.274574
0.4072598,75,461.275327
0.337915,75,461.276066
0.32380652,75,461.296309
0.4098216,75,461.299196
0.37374628,75,461.315971
0.42527455,75,461.316772
0.39118817,75,461.328159
0.3634063,75,461.328953
0.41562608,75,461.32971
0.3464657,75,461.330456
0.40781397,75,461.350753
0.39234105,75,461.353735
0.4170934,75,461.370268
0.4123732,75,461.37103
0.32308608,75,461.382607
0.35421076,75,461.38337
0.41783655,75,461.384143
0.36674848,75,461.384886
0.38744655,75,461.405339
0.39645416,75,461.408262
0.43009013,75,461.425039
0.38179794,75,461.425807
0.4135853,75,461.437312
0.4280416,75,461.438064
0.35390982,75,461.438883
0.43194765,75,461.439613
0.40347815,75,461.459987
0.44214985,75,461.463004
0.3919583,75,461.479548
0.42445487,75,461.480327
0.3832443,75,461.49194
0.4087175,75,461.492687
0.35779887,75,461.493438
0.40701658,75,461.494194
0.3683576,75,461.514571
0.3604318,75,461.517521
0.35472754,75,461.534107
0.37233898,75,461.53486
0.40168,75,461.54655
0.40666413,75,461.54734
0.4154376,75,461.548142
0.37216812,75,461.548883
0.36069858,75,461.569279
0.38938096,75,461.572166
0.3524044,75,461.58888
0.39237025,75,461.589642
0.43323845,75,462.226014
0.43772104,75,462.226815
0.40124002,75,462.22758
0.4045586,75,462.228329
0.3404267,75,462.248846
0.40416494,75,462.252003
0.38048947,75,462.268656
0.3939371,75,462.269421
0.4127375,75,462.281113
0.36542094,75,462.281891
0.35642406,75,462.28268
0.3449562,75,462.283461
0.35884115,75,462.303745
0.3828479,75,462.306645
0.35548604,75,462.323214
0.38088256,75,462.323997
0.44535872,75,462.335526
0.38157445,75,462.336255
0.39052415,75,462.33705
0.420369,75,462.337853
0.34495357,75,462.358
0.40014663,75,462.360904
0.3709046,75,462.377497
0.34878615,75,462.378331
0.40898055,75,462.390011
0.38144127,75,462.390757
0.3590405,75,462.391531
0.35678935,75,462.392296
0.37997827,75,462.412435
0.42487416,75,462.416017
0.38681647,75,462.43446
0.374727,75,462.435243
0.35181132,75,462.446941
0.37022364,75,462.44777
0.43652558,75,462.44853
0.37271738,75,462.449305
0.42390403,75,462.469495
0.3234286,75,462.472416
0.40266508,75,462.489261
0.3424889,75,462.490036
0.4250699,75,462.501536
0.36982414,75,462.502305
0.3841956,75,462.503085
0.38845593,75,462.503818
0.3757086,75,462.523999
0.3822164,75,462.526879
0.3509155,75,462.543466
0.35143706,75,462.544231
0.38368303,75,462.556191
0.37180364,75,462.556997
0.39122832,75,462.557774
0.38037214,75,462.558554
0.36081317,75,462.579072
0.397876,75,462.582078
0.34673405,75,462.598819
0.41091403,75,462.599602
0.37491095,75,462.611057
0.3575302,75,462.611807
0.3617364,75,462.612595
0.37004912,75,462.613349
0.3882279,75,462.633743
0.40667856,75,462.636696
0.43371046,75,462.653415
0.34752783,75,462.654194
0.3429945,75,462.665926
0.40984756,75,462.666708
0.36300424,75,462.667473
0.37875485,75,462.668223
0.3496615,75,462.688725
0.42265603,75,462.691668
0.34823778,75,462.708352
0.36396486,75,462.709111
0.38409317,75,462.720664
0.40542176,75,462.721413
0.3388883,75,462.722168
0.4117785,75,462.722905
0.39687523,75,462.743164
0.44677526,75,462.746033
0.41835123,75,462.762751
0.44234103,75,462.763519
0.43274823,75,462.775115
0.39783445,75,462.775864
0.3653553,75,462.776614
0.4169469,75,462.777424
0.40189612,75,462.797477
0.3927921,75,462.800406
0.43332216,75,462.817052
0.40831035,75,462.817874
0.38416675,75,462.829367
0.40839365,75,462.830122
0.43781948,75,462.830904
0.40890822,75,462.831649
0.41864058,75,462.851839
0.4111279,75,462.854695
0.35007018,75,462.871288
0.38734278,75,462.872041
0.43257144,75,462.883517
0.39162642,75,462.884309
0.37888587,75,462.885083
0.34951314,75,462.885859
0.40693334,75,462.906139
0.34210175,75,462.909042
0.4348526,75,462.925522
0.4272753,75,462.926288
0.40172592,75,462.938062
0.39907688,75,462.938851
0.38810274,75,462.939611
0.4066447,75,462.940377
0.32693514,75,462.961094
0.4440087,75,462.964167
0.40427005,75,462.980866
0.35455364,75,462.981642
0.39629015,75,462.993285
0.3657266,75,462.994087
0.39000404,75,462.994867
0.41872886,75,462.995601
0.41465887,75,463.016069
0.3807165,75,463.019268
0.41003284,75,463.036049
0.33606628,75,463.036841
0.36850604,75,463.048579
0.3690389,75,463.049376
0.40068403,75,463.050115
0.40862438,75,463.050871
0.33719224,75,463.071392
0.44306567,75,463.074292
0.33340424,75,463.091096
0.41009524,75,463.091915
0.3828571,75,463.103543
0.38886958,75,463.104324
0.38442147,75,463.105109
0.41261923,75,463.105862
0.35087752,75,463.126049
0.39970773,75,463.129009
0.44775078,75,463.145532
0.40372753,75,463.146298
0.38840282,75,463.157886
0.3997529,75,463.158658
0.391268,75,463.159383
0.34791365,75,463.16012
0.3333252,75,463.180147
0.41393661,75,463.183071
0.420877,75,463.199553
0.3826439,75,463.200354
0.4000421,75,463.211868
0.37521487,75,463.212612
0.35417515,75,463.213419
0.36360496,75,463.214158
0.40064603,75,463.234235
0.37783724,75,463.237123
0.37894544,75,463.253722
0.4234236,75,463.254482
0.37454078,75,463.266003
0.35046846,75,463.266753
0.3841711,75,463.267517
0.43571457,75,463.268256
0.43358567,75,463.288246
0.39557216,75,463.291119
0.38155615,75,463.307681
0.37657365,75,463.308457
0.4119091,75,463.319987
0.4243963,75,463.320766
0.37955803,75,463.321538
0.37921908,75,463.322288
0.39304012,75,463.342668
0.44981334,75,463.345551
0.42627838,75,463.362174
0.36905593,75,463.362943
0.41493076,75,463.37441
0.4276109,75,463.375186
0.35412756,75,463.375919
0.34461874,75,463.376654
0.3637732,75,463.396782
0.38349605,75,463.399698
0.42202342,75,463.416278
0.386213,75,463.417113
0.39763764,75,463.428557
0.3781268,75,463.429303
0.3494873,75,463.430094
0.3193429,75,463.430864
0.396029,75,463.451047
0.43246728,75,463.453953
0.3793206,75,463.470543
0.33399373,75,463.471364
0.35635394,75,463.482652
0.3517513,75,463.48346
0.35164487,75,463.484207
0.36396953,75,463.48494
0.4257464,75,463.504976
0.35243794,75,463.507911
0.41626024,75,463.524511
0.4200741,75,463.52528
0.37562674,75,463.536783
0.41823813,75,463.537537
0.38851762,75,463.538297
0.4133788,75,463.539061
0.3481119,75,463.559228
0.3620844,75,463.562085
0.3716373,75,463.578533
0.39194623,75,463.579309
0.34138244,75,463.590723
0.36895868,75,463.591513
0.3830281,75,463.592283
0.39571023,75,463.593029
0.4118888,75,463.613194
0.36406258,75,463.616144
0.37713736,75,463.633004
0.3644599,75,463.633769
0.36040056,75,463.645342
0.39034256,75,463.646095
0.36672473,75,463.646912
0.4188499,75,463.647672
0.44389948,75,463.667533
0.41057646,75,463.670487
0.37026954,75,463.686937
0.41769403,75,463.687765
0.36022812,75,463.699274
0.3889389,75,463.700031
0.35178816,75,463.700782
0.4224783,75,463.701543
0.3431482,75,464.336
0.40369052,75,464.33912
0.37062186,75,464.356341
0.3643835,75,464.357187
0.3401317,75,464.369405
0.394629,75,464.370204
0.39845997,75,464.370988
0.3816265,75,464.37175
0.41979155,75,464.392079
0.3615221,75,464.39504
0.38563374,75,464.411569
0.42454022,75,464.41235
0.36442405,75,464.42409
0.41764557,75,464.424927
0.40203425,75,464.425687
0.37997055,75,464.426435
0.35084236,75,464.446609
0.34846956,75,464.449522
0.37893686,75,464.465839
0.40179595,75,464.46662
0.37193167,75,464.478275
0.41156432,75,464.479015
0.44299746,75,464.47979
0.3676845,75,464.480603
0.41171062,75,464.500993
0.42199743,75,464.503916
0.3635946,75,464.520571
0.43846205,75,464.521347
0.4091313,75,464.532862
0.34908667,75,464.533638
0.4316712,75,464.534389
0.39770445,75,464.535117
0.4180599,75,464.555458
0.40408167,75,464.558413
0.34681916,75,464.575131
0.39943078,75,464.575901
0.43688795,75,464.587484
0.3781613,75,464.588213
0.43531466,75,464.588986
0.38508475,75,464.589713
0.40020192,75,464.609929
0.39829418,75,464.612876
0.41401732,75,464.629797
0.3259826,75,464.630606
0.3701275,75,464.642164
0.36100066,75,464.642923
0.4077538,75,464.643691
0.41557673,75,464.644475
0.3624115,75,464.664757
0.38857,75,464.667761
0.35781077,75,464.684398
0.4380613,75,464.685154
0.32964694,75,464.696582
0.41326493,75,464.697351
0.38446224,75,464.698115
0.35761088,75,464.698884
0.41111317,75,464.719127
0.3455219,75,464.721988
0.361882,75,464.738553
0.3724362,75,464.739319
0.40940288,75,464.750831
0.40795365,75,464.751609
0.4146146,75,464.75243
0.369843,75,464.75322
0.40535665,75,464.773271
0.33613217,75,464.776219
0.39017397,75,464.792897
0.37733218,75,464.793668
0.38228047,75,464.805098
0.43620723,75,464.805851
0.3296063,75,464.806653
0.38103965,75,464.807408
0.3773526,75,464.827717
0.4106471,75,464.830576
0.4096821,75,464.8472
0.41107625,75,464.84798
0.33517492,75,464.859477
0.41277778,75,464.86022
0.3866484,75,464.860977
0.39265618,75,464.861723
0.39116406,75,464.88182
0.41655147,75,464.884833
0.41081184,75,464.90159
0.4199968,75,464.902369
0.42357492,75,464.913966
0.42649657,75,464.91472
0.4065277,75,464.915458
0.39739585,75,464.916229
0.3967179,75,464.936069
0.37152675,75,464.938959
0.39014935,75,464.955706
0.3994353,75,464.956456
0.40171802,75,464.967947
0.37515047,75,464.9687
0.39801702,75,464.96949
0.44883946,75,464.970213
0.38771006,75,464.990361
0.4367871,75,464.993335
0.37737527,75,465.010031
0.40328407,75,465.010855
0.41386732,75,465.02247
0.37828395,75,465.02324
0.37222975,75,465.023995
0.37731728,75,465.024762
0.3220664,75,465.044925
0.36020273,75,465.04802
0.4104846,75,465.064671
0.41594797,75,465.06552
0.42756087,75,465.077218
0.41791013,75,465.07799
0.40079948,75,465.078808
0.44727474,75,465.07962
0.3562552,75,465.100456
0.34176648,75,465.1036
0.37376252,75,465.12085
0.39146236,75,465.121639
0.37329045,75,465.133635
0.37035847,75,465.134461
0.36623484,75,465.135204
0.41200447,75,465.135956
0.35792348,75,465.156899
0.37247813,75,465.160058
0.36460394,75,465.176842
0.33725044,75,465.177638
0.40766433,75,465.189147
0.30869576,75,465.18993
0.4144384,75,465.190697
0.43254933,75,465.191437
0.37050015,75,465.211654
0.42730293,75,465.214582
0.35373753,75,465.231405
0.38968417,75,465.23217
0.38322836,75,465.243525
0.36635685,75,465.244346
0.35556445,75,465.245095
0.3323091,75,465.24582
0.38466337,75,465.265725
0.35688746,75,465.268633
0.42749745,75,465.285301
0.4066534,75,465.286081
0.3617294,75,465.297677
0.35994756,75,465.298426
0.39160466,75,465.299176
0.36908558,75,465.299933
0.3587684,75,465.319929
0.35112903,75,465.322882
0.3467182,75,465.339488
0.37237814,75,465.340296
0.35550338,75,465.351914
0.39653322,75,465.352668
0.39168924,75,465.353439
0.44273728,75,465.354189
0.4321512,75,465.374343
0.3635153,75,465.377227
0.38060287,75,465.393735
0.35383055,75,465.394521
0.42164984,75,465.406169
0.3518301,75,465.406939
0.3592982,75,465.407736
0.3763777,75,465.408468
0.4255903,75,465.428546
0.41962773,75,465.431509
0.410265,75,465.448157
0.33210874,75,465.448982
0.38998622,75,465.460415
0.31404644,75,465.461186
0.3770935,75,465.461944
0.36929882,75,465.462682
0.4000414,75,465.482589
0.4041241,75,465.485609
0.3625467,75,465.502073
0.3508862,75,465.502824
0.42582518,75,465.514311
0.36073214,75,465.515051
0.41562966,75,465.515809
0.40657583,75,465.516571
0.43448246,75,465.536477
0.35801947,75,465.539418
0.38643715,75,465.556063
0.3977269,75,465.556821
0.4332053,75,465.568273
0.38947865,75,465.569074
0.42583698,75,465.569837
0.43516085,75,465.570599
0.3757779,75,465.590862
0.37951985,75,465.593897
0.36056054,75,465.610506
0.39695865,75,465.611354
0.33983254,75,465.622958
0.39490822,75,465.623762
0.40414616,75,465.624531
0.4333095,75,465.625342
0.25292936,75,465.645635
0.3796992,75,465.64859
0.3725346,75,465.665258
0.40966234,75,465.666064
0.383041,75,465.677562
0.32405666,75,465.678334
0.43722287,75,465.679073
0.44613105,75,465.679808
0.42031613,75,465.700144
0.4345193,75,465.703052
0.41499984,75,465.719809
0.39954042,75,465.720567
0.37365714,75,465.732135
0.40437436,75,465.732923
0.3543352,75,465.733725
0.4093894,75,465.734456
0.3558209,75,465.754764
0.44509578,75,465.757661
0.37242386,75,465.774346
0.40680006,75,465.775124
0.41048014,75,465.786685
0.33271357,75,465.787424
0.42051825,75,465.788182
0.34629762,75,465.788941
0.35967642,75,465.809
0.40634844,75,466.420358
0.3784814,75,466.437471
0.3741097,75,466.438281
0.36811233,75,466.450131
0.3839426,75,466.45093
0.41643688,75,466.451743
0.40246397,75,466.452517
0.37102935,75,466.472645
0.36752447,75,466.475583
0.34826866,75,466.492429
0.42030096,75,466.493207
0.41031355,75,466.504676
0.33935443,75,466.505463
0.43065977,75,466.506199
0.36029544,75,466.506928
0.36205408,75,466.527366
0.3836749,75,466.530327
0.40110618,75,466.546843
0.42816192,75,466.547603
0.42310035,75,466.559356
0.36486328,75,466.560121
0.3898588,75,466.560908
0.40832597,75,466.561635
0.3708295,75,466.581921
0.43492064,75,466.584807
0.40853482,75,466.601416
0.37782046,75,466.602177
0.42035106,75,466.613642
0.41974363,75,466.614483
0.4131312,75,466.615299
0.3568313,75,466.616081
0.36547366,75,466.636754
0.40380925,75,466.639703
0.34767333,75,466.656487
0.38170075,75,466.657273
0.39987105,75,466.66881
0.33329687,75,466.669566
0.40581825,75,466.670371
0.3900659,75,466.671175
0.42294624,75,466.691609
0.3510169,75,466.694468
0.34980732,75,466.711069
0.35845172,75,466.71187
0.41240662,75,466.723366
0.36188793,75,466.724126
0.3897345,75,466.724876
0.40512404,75,466.725614
0.41750005,75,466.745874
0.4506664,75,466.748798
0.3840351,75,466.765491
0.3960869,75,466.766259
0.2982652,75,466.777728
0.3969872,75,466.778517
0.37252885,75,466.779285
0.35146356,75,466.780055
0.3921908,75,466.800134
0.39165458,75,466.803023
0.42940447,75,466.81959
0.43445194,75,466.820455
0.3737601,75,466.831819
0.34759572,75,466.832571
0.4147481,75,466.833374
0.4234718,75,466.834128
0.39579117,75,466.854335
0.40438253,75,466.85729
0.35634717,75,466.87388
0.38242793,75,466.874653
0.32337463,75,466.886182
0.37793577,75,466.886988
0.37749007,75,466.887759
0.37748903,75,466.888585
0.39357167,75,466.908691
0.37278605,75,466.911673
0.39519873,75,466.928034
0.40737548,75,466.928806
0.38770428,75,466.94021
0.3388784,75,466.941007
0.36353704,75,466.941752
0.39018613,75,466.942493
0.44690967,75,466.962347
0.4394193,75,466.965266
0.44236967,75,466.981879
0.3992462,75,466.982637
0.356293,75,466.994168
0.42046252,75,466.994933
0.45257118,75,466.995693
0.43264902,75,466.996446
0.44104454,75,467.01649
0.41553786,75,467.019446
0.3958348,75,467.036064
0.3221599,75,467.036833
0.36792952,75,467.048456
0.3918544,75,467.049214
0.32990783,75,467.049989
0.42771423,75,467.050727
0.42377245,75,467.070846
0.37133354,75,467.073845
0.39257488,75,467.090508
0.4283315,75,467.091285
0.402985,75,467.102695
0.44529638,75,467.103668
0.4256277,75,467.104576
0.33166385,75,467.105396
0.3224519,75,467.125811
0.41965958,75,467.128831
0.41422954,75,467.145498
0.3586739,75,467.146334
0.3699594,75,467.158283
0.41276693,75,467.159165
0.3726514,75,467.159954
0.41253605,75,467.160765
0.40554467,75,467.181421
0.40099967,75,467.184283
0.4105476,75,467.201367
0.4290673,75,467.202143
0.3648309,75,467.213951
0.44466853,75,467.214732
0.40328518,75,467.215488
0.42323503,75,467.216238
0.39783862,75,467.236803
0.3924048,75,467.239804
0.36773786,75,467.256713
0.36706895,75,467.25749
0.42855138,75,467.269272
0.35108307,75,467.270074
0.41039392,75,467.270816
0.3740754,75,467.271553
0.42318624,75,467.291876
0.43748453,75,467.294855
0.4345786,75,467.311645
0.41561317,75,467.312437
0.38330632,75,467.323993
0.38366503,75,467.324793
0.3825441,75,467.325531
0.3443492,75,467.326288
0.34460005,75,467.346525
0.36217394,75,467.349492
0.4231389,75,467.366188
0.3891435,75,467.366963
0.3614608,75,467.378504
0.34089267,75,467.379281
0.417713,75,467.38007
0.38863587,75,467.380819
0.35959345,75,467.401118
0.35498783,75,467.404068
0.41723648,75,467.420709
0.35275123,75,467.421488
0.35843775,75,467.43295
0.3473961,75,467.433716
0.40777344,75,467.434474
0.35095912,75,467.435216
0.38888472,75,467.455442
0.36823663,75,467.458364
0.34916613,75,467.474929
0.36099547,75,467.475688
0.41203943,75,467.487263
0.41092208,75,467.488057
0.40543365,75,467.488806
0.43219808,75,467.48953
0.3907199,75,467.509664
0.39418498,75,467.512608
0.36851504,75,467.529117
0.41834885,75,467.529878
0.40690333,75,467.54149
0.36647028,75,467.542282
0.3642263,75,467.543024
0.38979882,75,467.543771
0.44462258,75,467.564057
0.3747097,75,467.567012
0.38894743,75,467.583678
0.43460494,75,467.584444
0.32885775,75,467.595862
0.33793813,75,467.596608
0.42117733,75,467.597408
0.39143953,75,467.598137
0.3885386,75,467.618287
0.32962233,75,467.621293
0.4228614,75,467.63806
0.37021002,75,467.638913
0.396282,75,467.6507
0.39382794,75,467.651493
0.34624112,75,467.652291
0.40934098,75,467.653026
0.41641378,75,467.673186
0.38125688,75,467.676089
0.40774482,75,467.692673
0.335013,75,467.693441
0.31774414,75,467.704817
0.3979264,75,467.705551
0.4044232,75,467.706292
0.35521477,75,467.707044
0.38355115,75,467.727144
0.389212,75,467.730013
0.4326876,75,467.746566
0.37004527,75,467.747345
0.41557854,75,467.758986
0.3481381,75,467.759727
0.3874487,75,467.760464
0.43331122,75,467.761205
0.40982524,75,467.781398
0.3584028,75,467.78431
0.37454128,75,467.800843
0.41300595,75,467.801614
0.3838269,75,467.81319
0.39895272,75,467.81406
0.39261475,75,467.814813
0.41554788,75,467.815552
0.43304253,75,467.835779
0.44834492,75,467.838692
0.37726182,75,467.855201
0.3557514,75,467.855964
0.3801488,75,467.867389
0.34625858,75,467.868134
0.41182458,75,467.86888
0.41789755,75,467.869624
0.3631888,75,467.889957
0.41175205,75,467.892833
0.36980876,75,468.513424
0.37117627,75,468.514388
0.36120787,75,468.52635
0.43841335,75,468.527143
0.40841454,75,468.527968
0.4337598,75,468.528742
0.4160076,75,468.548783
0.38644513,75,468.551873
0.44630548,75,468.568701
0.38074496,75,468.569513
0.39986134,75,468.581409
0.39134297,75,468.582172
0.362161,75,468.582981
0.37851506,75,468.583744
0.4032391,75,468.604118
0.3814943,75,468.607084
0.4306965,75,468.623741
0.3676189,75,468.624546
0.29850245,75,468.636244
0.43351588,75,468.637033
0.35727933,75,468.637785
0.40537304,75,468.638531
0.4371765,75,468.658825
0.3566306,75,468.661707
0.30401558,75,468.678529
0.38670486,75,468.6793
0.4368818,75,468.690972
0.39803392,75,468.691754
0.39260814,75,468.692532
0.3826597,75,468.693272
0.4061164,75,468.713679
0.43359146,75,468.716587
0.3628973,75,468.733263
0.41801077,75,468.734024
0.36878026,75,468.745448
0.4405035,75,468.746222
0.3655108,75,468.747008
0.4015749,75,468.747748
0.35713568,75,468.767913
0.42787915,75,468.770745
0.37478888,75,468.787201
0.4110937,75,468.787967
0.4287599,75,468.799657
0.42427313,75,468.800433
0.375406,75,468.801212
0.40157107,75,468.801927
0.36737633,75,468.822123
0.41886294,75,468.825019
0.36342895,75,468.841578
0.38977063,75,468.842347
0.41129646,75,468.853935
0.3944802,75,468.854695
0.41792277,75,468.85546
0.38089627,75,468.856188
0.3883499,75,468.876158
0.38042265,75,468.879015
0.41451126,75,468.895575
0.39272708,75,468.896344
0.38998866,75,468.907958
0.37199467,75,468.908732
0.35068575,75,468.909488
0.34101257,75,468.910232
0.38928995,75,468.93038
0.35612097,75,468.93329
0.38843644,75,468.949784
0.39140385,75,468.950575
0.32478666,75,468.962092
0.35132352,75,468.962853
0.40542874,75,468.9636
0.40841866,75,468.964344
0.37663835,75,468.988581
0.40979266,75,468.991578
0.39666075,75,469.0084
0.41384485,75,469.009163
0.40013134,75,469.020785
0.38663357,75,469.021576
0.3566896,75,469.02233
0.35256281,75,469.023092
0.37689883,75,469.043093
0.40394768,75,469.046044
0.44289106,75,469.062514
0.42161718,75,469.063292
0.34177864,75,469.074878
0.3586634,75,469.075631
0.38733914,75,469.076372
0.41117916,75,469.077107
0.42353582,75,469.097484
0.40884912,75,469.100362
0.38543415,75,469.116981
0.34954974,75,469.117727
0.39683905,75,469.129344
0.3869149,75,469.130118
0.38521743,75,469.130865
0.4062135,75,469.131605
0.40219048,75,469.152104
0.41425878,75,469.155081
0.3758273,75,469.1716
0.41176465,75,469.172434
0.43681186,75,469.184067
0.39664355,75,469.184832
0.3986572,75,469.185607
0.40484786,75,469.186338
0.34805763,75,469.206278
0.4396646,75,469.209142
0.42280594,75,469.225707
0.4022798,75,469.226477
0.3880541,75,469.237979
0.44289944,75,469.23875
0.4250705,75,469.239496
0.38937566,75,469.240239
0.36335704,75,469.260431
0.40010318,75,469.263307
0.40372154,75,469.28036
0.40439197,75,469.28128
0.3958593,75,469.293147
0.38566786,75,469.293942
0.40935934,75,469.294693
0.34521896,75,469.295439
0.4381133,75,469.315721
0.39661244,75,469.318693
0.386374,75,469.335582
0.406363,75,469.336435
0.37523118,75,469.348137
0.40781897,75,469.348921
0.3892149,75,469.349726
0.3723592,75,469.350522
0.4139777,75,469.37138
0.44090113,75,469.374427
0.41296062,75,469.391095
0.37035924,75,469.391895
0.4341927,75,469.403457
0.3962629,75,469.404218
0.3478687,75,469.405001
0.3688818,75,469.405782
0.3885254,75,469.425963
0.35966417,75,469.428884
0.39905342,75,469.445584
0.37196684,75,469.446353
0.38817888,75,469.458301
0.3755464,75,469.459106
0.38845,75,469.459866
0.42321548,75,469.460699
0.3960207,75,469.481842
0.37260357,75,469.484849
0.41665184,75,469.502298
0.3424164,75,469.503104
0.3906379,75,469.515364
0.3004159,75,469.516194
0.40153635,75,469.516966
0.39414707,75,469.517707
0.36355075,75,469.537983
0.3696737,75,469.540853
0.35477096,75,469.557593
0.3987411,75,469.558388
0.3958982,75,469.56985
0.38023362,75,469.570616
0.39798132,75,469.571387
0.40156952,75,469.572153
0.42411125,75,469.592521
0.41500714,75,469.595544
0.41088748,75,469.612316
0.33886907,75,469.613092
0.399301,75,469.62511
0.38291922,75,469.625905
0.3342941,75,469.626701
0.38673237,75,469.627458
0.43240052,75,469.647927
0.37359104,75,469.650904
0.3975499,75,469.668374
0.42058748,75,469.669236
0.43551588,75,469.681586
0.36284417,75,469.682373
0.3199069,75,469.683166
0.4401527,75,469.683989
0.43027613,75,469.705971
0.3724932,75,469.708929
0.33834723,75,469.725536
0.40635806,75,469.72631
0.4233492,75,469.737909
0.40843982,75,469.738694
0.4356918,75,469.739501
0.41366473,75,469.740293
0.38485745,75,469.760486
0.38483828,75,469.763368
0.3913226,75,469.779924
0.36148694,75,469.780705
0.34697536,75,469.792281
0.34573394,75,469.793055
0.38101345,75,469.793808
0.40520617,75,469.79455
0.43549442,75,469.814486
0.41818622,75,469.817436
0.42603642,75,469.834262
0.4504394,75,469.835028
0.36303183,75,469.846562
0.4476852,75,469.847368
0.4241204,75,469.848104
0.34379742,75,469.848854
0.38330024,75,469.868932
0.43144032,75,469.871941
0.40599343,75,469.888761
0.4054472,75,469.889541
0.37517798,75,469.901083
0.38779053,75,469.90183
0.41339287,75,469.902598
0.40571597,75,469.903361
0.32485217,75,469.923445
0.42146826,75,469.926348
0.42864224,75,469.943115
0.39885885,75,469.943902
0.42450565,75,469.955516
0.33372644,75,469.956277
0.36886317,75,469.95704
0.35367224,75,469.957792
0.42699233,75,469.978114
0.35959965,75,469.981046
0.33664784,75,469.997428
0.40854907,75,469.998199
0.35587925,75,470.009764
0.3762955,75,470.010566
0.3703201,75,470.011325
0.41624853,75,470.012069
0.43413082,75,470.642906
0.3722742,75,470.646047
0.41563037,75,470.662603
0.4399888,75,470.663388
0.43866572,75,470.675093
0.37691578,75,470.675862
0.43346238,75,470.676632
0.3819436,75,470.67743
0.3702908,75,470.697756
0.39443785,75,470.700691
0.42538276,75,470.717418
0.39346504,75,470.718189
0.33605307,75,470.729645
0.3662526,75,470.73048
0.43965566,75,470.731263
0.38423422,75,470.731992
0.44201744,75,470.752395
0.39515686,75,470.755346
0.3804807,75,470.771876
0.4001949,75,470.772652
0.34223336,75,470.784148
0.3444198,75,470.784896
0.41636643,75,470.785702
0.41548464,75,470.78644
0.401183,75,470.806617
0.35896206,75,470.809511
0.42616224,75,470.826264
0.35212702,75,470.827017
0.38269722,75,470.838478
0.4220717,75,470.839222
0.42432088,75,470.839957
0.3626893,75,470.840689
0.38906157,75,470.860864
0.40300605,75,470.863808
0.3522343,75,470.880303
0.37372103,75,470.881093
0.3780015,75,470.892928
0.4037294,75,470.893674
0.4365499,75,470.894415
0.39031467,75,470.895166
0.39103892,75,470.915434
0.4338249,75,470.918377
0.4396656,75,470.935036
0.4247641,75,470.935805
0.38902807,75,470.947324
0.3505996,75,470.94807
0.41605055,75,470.948809
0.3918157,75,470.949588
0.38441476,75,470.969723
0.4626022,75,470.972616
0.3855623,75,470.989201
0.41988385,75,470.989957
0.33829492,75,471.001583
0.4209661,75,471.00234
0.3830375,75,471.003102
0.45267126,75,471.003848
0.42217568,75,471.023905
0.37587732,75,471.026807
0.3702675,75,471.043376
0.42437673,75,471.04417
0.3159223,75,471.055831
0.41364092,75,471.056586
0.3532166,75,471.057343
0.37160915,75,471.058087
0.37954363,75,471.0782
0.39295086,75,471.081082
0.42543235,75,471.098009
0.3310014,75,471.098767
0.40942878,75,471.110199
0.42301646,75,471.110929
0.37268662,75,471.111713
0.40956154,75,471.112451
0.39381683,75,471.132633
0.36922285,75,471.135522
0.39156747,75,471.15216
0.41035885,75,471.152945
0.29998103,75,471.164777
0.41825184,75,471.165545
0.41550457,75,471.166315
0.41648796,75,471.167129
0.38506255,75,471.187442
0.40065697,75,471.190384
0.41784197,75,471.206865
0.3956777,75,471.207654
0.41543037,75,471.219168
0.4341756,75,471.219929
0.43197495,75,471.220699
0.41179276,75,471.221456
0.38869557,75,471.241493
0.40301,75,471.244368
0.4105656,75,471.260933
0.4108513,75,471.261704
0.38930354,75,471.273317
0.4037824,75,471.274118
0.3863826,75,471.274856
0.41229486,75,471.275605
0.4329123,75,471.295847
0.39000812,75,471.298727
0.39555794,75,471.315308
0.4336719,75,471.316111
0.3604648,75,471.327467
0.40120083,75,471.3282
0.4152226,75,471.328948
0.40140173,75,471.329694
0.43900168,75,471.349925
0.35582834,75,471.352905
0.40857127,75,471.369656
0.3745297,75,471.370434
0.3915388,75,471.381982
0.3588585,75,471.3828
0.39770564,75,471.383652
0.43553376,75,471.384439
0.3419626,75,471.405102
0.43375838,75,471.408007
0.36214212,75,471.424949
0.428752,75,471.425806
0.41378674,75,471.437363
0.4045708,75,471.43817
0.39157248,75,471.438991
0.38054115,75,471.439764
0.4470236,75,471.460319
0.4111589,75,471.463329
0.3379739,75,471.480319
0.38564008,75,471.48115
0.3957142,75,471.49304
0.35219455,75,471.493855
0.3514576,75,471.494608
0.42286375,75,471.495346
0.38049874,75,471.515548
0.37097192,75,471.518509
0.4355945,75,471.535353
0.35114193,75,471.536172
0.44072023,75,471.547725
0.41198924,75,471.548469
0.38985008,75,471.54921
0.40466222,75,471.54994
0.41667262,75,471.570172
0.4062187,75,471.573051
0.42253464,75,471.589728
0.3890884,75,471.590518
0.40411007,75,471.602154
0.43747962,75,471.602911
0.39133883,75,471.603679
0.34908748,75,471.604433
0.40174702,75,471.624653
0.35756314,75,471.62756
0.4340554,75,471.644241
0.4109625,75,471.645049
0.35885394,75,471.656493
0.4131913,75,471.657251
0.38721773,75,471.657999
0.45207414,75,471.658731
0.41029078,75,471.679049
0.40321743,75,471.68199
0.37154377,75,471.698824
0.42082223,75,471.699596
0.40606898,75,471.711147
0.42890984,75,471.711965
0.38617328,75,471.712721
0.36729398,75,471.713473
0.42687201,75,471.733422
0.45956057,75,471.736317
0.35273564,75,471.753043
0.400815,75,471.75383
0.391518,75,471.765157
0.4348215,75,471.765926
0.4327018,75,471.76667
0.41183308,75,471.76745
0.35447028,75,471.787565
0.39840445,75,471.790481
0.37058118,75,471.806989
0.41468677,75,471.807763
0.37254867,75,471.819322
0.43573052,75,471.820095
0.4002479,75,471.820847
0.368942,75,471.821577
0.42925042,75,471.84154
0.452209,75,471.844487
0.4217057,75,471.860966
0.36995414,75,471.861744
0.36370504,75,471.873222
0.44361854,75,471.874035
0.3770513,75,471.874782
0.39598835,75,471.87551
0.3977871,75,471.895663
0.36740693,75,471.898534
0.40250182,75,471.915246
0.35644385,75,471.916029
0.41001597,75,471.927521
0.4242856,75,471.928251
0.4213322,75,471.928997
0.41725278,75,471.929729
0.38867968,75,471.94961
0.36704782,75,471.952582
0.41485745,75,471.969185
0.3961754,75,471.969945
0.41699517,75,471.981444
0.36220202,75,471.982235
0.33674112,75,471.983009
0.39858416,75,471.983751
0.40394247,75,472.003786
0.39740524,75,472.006767
0.37504795,75,472.023373
0.44097877,75,472.02413
0.36194307,75,472.035673
0.39532042,75,472.036455
0.36509377,75,472.0372
0.4374052,75,472.037938
0.37478483,75,472.057972
0.42003798,75,472.060791
0.4272772,75,472.077154
0.42416155,75,472.077926
0.39086798,75,472.089601
0.37784153,75,472.090348
0.37625763,75,472.0911
0.36533818,75,472.091865
0.35283047,75,472.720811
0.4280863,75,472.723975
0.38074863,75,472.741058
0.41711256,75,472.741849
0.42046338,75,472.753696
0.36827844,75,472.754513
0.4147,75,472.755331
0.37232193,75,472.756079
0.4070629,75,472.776213
0.41960806,75,472.779179
0.3708414,75,472.795821
0.3865872,75,472.796603
0.3616006,75,472.80819
0.41162288,75,472.80896
0.3664816,75,472.809753
0.44686618,75,472.810512
0.43895057,75,472.830835
0.39417407,75,472.833761
0.37336737,75,472.850393
0.39536604,75,472.851152
0.41225535,75,472.862594
0.43347013,75,472.863365
0.37983662,75,472.864156
0.3837159,75,472.864906
0.4504209,75,472.885278
0.42714113,75,472.888198
0.36872002,75,472.904708
0.41364744,75,472.905494
0.40501985,75,472.917131
0.44682226,75,472.91787
0.39927638,75,472.918616
0.34415057,75,472.919356
0.44219053,75,472.939459
0.4174653,75,472.942397
0.39616334,75,472.959154
0.42882293,75,472.959926
0.40508327,75,472.971491
0.39118445,75,472.972295
0.3966885,75,472.973033
0.4321776,75,472.973764
0.35176593,75,472.993593
0.37708318,75,472.996427
0.44799218,75,473.013109
0.35177532,75,473.013904
0.37102306,75,473.025504
0.35851207,75,473.026254
0.38176715,75,473.027008
0.38820753,75,473.027753
0.40351933,75,473.047761
0.41599873,75,473.050695
0.34885323,75,473.067293
0.3852827,75,473.068063
0.36463964,75,473.079501
0.44173184,75,473.080231
0.37928107,75,473.081013
0.41621482,75,473.081757
0.42277318,75,473.102008
0.37917614,75,473.104841
0.36917752,75,473.121502
0.40591338,75,473.122287
0.39049822,75,473.13384
0.3622452,75,473.134625
0.4203798,75,473.135368
0.43114126,75,473.136098
0.43620467,75,473.15623
0.40905803,75,473.159158
0.34891185,75,473.17576
0.3406135,75,473.176556
0.43227103,75,473.188297
0.4362945,75,473.189052
0.39944232,75,473.189783
0.3635348,75,473.190537
0.38711134,75,473.210676
0.43998763,75,473.213542
0.32382074,75,473.230254
0.38135934,75,473.231034
0.3457948,75,473.242533
0.39753893,75,473.243305
0.42463562,75,473.244093
0.41904482,75,473.244934
0.4051721,75,473.264912
0.42070654,75,473.267846
0.41490683,75,473.284524
0.43784022,75,473.285293
0.38619682,75,473.296734
0.37789667,75,473.297538
0.4060023,75,473.29833
0.3567923,75,473.299066
0.4387185,75,473.319259
0.36651,75,473.322174
0.41626254,75,473.338633
0.33581963,75,473.33942
0.42856237,75,473.351086
0.40587994,75,473.351877
0.38147554,75,473.352637
0.38935575,75,473.353435
0.44194642,75,473.373455
0.3420545,75,473.376366
0.40712065,75,473.392964
0.41738138,75,473.393736
0.40502462,75,473.405338
0.38616008,75,473.406094
0.38240927,75,473.406868
0.3702807,75,473.407614
0.3890507,75,473.427733
0.37164822,75,473.430647
0.42599362,75,473.447253
0.379905,75,473.448024
0.32376707,75,473.459591
0.4028006,75,473.460352
0.41374698,75,473.461096
0.42625073,75,473.461825
0.4097489,75,473.482477
0.40701,75,473.485598
0.37513953,75,473.502456
0.41018614,75,473.50326
0.42652243,75,473.515056
0.4269747,75,473.51587
0.34525695,75,473.516663
0.40683696,75,473.5174
0.41145208,75,473.537812
0.40085793,75,473.540749
0.39980388,75,473.557594
0.40178245,75,473.558422
0.35278994,75,473.57016
0.41791812,75,473.570933
0.36515114,75,473.57168
0.38250816,75,473.572509
0.3566446,75,473.592981
0.34950882,75,473.595949
0.39461076,75,473.612638
0.44076407,75,473.613403
0.3801056,75,473.624995
0.38307554,75,473.625804
0.34336635,75,473.626545
0.39822555,75,473.627357
0.37542397,75,473.647466
0.34247145,75,473.65034
0.41437238,75,473.666752
0.43878394,75,473.667491
0.3870828,75,473.679011
0.45297667,75,473.679768
0.44352838,75,473.6805
0.43032953,75,473.681232
0.40684786,75,473.701838
0.3814866,75,473.704767
0.3816643,75,473.721546
0.3963861,75,473.722323
0.40265945,75,473.733812
0.39542168,75,473.734548
0.3785652,75,473.735293
0.38987732,75,473.736027
0.41132122,75,473.756253
0.39023125,75,473.759166
0.40271553,75,473.775711
0.38364625,75,473.776474
0.37513688,75,473.78811
0.37280285,75,473.788866
0.38430342,75,473.789606
0.42690283,75,473.790364
0.36348495,75,473.810493
0.428756,75,473.813366
0.393538,75,473.829874
0.34980625,75,473.830655
0.45080054,75,473.842107
0.34852362,75,473.842835
0.39089411,75,473.843565
0.459067,75,473.844316
0.39543557,75,473.864191
0.40419006,75,473.867081
0.4545043,75,473.883657
0.4119549,75,473.884451
0.43341368,75,473.895781
0.42861626,75,473.896562
0.4273943,75,473.897344
0.3974969,75,473.898086
0.33021834,75,473.91813
0.41415656,75,473.921084
0.41448075,75,473.937501
0.43703768,75,473.938248
0.33805865,75,473.9498
0.42193988,75,473.950565
0.36433443,75,473.951358
0.398404,75,473.95217
0.43908134,75,473.972314
0.378608,75,473.975206
0.40617168,75,473.991892
0.42080155,75,473.992646
0.41296506,75,474.004206
0.37195694,75,474.004966
0.37561718,75,474.005749
0.40530336,75,474.006499
0.39106435,75,474.026771
0.4349575,75,474.029625
0.41106293,75,474.045971
0.39107344,75,474.046757
0.42709285,75,474.058289
0.41892317,75,474.05909
0.38609222,75,474.059857
0.40527952,75,474.060673
0.37462813,75,474.080872
0.38039476,75,474.083771
0.36669055,75,474.100471
0.36781922,75,474.101228
0.3459682,75,474.112962
0.3928728,75,474.113779
0.37901545,75,474.114536
0.40886465,75,474.115266
0.40560672,75,474.135317
0.32257122,75,474.138147
0.42953858,75,474.15464
0.38879246,75,474.155444
0.37195846,75,474.166933
0.43741938,75,474.16769
0.4124219,75,474.168471
0.39401275,75,474.169202
0.38223216,75,474.189431
0.42136103,75,474.192291
0.33945373,75,474.827556
0.38127556,75,474.828414
0.42269975,75,474.840059
0.37782103,75,474.8409
0.42003492,75,474.841721
0.35177132,75,474.84251
0.36374116,75,474.86262
0.3806289,75,474.86555
0.41363248,75,474.882255
0.3837292,75,474.883044
0.40767875,75,474.895393
0.40759042,75,474.896155
0.372147,75,474.896927
0.40640908,75,474.897664
0.3896543,75,474.917702
0.3750978,75,474.920652
0.3877432,75,474.937259
0.42932463,75,474.938042
0.40863684,75,474.94968
0.3863548,75,474.950498
0.3772429,75,474.951276
0.367376,75,474.95201
0.34877327,75,474.972147
0.42785195,75,474.975098
0.4183741,75,474.991703
0.41204435,75,474.992464
0.34711272,75,475.004044
0.4349648,75,475.004886
0.41679746,75,475.005661
0.37521172,75,475.006469
0.41403157,75,475.026742
0.39957166,75,475.029607
0.4091603,75,475.046067
0.39289442,75,475.046846
0.3804501,75,475.058177
0.38135284,75,475.058915
0.43072176,75,475.059687
0.39677086,75,475.060448
0.39952305,75,475.080555
0.45567593,75,475.083531
0.41548726,75,475.100188
0.36586788,75,475.100984
0.41792053,75,475.112704
0.41279012,75,475.113447
0.39066124,75,475.114195
0.3625274,75,475.114929
0.43164623,75,475.134989
0.3773744,75,475.137938
0.4352957,75,475.154625
0.4060439,75,475.155393
0.3751661,75,475.166813
0.40106198,75,475.167564
0.38728914,75,475.168327
0.33542714,75,475.169067
0.42631248,75,475.189042
0.43555036,75,475.191888
0.43343547,75,475.208664
0.41690758,75,475.209441
0.34869415,75,475.221065
0.42517063,75,475.221838
0.39232183,75,475.222634
0.36392272,75,475.223375
0.333273,75,475.243529
0.4035167,75,475.246534
0.35750026,75,475.263102
0.34140575,75,475.263903
0.39304215,75,475.275358
0.4080116,75,475.276092
0.3947059,75,475.276841
0.39320725,75,475.277597
0.40775698,75,475.297904
0.43209785,75,475.300775
0.432541,75,475.317341
0.3728037,75,475.318113
0.35449114,75,475.329582
0.40878722,75,475.33036
0.44202426,75,475.331133
0.40706927,75,475.331867
0.3884223,75,475.352011
0.37033844,75,475.354937
0.42925137,75,475.37136
0.42164662,75,475.372114
0.43059933,75,475.38357
0.34907323,75,475.384336
0.39758247,75,475.385095
0.44635165,75,475.385831
0.4059287,75,475.406023
0.4275498,75,475.408942
0.4135453,75,475.425565
0.38821915,75,475.42633
0.3957357,75,475.437788
0.38290596,75,475.438549
0.34447503,75,475.43936
0.44798115,75,475.440095
0.42179063,75,475.460186
0.39708182,75,475.463091
0.36482197,75,475.479522
0.3917375,75,475.480288
0.42005658,75,475.49193
0.37867177,75,475.49271
0.44288474,75,475.493474
0.40726733,75,475.494198
0.38708928,75,475.51423
0.4125082,75,475.517159
0.34661636,75,475.533643
0.42628804,75,475.534421
0.44769612,75,475.545925
0.3630556,75,475.546694
0.44396248,75,475.547488
0.44007757,75,475.548217
0.3958696,75,475.56864
0.45967144,75,475.571751
0.40832844,75,475.588598
0.407476,75,475.589375
0.4172011,75,475.601298
0.35392392,75,475.60207
0.4524462,75,475.602809
0.4189753,75,475.603572
0.35314336,75,475.624039
0.39495152,75,475.627026
0.41564056,75,475.644096
0.35911518,75,475.644931
0.40399846,75,475.656579
0.45383406,75,475.657375
0.4154707,75,475.658187
0.4200311,75,475.658932
0.42848274,75,475.679657
0.399866,75,475.682632
0.43722802,75,475.699317
0.3993958,75,475.700096
0.41176632,75,475.711673
0.4199179,75,475.71248
0.36945733,75,475.713251
0.36808655,75,475.71402
0.37360835,75,475.734483
0.4468142,75,475.737388
0.43886012,75,475.753935
0.39108893,75,475.754721
0.4046576,75,475.766381
0.33900326,75,475.767187
0.3897288,75,475.76796
0.3900762,75,475.768678
0.41198233,75,475.788765
0.4338681,75,475.791753
0.4612454,75,475.808329
0.40504518,75,475.809094
0.3753164,75,475.820643
0.43853843,75,475.821428
0.34663498,75,475.822214
0.385606,75,475.822944
0.3836646,75,475.843108
0.3729163,75,475.846134
0.39905205,75,475.862758
0.4185281,75,475.863514
0.36047274,75,475.875088
0.38054943,75,475.875835
0.36582744,75,475.876598
0.39203998,75,475.877358
0.43689117,75,475.89766
0.4175705,75,475.900559
0.4385693,75,475.917165
0.41056257,75,475.917936
0.3721209,75,475.929366
0.3825088,75,475.930142
0.36249655,75,475.930874
0.42919067,75,475.93161
0.43515298,75,475.95154
0.4655171,75,475.954566
0.381283,75,475.971177
0.39321116,75,475.971938
0.4090503,75,475.983339
0.4391608,75,475.984112
0.43481162,75,475.984842
0.35168424,75,475.985662
0.4297679,75,476.005679
0.37015972,75,476.008617
0.37261268,75,476.025363
0.41839728,75,476.026121
0.37342995,75,476.0376
0.41220704,75,476.038342
0.41009033,75,476.039133
0.40516454,75,476.039879
0.43956283,75,476.060132
0.42939544,75,476.063003
0.37772593,75,476.079575
0.43605486,75,476.080351
0.43562958,75,476.092129
0.3814193,75,476.0929
0.40852994,75,476.093641
0.41888314,75,476.094385
0.41325638,75,476.114784
0.3917303,75,476.117659
0.36027768,75,476.13397
0.42421997,75,476.134751
0.4212746,75,476.146333
0.37209943,75,476.147072
0.42038986,75,476.147845
0.37199113,75,476.14859
0.3686813,75,476.169038
0.32859343,75,476.171948
0.40430674,75,476.188368
0.45383638,75,476.189127
0.35650986,75,476.20074
0.37519658,75,476.201521
0.33268723,75,476.202322
0.35952115,75,476.20306
0.3924078,75,476.223287
0.38697365,75,476.226164
0.39492515,75,476.242925
0.42154598,75,476.243691
0.37532705,75,476.255302
0.42496896,75,476.256129
0.43267366,75,476.256921
0.3937517,75,476.257679
0.4586651,75,476.277739
0.39403757,75,476.280641
0.42074877,75,476.297386
0.36795673,75,476.298156
0.35960293,75,476.925856
0.3914516,75,476.926855
0.4430182,75,476.927709
0.43362752,75,476.928476
0.37339643,75,476.949129
0.38703722,75,476.952189
0.37422508,75,476.969108
0.35404405,75,476.969902
0.40189245,75,476.981436
0.38095483,75,476.982189
0.41062775,75,476.982975
0.39208516,75,476.983728
0.34992823,75,477.003749
0.39687526,75,477.006723
0.3838266,75,477.023402
0.42991573,75,477.024194
0.40210652,75,477.035688
0.39461026,75,477.036491
0.38206884,75,477.037239
0.45425597,75,477.037995
0.4056662,75,477.057999
0.41022417,75,477.060917
0.37162536,75,477.077344
0.4331584,75,477.078121
0.38991082,75,477.089811
0.41798937,75,477.090566
0.42842272,75,477.091366
0.41773623,75,477.09211
0.41809106,75,477.11224
0.3515484,75,477.115141
0.3609954,75,477.13176
0.41476724,75,477.132543
0.39650622,75,477.143987
0.3826998,75,477.144764
0.43208474,75,477.145503
0.4291581,75,477.146257
0.40910265,75,477.166659
0.4255611,75,477.169652
0.36988312,75,477.186127
0.43338317,75,477.186892
0.4069738,75,477.198345
0.41423103,75,477.199113
0.41518745,75,477.199866
0.39210245,75,477.20062
0.44585,75,477.220614
0.42391998,75,477.223514
0.33516166,75,477.240304
0.41925162,75,477.241104
0.43742728,75,477.252713
0.42568564,75,477.253464
0.3745339,75,477.254211
0.3908875,75,477.254959
0.3889793,75,477.275454
0.4319136,75,477.278351
0.4131722,75,477.294975
0.41946307,75,477.295726
0.4261238,75,477.307273
0.41155463,75,477.308018
0.40458885,75,477.308762
0.34525785,75,477.309506
0.38472754,75,477.329556
0.39528063,75,477.332433
0.42148742,75,477.34893
0.37452018,75,477.349751
0.4061044,75,477.361283
0.4033926,75,477.362026
0.40816277,75,477.362793
0.38277605,75,477.363528
0.38646862,75,477.383696
0.41220382,75,477.386541
0.41684917,75,477.403082
0.40329826,75,477.403859
0.39078853,75,477.415234
0.39822567,75,477.415991
0.39435327,75,477.416766
0.41201696,75,477.417496
0.37670475,75,477.437734
0.45195937,75,477.440596
0.35491866,75,477.457146
0.38934726,75,477.457909
0.42111692,75,477.469275
0.44387454,75,477.470031
0.39237985,75,477.470803
0.3715091,75,477.471529
0.38742986,75,477.49173
0.39943984,75,477.494582
0.38112745,75,477.511071
0.42909664,75,477.511903
0.40049323,75,477.523425
0.4353354,75,477.524195
0.42770338,75,477.524973
0.39601263,75,477.525711
0.40340227,75,477.545736
0.31788796,75,477.548649
0.386187,75,477.565397
0.42143804,75,477.566157
0.38754565,75,477.577679
0.38774344,75,477.578497
0.44495398,75,477.57929
0.3946007,75,477.580067
0.36533317,75,477.600141
0.41100687,75,477.603098
0.42453575,75,477.619632
0.41471335,75,477.620436
0.37970728,75,477.631882
0.4101072,75,477.632679
0.39126685,75,477.633476
0.4311597,75,477.634224
0.40640014,75,477.654474
0.42212573,75,477.657384
0.41251177,75,477.674276
0.3467201,75,477.675062
0.349632,75,477.68706
0.41124406,75,477.687826
0.40457255,75,477.688622
0.3976881,75,477.689376
0.3996089,75,477.709797
0.40590125,75,477.712909
0.36577857,75,477.729618
0.36261544,75,477.730471
0.3029807,75,477.742289
0.39766052,75,477.743089
0.34050214,75,477.743853
0.3752209,75,477.744591
0.41852698,75,477.765427
0.43909413,75,477.768333
0.42745328,75,477.784936
0.40989566,75,477.785756
0.4465396,75,477.797227
0.44780338,75,477.797978
0.37612998,75,477.798723
0.3866929,75,477.799473
0.34279013,75,477.819678
0.37234908,75,477.822656
0.4540679,75,477.839332
0.35353097,75,477.840101
0.4133194,75,477.851649
0.3822928,75,477.852426
0.4212708,75,477.853171
0.4106785,75,477.853924
0.42890507,75,477.874069
0.3956842,75,477.876917
0.42886683,75,477.893582
0.3418374,75,477.894361
0.3728559,75,477.90595
0.39854974,75,477.906738
0.40759698,75,477.907469
0.3973322,75,477.908198
0.38090235,75,477.928141
0.36185655,75,477.931108
0.43215606,75,477.947731
0.41534457,75,477.948499
0.38890335,75,477.96016
0.37879625,75,477.960918
0.39133248,75,477.961662
0.36293972,75,477.962394
0.4402523,75,477.982668
0.38210657,75,477.985602
0.37514064,75,478.00213
0.42112586,75,478.002885
0.37741858,75,478.014254
0.3360061,75,478.015013
0.3979131,75,478.015765
0.3592308,75,478.016531
0.36793807,75,478.036685
0.40564847,75,478.039591
0.4079908,75,478.056172
0.38875765,75,478.056949
0.44086838,75,478.068432
0.41915464,75,478.069171
0.3545621,75,478.069949
0.43266764,75,478.070689
0.38459992,75,478.090924
0.37343496,75,478.093816
0.4349226,75,478.112057
0.33327278,75,478.113247
0.37837148,75,478.129408
0.4387092,75,478.13061
0.40077373,75,478.131504
0.41460493,75,478.132468
0.43036473,75,478.156925
0.39539647,75,478.160041
0.41885874,75,478.177723
0.37622866,75,478.178542
0.4356613,75,478.189818
0.4090757,75,478.190597
0.3789965,75,478.191343
0.4430318,75,478.192079
0.38997814,75,478.21236
0.39756218,75,478.215415
0.43551874,75,478.232081
0.3765819,75,478.232865
0.34131074,75,478.244627
0.43198147,75,478.245431
0.41805997,75,478.246201
0.33105168,75,478.246982
0.43975207,75,478.267206
0.38224608,75,478.270083
0.3762741,75,478.286767
0.3893355,75,478.287554
0.42289084,75,478.299101
0.42421368,75,478.299876
0.426565,75,478.300656
0.376432,75,478.301421
0.41583303,75,478.321657
0.3933027,75,478.324572
0.4419472,75,478.34106
0.35947675,75,478.341833
0.36974,75,478.353377
0.42010698,75,478.354192
0.40060765,75,478.354997
0.39689088,75,478.355727
0.40872446,75,478.375739
0.3494757,75,478.378722
0.44898036,75,478.395205
0.35202247,75,478.395955
0.3599882,75,478.407494
0.3991204,75,478.408243
0.41440773,75,478.409006
0.40947643,75,478.409737
0.38283378,75,479.052806
0.43707964,75,479.055779
0.38235715,75,479.072675
0.46287298,75,479.07357
0.3618829,75,479.085187
0.41124716,75,479.085955
0.40344614,75,479.08674
0.4461541,75,479.087532
0.34725893,75,479.107617
0.38816792,75,479.110647
0.41427734,75,479.12729
0.39858463,75,479.128059
0.30734503,75,479.139577
0.4412658,75,479.140364
0.41653395,75,479.14117
0.386495,75,479.141905
0.3974227,75,479.162128
0.43843833,75,479.164993
0.35810098,75,479.181598
0.39279702,75,479.182362
0.38059935,75,479.193658
0.42207268,75,479.194403
0.43201494,75,479.195131
0.3851514,75,479.195882
0.40905648,75,479.21591
0.4266371,75,479.2189
0.4162081,75,479.235438
0.42370486,75,479.236215
0.37216842,75,479.247841
0.4515391,75,479.248598
0.37516594,75,479.249369
0.42865556,75,479.250131
0.43178874,75,479.270526
0.43219128,75,479.273492
0.40991065,75,479.290245
0.41208908,75,479.291033
0.39350384,75,479.302418
0.35064977,75,479.303209
0.41194874,75,479.303983
0.35979772,75,479.304731
0.41540223,75,479.324831
0.4018002,75,479.327706
0.43581676,75,479.344343
0.33550066,75,479.345105
0.38702866,75,479.35673
0.40354607,75,479.357544
0.35096073,75,479.358292
0.4282306,75,479.359031
0.41236463,75,479.378961
0.43641084,75,479.381943
0.3594609,75,479.398492
0.43157008,75,479.399271
0.42152932,75,479.410804
0.38041124,75,479.411557
0.37829706,75,479.412333
0.38310933,75,479.413088
0.36550668,75,479.43347
0.42332658,75,479.436374
0.3859379,75,479.453001
0.4340199,75,479.453752
0.3762151,75,479.465202
0.41847137,75,479.465955
0.4286658,75,479.466721
0.37261838,75,479.467451
0.4004283,75,479.487897
0.3855106,75,479.490797
0.39500168,75,479.50736
0.42587116,75,479.508152
0.4117482,75,479.519726
0.40696716,75,479.52049
0.45212182,75,479.521228
0.36422905,75,479.522008
0.4165765,75,479.542219
0.37067214,75,479.545112
0.46018738,75,479.561832
0.3610261,75,479.562597
0.4372983,75,479.574112
0.3684398,75,479.574924
0.3950331,75,479.575679
0.38290462,75,479.576409
0.37453106,75,479.596542
0.41412047,75,479.599417
0.3915445,75,479.615855
0.34876916,75,479.616672
0.38443866,75,479.628301
0.36997536,75,479.629048
0.4066163,75,479.629817
0.42581478,75,479.630635
0.40780944,75,479.650617
0.3768117,75,479.653457
0.334866,75,479.66978
0.40156823,75,479.670585
0.39072025,75,479.681979
0.3761871,75,479.682728
0.38922912,75,479.683502
0.4188646,75,479.684245
0.42267564,75,479.704451
0.34629068,75,479.707336
0.42395788,75,479.723781
0.43335825,75,479.724543
0.38403666,75,479.736088
0.3761213,75,479.736882
0.38353896,75,479.737633
0.37207666,75,479.738475
0.40902987,75,479.759029
0.38567254,75,479.761977
0.3851746,75,479.778958
0.44803286,75,479.779733
0.3354193,75,479.791362
0.34913588,75,479.792159
0.4253915,75,479.79295
0.36120555,75,479.793771
0.34097835,75,479.81449
0.36524284,75,479.817582
0.41737303,75,479.834472
0.33690265,75,479.835331
0.443655,75,479.847216
0.29462147,75,479.848178
0.40213847,75,479.848979
0.31743917,75,479.849716
0.43054187,75,479.870068
0.35922882,75,479.873051
0.37795585,75,479.890025
0.41280696,75,479.890818
0.38712043,75,479.902433
0.36067012,75,479.903204
0.45276695,75,479.903966
0.3365324,75,479.904712
0.4076266,75,479.924801
0.44530985,75,479.92768
0.38905454,75,479.944165
0.40231213,75,479.944935
0.40356803,75,479.956518
0.41609645,75,479.957273
0.4186085,75,479.958033
0.4355715,75,479.958782
0.45365596,75,479.97875
0.43538642,75,479.981654
0.34700477,75,479.998047
0.41072068,75,479.998822
0.4460409,75,480.010413
0.36661807,75,480.011172
0.40469065,75,480.0119
0.41163054,75,480.012632
0.395993,75,480.032833
0.361394,75,480.035747
0.3845867,75,480.052505
0.39174724,75,480.053263
0.42005754,75,480.064694
0.4661991,75,480.065437
0.38347292,75,480.066189
0.38747507,75,480.066956
0.42591497,75,480.086947
0.35947958,75,480.08993
0.38464415,75,480.106555
0.4390154,75,480.107354
0.38261288,75,480.118867
0.42991668,75,480.119615
0.37964904,75,480.120383
0.40668705,75,480.121113
0.4089162,75,480.141084
0.41461048,75,480.144
0.38567543,75,480.16066
0.4419257,75,480.161416
0.42009833,75,480.172858
0.40553415,75,480.173608
0.42403296,75,480.174363
0.42190015,75,480.175114
0.3962792,75,480.195303
0.40320566,75,480.198173
0.39999092,75,480.214783
0.38009924,75,480.215605
0.3838029,75,480.227103
0.4075459,75,480.227859
0.43230817,75,480.228629
0.4248835,75,480.229356
0.4019222,75,480.249552
0.39433014,75,480.252408
0.39593896,75,480.269058
0.3882268,75,480.269836
0.42339957,75,480.281411
0.43693468,75,480.282171
0.38156837,75,480.282942
0.40169775,75,480.28376
0.43110982,75,480.30399
0.39563096,75,480.306892
0.4123152,75,480.323467
0.42994514,75,480.324221
0.37477154,75,480.335709
0.3520803,75,480.336499
0.40588266,75,480.337243
0.4026198,75,480.337984
0.41791707,75,480.358262
0.37941787,75,480.3611
0.43952933,75,480.377443
0.4429231,75,480.378303
0.42489022,75,480.389918
0.3996126,75,480.390721
0.4046579,75,480.391527
0.4290543,75,480.392374
0.3560389,75,480.413953
0.3870527,75,480.417423
0.36433566,75,480.446058
0.39784366,75,480.447027
0.3700028,75,480.459794
0.35986972,75,480.460617
0.37089,75,480.461436
0.42056713,75,480.462187
0.36831266,75,480.482535
0.4379078,75,480.48557
0.41727576,75,480.502388
0.3657827,75,480.503163
0.39884102,75,480.514884
0.4215341,75,480.515656
0.42597657,75,480.516421
0.43312278,75,480.517159
0.44214612,75,480.537419
0.37115678,75,480.540354
0.36176446,75,481.167084
0.36198357,75,481.167915
0.42938083,75,481.179548
0.4180379,75,481.18046
0.3761744,75,481.181264
0.42833927,75,481.182035
0.46361694,75,481.202605
0.36429104,75,481.205538
0.37284744,75,481.222173
0.3911488,75,481.222959
0.38090363,75,481.234527
0.4023054,75,481.235286
0.41433498,75,481.236037
0.42286998,75,481.236789
0.43566626,75,481.256907
0.39659777,75,481.259803
0.37067088,75,481.276402
0.41606662,75,481.277367
0.4345747,75,481.288861
0.44420567,75,481.289642
0.35705099,75,481.290449
0.4213771,75,481.291295
0.4232446,75,481.311672
0.44883475,75,481.314624
0.41112483,75,481.331203
0.41139275,75,481.331974
0.42923325,75,481.343564
0.38813758,75,481.344329
0.38767114,75,481.345135
0.43635648,75,481.34589
0.39507055,75,481.366206
0.39180294,75,481.369142
0.41127887,75,481.385658
0.4210929,75,481.386399
0.4312123,75,481.397879
0.42370299,75,481.398637
0.45492333,75,481.399408
0.39961568,75,481.400166
0.39976358,75,481.420177
0.42260405,75,481.423164
0.38019225,75,481.43969
0.35083386,75,481.440468
0.3749066,75,481.452076
0.42543462,75,481.452815
0.38461903,75,481.453561
0.37984294,75,481.454297
0.44941872,75,481.47426
0.42515898,75,481.477173
0.43664083,75,481.493945
0.39970204,75,481.494709
0.42334455,75,481.506198
0.36427844,75,481.506953
0.45769122,75,481.507696
0.37338638,75,481.508443
0.3896548,75,481.528524
0.42238736,75,481.531365
0.39195064,75,481.547861
0.4196038,75,481.548637
0.4102721,75,481.560218
0.44211733,75,481.560961
0.44435325,75,481.561817
0.37200552,75,481.562562
0.3819996,75,481.583639
0.43808514,75,481.58649
0.41950145,75,481.602949
0.4284507,75,481.603744
0.39523718,75,481.615254
0.40999666,75,481.616021
0.42300966,75,481.616808
0.3947956,75,481.617631
0.40023017,75,481.63748
0.44221583,75,481.640422
0.37517896,75,481.65706
0.32857746,75,481.657831
0.38546816,75,481.669342
0.42885533,75,481.670122
0.42220506,75,481.670867
0.4312387,75,481.671611
0.38068774,75,481.691615
0.42818597,75,481.694487
0.39528513,75,481.711131
0.4411791,75,481.71194
0.42795005,75,481.723411
0.42071,75,481.724187
0.4172369,75,481.724928
0.43694103,75,481.725664
0.3792948,75,481.74565
0.41259563,75,481.748548
0.41951114,75,481.765219
0.38361493,75,481.765979
0.4203212,75,481.777383
0.39402592,75,481.778214
0.40098774,75,481.778987
0.3819495,75,481.779719
0.41003203,75,481.799905
0.45657092,75,481.802809
0.4279016,75,481.81957
0.42657563,75,481.820435
0.4114685,75,481.831944
0.42874667,75,481.832701
0.41596657,75,481.833502
0.420835,75,481.834244
0.38818055,75,481.854367
0.42481533,75,481.857276
0.3691454,75,481.873862
0.43042797,75,481.87464
0.4123721,75,481.886225
0.3676325,75,481.887003
0.39705324,75,481.887758
0.43446204,75,481.888654
0.3809787,75,481.909099
0.36963153,75,481.912163
0.39945883,75,481.928968
0.38049385,75,481.929743
0.36387643,75,481.9414
0.37376207,75,481.942166
0.42957368,75,481.942924
0.4129617,75,481.943658
0.40495586,75,481.964366
0.44267222,75,481.967344
0.36674497,75,481.984202
0.43239945,75,481.98497
0.4036436,75,481.996748
0.40403727,75,481.99752
0.41912964,75,481.998296
0.3686674,75,481.999115
0.38445258,75,482.019671
0.42503923,75,482.022643
0.4463303,75,482.039219
0.4213762,75,482.039989
0.40648755,75,482.051516
0.41886383,75,482.052324
0.38341847,75,482.053066
0.39588046,75,482.053803
0.40801337,75,482.073994
0.41144377,75,482.076862
0.40932807,75,482.093467
0.44087267,75,482.094241
0.4409659,75,482.105682
0.40712175,75,482.106475
0.37700856,75,482.10727
0.3813004,75,482.10805
0.4077854,75,482.128322
0.38483542,75,482.131196
0.42937204,75,482.147616
0.39622873,75,482.148376
0.34723368,75,482.160102
0.42881086,75,482.160839
0.43940625,75,482.161582
0.41087562,75,482.162302
0.4079362,75,482.182613
0.41696417,75,482.185572
0.44004202,75,482.202079
0.41057992,75,482.202871
0.41082978,75,482.214249
0.40949273,75,482.214988
0.4162059,75,482.21572
0.37092468,75,482.216493
0.41696447,75,482.236601
0.42082104,75,482.239509
0.40116838,75,482.25598
0.42906672,75,482.256728
0.41187856,75,482.268059
0.39079106,75,482.268848
0.3870932,75,482.269568
0.42649972,75,482.270332
0.43761095,75,482.290532
0.3918363,75,482.293378
0.42786303,75,482.309887
0.39461976,75,482.310699
0.4062236,75,482.322365
0.3933772,75,482.323119
0.41627634,75,482.323905
0.38916302,75,482.32464
0.373874,75,482.344665
0.40749025,75,482.347531
0.35580927,75,482.364225
0.36760694,75,482.365012
0.43862197,75,482.376568
0.37704974,75,482.377584
0.41721228,75,482.378547
0.3503658,75,482.379573
0.3687352,75,482.400051
0.43409854,75,482.402979
0.3821883,75,482.419601
0.39383835,75,482.42042
0.4117887,75,482.432057
0.39559948,75,482.432833
0.4208174,75,482.433596
0.44383806,75,482.434355
0.39196968,75,482.454635
0.38758677,75,482.457556
0.44265887,75,482.474117
0.39273772,75,482.474881
0.4153357,75,482.486516
0.40325153,75,482.48729
0.40452555,75,482.488036
0.42109662,75,482.488772
0.39290345,75,482.508923
0.44128543,75,482.512001
0.40447864,75,482.528503
0.37806138,75,482.529269
0.41944435,75,482.540829
0.398844,75,482.541567
0.39902666,75,482.542316
0.40332472,75,482.543048
0.3897317,75,482.563216
0.42144245,75,482.566197
0.4387445,75,482.582818
0.41329542,75,482.583604
0.4137408,75,482.595315
0.3715539,75,482.596072
0.40734455,75,482.596891
0.33215624,75,482.597637
0.41584527,75,482.617567
0.38977173,75,482.620544
0.3949964,75,482.636882
0.40352798,75,482.637654
0.3720699,75,483.275001
0.35251698,75,483.275867
0.40432695,75,483.276635
0.43774655,75,483.277426
0.45133138,75,483.298147
0.37662688,75,483.301195
0.42308268,75,483.318152
0.37161845,75,483.318995
0.3894275,75,483.330602
0.372446,75,483.331376
0.44550022,75,483.332165
0.41410944,75,483.332921
0.40053955,75,483.353075
0.3151421,75,483.356015
0.4258774,75,483.372662
0.45574015,75,483.37344
0.42377517,75,483.384977
0.4224615,75,483.385745
0.41590348,75,483.386515
0.41494006,75,483.387238
0.40085623,75,483.40733
0.4402745,75,483.410187
0.37937212,75,483.426963
0.37786204,75,483.427732
0.4091961,75,483.439208
0.44051117,75,483.439927
0.40495598,75,483.440704
0.39539924,75,483.441494
0.44317356,75,483.461425
0.38819182,75,483.464334
0.33750358,75,483.480921
0.4161295,75,483.481687
0.40788934,75,483.493458
0.46144128,75,483.494205
0.33873686,75,483.494938
0.4554308,75,483.495748
0.43822777,75,483.515828
0.3850163,75,483.518701
0.43715245,75,483.535148
0.4304246,75,483.535917
0.4134833,75,483.54751
0.42194316,75,483.548266
0.43581074,75,483.549019
0.44301468,75,483.549764
0.37193435,75,483.57005
0.36848217,75,483.572973
0.38421443,75,483.589527
0.37147087,75,483.590309
0.39107904,75,483.60182
0.42151588,75,483.602543
0.3948107,75,483.603319
0.41876745,75,483.60405
0.40094692,75,483.624328
0.38405943,75,483.627268
0.37579715,75,483.643811
0.3810694,75,483.644627
0.3798011,75,483.656282
0.4213269,75,483.657019
0.39813015,75,483.657775
0.40058386,75,483.658519
0.38841215,75,483.678781
0.4251245,75,483.681717
0.36548287,75,483.698492
0.40906626,75,483.69925
0.42383024,75,483.710786
0.3643149,75,483.711593
0.40565428,75,483.712361
0.43506724,75,483.713113
0.38632044,75,483.733253
0.37576672,75,483.736194
0.42667532,75,483.752997
0.3693018,75,483.753789
0.4100208,75,483.765287
0.42650425,75,483.766085
0.3888211,75,483.76687
0.37425873,75,483.767617
0.38424858,75,483.787825
0.37495834,75,483.79075
0.43292704,75,483.80761
0.4466194,75,483.808375
0.4274268,75,483.820275
0.40232968,75,483.821112
0.4144712,75,483.821856
0.37566683,75,483.822597
0.37709677,75,483.842971
0.4295007,75,483.846001
0.38226405,75,483.86235
0.3877507,75,483.863122
0.35694322,75,483.874635
0.4297809,75,483.875407
0.42522037,75,483.87616
0.43215418,75,483.876891
0.41145664,75,483.897134
0.42416984,75,483.900017
0.4242433,75,483.916547
0.43090627,75,483.917303
0.38686562,75,483.928751
0.41594446,75,483.9295
0.39767817,75,483.930311
0.4263698,75,483.931045
0.40423518,75,483.951293
0.40968096,75,483.954334
0.35818616,75,483.970873
0.41921473,75,483.971636
0.39419588,75,483.9832
0.34613785,75,483.983971
0.42161044,75,483.984709
0.3889819,75,483.985446
0.41208458,75,484.00557
0.3684902,75,484.008618
0.41718343,75,484.025504
0.40712458,75,484.026381
0.44714278,75,484.038081
0.43001372,75,484.038872
0.4137638,75,484.03962
0.42973027,75,484.040377
0.38114214,75,484.061252
0.35724393,75,484.064232
0.3803863,75,484.081159
0.42050928,75,484.08193
0.41046908,75,484.093589
0.39050972,75,484.094357
0.36721134,75,484.095187
0.40923107,75,484.095971
0.40231735,75,484.116563
0.3868609,75,484.119574
0.41791174,75,484.13624
0.38395405,75,484.137029
0.41165775,75,484.148607
0.40262172,75,484.149406
0.43111613,75,484.150222
0.3992675,75,484.150985
0.41803285,75,484.171322
0.3856097,75,484.17429
0.4305505,75,484.19073
0.31805295,75,484.191494
0.42612132,75,484.202947
0.41848883,75,484.203753
0.40824777,75,484.204511
0.36642504,75,484.205252
0.43394905,75,484.225513
0.4473338,75,484.228433
0.41750833,75,484.245013
0.4301737,75,484.245775
0.43183297,75,484.257143
0.33769333,75,484.257885
0.3794132,75,484.258621
0.380417,75,484.259361
0.38863418,75,484.279415
0.4241005,75,484.282304
0.36977315,75,484.298957
0.3828901,75,484.299731
0.44743726,75,484.311579
0.31342062,75,484.312384
0.4253743,75,484.31316
0.38084474,75,484.313909
0.38029194,75,484.334252
0.35214868,75,484.337186
0.44363517,75,484.353851
0.36227605,75,484.354642
0.38672936,75,484.366185
0.37629482,75,484.366922
0.3270506,75,484.367665
0.40793678,75,484.368407
0.405578,75,484.388694
0.38870817,75,484.391591
0.42199105,75,484.40816
0.43096265,75,484.408935
0.42104682,75,484.420632
0.36645696,75,484.421397
0.36285087,75,484.422187
0.37623486,75,484.422927
0.37754703,75,484.443051
0.37166467,75,484.44603
0.39395928,75,484.462516
0.43927154,75,484.463276
0.40077785,75,484.474869
0.39895082,75,484.47563
0.42519,75,484.476367
0.3809101,75,484.477144
0.40486848,75,484.497447
0.39982045,75,484.500325
0.43511736,75,484.516975
0.40684658,75,484.517738
0.42535284,75,484.529133
0.44711608,75,484.529893
0.38272113,75,484.530642
0.37748262,75,484.531372
0.40619862,75,484.551309
0.39065164,75,484.554335
0.42811364,75,484.570976
0.33850405,75,484.571769
0.4171869,75,484.5834
0.42355874,75,484.58418
0.42824307,75,484.584911
0.4175606,75,484.585663
0.41953602,75,484.605929
0.42073238,75,484.608804
0.43578607,75,484.625492
0.38970485,75,484.626253
0.39522633,75,484.637833
0.4083452,75,484.63857
0.414935,75,484.639298
0.43352094,75,484.640029
0.38519782,75,484.660161
0.36040312,75,484.663022
0.34542203,75,484.679468
0.3379262,75,484.68029
0.35082078,75,484.692037
0.39536646,75,484.692826
0.37935936,75,484.693576
0.39509207,75,484.694309
0.3581674,75,484.714483
0.36651367,75,484.717387
0.39528868,75,484.733895
0.40905014,75,484.734647
0.37125435,75,484.746105
0.39679754,75,484.746886
0.41104937,75,484.747648
0.37233305,75,484.748382
0.38328514,75,485.394753
0.39623553,75,485.397815
0.37628388,75,485.414592
0.42750916,75,485.415369
0.3835752,75,485.427224
0.2946699,75,485.428069
0.38502088,75,485.428835
0.41606376,75,485.429598
0.4347347,75,485.44971
0.4332637,75,485.452616
0.43384516,75,485.468937
0.38967842,75,485.4697
0.4404004,75,485.481227
0.36643702,75,485.481997
0.4237232,75,485.482752
0.3949364,75,485.483552
0.3707226,75,485.503603
0.41405073,75,485.506475
0.42653,75,485.523082
0.41291118,75,485.523837
0.35798818,75,485.535344
0.2969394,75,485.536106
0.40242362,75,485.53693
0.42364296,75,485.537705
0.35217142,75,485.558037
0.4123255,75,485.560948
0.44937673,75,485.577554
0.44806775,75,485.578395
0.39911747,75,485.589929
0.45012572,75,485.590674
0.42593005,75,485.591427
0.41752824,75,485.592185
0.3459303,75,485.612396
0.40827543,75,485.615319
0.38957113,75,485.631941
0.41691872,75,485.632724
0.38169324,75,485.644249
0.41592267,75,485.645041
0.38262683,75,485.645813
0.4268944,75,485.646593
0.40111342,75,485.666672
0.37068212,75,485.669604
0.3553174,75,485.686289
0.42602274,75,485.687094
0.4128219,75,485.698591
0.38186237,75,485.699349
0.43244576,75,485.7001
0.39302513,75,485.700835
0.40678608,75,485.720942
0.3855336,75,485.723896
0.44123,75,485.740578
0.34323376,75,485.741334
0.40773863,75,485.752891
0.37679467,75,485.753691
0.3811299,75,485.754487
0.409311,75,485.755221
0.4563434,75,485.775312
0.40175444,75,485.778274
0.41148683,75,485.794743
0.41373512,75,485.7955
0.42273796,75,485.807111
0.43091622,75,485.807884
0.41428965,75,485.808662
0.43589753,75,485.809448
0.4451345,75,485.829982
0.34689802,75,485.832958
0.41360483,75,485.849614
0.44808236,75,485.85039
0.4485334,75,485.861987
0.4207424,75,485.862758
0.4343865,75,485.8635
0.3929265,75,485.864268
0.4069454,75,485.884158
0.39092264,75,485.887156
0.37311366,75,485.903675
0.41787425,75,485.904444
0.4048825,75,485.916072
0.43391818,75,485.916852
0.40751255,75,485.917584
0.424782,75,485.918316
0.41702843,75,485.938499
0.37637755,75,485.94141
0.38623714,75,485.958187
0.41875055,75,485.958947
0.43019924,75,485.970418
0.44345433,75,485.971152
0.4367979,75,485.971895
0.38489732,75,485.972631
0.3438715,75,485.992664
0.40580744,75,485.995525
0.43364578,75,486.012055
0.41090566,75,486.012832
0.41885388,75,486.024605
0.39244527,75,486.025351
0.4089188,75,486.026087
0.39668304,75,486.026812
0.4029787,75,486.047091
0.35819596,75,486.04999
0.42954293,75,486.066464
0.37320685,75,486.067219
0.43286374,75,486.078656
0.40048963,75,486.079417
0.35997853,75,486.080197
0.3853987,75,486.080942
0.43023688,75,486.101458
0.4118601,75,486.104428
0.42025295,75,486.121205
0.4105646,75,486.122008
0.39127618,75,486.133994
0.40101808,75,486.134773
0.37706712,75,486.135598
0.3667849,75,486.136354
0.43296894,75,486.156809
0.3850561,75,486.159866
0.43271574,75,486.17689
0.43615136,75,486.177682
0.34745654,75,486.189344
0.40822822,75,486.19014
0.4131359,75,486.190926
0.4154174,75,486.191701
0.4258552,75,486.212287
0.42049405,75,486.215324
0.38671586,75,486.232475
0.39362586,75,486.233338
0.4288605,75,486.245572
0.4143885,75,486.246392
0.3928629,75,486.247252
0.403662,75,486.248196
0.42672837,75,486.268616
0.45197952,75,486.271667
0.35789546,75,486.288629
0.3575875,75,486.289411
0.40457928,75,486.301021
0.41854253,75,486.301779
0.34976235,75,486.302563
0.42313266,75,486.303293
0.3380571,75,486.323437
0.37883213,75,486.326323
0.42489672,75,486.343042
0.37651283,75,486.343846
0.39679238,75,486.355523
0.4223519,75,486.356321
0.40820026,75,486.357113
0.39663002,75,486.357878
0.3899397,75,486.378084
0.40950865,75,486.381006
0.42356223,75,486.397687
0.42717466,75,486.398444
0.4115539,75,486.410132
0.4106146,75,486.410886
0.42544857,75,486.411665
0.43038452,75,486.412403
0.4213269,75,486.432737
0.40575874,75,486.435648
0.42503974,75,486.452147
0.4445593,75,486.452907
0.41185722,75,486.464342
0.33407113,75,486.465084
0.41012025,75,486.465833
0.4432805,75,486.466584
0.3859733,75,486.487129
0.4459742,75,486.490096
0.40182146,75,486.506595
0.42523435,75,486.507376
0.405529,75,486.519016
0.40117234,75,486.51978
0.41909698,75,486.520524
0.41929397,75,486.521263
0.38920483,75,486.54136
0.43382803,75,486.544197
0.4074394,75,486.56085
0.4499911,75,486.561601
0.3863924,75,486.57292
0.41518015,75,486.573682
0.42170265,75,486.574438
0.41475874,75,486.575186
0.373745,75,486.595332
0.40687326,75,486.598271
0.40830883,75,486.614822
0.43390062,75,486.615593
0.42941824,75,486.627156
0.38228658,75,486.627935
0.36058724,75,486.628652
0.43201664,75,486.629372
0.41579252,75,486.649547
0.41512942,75,486.652435
0.38808492,75,486.668972
0.39537337,75,486.66973
0.3413638,75,486.681144
0.4172197,75,486.681934
0.45196208,75,486.682715
0.4410009,75,486.683497
0.41145653,75,486.703711
0.3849606,75,486.706588
0.40118253,75,486.723067
0.44109502,75,486.723846
0.43783063,75,486.735336
0.41786948,75,486.736123
0.38737944,75,486.73689
0.41722354,75,486.737693
0.42153937,75,486.757956
0.39641303,75,486.760806
0.44083676,75,486.77733
0.38862982,75,486.778139
0.44754148,75,486.789664
0.4089723,75,486.790394
0.38361713,75,486.791139
0.41021523,75,486.791869
0.43052205,75,486.811997
0.42567503,75,486.814848
0.43075484,75,486.831485
0.42765468,75,486.832246
0.40830085,75,486.843979
0.35616872,75,486.844805
0.4161908,75,486.845546
0.4384866,75,486.846305
0.41952822,75,486.866476
0.3625787,75,486.869408
0.40110844,75,487.497172
0.46046785,75,487.497973
0.3961405,75,487.509691
0.37922826,75,487.510563
0.42444772,75,487.511377
0.4429822,75,487.512126
0.41989994,75,487.532441
0.42785287,75,487.535315
0.46005765,75,487.552084
0.3549358,75,487.552885
0.40306407,75,487.564327
0.41441804,75,487.565076
0.3410336,75,487.565814
0.40270722,75,487.566549
0.42468798,75,487.586695
0.44057578,75,487.58955
0.39779648,75,487.606143
0.40090898,75,487.606915
0.38411745,75,487.618303
0.4086344,75,487.619067
0.3848035,75,487.61989
0.41652146,75,487.620645
0.4005432,75,487.640798
0.420885,75,487.643749
0.42775735,75,487.660482
0.35883424,75,487.661261
0.42533258,75,487.67277
0.4271009,75,487.673533
0.36297643,75,487.674375
0.42286727,75,487.675135
0.41416916,75,487.695238
0.412357,75,487.698133
0.4543336,75,487.714756
0.35464475,75,487.715529
0.3786509,75,487.726912
0.35366976,75,487.727705
0.35975823,75,487.728477
0.3925751,75,487.729205
0.39372185,75,487.749351
0.3966932,75,487.752329
0.42939258,75,487.768946
0.34292054,75,487.769711
0.337477,75,487.7811
0.42143875,75,487.781829
0.41849297,75,487.782637
0.37263218,75,487.78339
0.39886174,75,487.803485
0.42605814,75,487.806415
0.4152095,75,487.822979
0.39943314,75,487.823759
0.4565428,75,487.835295
0.43516883,75,487.836066
0.44873726,75,487.836817
0.3810181,75,487.837553
0.38749188,75,487.857817
0.4472992,75,487.860724
0.39619303,75,487.877467
0.39376843,75,487.87824
0.38050854,75,487.890048
0.3495446,75,487.890879
0.41558653,75,487.891669
0.4339601,75,487.892394
0.43119448,75,487.912515
0.39519715,75,487.915476
0.40222025,75,487.931856
0.4098809,75,487.93265
0.3461467,75,487.944073
0.41962165,75,487.94481
0.35945433,75,487.94558
0.4257833,75,487.946309
0.41139618,75,487.966438
0.41278288,75,487.969387
0.40310454,75,487.985741
0.448304,75,487.986485
0.40521944,75,487.997765
0.3876185,75,487.998534
0.4129387,75,487.999331
0.4224312,75,488.000074
0.4360423,75,488.020225
0.38377273,75,488.023141
0.41674122,75,488.039583
0.43605232,75,488.04035
0.37179574,75,488.052184
0.41047302,75,488.052965
0.37299412,75,488.053745
0.4300774,75,488.054469
0.42813239,75,488.074741
0.38894713,75,488.077601
0.39327472,75,488.094212
0.41670978,75,488.094983
0.33516562,75,488.106505
0.44649616,75,488.107262
0.41015968,75,488.108052
0.4167687,75,488.108777
0.40566447,75,488.12901
0.4147976,75,488.131873
0.4137978,75,488.148411
0.43656707,75,488.149194
0.36292228,75,488.160763
0.46012655,75,488.161539
0.42763975,75,488.162264
0.40396908,75,488.16301
0.42858225,75,488.183378
0.40206254,75,488.186258
0.35773498,75,488.202779
0.41214025,75,488.203574
0.4211739,75,488.215078
0.3928742,75,488.215887
0.36694703,75,488.216681
0.38600644,75,488.217416
0.40971518,75,488.237848
0.3585568,75,488.2409
0.42276922,75,488.257806
0.4175238,75,488.258604
0.4242027,75,488.270303
0.3885605,75,488.271072
0.38062894,75,488.271941
0.39345378,75,488.272726
0.37310165,75,488.293241
0.3665329,75,488.296155
0.414886,75,488.313117
0.4083262,75,488.313929
0.4346884,75,488.32559
0.43499738,75,488.326398
0.4410947,75,488.327241
0.3946628,75,488.328021
0.44702533,75,488.348525
0.40182012,75,488.351688
0.383037,75,488.368393
0.4258089,75,488.3692
0.4535142,75,488.380997
0.39398736,75,488.381782
0.38544247,75,488.38253
0.41911894,75,488.383282
0.3974254,75,488.403379
0.4240235,75,488.406325
0.43282133,75,488.422831
0.3894429,75,488.423601
0.4135093,75,488.435182
0.38893372,75,488.435913
0.39973783,75,488.436678
0.4294582,75,488.437416
0.4058109,75,488.457592
0.44404823,75,488.460502
0.42291588,75,488.476908
0.36516413,75,488.477673
0.4150029,75,488.48912
0.38398173,75,488.489875
0.43792236,75,488.490683
0.40240747,75,488.491461
0.3580563,75,488.511499
0.42702228,75,488.514418
0.39400393,75,488.530829
0.4207822,75,488.531585
0.44730866,75,488.542956
0.43829834,75,488.543741
0.41350102,75,488.544514
0.41022676,75,488.545244
0.3913396,75,488.565475
0.33707973,75,488.56839
0.4215074,75,488.585125
0.34835875,75,488.585879
0.4428174,75,488.597354
0.41197938,75,488.598096
0.31871957,75,488.59888
0.4033631,75,488.599637
0.4332833,75,488.61979
0.4291612,75,488.622712
0.43333235,75,488.639445
0.40585467,75,488.640222
0.3941267,75,488.651743
0.45865422,75,488.652479
0.4130285,75,488.653215
0.36516362,75,488.653944
0.32960665,75,488.67425
0.37082195,75,488.677166
0.41623306,75,488.693801
0.422844,75,488.69455
0.4274524,75,488.705844
0.3870777,75,488.706583
0.42780593,75,488.707345
0.390453,75,488.708117
0.44040003,75,488.728175
0.4117862,75,488.731063
0.42235664,75,488.747635
0.43739134,75,488.748387
0.43430293,75,488.759848
0.42684084,75,488.760597
0.42570943,75,488.761385
0.4431808,75,488.762129
0.4032243,75,488.78227
0.37508994,75,488.785189
0.37483552,75,488.801714
0.40714997,75,488.802476
0.38475204,75,488.814043
0.3773471,75,488.814804
0.42596087,75,488.815543
0.3785971,75,488.816315
0.37135592,75,488.83639
0.35905656,75,488.839291
0.4128292,75,488.855827
0.4401684,75,488.856585
0.4381391,75,488.868142
0.3727601,75,488.868947
0.3343073,75,488.869728
0.3891538,75,488.870484
0.4073041,75,488.890845
0.4271766,75,488.893798
0.43733153,75,488.910247
0.43183613,75,488.911002
0.39669955,75,488.922619
0.42136976,75,488.9234
0.34102592,75,488.92419
0.40145183,75,488.924918
0.32923293,75,488.94503
0.38605836,75,488.94796
0.39727446,75,488.964683
0.43186438,75,488.965462
0.3542292,75,489.604616
0.37544733,75,489.605426
0.41044378,75,489.606247
0.37530163,75,489.607068
0.44180065,75,489.627545
0.40094194,75,489.630561
0.40774518,75,489.647392
0.40805104,75,489.648208
0.39784005,75,489.659732
0.4125658,75,489.660569
0.3927018,75,489.661331
0.42880094,75,489.662079
0.430915,75,489.682156
0.3421521,75,489.685196
0.4245399,75,489.701872
0.41194588,75,489.702645
0.43189508,75,489.714122
0.3823989,75,489.7149
0.40205365,75,489.715641
0.41949606,75,489.716388
0.42213982,75,489.73635
0.43410957,75,489.739286
0.45525578,75,489.755856
0.39592275,75,489.75662
0.42556736,75,489.768036
0.39557013,75,489.768808
0.40448332,75,489.769552
0.43661326,75,489.770293
0.4108364,75,489.790551
0.42605534,75,489.793448
0.37090242,75,489.810214
0.4378494,75,489.811051
0.4429713,75,489.82263
0.4515343,75,489.82341
0.39060244,75,489.824186
0.39114556,75,489.824935
0.45867854,75,489.845186
0.44269526,75,489.848053
0.37467417,75,489.864604
0.38913193,75,489.865369
0.39707994,75,489.876956
0.45270386,75,489.877705
0.31423062,75,489.878454
0.41514003,75,489.879192
0.43466005,75,489.899492
0.42606437,75,489.902399
0.43809596,75,489.919073
0.4047853,75,489.919852
0.43404943,75,489.931472
0.41293097,75,489.932298
0.43057644,75,489.933065
0.371184,75,489.933806
0.41530526,75,489.953989
0.43300724,75,489.956911
0.38562036,75,489.973442
0.40512204,75,489.974212
0.40211862,75,489.985828
0.37568608,75,489.986584
0.41301852,75,489.987338
0.43161556,75,489.988078
0.43172243,75,490.008178
0.39862373,75,490.011127
0.43059024,75,490.027725
0.41972893,75,490.028495
0.36026275,75,490.039915
0.41250172,75,490.040708
0.43969157,75,490.041462
0.43624625,75,490.042196
0.41444,75,490.062366
0.3638421,75,490.065269
0.40173396,75,490.081728
0.40398246,75,490.082509
0.41805628,75,490.094247
0.39267302,75,490.095016
0.46688315,75,490.095746
0.40898597,75,490.096494
0.41424757,75,490.116659
0.39053246,75,490.119553
0.41918966,75,490.136048
0.39980543,75,490.136809
0.45059118,75,490.148345
0.41900814,75,490.149088
0.39557788,75,490.149869
0.4016017,75,490.150614
0.41352493,75,490.170659
0.4142746,75,490.173586
0.39701915,75,490.190124
0.37418702,75,490.190883
0.39734134,75,490.202386
0.39390233,75,490.203123
0.33281457,75,490.203873
0.42677158,75,490.204645
0.42678568,75,490.225045
0.43554354,75,490.227954
0.43403524,75,490.246283
0.42143032,75,490.247222
0.43007106,75,490.262869
0.40418547,75,490.263919
0.45423195,75,490.264844
0.361007,75,490.265776
0.39681336,75,490.293441
0.42345342,75,490.297468
0.4243029,75,490.324383
0.36842644,75,490.325187
0.4473311,75,490.337092
0.43564096,75,490.337901
0.40530294,75,490.338663
0.45541766,75,490.339426
0.3584041,75,490.360484
0.42287385,75,490.363612
0.41819003,75,490.380939
0.4267471,75,490.381728
0.4236333,75,490.393296
0.3702035,75,490.394115
0.39125058,75,490.39496
0.39849955,75,490.395701
0.41038242,75,490.416396
0.4284195,75,490.419574
0.39561445,75,490.436503
0.38006234,75,490.437293
0.3796946,75,490.449249
0.4591556,75,490.450008
0.37641776,75,490.450772
0.41348413,75,490.451515
0.42750916,75,490.472448
0.35857242,75,490.475453
0.38735148,75,490.492179
0.4310025,75,490.492958
0.38648447,75,490.504386
0.37106702,75,490.505138
0.38977388,75,490.505936
0.33825505,75,490.506675
0.38026294,75,490.526856
0.40895405,75,490.52975
0.42327115,75,490.546303
0.4190991,75,490.547062
0.40384787,75,490.558778
0.41892654,75,490.559528
0.3712991,75,490.560342
0.32102174,75,490.561075
0.39358908,75,490.581202
0.45600054,75,490.584078
0.41757265,75,490.600625
0.42620724,75,490.601384
0.40594155,75,490.612868
0.3762239,75,490.613643
0.42986527,75,490.614412
0.41491678,75,490.615147
0.38218442,75,490.635498
0.33429253,75,490.6384
0.42270088,75,490.654856
0.42035696,75,490.655616
0.42932168,75,490.66718
0.41104707,75,490.667962
0.45265478,75,490.668752
0.44080982,75,490.669485
0.43370417,75,490.689683
0.41576096,75,490.692604
0.41228488,75,490.709086
0.3920133,75,490.709832
0.44545892,75,490.72143
0.41172403,75,490.722209
0.38949624,75,490.722948
0.3604771,75,490.723673
0.45099163,75,490.743693
0.398606,75,490.746563
0.40687993,75,490.763153
0.32878587,75,490.763966
0.402374,75,490.775458
0.42074704,75,490.776219
0.43663728,75,490.776984
0.38242635,75,490.777718
0.39919603,75,490.797552
0.3724491,75,490.800498
0.45021734,75,490.817004
0.45021647,75,490.817826
0.3635224,75,490.829264
0.41986677,75,490.83004
0.44540167,75,490.830779
0.41997895,75,490.831517
0.44998923,75,490.851506
0.39900082,75,490.854388
0.4490428,75,490.870906
0.38983917,75,490.871715
0.3897785,75,490.883225
0.40504128,75,490.884005
0.41704944,75,490.884808
0.3895047,75,490.885578
0.4191018,75,490.905928
0.4084303,75,490.90884
0.37546828,75,490.925347
0.40909433,75,490.926117
0.3645319,75,490.93765
0.43529356,75,490.938429
0.38338438,75,490.93918
0.4287795,75,490.939931
0.43439934,75,490.960192
0.41945758,75,490.963037
0.38348308,75,490.97967
0.37151596,75,490.980441
0.4192781,75,490.991833
0.4403118,75,490.992585
0.40495342,75,490.99339
0.41571033,75,490.99415
0.39399406,75,491.014301
0.4288616,75,491.01726
0.4129786,75,491.033878
0.42539087,75,491.034645
0.426396,75,491.046179
0.40923938,75,491.046989
0.40594783,75,491.047734
0.4422123,75,491.048468
0.44433647,75,491.068415
0.43407622,75,491.071291
0.41861808,75,491.087937
0.44000956,75,491.088696
0.3619627,75,491.100148
0.42797127,75,491.100936
0.4048591,75,491.10168
0.37640774,75,491.102424
0.42867535,75,491.749189
0.4360469,75,491.752426
0.42258552,75,491.769249
0.42619252,75,491.770073
0.38289377,75,491.782095
0.3850913,75,491.782926
0.39834425,75,491.783721
0.432884,75,491.784505
0.43006212,75,491.804692
0.41606575,75,491.807708
0.43766275,75,491.824354
0.41003752,75,491.825196
0.41578954,75,491.837033
0.41495156,75,491.837829
0.43199158,75,491.838684
0.42063442,75,491.839579
0.43554956,75,491.860165
0.42741612,75,491.863065
0.3928925,75,491.879726
0.4418089,75,491.880555
0.43223873,75,491.89219
0.39022407,75,491.892967
0.38059235,75,491.893742
0.43504634,75,491.894619
0.41938058,75,491.914943
0.34859878,75,491.918023
0.38973045,75,491.934593
0.4165129,75,491.935379
0.37647036,75,491.947207
0.46178186,75,491.947972
0.40187234,75,491.948731
0.38749492,75,491.949497
0.41025445,75,491.970306
0.40466988,75,491.973226
0.3803829,75,491.990077
0.4502194,75,491.990883
0.46640423,75,492.003007
0.38160953,75,492.003805
0.3857847,75,492.004618
0.40411764,75,492.005375
0.41882396,75,492.02558
0.38193253,75,492.028522
0.42609832,75,492.045543
0.4329422,75,492.046351
0.4131616,75,492.058414
0.3745915,75,492.059341
0.40798202,75,492.060192
0.38129476,75,492.06103
0.3997455,75,492.081607
0.38276044,75,492.084613
0.4331849,75,492.101454
0.4131571,75,492.102233
0.40936068,75,492.113763
0.4491139,75,492.114549
0.38572323,75,492.115306
0.36323476,75,492.116088
0.37844384,75,492.136313
0.4377313,75,492.139218
0.4311059,75,492.155887
0.39766148,75,492.156657
0.44034806,75,492.168134
0.41305727,75,492.168972
0.37779695,75,492.169728
0.38624194,75,492.170482
0.44170862,75,492.190699
0.4420784,75,492.193813
0.3938616,75,492.210934
0.40828735,75,492.211711
0.41323596,75,492.22333
0.3681187,75,492.224119
0.42126882,75,492.224881
0.42023054,75,492.225624
0.38549292,75,492.245953
0.4341291,75,492.248848
0.42200336,75,492.265323
0.400384,75,492.266114
0.3650747,75,492.277912
0.4354852,75,492.278669
0.39491796,75,492.279441
0.42604142,75,492.280168
0.3899797,75,492.300505
0.40773684,75,492.303408
0.4064788,75,492.319961
0.39305478,75,492.32073
0.42620334,75,492.332207
0.42331585,75,492.332967
0.38696042,75,492.333714
0.43736053,75,492.334443
0.43681985,75,492.354488
0.38392767,75,492.357405
0.40024218,75,492.373939
0.42315945,75,492.374744
0.4104577,75,492.386258
0.35444257,75,492.386993
0.3887538,75,492.387768
0.44071564,75,492.388516
0.3805129,75,492.408776
0.4167539,75,492.411633
0.39228195,75,492.428457
0.44977534,75,492.429222
0.44008353,75,492.44085
0.42166483,75,492.44164
0.37999177,75,492.442383
0.41413742,75,492.443115
0.4154583,75,492.463211
0.42337978,75,492.466116
0.42761442,75,492.482957
0.44211224,75,492.483772
0.39238602,75,492.495625
0.45617226,75,492.496423
0.41069156,75,492.497266
0.4142045,75,492.498013
0.4120713,75,492.518387
0.39516193,75,492.521342
0.40880778,75,492.539157
0.4203532,75,492.539972
0.41613382,75,492.551853
0.4414145,75,492.552624
0.39552486,75,492.553515
0.40844333,75,492.554308
0.3168401,75,492.575529
0.40903845,75,492.578644
0.42651215,75,492.595291
0.39142105,75,492.596068
0.43070635,75,492.607644
0.45239237,75,492.608444
0.40099505,75,492.609178
0.3792711,75,492.609911
0.43401387,75,492.62987
0.40017554,75,492.632795
0.40643215,75,492.649364
0.4260472,75,492.650131
0.43729538,75,492.661479
0.45451137,75,492.662208
0.4246247,75,492.662953
0.42528504,75,492.66372
0.41430277,75,492.683612
0.43663564,75,492.686569
0.3685593,75,492.703008
0.41856533,75,492.703795
0.3413627,75,492.715269
0.4043235,75,492.716034
0.44183874,75,492.716791
0.39647612,75,492.717529
0.389893,75,492.73782
0.40317625,75,492.74095
0.42877764,75,492.757913
0.3909088,75,492.758712
0.41523072,75,492.77022
0.4040004,75,492.770996
0.42178312,75,492.771808
0.39431578,75,492.772582
0.42768797,75,492.792722
0.3233111,75,492.795638
0.38361126,75,492.812174
0.4070443,75,492.812936
0.41645965,75,492.82465
0.3901714,75,492.825411
0.4424265,75,492.826167
0.35545766,75,492.826894
0.37725067,75,492.847053
0.4124918,75,492.849968
0.4091106,75,492.86631
0.37621972,75,492.86709
0.43169823,75,492.878562
0.4353037,75,492.879353
0.42371175,75,492.880143
0.4283906,75,492.880882
0.34619725,75,492.901243
0.4100596,75,492.904181
0.4108277,75,492.921126
0.41884196,75,492.921963
0.4554454,75,492.934131
0.29497838,75,492.934908
0.45297238,75,492.935671
0.39354348,75,492.936415
0.45332727,75,492.957
0.44939178,75,492.95993
0.4106204,75,492.976549
0.4179214,75,492.977337
0.37730527,75,492.988937
0.4056919,75,492.989704
0.41253188,75,492.990484
0.39553607,75,492.991211
0.44126433,75,493.011135
0.39983863,75,493.014059
0.38050434,75,493.030719
0.4298822,75,493.031478
0.44993845,75,493.042955
0.43346268,75,493.043792
0.39489767,75,493.044609
0.42902184,75,493.045364
0.44727817,75,493.065419
0.39963448,75,493.0683
0.3858266,75,493.084823
0.36675718,75,493.085634
0.40861675,75,493.097126
0.40330273,75,493.097931
0.39885005,75,493.098693
0.42812952,75,493.099444
0.35727054,75,493.119586
0.39715323,75,493.122513
0.42668483,75,493.139045
0.40680152,75,493.139821
0.4522243,75,493.151381
0.40069768,75,493.152191
0.39870903,75,493.152952
0.42038062,75,493.153755
0.44393462,75,493.173887
0.41922984,75,493.176748
0.4099302,75,493.19322
0.41587076,75,493.194036
0.38602117,75,493.205617
0.44512174,75,493.20636
0.39295298,75,493.207097
0.44930178,75,493.207827
0.41971847,75,493.228053
0.4353089,75,493.836952
0.37617385,75,493.854124
0.41706765,75,493.854916
0.39490157,75,493.866518
0.42351457,75,493.867269
0.40005,75,493.868056
0.3920243,75,493.868897
0.42415604,75,493.889193
0.4199947,75,493.892149
0.401444,75,493.90884
0.40920514,75,493.909616
0.45109454,75,493.921226
0.41146308,75,493.92199
0.41176483,75,493.92277
0.39313212,75,493.923518
0.37150466,75,493.943777
0.40057316,75,493.946688
0.43461815,75,493.963193
0.39325413,75,493.963963
0.39380905,75,493.975567
0.438161,75,493.976313
0.4081492,75,493.977126
0.39877954,75,493.9779
0.45458353,75,493.998032
0.43084392,75,494.000944
0.383539,75,494.017458
0.40136462,75,494.018236
0.44490275,75,494.029772
0.42233422,75,494.030577
0.43282485,75,494.031344
0.35771352,75,494.032092
0.4157655,75,494.052255
0.42457312,75,494.055128
0.41061684,75,494.071724
0.41397786,75,494.072495
0.4079801,75,494.084039
0.42478377,75,494.084815
0.35379747,75,494.085594
0.4117699,75,494.086407
0.42434964,75,494.106511
0.41998833,75,494.109432
0.41381598,75,494.126016
0.3561611,75,494.126776
0.41381902,75,494.138211
0.36688745,75,494.138963
0.44297996,75,494.139732
0.41412947,75,494.140485
0.40836278,75,494.16077
0.44032288,75,494.163674
0.45256984,75,494.180229
0.40582615,75,494.180993
0.40715644,75,494.192407
0.41306525,75,494.193163
0.42334312,75,494.193963
0.43351996,75,494.194719
0.40359885,75,494.214988
0.42000905,75,494.21797
0.41361642,75,494.23464
0.40700933,75,494.235413
0.4316508,75,494.247028
0.447036,75,494.247825
0.3606963,75,494.248561
0.41618693,75,494.249328
0.40712166,75,494.26936
0.34354225,75,494.272297
0.42584553,75,494.288891
0.4266585,75,494.289634
0.44572365,75,494.300949
0.37442884,75,494.301706
0.42740604,75,494.30247
0.40596533,75,494.303232
0.41516855,75,494.323483
0.4019039,75,494.326368
0.43906644,75,494.342882
0.3894913,75,494.343676
0.42192245,75,494.355319
0.42987114,75,494.356079
0.42281732,75,494.356887
0.41140288,75,494.357619
0.33875895,75,494.377795
0.40528297,75,494.380749
0.43210912,75,494.397462
0.39599207,75,494.398213
0.39960152,75,494.409577
0.3921516,75,494.410381
0.4224382,75,494.411147
0.4185135,75,494.411869
0.42210734,75,494.431912
0.4244326,75,494.434802
0.44349188,75,494.451427
0.43184736,75,494.452255
0.4408765,75,494.463997
0.4078205,75,494.464809
0.4130536,75,494.465567
0.3616047,75,494.466347
0.41289246,75,494.486496
0.34346375,75,494.489403
0.3883836,75,494.505877
0.43231657,75,494.506658
0.3495112,75,494.51811
0.4381167,75,494.51886
0.40507823,75,494.519603
0.43939778,75,494.520344
0.38071468,75,494.540763
0.443311,75,494.543656
0.39806354,75,494.560434
0.4242335,75,494.561196
0.35867777,75,494.572986
0.44735324,75,494.573754
0.3470428,75,494.574588
0.37679297,75,494.57534
0.4266946,75,494.595922
0.37977907,75,494.59892
0.44121525,75,494.620538
0.41891488,75,494.621357
0.4128231,75,494.633349
0.45042744,75,494.634172
0.44725648,75,494.634922
0.41317266,75,494.635763
0.42316577,75,494.658126
0.40990663,75,494.661224
0.43009627,75,494.679321
0.44560462,75,494.680296
0.3857225,75,494.69355
0.401102,75,494.694388
0.37090206,75,494.695214
0.42898765,75,494.695973
0.40536726,75,494.718206
0.43607688,75,494.721301
0.45296872,75,494.738666
0.4250973,75,494.739563
0.44225913,75,494.751095
0.38931403,75,494.751953
0.43989995,75,494.752735
0.45343772,75,494.753524
0.4095598,75,494.774684
0.38817307,75,494.777936
0.40435362,75,494.795798
0.41442817,75,494.796613
0.3627452,75,494.80875
0.3890512,75,494.80956
0.3860501,75,494.810396
0.38229313,75,494.811134
0.43857133,75,494.832286
0.39432114,75,494.835685
0.34843168,75,494.854094
0.41833064,75,494.854951
0.41334087,75,494.866973
0.43033972,75,494.867752
0.4252648,75,494.868658
0.4175747,75,494.869412
0.44895992,75,494.890549
0.4469186,75,494.893835
0.4347197,75,494.911971
0.453147,75,494.912816
0.4370654,75,494.924911
0.43544137,75,494.925697
0.42673463,75,494.92649
0.43947008,75,494.927288
0.35035592,75,494.948293
0.42004234,75,494.951262
0.41848555,75,494.969482
0.45748544,75,494.970414
0.43978286,75,494.982886
0.4131171,75,494.983691
0.43854946,75,494.984483
0.44065642,75,494.985293
0.40758625,75,495.006931
0.43039718,75,495.00982
0.4255436,75,495.027482
0.4601756,75,495.028274
0.4194163,75,495.040926
0.40085763,75,495.041727
0.40527374,75,495.042498
0.42656767,75,495.043251
0.34730735,75,495.063792
0.41606763,75,495.066707
0.3833409,75,495.083919
0.39124548,75,495.084737
0.406046,75,495.097327
0.43038753,75,495.098276
0.40620515,75,495.099188
0.38931453,75,495.100124
0.44095412,75,495.122268
0.39051038,75,495.125189
0.44411623,75,495.142831
0.3828166,75,495.14367
0.42990625,75,495.15585
0.40913627,75,495.156769
0.4504685,75,495.157751
0.44493073,75,495.158529
0.4305005,75,495.180228
0.39660865,75,495.183568
0.43130073,75,495.200859
0.44933495,75,495.201704
0.40471634,75,495.213587
0.43137905,75,495.21439
0.40662757,75,495.215167
0.4211857,75,495.215906
0.41901308,75,495.237838
0.37672785,75,495.240829
0.43007344,75,495.258513
0.41038582,75,495.259318
0.43557715,75,495.27106
0.43057287,75,495.271926
0.41217875,75,495.272861
0.43350795,75,495.27367
0.41558683,75,495.294643
0.43345943,75,495.297779
0.41809547,75,495.31627
0.37316847,75,495.317106
0.4321074,75,495.328922
0.38747934,75,495.329813
0.43168893,75,495.330587
0.3476947,75,495.331433
0.42773652,75,495.352387
0.41521767,75,495.35577
0.41732877,75,496.022701
0.4189856,75,496.023541
0.4200934,75,496.035248
0.4168671,75,496.03606
0.42802092,75,496.036926
0.4258605,75,496.037689
0.4232571,75,496.058698
0.44501442,75,496.061732
0.40180832,75,496.078294
0.3881777,75,496.079086
0.44798607,75,496.090771
0.41098446,75,496.091624
0.42727098,75,496.092389
0.38902253,75,496.093138
0.38690206,75,496.113416
0.37859756,75,496.116638
0.42654857,75,496.133388
0.45014498,75,496.134154
0.42894715,75,496.145649
0.35354728,75,496.14638
0.37910953,75,496.147184
0.42602044,75,496.147935
0.4323881,75,496.168287
0.44243002,75,496.171174
0.36661252,75,496.187856
0.4183967,75,496.188633
0.41092813,75,496.200277
0.41219798,75,496.201039
0.40457803,75,496.201787
0.39371905,75,496.202519
0.40682456,75,496.222778
0.41900447,75,496.225712
0.39237386,75,496.242297
0.37976125,75,496.243056
0.38704762,75,496.254666
0.43216714,75,496.255459
0.4257721,75,496.256226
0.43264887,75,496.256954
0.40007344,75,496.277059
0.39409092,75,496.279953
0.43122247,75,496.296647
0.40708616,75,496.297428
0.41424018,75,496.309028
0.39018825,75,496.309801
0.4035533,75,496.310581
0.47512394,75,496.311336
0.4096032,75,496.331574
0.39963743,75,496.334494
0.44049394,75,496.351197
0.4344613,75,496.352085
0.41460842,75,496.363746
0.44446042,75,496.36449
0.44184017,75,496.365239
0.42227203,75,496.365996
0.44750828,75,496.386215
0.424689,75,496.389141
0.38445902,75,496.405738
0.44620216,75,496.406504
0.40956756,75,496.41805
0.43630224,75,496.418852
0.32465976,75,496.419655
0.37280598,75,496.420418
0.43852133,75,496.440458
0.3268512,75,496.443359
0.43095154,75,496.460384
0.35065126,75,496.461163
0.4079657,75,496.473071
0.40941337,75,496.47387
0.4573499,75,496.474654
0.39785478,75,496.475379
0.39965257,75,496.495909
0.4450687,75,496.498815
0.41803384,75,496.515532
0.36542588,75,496.516308
0.42164305,75,496.527746
0.4463159,75,496.528548
0.4579358,75,496.529288
0.38504577,75,496.530114
0.3908645,75,496.550231
0.38542035,75,496.553162
0.42402858,75,496.569761
0.3893699,75,496.570524
0.38740653,75,496.582147
0.38723382,75,496.582901
0.4335747,75,496.58364
0.41742983,75,496.584387
0.41839495,75,496.604477
0.3652855,75,496.607482
0.42580074,75,496.624131
0.3824758,75,496.624932
0.4261622,75,496.636312
0.40867126,75,496.637058
0.4337837,75,496.63785
0.41539896,75,496.638616
0.41093487,75,496.658769
0.39223075,75,496.661825
0.4372749,75,496.678379
0.3550699,75,496.679143
0.4026345,75,496.690733
0.41230232,75,496.691531
0.4039317,75,496.692262
0.3356771,75,496.693011
0.44083703,75,496.713352
0.4061978,75,496.716257
0.37951845,75,496.733101
0.44718498,75,496.733879
0.42363253,75,496.74566
0.40360352,75,496.746484
0.4538451,75,496.747278
0.33789712,75,496.748011
0.41831645,75,496.768744
0.39494526,75,496.771786
0.41177696,75,496.788562
0.41133314,75,496.789366
0.40618658,75,496.801255
0.44081196,75,496.802073
0.36647025,75,496.80287
0.37635493,75,496.803621
0.42524922,75,496.824521
0.40461412,75,496.827544
0.4411971,75,496.844209
0.3844315,75,496.84503
0.43892872,75,496.856545
0.40598005,75,496.857361
0.3710138,75,496.858138
0.41818458,75,496.858872
0.35872963,75,496.879176
0.40579426,75,496.88208
0.46117163,75,496.898752
0.40144044,75,496.899562
0.41026884,75,496.911295
0.40072048,75,496.912122
0.4112528,75,496.912894
0.3764819,75,496.913648
0.40706345,75,496.933546
0.4311423,75,496.936347
0.39161238,75,496.95295
0.39280602,75,496.95375
0.43695223,75,496.965257
0.38039342,75,496.966009
0.43271786,75,496.966738
0.3907576,75,496.967485
0.37123412,75,496.987839
0.37224695,75,496.990717
0.4143635,75,497.00726
0.40701246,75,497.008031
0.44760564,75,497.019579
0.39664647,75,497.020381
0.40341014,75,497.021167
0.4327734,75,497.021947
0.44584367,75,497.041811
0.41433156,75,497.044793
0.43182954,75,497.061429
0.40650827,75,497.06219
0.4076431,75,497.073754
0.40848792,75,497.074506
0.36368334,75,497.075281
0.3858326,75,497.076025
0.4194603,75,497.096081
0.446268,75,497.098959
0.37624002,75,497.115619
0.35389787,75,497.116412
0.3701559,75,497.127954
0.40382347,75,497.128744
0.40043956,75,497.129578
0.42765903,75,497.130317
0.39127672,75,497.150486
0.39959145,75,497.153453
0.45417356,75,497.170072
0.38769695,75,497.170836
0.41069317,75,497.182768
0.43501273,75,497.183589
0.38011795,75,497.184335
0.44332165,75,497.18512
0.43744016,75,497.205474
0.3928183,75,497.208363
0.43510118,75,497.225327
0.3816469,75,497.226101
0.4183231,75,497.237986
0.4400829,75,497.238784
0.37999615,75,497.239589
0.38734064,75,497.240371
0.44331726,75,497.260832
0.38887146,75,497.263749
0.37998685,75,497.28039
0.3820191,75,497.281165
0.4475173,75,497.292883
0.44430158,75,497.293691
0.41231132,75,497.29448
0.43952116,75,497.295212
0.40808198,75,497.315411
0.39015365,75,497.318306
0.4318821,75,497.335222
0.40658933,75,497.335985
0.44241205,75,497.34761
0.40997028,75,497.348369
0.4110714,75,497.34914
0.38198406,75,497.349899
0.4365604,75,497.369967
0.3826416,75,497.372906
0.44175205,75,497.389582
0.41290882,75,497.390388
0.41318065,75,497.402067
0.38863593,75,497.402851
0.37677822,75,497.403592
0.40012667,75,497.404339
0.44331893,75,497.424556
0.41053095,75,497.427474
0.44158837,75,497.444057
0.41354024,75,497.444862
0.36025158,75,497.456358
0.40519455,75,497.457144
0.3879275,75,497.457917
0.3915041,75,497.458657
0.43864566,75,497.478931
0.39337143,75,497.48185
0.44419292,75,497.498761
0.38569504,75,497.499538
0.40388379,75,497.510987
0.3714042,75,497.511774
0.40758634,75,497.512539
0.38096607,75,498.134039
0.41718918,75,498.154933
0.45054904,75,498.157908
0.42195204,75,498.174667
0.45079988,75,498.175524
0.412678,75,498.187137
0.42749888,75,498.187892
0.3606623,75,498.188672
0.36774343,75,498.189421
0.4033625,75,498.20957
0.4565014,75,498.212511
0.44783434,75,498.229244
0.42257696,75,498.230025
0.4043843,75,498.241563
0.39950937,75,498.242309
0.39965928,75,498.243054
0.36912343,75,498.243816
0.462071,75,498.263803
0.42498717,75,498.2667
0.4196779,75,498.283226
0.40324092,75,498.28401
0.4077409,75,498.295665
0.42871237,75,498.296433
0.39980122,75,498.297227
0.42652383,75,498.297973
0.4236397,75,498.318179
0.3958683,75,498.321098
0.40583774,75,498.337849
0.43280995,75,498.338611
0.4276313,75,498.350129
0.37905365,75,498.350975
0.41123796,75,498.351737
0.4108513,75,498.352487
0.41633406,75,498.372475
0.44754446,75,498.375415
0.4351419,75,498.392013
0.44121554,75,498.39278
0.40109208,75,498.404321
0.39859843,75,498.40511
0.43787292,75,498.405863
0.394223,75,498.406624
0.38222933,75,498.426783
0.41498646,75,498.429658
0.41526458,75,498.4463
0.4396728,75,498.447096
0.41435844,75,498.458643
0.3323682,75,498.459379
0.4315163,75,498.460185
0.38394997,75,498.460931
0.43803886,75,498.480822
0.4478283,75,498.483923
0.42803216,75,498.500681
0.3702825,75,498.50145
0.43177265,75,498.5131
0.43114075,75,498.513887
0.42001778,75,498.51467
0.38384822,75,498.51541
0.40449712,75,498.535488
0.4086205,75,498.538383
0.380092,75,498.555134
0.41106427,75,498.555904
0.3965297,75,498.567372
0.44907498,75,498.568166
0.38414878,75,498.568977
0.4175462,75,498.569727
0.41304553,75,498.589836
0.35276031,75,498.592727
0.4238244,75,498.609195
0.38086843,75,498.609957
0.4345962,75,498.621678
0.40583718,75,498.622424
0.4253512,75,498.62317
0.43732175,75,498.623895
0.4374606,75,498.644116
0.41184384,75,498.647088
0.44253182,75,498.663682
0.42586404,75,498.664438
0.39291427,75,498.675953
0.40005726,75,498.676712
0.4383359,75,498.677457
0.43125564,75,498.678192
0.39800614,75,498.698697
0.39985365,75,498.701607
0.4208592,75,498.718278
0.41172,75,498.71904
0.42433026,75,498.730448
0.43670723,75,498.731237
0.44705978,75,498.731973
0.4342571,75,498.732733
0.4307934,75,498.752922
0.42699975,75,498.755883
0.4110976,75,498.772476
0.4257729,75,498.773236
0.43199933,75,498.784816
0.3967423,75,498.785554
0.39220127,75,498.786353
0.44097164,75,498.787093
0.42557955,75,498.8071
0.41256112,75,498.809978
0.40326026,75,498.826691
0.40466613,75,498.827459
0.39517987,75,498.838991
0.44262215,75,498.839733
0.43710873,75,498.840488
0.40787435,75,498.841236
0.41801926,75,498.861552
0.43393937,75,498.864519
0.37828496,75,498.881233
0.37083662,75,498.882029
0.40327007,75,498.893836
0.43038478,75,498.894598
0.43314508,75,498.895359
0.43332362,75,498.896106
0.41760117,75,498.916606
0.45219785,75,498.919609
0.44734412,75,498.936898
0.37650782,75,498.937691
0.38322824,75,498.949184
0.41906387,75,498.949995
0.45472693,75,498.950761
0.43853104,75,498.951542
0.32208747,75,498.972289
0.43627724,75,498.975341
0.41244155,75,498.993218
0.42517516,75,498.994017
0.3774154,75,499.005711
0.45062393,75,499.006474
0.3563335,75,499.00725
0.41878644,75,499.00803
0.42563632,75,499.028495
0.44118825,75,499.031401
0.4206475,75,499.048131
0.41924328,75,499.048913
0.40071112,75,499.060386
0.43572783,75,499.061169
0.44034204,75,499.061915
0.43989298,75,499.062675
0.43548352,75,499.08281
0.43634942,75,499.085867
0.38123837,75,499.102276
0.4438024,75,499.103047
0.41038164,75,499.114995
0.39064246,75,499.115802
0.41944048,75,499.116572
0.38313228,75,499.117322
0.43236792,75,499.137626
0.34748635,75,499.140607
0.41900608,75,499.15738
0.4643779,75,499.158161
0.4090076,75,499.169686
0.39189154,75,499.170439
0.40641043,75,499.171218
0.3705407,75,499.171989
0.43754348,75,499.192149
0.4244273,75,499.195085
0.41088554,75,499.211769
0.33075374,75,499.212522
0.40885317,75,499.224132
0.41161206,75,499.224894
0.39609963,75,499.225671
0.4390078,75,499.226405
0.4119933,75,499.246698
0.3726568,75,499.249638
0.37613422,75,499.266002
0.36725613,75,499.266786
0.39017522,75,499.278304
0.39618397,75,499.279063
0.40013978,75,499.279841
0.41589877,75,499.280583
0.37082598,75,499.30084
0.44961694,75,499.303675
0.45817375,75,499.320233
0.4502794,75,499.320991
0.43557677,75,499.332606
0.42107904,75,499.333436
0.43257433,75,499.334168
0.42943168,75,499.334894
0.411357,75,499.355163
0.40892553,75,499.358084
0.41953364,75,499.374646
0.4337987,75,499.375402
0.4431658,75,499.387003
0.42540753,75,499.387769
0.373309,75,499.388552
0.33248878,75,499.389315
0.4183085,75,499.409281
0.4052489,75,499.41215
0.42350292,75,499.428833
0.37558776,75,499.429608
0.40224233,75,499.44099
0.38583356,75,499.441767
0.41733798,75,499.442548
0.36242354,75,499.443284
0.37618306,75,499.463284
0.3598072,75,499.466172
0.4423945,75,499.482531
0.40513417,75,499.483332
0.45567548,75,499.49486
0.42427868,75,499.495625
0.4173728,75,499.496392
0.43857569,75,499.497157
0.34275305,75,499.51734
0.40295222,75,499.520367
0.3767041,75,499.53682
0.42220867,75,499.537606
0.43944952,75,499.549064
0.41346937,75,499.549858
0.36252725,75,499.550659
0.37024555,75,499.551434
0.3860087,75,499.571522
0.42170483,75,499.57443
0.33271295,75,499.591126
0.39072043,75,499.591873
0.41735405,75,499.603283
0.4172242,75,499.604072
0.43457782,75,499.604909
0.42989457,75,499.605643
0.39684448,75,500.285769
0.42395592,75,500.289378
0.3910956,75,500.308511
0.43020877,75,500.309446
0.43931767,75,500.322344
0.3868718,75,500.323268
0.4159898,75,500.324165
0.41446194,75,500.325024
0.41869688,75,500.348027
0.42378137,75,500.351484
0.42554715,75,500.370919
0.43747604,75,500.371809
0.38485742,75,500.384832
0.42358258,75,500.385744
0.43318024,75,500.386614
0.3846518,75,500.387452
0.4361943,75,500.410226
0.42589226,75,500.413483
0.4754904,75,500.432893
0.4494699,75,500.433782
0.4405956,75,500.447291
0.36885577,75,500.448119
0.42774242,75,500.448942
0.4297654,75,500.449827
0.4225277,75,500.473136
0.42378598,75,500.476406
0.39241874,75,500.495139
0.41978094,75,500.496027
0.42414474,75,500.509242
0.4125718,75,500.510034
0.4311214,75,500.510969
0.4441313,75,500.511817
0.42436823,75,500.535418
0.41939467,75,500.538808
0.4478762,75,500.55745
0.35835975,75,500.558472
0.39346468,75,500.571429
0.41338974,75,500.57238
0.3804701,75,500.573269
0.39216384,75,500.574041
0.42312732,75,500.597385
0.4109131,75,500.600688
0.39506692,75,500.619593
0.44365472,75,500.620452
0.4381764,75,500.6335
0.37867638,75,500.634284
0.44035363,75,500.635154
0.3998346,75,500.635969
0.39626858,75,500.658521
0.41627172,75,500.661935
0.41627342,75,500.680552
0.40567666,75,500.681421
0.37570912,75,500.694709
0.4224145,75,500.695561
0.43632677,75,500.696412
0.3736444,75,500.697312
0.43361923,75,500.720625
0.3940458,75,500.723902
0.39471886,75,500.742906
0.40861967,75,500.743707
0.4215404,75,500.756982
0.3845542,75,500.757872
0.43734002,75,500.758742
0.40381113,75,500.759619
0.38941434,75,500.78253
0.41054016,75,500.78552
0.41463947,75,500.804408
0.41441396,75,500.805305
0.40884712,75,500.818922
0.41099352,75,500.819846
0.43284652,75,500.820764
0.34024423,75,500.821639
0.42990327,75,500.845071
0.45988834,75,500.848482
0.42086446,75,500.866768
0.41724488,75,500.867572
0.4193881,75,500.880645
0.45780587,75,500.881521
0.37643397,75,500.882366
0.36895975,75,500.883368
0.44601506,75,500.906357
0.42220396,75,500.909663
0.41061026,75,500.928688
0.43406105,75,500.929546
0.38855067,75,500.942543
0.40100357,75,500.943494
0.42933896,75,500.944395
0.38963223,75,500.945182
0.44052607,75,500.968088
0.44536552,75,500.971536
0.44577834,75,500.990804
0.37603477,75,500.991777
0.4277937,75,501.004908
0.4405765,75,501.005862
0.42413148,75,501.006814
0.3756462,75,501.007715
0.3885091,75,501.031778
0.43283775,75,501.035237
0.4028923,75,501.055268
0.39027026,75,501.056343
0.4443831,75,501.070943
0.40330502,75,501.071961
0.3608834,75,501.072847
0.41512942,75,501.073697
0.45301616,75,501.098452
0.40786958,75,501.102037
0.46003368,75,501.121468
0.4369955,75,501.122397
0.38518035,75,501.135653
0.39830878,75,501.136568
0.37073925,75,501.137467
0.42586738,75,501.138308
0.39020747,75,501.161638
0.37114713,75,501.164922
0.43580368,75,501.183748
0.4378881,75,501.184593
0.37448108,75,501.197598
0.42185938,75,501.198585
0.4065453,75,501.199477
0.3660446,75,501.200232
0.44794646,75,501.223013
0.39011708,75,501.226229
0.42656508,75,501.245627
0.42023835,75,501.246496
0.4504703,75,501.259474
0.4403239,75,501.260358
0.39707586,75,501.261244
0.41618508,75,501.262132
0.40723693,75,501.28475
0.45291576,75,501.288103
0.41521308,75,501.3074
0.44492972,75,501.3083
0.4157508,75,501.321297
0.45246515,75,501.322244
0.4296564,75,501.323067
0.41853184,75,501.323982
0.3768526,75,501.347098
0.3818375,75,501.350458
0.4377976,75,501.369541
0.40840188,75,501.370406
0.36682653,75,501.383782
0.39950293,75,501.384655
0.3949818,75,501.385454
0.42346075,75,501.386268
0.4521481,75,501.409543
0.39677823,75,501.412973
0.43745908,75,501.432243
0.4071281,75,501.433153
0.43455204,75,501.446537
0.4224004,75,501.447509
0.39238718,75,501.448351
0.3877059,75,501.449121
0.42398146,75,501.471424
0.2989379,75,501.474874
0.42593467,75,501.493798
0.35848567,75,501.494641
0.4326442,75,501.50767
0.44756678,75,501.508586
0.36219552,75,501.509452
0.4352596,75,501.510319
0.38728172,75,501.533138
0.45163605,75,501.536385
0.4433994,75,501.555784
0.3820532,75,501.556739
0.4379732,75,501.570303
0.39244306,75,501.571118
0.4291713,75,501.572005
0.41966906,75,501.572793
0.38045734,75,501.596368
0.44250202,75,501.599856
0.38079542,75,501.618876
0.42411694,75,501.619753
0.45592982,75,501.632372
0.38695854,75,501.633313
0.43447247,75,501.634163
0.36696064,75,501.635022
0.40069145,75,501.658693
0.4334767,75,501.662022
0.39777195,75,501.680297
0.3780262,75,501.681164
0.36623776,75,501.694118
0.4083048,75,501.695066
0.4029341,75,501.695973
0.41512954,75,501.696881
0.40448558,75,501.720103
0.41383666,75,501.723391
0.4277333,75,501.742094
0.40827152,75,501.742893
0.40026823,75,501.75627
0.40541095,75,501.75716
0.33885553,75,501.758098
0.39199838,75,501.758924
0.39790916,75,501.782455
0.32216963,75,501.785522
0.42976856,75,501.804298
0.37691632,75,501.80517
0.4139534,75,501.818522
0.39382023,75,501.819434
0.37488508,75,501.820289
0.4082598,75,501.821078
0.43667614,75,501.844049
0.41027895,75,501.847485
0.42286903,75,501.865801
0.3816745,75,501.866632
0.41602036,75,501.879314
0.39753735,75,501.880197
0.43857914,75,501.881075
0.3695489,75,501.881944
0.39902163,75,501.90505
0.43223974,75,501.908313
0.388319,75,501.926928
0.42465085,75,501.927798
0.41157147,75,501.940611
0.41966784,75,501.941462
0.41568446,75,501.942318
0.39037323,75,501.94308
0.4185524,75,501.966596
0.36927304,75,501.970039
0.41207644,75,502.711765
0.3839077,75,502.712737
0.36946347,75,502.725993
0.38203007,75,502.726942
0.4142727,75,502.727919
0.4186103,75,502.728808
0.4279701,75,502.75222
0.4224924,75,502.755625
0.41328812,75,502.774874
0.45918727,75,502.775726
0.36200616,75,502.789124
0.41854256,75,502.789971
0.3774682,75,502.79084
0.42747757,75,502.79178
0.40248796,75,502.814593
0.40691262,75,502.818117
0.4028429,75,502.836712
0.40643275,75,502.837613
0.38607794,75,502.85044
0.4005375,75,502.851263
0.4079959,75,502.852034
0.39506298,75,502.852831
0.4419744,75,502.876171
0.40362412,75,502.879387
0.38059527,75,502.898488
0.41151676,75,502.899313
0.40949035,75,502.912691
0.40534526,75,502.913572
0.43353784,75,502.914374
0.43930918,75,502.915137
0.42190075,75,502.937729
0.40807787,75,502.941002
0.38356262,75,502.960028
0.38830376,75,502.960955
0.39729297,75,502.974074
0.37472492,75,502.974899
0.43025306,75,502.975696
0.4122083,75,502.976523
0.44399878,75,502.999646
0.41201693,75,503.002946
0.44187346,75,503.021783
0.39133134,75,503.022618
0.37574893,75,503.035244
0.4200509,75,503.036111
0.3874037,75,503.036943
0.43091553,75,503.037802
0.40942892,75,503.060973
0.4257571,75,503.064392
0.41800863,75,503.0836
0.42373028,75,503.084498
0.44913974,75,503.097694
0.42302197,75,503.098575
0.3762272,75,503.09945
0.39497027,75,503.100327
0.395106,75,503.123979
0.36114258,75,503.127514
0.34767377,75,503.146306
0.40330833,75,503.147189
0.3814313,75,503.160528
0.37265673,75,503.161386
0.42886806,75,503.162225
0.3967295,75,503.163076
0.4362714,75,503.185868
0.43274468,75,503.189075
0.402024,75,503.207579
0.37719616,75,503.208443
0.3859263,75,503.22166
0.393461,75,503.222641
0.4151465,75,503.223531
0.39484605,75,503.224394
0.41212797,75,503.248372
0.43046525,75,503.251568
0.39934027,75,503.270273
0.40723744,75,503.271185
0.42013505,75,503.28421
0.38483804,75,503.285044
0.4369414,75,503.285939
0.4194282,75,503.28678
0.3829651,75,503.30972
0.38376388,75,503.313301
0.4222171,75,503.331667
0.41805273,75,503.332598
0.41721568,75,503.345673
0.4364324,75,503.346641
0.3655017,75,503.347628
0.34883517,75,503.348471
0.41932595,75,503.37321
0.34285125,75,503.376591
0.3894163,75,503.396093
0.41262928,75,503.3971
0.3868863,75,503.410457
0.42269027,75,503.411508
0.423047,75,503.412509
0.4067971,75,503.413406
0.4462408,75,503.437382
0.4506091,75,503.441042
0.4455701,75,503.460352
0.4221818,75,503.46122
0.4527862,75,503.47507
0.4393061,75,503.475976
0.40014368,75,503.476905
0.41715991,75,503.477778
0.4161964,75,503.501318
0.3905656,75,503.504706
0.35365516,75,503.523866
0.41656324,75,503.524919
0.42283422,75,503.538141
0.37696266,75,503.539053
0.37242308,75,503.54001
0.42905408,75,503.540912
0.37527603,75,503.564371
0.41615075,75,503.567798
0.41905084,75,503.587374
0.41853258,75,503.588347
0.4431048,75,503.601285
0.41395023,75,503.602114
0.4318341,75,503.602984
0.43668592,75,503.603867
0.3977531,75,503.626833
0.40048316,75,503.63
0.41103953,75,503.649741
0.37951276,75,503.650548
0.43665153,75,503.663899
0.33488342,75,503.664808
0.39302024,75,503.665685
0.3960529,75,503.666576
0.41650313,75,503.689605
0.40460345,75,503.693018
0.3908735,75,503.712277
0.38844308,75,503.713102
0.40622556,75,503.725868
0.43025193,75,503.726766
0.3641462,75,503.727602
0.42278406,75,503.728497
0.41592753,75,503.751626
0.37447327,75,503.755179
0.40370822,75,503.774888
0.41325617,75,503.775768
0.4178608,75,503.789092
0.42845386,75,503.789977
0.41254503,75,503.79082
0.4273776,75,503.791781
0.39270952,75,503.81535
0.44152868,75,503.818952
0.36551055,75,503.838143
0.419478,75,503.839109
0.34438837,75,503.852486
0.37575275,75,503.853363
0.4218305,75,503.854237
0.3939859,75,503.855042
0.41090566,75,503.878489
0.39892936,75,503.881787
0.4395189,75,503.900594
0.3842672,75,503.901457
0.4139171,75,503.914839
0.41472608,75,503.915658
0.4046506,75,503.916441
0.41919774,75,503.9173
0.42098373,75,503.940343
0.40376374,75,503.943544
0.3929039,75,503.962785
0.43879825,75,503.963727
0.41885924,75,503.976841
0.46485263,75,503.977789
0.41191387,75,503.97875
0.39355016,75,503.979649
0.4215082,75,504.002497
0.4431622,75,504.005921
0.37927464,75,504.025268
0.42955416,75,504.026137
0.35049456,75,504.04008
0.4002285,75,504.040915
0.34323162,75,504.041728
0.37342408,75,504.042617
0.40600097,75,504.066291
0.4039784,75,504.06969
0.39276212,75,504.088723
0.42405832,75,504.089635
0.4379181,75,504.103308
0.45527267,75,504.10423
0.4615278,75,504.105141
0.42892244,75,504.106051
0.4128149,75,504.129368
0.4382135,75,504.13277
0.42279965,75,504.151185
0.37757316,75,504.152097
0.43014812,75,504.165151
0.4226203,75,504.165974
0.40013295,75,504.166779
0.42888692,75,504.167709
0.4197689,75,504.190939
0.43128055,75,504.194254
0.3743958,75,504.213128
0.35982978,75,504.213947
0.37669778,75,504.227184
0.44473898,75,504.228087
0.3545819,75,504.228982
0.43071195,75,504.229897
0.41098145,75,504.252991
0.3805764,75,504.256346
0.4211444,75,504.275327
0.4177081,75,504.276116
0.4080465,75,504.289695
0.41785464,75,504.290608
0.41261944,75,504.291438
0.41899085,75,504.292183
0.42564058,75,504.315474
0.41665098,75,504.31883
0.40794078,75,504.337728
0.44222236,75,504.338627
0.4077101,75,504.352325
0.40289962,75,504.353206
0.39864805,75,504.354076
0.41878745,75,504.355053
0.226012,75,504.378344
0.41656944,75,504.381633
0.39985144,75,504.400792
0.45242816,75,504.401596
0.41523227,75,505.135273
0.4326033,75,505.136306
0.45521075,75,505.137206
0.4297286,75,505.138057
0.43426764,75,505.161064
0.39406395,75,505.164501
0.3831001,75,505.183484
0.46158236,75,505.184284
0.41385743,75,505.197758
0.4396929,75,505.198679
0.42487466,75,505.199499
0.40815187,75,505.200275
0.40461403,75,505.223788
0.42110828,75,505.227122
0.38325706,75,505.246387
0.3604784,75,505.247194
0.44227707,75,505.260264
0.3802804,75,505.261237
0.4022437,75,505.262144
0.3566096,75,505.263015
0.41458315,75,505.28638
0.4385703,75,505.289742
0.4301238,75,505.308445
0.3961218,75,505.309275
0.41884416,75,505.322414
0.42250898,75,505.323194
0.42545152,75,505.323958
0.35502213,75,505.324875
0.40632993,75,505.348121
0.38756895,75,505.351912
0.41238594,75,505.370343
0.3892662,75,505.371218
0.42381746,75,505.384464
0.3937719,75,505.385368
0.42942134,75,505.386128
0.42526498,75,505.386947
0.42514285,75,505.410434
0.36776474,75,505.413952
0.38766044,75,505.433046
0.4337588,75,505.433922
0.39380687,75,505.446865
0.39665648,75,505.447738
0.38655838,75,505.448607
0.41255468,75,505.449364
0.37056637,75,505.472185
0.33789226,75,505.475581
0.38430908,75,505.494609
0.43451816,75,505.49546
0.43120778,75,505.508471
0.41215086,75,505.509368
0.41796023,75,505.510164
0.46006602,75,505.511044
0.36589405,75,505.534063
0.38849655,75,505.537235
0.39069015,75,505.555857
0.42192638,75,505.556758
0.43621272,75,505.569906
0.43105853,75,505.57076
0.4184633,75,505.571649
0.3972653,75,505.572473
0.44342124,75,505.595354
0.4189719,75,505.598785
0.400553,75,505.617737
0.41279605,75,505.618745
0.38296625,75,505.631974
0.40869206,75,505.63287
0.3552473,75,505.633724
0.39214018,75,505.634582
0.38967484,75,505.657744
0.40932143,75,505.661329
0.4079561,75,505.680047
0.37469295,75,505.680967
0.4282807,75,505.693938
0.4018445,75,505.694894
0.44397706,75,505.695724
0.413673,75,505.696629
0.3860827,75,505.719123
0.40963706,75,505.722542
0.40779153,75,505.741535
0.41175193,75,505.742433
0.3844763,75,505.756149
0.40211976,75,505.757122
0.4240529,75,505.758065
0.3889347,75,505.758975
0.40035737,75,505.782403
0.40179345,75,505.785572
0.4473822,75,505.805257
0.42659417,75,505.806129
0.40452486,75,505.819667
0.46212685,75,505.820653
0.34482867,75,505.821539
0.43002588,75,505.822408
0.3827119,75,505.847269
0.38812542,75,505.850527
0.4326077,75,505.870381
0.42032254,75,505.871293
0.4248043,75,505.885132
0.43887123,75,505.885985
0.43384174,75,505.886867
0.40805826,75,505.887865
0.41868263,75,505.91178
0.36186308,75,505.915191
0.42850256,75,505.934372
0.41820312,75,505.935255
0.4052648,75,505.948706
0.39877915,75,505.949594
0.41934264,75,505.950548
0.4385828,75,505.951506
0.37741926,75,505.975425
0.4515145,75,505.979136
0.4178972,75,505.998096
0.45347488,75,505.998905
0.41666412,75,506.012184
0.4059154,75,506.0131
0.43454397,75,506.014029
0.44344097,75,506.014848
0.42692763,75,506.037824
0.350353,75,506.04125
0.4444052,75,506.060221
0.41684398,75,506.061148
0.35116836,75,506.074199
0.43747336,75,506.075003
0.39146405,75,506.07598
0.4435694,75,506.076855
0.3776113,75,506.100614
0.38230938,75,506.104026
0.3930416,75,506.123157
0.35992253,75,506.124054
0.43036968,75,506.137297
0.41865653,75,506.138165
0.4092353,75,506.139039
0.41502523,75,506.139997
0.40769666,75,506.16301
0.3815428,75,506.166323
0.39444262,75,506.185557
0.37858757,75,506.186358
0.34888244,75,506.199452
0.38823232,75,506.200333
0.3825797,75,506.201156
0.38412008,75,506.201917
0.44193232,75,506.224649
0.42226464,75,506.227897
0.3998291,75,506.247299
0.43382168,75,506.24829
0.4294051,75,506.261607
0.43674383,75,506.26248
0.39605752,75,506.263306
0.3967885,75,506.264104
0.34525847,75,506.287215
0.37930346,75,506.290704
0.40791196,75,506.309663
0.4315734,75,506.310575
0.427438,75,506.32373
0.41070905,75,506.324701
0.34602374,75,506.325552
0.35717773,75,506.32643
0.40049377,75,506.349504
0.39859903,75,506.353139
0.35466805,75,506.372018
0.43503267,75,506.372896
0.38980266,75,506.385984
0.4002406,75,506.38688
0.4214949,75,506.387718
0.44308072,75,506.388585
0.45404527,75,506.411928
0.46285182,75,506.415305
0.44225696,75,506.434575
0.4060074,75,506.435427
0.4122797,75,506.448992
0.4064428,75,506.449792
0.41222197,75,506.450706
0.3921993,75,506.451523
0.38888687,75,506.475405
0.46229985,75,506.478782
0.3818952,75,506.497877
0.36780468,75,506.49876
0.41118696,75,506.512294
0.39763856,75,506.513222
0.43456703,75,506.51409
0.38671646,75,506.514854
0.41659215,75,506.537665
0.39031538,75,506.540979
0.4107923,75,506.559814
0.39274022,75,506.560609
0.3800259,75,506.573796
0.4151916,75,506.574619
0.40680093,75,506.575472
0.43340805,75,506.576224
0.44388977,75,506.599618
0.41753376,75,506.602943
0.4294151,75,506.62231
0.362169,75,506.623152
0.45019946,75,506.636663
0.40738717,75,506.637632
0.3802657,75,506.638562
0.41336972,75,506.639492
0.40839928,75,506.662845
0.38652912,75,506.666174
0.42533028,75,506.685313
0.3572441,75,506.686201
0.44728893,75,506.699615
0.4206868,75,506.700592
0.39455652,75,506.701469
0.4087136,75,506.702373
0.42143035,75,506.725546
0.411441,75,506.728983
0.4506638,75,506.748201
0.39711937,75,506.749082
0.4095389,75,506.762677
0.38118646,75,506.763605
0.3782401,75,506.764436
0.46047905,75,506.765256
0.39288962,75,506.787705
0.41612,75,506.791062
0.38820788,75,506.80998
0.39317563,75,506.810781
0.36717442,75,506.824142
0.4360994,75,506.825
0.39604342,75,506.82585
0.44683096,75,506.826661
0.42089632,75,507.590006
0.40953124,75,507.593483
0.43015787,75,507.613076
0.4240038,75,507.613891
0.4376705,75,507.627289
0.40319818,75,507.628207
0.40118247,75,507.629109
0.43630716,75,507.62994
0.41205382,75,507.653526
0.39547756,75,507.656896
0.41516545,75,507.675925
0.40841892,75,507.676779
0.45172393,75,507.690305
0.390083,75,507.691258
0.37081018,75,507.69209
0.4264158,75,507.692978
0.39140025,75,507.716194
0.41081175,75,507.719329
0.38803342,75,507.738394
0.4608987,75,507.739263
0.38875806,75,507.752737
0.36177877,75,507.753617
0.42024058,75,507.75456
0.3769006,75,507.755512
0.42770553,75,507.778589
0.423942,75,507.781998
0.41150832,75,507.800707
0.38739675,75,507.801509
0.39512843,75,507.814593
0.4057296,75,507.81551
0.40409932,75,507.816409
0.43049288,75,507.817219
0.39203674,75,507.840322
0.42595935,75,507.843502
0.34583768,75,507.862243
0.41586143,75,507.863144
0.37411967,75,507.876142
0.34815764,75,507.877066
0.43404055,75,507.878005
0.31568927,75,507.878912
0.4244486,75,507.902051
0.3489678,75,507.905267
0.36165872,75,507.924148
0.40864506,75,507.92511
0.42994177,75,507.938378
0.35556364,75,507.939218
0.36661637,75,507.940061
0.38500983,75,507.940868
0.41651282,75,507.963999
0.4064396,75,507.967414
0.44650096,75,507.985905
0.42364162,75,507.986718
0.4245814,75,507.999994
0.338694,75,508.000875
0.4542728,75,508.001732
0.4393667,75,508.002555
0.41811284,75,508.025423
0.37014085,75,508.028606
0.3846453,75,508.048085
0.35925427,75,508.04887
0.36673397,75,508.062404
0.4117042,75,508.063269
0.4161797,75,508.064139
0.43324095,75,508.065011
0.45371735,75,508.088962
0.4494356,75,508.09235
0.41263252,75,508.111526
0.36937135,75,508.112343
0.41316593,75,508.125772
0.3901992,75,508.1267
0.42832804,75,508.127558
0.4352846,75,508.128442
0.439526,75,508.152207
0.43825462,75,508.155526
0.36165664,75,508.17495
0.37598953,75,508.175829
0.44260755,75,508.189018
0.40666524,75,508.189954
0.38022515,75,508.190813
0.3582491,75,508.191744
0.4346874,75,508.215519
0.428166,75,508.219191
0.39134067,75,508.238848
0.388602,75,508.239989
0.40612274,75,508.253601
0.37986016,75,508.25454
0.39918214,75,508.255463
0.44899288,75,508.256347
0.38586825,75,508.280359
0.26182646,75,508.283803
0.42029193,75,508.303505
0.37023017,75,508.304382
0.40313753,75,508.317818
0.39892995,75,508.318834
0.38689938,75,508.319736
0.4414198,75,508.320634
0.39407927,75,508.344276
0.3919783,75,508.347604
0.4355545,75,508.367316
0.43879652,75,508.368235
0.42406085,75,508.381455
0.40923592,75,508.382349
0.42807645,75,508.383168
0.36604866,75,508.383917
0.4507659,75,508.406763
0.43317306,75,508.410156
0.44726646,75,508.429594
0.4182151,75,508.430604
0.40924639,75,508.444716
0.4151991,75,508.445858
0.4052593,75,508.446884
0.40615603,75,508.447789
0.41512936,75,508.47135
0.43885234,75,508.47457
0.392782,75,508.49429
0.39386037,75,508.495146
0.4517466,75,508.50854
0.39521602,75,508.509428
0.39098793,75,508.510365
0.421949,75,508.51115
0.35576,75,508.534283
0.39039803,75,508.537473
0.4099412,75,508.556548
0.4019934,75,508.557468
0.4396571,75,508.570652
0.4086745,75,508.571568
0.41676438,75,508.572457
0.39279038,75,508.573334
0.43447435,75,508.596484
0.41315913,75,508.599981
0.42817506,75,508.618849
0.36990288,75,508.619668
0.42348397,75,508.632816
0.38519433,75,508.633719
0.42891562,75,508.634625
0.39184767,75,508.635525
0.4199486,75,508.6589
0.42112643,75,508.662382
0.41248354,75,508.681293
0.41191295,75,508.682148
0.41032508,75,508.695829
0.43998608,75,508.696683
0.3491832,75,508.697572
0.3810791,75,508.698453
0.42051437,75,508.721371
0.38667732,75,508.724781
0.45502472,75,508.743883
0.4388055,75,508.744719
0.4115261,75,508.758073
0.43439835,75,508.758965
0.43758813,75,508.759839
0.43626398,75,508.760602
0.41798228,75,508.784179
0.40963554,75,508.787192
0.39104486,75,508.80631
0.3686668,75,508.807223
0.4059218,75,508.820506
0.40379357,75,508.821384
0.46273795,75,508.822298
0.42614055,75,508.823145
0.4143821,75,508.846885
0.426657,75,508.850063
0.45721138,75,508.868812
0.4432411,75,508.869665
0.43328983,75,508.882833
0.37695438,75,508.88382
0.3827222,75,508.884697
0.33683473,75,508.885565
0.39936867,75,508.908676
0.42917502,75,508.912073
0.3845559,75,508.931116
0.42016712,75,508.932016
0.45526022,75,508.945381
0.4392126,75,508.946291
0.39140964,75,508.947197
0.38559282,75,508.948078
0.42656153,75,508.970993
0.38543308,75,508.974502
0.3920856,75,508.993741
0.40736935,75,508.994616
0.43198934,75,509.007765
0.35480732,75,509.008632
0.38052338,75,509.009545
0.429018,75,509.010338
0.38660187,75,509.033894
0.4151347,75,509.037671
0.41118512,75,509.05701
0.443066,75,509.057931
0.41727516,75,509.070561
0.43077937,75,509.07152
0.4356747,75,509.072386
0.4031572,75,509.073243
0.4192123,75,509.096813
0.41689274,75,509.100223
0.41146326,75,509.119777
0.39136162,75,509.120578
0.39486194,75,509.133855
0.46738693,75,509.134696
0.40981138,75,509.135503
0.38291293,75,509.136255
0.3782277,75,509.160028
0.42735708,75,509.163292
0.4066941,75,509.182866
0.4277481,75,509.183668
0.41165474,75,509.197059
0.37618923,75,509.197966
0.389508,75,509.198814
0.46263054,75,509.199744
0.36900362,75,509.223366
0.41928995,75,509.226583
0.40352008,75,509.246369
0.4018145,75,509.24732
0.43170893,75,509.260484
0.43137634,75,509.261329
0.3972444,75,509.26221
0.3854888,75,509.263089
0.4289286,75,509.286439
0.40033215,75,509.289834
